OID_,OBJECTID,MAZ_ADJ,TAZ,COUNTY,zone,MAZ_Acre,Shape_Leng,Shape_Area,DISADV
0,1,11270,1105,PINAL,11270,673.781905250000023,24622.735100699999748,29349939.792700000107288,0
1,2,11271,1105,PINAL,11271,1115.632878229999960,31733.471415299998625,48596968.175499998033047,0
2,3,11272,1105,PINAL,11272,4181.073863759999767,58586.889550699997926,182127577.504999995231628,0
3,4,11273,1105,PINAL,11273,7026.523654980000174,126034.970576000006986,306075370.411000013351440,0
4,5,21279,1105,PINAL,21279,3329.254073069999777,51542.608256899999105,145022307.423000007867813,0
5,6,21280,1105,PINAL,21280,4668.976411020000342,65457.198623099997349,203380612.463999986648560,0
6,7,21281,1105,PINAL,21281,1866.179493039999898,39699.899479300001985,81290778.716999992728233,0
7,8,21282,1105,PINAL,21282,817.189493488000039,33993.315140200000315,35596774.336400002241135,0
8,9,21283,1105,PINAL,21283,1894.085070189999897,41205.001396100000420,82506345.657499998807907,0
9,10,21289,1105,PINAL,21289,5018.050267620000341,66343.522743900000933,218586269.657000005245209,0
10,11,21290,1105,PINAL,21290,24.580698491700002,4241.395693030000075,1070735.226299999980256,0
11,12,21291,1105,PINAL,21291,27.768421795199998,4850.933423649999895,1209592.453399999998510,0
12,13,21292,1105,PINAL,21292,54.011886279800002,6896.357176810000055,2352757.766350000165403,0
13,14,21293,1105,PINAL,21293,1380.696980469999971,46120.084029500001634,60143160.469099998474121,0
14,15,21294,1105,PINAL,21294,44.244205863799998,7461.684467410000252,1927277.607430000090972,0
15,16,21624,1106,PINAL,21624,7173.470397480000429,94995.078111499999068,312476370.513999998569489,0
16,17,21626,1106,PINAL,21626,6768.252471910000168,80672.183532800001558,294825077.675999999046326,0
17,18,21965,1107,PINAL,21965,1518.276783410000007,61516.807181500000297,66136136.685500003397465,0
18,19,21971,1107,PINAL,21971,13000.774850399999195,109842.131712000002153,566313752.485000014305115,0
19,20,21986,1108,PINAL,21986,170.736322136000013,12745.920846400000300,7437274.192259999923408,0
20,21,21987,1110,PINAL,21987,78.469409049800007,8245.798178130000451,3418127.458209999836981,0
21,22,21988,1110,PINAL,21988,38.822816668100003,5512.342191869999624,1691121.894060000078753,0
22,23,21989,1108,PINAL,21989,372.859564713999987,18418.358329099999537,16241762.638900000602007,0
23,24,21990,1109,PINAL,21990,43.811124436000000,7330.644334440000421,1908412.580430000089109,0
24,25,21991,1108,PINAL,21991,21.308778528400001,4631.432057899999563,928210.392696999944746,0
25,26,21992,1110,PINAL,21992,13.274999812700001,2996.141861340000105,578258.991841000039130,0
26,27,21993,1108,PINAL,21993,43.724247185199999,6096.235185690000435,1904628.207390000112355,0
27,28,21994,1108,PINAL,21994,251.363131729999992,14639.674140099999931,10949378.018200000748038,0
28,29,21995,1109,PINAL,21995,47.391142610099998,6536.972443859999657,2064358.172090000007302,0
29,30,21996,1110,PINAL,21996,28.238416442199998,5007.812989760000164,1230065.420219999970868,0
30,31,21997,1110,PINAL,21997,24.589257134099999,4508.461835099999917,1071108.040760000003502,0
31,32,21998,1109,PINAL,21998,9886.947465560000637,106441.918739000000642,430675431.600000023841858,0
32,33,21999,1110,PINAL,21999,340.123927669000011,20567.761572499999602,14815798.289200000464916,0
33,34,22000,1108,PINAL,22000,3293.862745890000042,51469.584262700002000,143480661.210999995470047,0
34,35,22001,1108,PINAL,22001,3049.598974229999840,51560.861112500002491,132840531.317000001668930,0
35,36,22002,1110,PINAL,22002,30.116386702300002,4746.425337720000243,1311869.804749999893829,0
36,37,22003,1110,PINAL,22003,8.282654105960001,2551.466061179999997,360792.412856000009924,0
37,38,22004,1110,PINAL,22004,26.562350107699999,5712.578791740000270,1157055.970690000103787,0
38,39,22005,1110,PINAL,22005,35.383035521099998,7351.675398459999997,1541285.027299999957904,0
39,40,22006,1110,PINAL,22006,16.811092125700000,3578.637057089999871,732291.172997000045143,0
40,41,22007,1110,PINAL,22007,53.399915069000002,6642.771900269999605,2326100.300410000141710,0
41,42,22008,1110,PINAL,22008,78.691137978399993,8097.768832189999557,3427785.970339999999851,0
42,43,22009,1110,PINAL,22009,32.642739043299997,5792.585829010000452,1421917.712730000028387,0
43,44,22010,1110,PINAL,22010,212.622852418999997,12086.891785699999673,9261851.451379999518394,0
44,45,22011,1110,PINAL,22011,34.101604956899997,4724.035962990000371,1485465.911920000100508,0
45,46,22012,1110,PINAL,22012,67.166615448000002,7857.501787580000382,2925777.768920000176877,0
46,47,22013,1110,PINAL,22013,164.646274849999998,13794.556314800000109,7171991.732470000162721,0
47,48,22014,1110,PINAL,22014,131.063507114000004,10925.366617300000144,5709126.369900000281632,0
48,49,22015,1110,PINAL,22015,108.438338098000003,8832.110372310000457,4723574.007559999823570,0
49,50,22016,1110,PINAL,22016,78.110980337200004,7782.257694679999986,3402514.303489999845624,0
50,51,22017,1109,PINAL,22017,81.152855580199997,9035.509505629999694,3535018.389080000109971,0
51,52,22018,1109,PINAL,22018,25.560502149700000,5285.770336370000223,1113415.473639999981970,0
52,53,22019,1109,PINAL,22019,34.048492923799998,5309.772584800000004,1483152.351759999990463,0
53,54,22020,1110,PINAL,22020,32.895787521800003,5144.848672199999783,1432940.504449999891222,0
54,55,22021,1108,PINAL,22021,641.666164624999965,21998.178504799998336,27950978.131099998950958,0
55,56,22022,1109,PINAL,22022,32.759790335700004,5524.598056210000323,1427016.467020000098273,0
56,57,22023,1109,PINAL,22023,56.909439153100003,6193.309945179999886,2478975.169509999919683,0
57,58,22024,1109,PINAL,22024,56.812933672100002,7003.049140920000355,2474771.390749999787658,0
58,59,22025,1108,PINAL,22025,31.343414863200000,6122.582883709999805,1365319.151439999928698,0
59,60,22026,1109,PINAL,22026,42.094583897299998,7282.234370459999809,1833640.074569999938831,0
60,61,22027,1108,PINAL,22027,66.768581788099993,7546.144754560000365,2908439.422689999919385,0
61,62,22028,1109,PINAL,22028,26.143036128300000,5035.673739720000412,1138790.653750000055879,0
62,63,22029,1109,PINAL,22029,117.524531241999995,13431.111597700000857,5119368.580910000018775,0
63,64,22030,1109,PINAL,22030,64.922433983399998,7850.750947069999711,2828021.224320000037551,0
64,65,22031,1109,PINAL,22031,170.099969087000005,12197.830429800000275,7409554.653420000337064,0
65,66,22032,1108,PINAL,22032,19.249312005600000,4434.904343879999942,838500.030965000041761,0
66,67,22033,1108,PINAL,22033,39.985747475099998,6571.977185560000180,1741779.160009999992326,0
67,68,22034,1109,PINAL,22034,109.916917471000005,11710.095590400000219,4787980.925060000270605,0
68,69,22035,1108,PINAL,22035,114.965988869000000,10682.779379699999481,5007918.475119999609888,0
69,70,22036,1109,PINAL,22036,40.681274620799996,5288.145817929999794,1772076.322480000089854,0
70,71,22037,1110,PINAL,22037,84.625830414099994,7939.502906740000071,3686301.172840000130236,0
71,72,22038,1110,PINAL,22038,43.231479629100001,5554.855327620000025,1883163.252640000078827,0
72,73,22039,1108,PINAL,22039,54.541333253399998,12142.172202199999447,2375820.476520000025630,0
73,74,22040,1109,PINAL,22040,59.053686235999997,8077.236818000000312,2572378.572439999785274,0
74,75,22041,1108,PINAL,22041,30.620070120000001,4882.665098710000166,1333810.254429999971762,0
75,76,22042,1109,PINAL,22042,43.957071475200003,6079.314481940000405,1914770.033460000064224,0
76,77,22043,1109,PINAL,22043,18.122453246999999,4136.806129110000256,789414.063438000041060,0
77,78,22044,1109,PINAL,22044,18.543845840100001,3853.596291800000017,807769.924796000006609,0
78,79,22045,1110,PINAL,22045,66.307594582500002,7002.327992559999984,2888358.820009999908507,0
79,80,22046,1110,PINAL,22046,32.104245151699999,5386.089761629999884,1398460.918809999944642,0
80,81,22047,1109,PINAL,22047,79.662161720499995,10043.488216600000669,3470083.764539999887347,0
81,82,22048,1110,PINAL,22048,21.342479922999999,5008.391804400000183,929678.425446999957785,0
82,83,22049,1110,PINAL,22049,20.834224923800001,4278.158523070000228,907538.837679999996908,0
83,84,22050,1109,PINAL,22050,80.102492263900004,9567.997626520000267,3489264.563019999768585,0
84,85,22051,1109,PINAL,22051,65.200196704099994,8430.270271609999327,2840120.568429999984801,0
85,86,22052,1109,PINAL,22052,54.606650394699997,7067.468678919999547,2378665.691190000157803,0
86,87,22053,1110,PINAL,22053,48.176289928800003,6902.921476909999910,2098559.189300000201911,0
87,88,22054,1110,PINAL,22054,47.258962600799997,7048.913281549999738,2058600.410889999940991,0
88,89,22055,1110,PINAL,22055,28.093234913300002,5833.307220630000302,1223741.312820000108331,0
89,90,22056,1108,PINAL,22056,195.278691376000012,15590.489612199999101,8506339.796320000663400,0
90,91,22057,1110,PINAL,22057,59.112838298000000,9183.753452630000538,2574955.236260000150651,0
91,92,22058,1110,PINAL,22058,42.211957066099998,5868.989702660000148,1838752.849799999967217,0
92,93,22059,1110,PINAL,22059,63.228511852899999,10445.684541200000240,2754233.976309999823570,0
93,94,22060,1110,PINAL,22060,60.174589354900000,8133.067555679999714,2621205.112300000153482,0
94,95,22061,1110,PINAL,22061,160.058999118999992,11589.351147199999104,6972170.001609999686480,0
95,96,22062,1110,PINAL,22062,98.934815727399993,11745.627852899999198,4309600.573090000078082,0
96,97,22063,1110,PINAL,22063,53.244388956700000,7570.771533479999562,2319325.582950000185519,0
97,98,22064,1108,PINAL,22064,3166.959896329999992,56565.462514500002726,137952773.083999991416931,0
98,99,22611,1105,PINAL,22611,2494.603572519999943,58596.863255999996909,108664931.619000002741814,0
99,100,22612,1105,PINAL,22612,10.138131259600000,2807.824055449999832,441616.997667999996338,0
100,101,22613,1105,PINAL,22613,30.107916535000001,4937.748738420000336,1311500.844270000001416,0
101,102,22614,1105,PINAL,22614,2022.554575430000114,46852.469876199997088,88102477.305700004100800,0
102,103,22615,1105,PINAL,22615,9.946918657590000,4069.831162980000045,433287.776725000003353,0
103,104,22616,1105,PINAL,22616,1634.975727439999901,39358.534834999998566,71219542.687399998307228,0
104,105,22617,1105,PINAL,22617,98.813194306499994,9750.423212879999483,4304302.743990000337362,0
105,106,22618,1105,PINAL,22618,33.853816324199997,5453.125724159999663,1474672.239079999970272,0
106,107,22619,1105,PINAL,22619,644.604224108000039,27210.288082899998699,28078960.002099998295307,0
107,108,22620,1105,PINAL,22620,315.946633479000013,29513.065684299999702,13762635.354399999603629,0
108,109,22621,1105,PINAL,22621,5231.511656710000352,80506.781341399997473,227884647.766000002622604,0
109,110,22624,1105,PINAL,22624,1167.445171979999941,45249.486136599996826,50853911.691600002348423,0
110,111,22625,1105,PINAL,22625,2607.180127160000211,61771.669872699996631,113568766.339000001549721,0
111,112,22846,1105,PINAL,22846,1066.502447659999916,45367.710572299998603,46456846.620300002396107,0
112,113,22847,1105,PINAL,22847,1900.982847420000098,38004.733298799998011,82806812.833700001239777,0
113,114,22848,1105,PINAL,22848,10389.361098299999867,101027.858665000007022,452560569.439999997615814,0
114,115,22849,1105,PINAL,22849,69.959916513899998,17322.975128900001437,3047453.963339999783784,0
115,116,22863,1105,PINAL,22863,2445.851262730000144,54874.003097900000284,106541281.004999995231628,0
116,117,22864,1105,PINAL,22864,4288.118130529999689,70069.569285999998101,186790425.766000002622604,0
117,118,22865,1105,PINAL,22865,6692.654039320000265,83554.843796600005589,291532009.953000009059906,0
118,119,22866,1105,PINAL,22866,3251.861241980000159,60854.972980500002450,141651075.701000005006790,0
119,120,22867,1105,PINAL,22867,3738.347438159999911,66648.254139299999224,162842414.405999988317490,0
120,121,22868,1105,PINAL,22868,4886.138632099999995,71106.665124699997250,212840198.814000010490417,0
121,122,22870,1105,PINAL,22870,29860.407858300000953,180321.883054000005359,1300719366.309999942779541,0
122,123,22871,1105,PINAL,22871,10989.495105699999840,87609.084737199998926,478702406.805000007152557,0
123,124,22872,1105,PINAL,22872,1307.077936120000004,31993.794296899999608,56936314.897399999201298,0
124,125,22874,1105,PINAL,22874,4297.971539350000057,71841.148756099995808,187219640.254000008106232,0
125,126,22875,1105,PINAL,22875,2910.618427689999862,56798.243193900001643,126786538.709999993443489,0
126,127,22876,1105,PINAL,22876,1888.286757509999916,41465.341019899999083,82253771.157299995422363,0
127,128,22909,1105,PINAL,22909,3939.798574360000202,53567.456692599997041,171617625.898999989032745,0
128,129,22910,1105,PINAL,22910,3572.296156020000126,53224.419579100002011,155609220.555999994277954,0
129,130,22927,1105,PINAL,22927,7310.284510640000008,112838.926619999998366,318435993.283999979496002,0
130,131,22928,1105,PINAL,22928,458.059961056000020,35333.436111499999242,19953091.903599999845028,0
131,132,22929,1105,PINAL,22929,8864.583677470000111,78028.539775900004315,386141264.990999996662140,0
132,133,22930,1105,PINAL,22930,3613.843904500000008,60404.218092399998568,157419040.479999989271164,0
133,134,22933,1105,PINAL,22933,10860.786181499999657,111055.371748999998090,473095846.064000010490417,0
134,135,22936,1105,PINAL,22936,879.399230672000044,28748.017019800001435,38306630.488099999725819,0
135,136,22937,1105,PINAL,22937,1878.974040569999943,41890.742447700002231,81848109.207300007343292,0
136,137,22943,1105,PINAL,22943,3716.084941000000072,51051.617561899998691,161872660.030000001192093,0
137,138,22944,1105,PINAL,22944,2170.121375239999907,43001.418404800002463,94530487.105299994349480,0
138,139,22945,1105,PINAL,22945,5216.385521979999794,63873.122830899999826,227225753.337999999523163,0
139,140,22946,1105,PINAL,22946,3919.972761319999790,53251.740256199998839,170754013.483000010251999,0
140,141,23028,1105,PINAL,23028,5933.496596400000271,84454.303715700007160,258463111.738999992609024,0
141,142,50001,1015,PIMA,50001,28.442582539000000,4920.045766160000312,1238958.895400000037625,1
142,143,50002,845,PIMA,50002,4701.874443179999616,61091.368350600001577,204813650.745000004768372,1
143,144,50003,609,PIMA,50003,19.019405662299999,3808.920979959999841,828485.310648999991827,1
144,145,50004,605,PIMA,50004,19.601918374099998,3888.442643070000031,853859.564377999980934,1
145,146,50005,575,PIMA,50005,8.629080523480001,2480.668931199999861,375882.747603000025265,1
146,147,50006,1067,PIMA,50006,20.259522736299999,4627.122112050000396,882504.810394000029191,1
147,148,50007,1067,PIMA,50007,19.500212637099999,3841.199530400000185,849429.262471999973059,1
148,149,50008,1067,PIMA,50008,9.829525183379999,2589.754665710000154,428174.116987999994308,1
149,150,50009,1067,PIMA,50009,18.872018674900001,3928.004784010000094,822065.133477999945171,1
150,151,50010,1067,PIMA,50010,20.563695671200001,3967.381346799999847,895754.583436000044458,1
151,152,50011,1067,PIMA,50011,9.758804025140000,2623.634497720000127,425093.503335000015795,1
152,153,50012,1067,PIMA,50012,9.674654851010001,2596.692371780000030,421427.965309999999590,1
153,154,50013,632,PIMA,50013,16.665894309100000,3745.684520369999973,725966.356101999990642,1
154,155,50014,632,PIMA,50014,55.934231136000001,6477.013379770000029,2436495.108279999811202,1
155,156,50015,632,PIMA,50015,94.813418137400006,10542.877297900000485,4130072.494059999939054,1
156,157,50016,578,PIMA,50016,10.414946429200000,2790.079616059999807,453675.066455000021961,0
157,158,50017,578,PIMA,50017,37.656044454499998,5357.828260049999699,1640297.296439999947324,0
158,159,50018,497,PIMA,50018,12.220555878500001,2963.015317440000217,532327.414066000026651,1
159,160,50019,497,PIMA,50019,8.259657515830000,3272.631386340000063,359790.681389999983367,1
160,161,50020,756,PIMA,50020,111.586143759999999,11756.797586500000762,4860692.422210000455379,0
161,162,50021,756,PIMA,50021,280.708021911999992,15089.963098599999284,12227641.434499999508262,0
162,163,50022,627,PIMA,50022,69.553581498400007,7798.074812089999796,3029754.010069999843836,0
163,164,50023,640,PIMA,50023,23.545838544199999,4454.669195770000442,1025656.726980000035837,1
164,165,50024,616,PIMA,50024,74.156268619700000,7570.219031980000182,3230247.061079999897629,1
165,166,50025,43,PIMA,50025,14.312513846500000,3252.595516469999893,623453.103154000011273,0
166,167,50026,30,PIMA,50026,10.533146759999999,2878.638235679999980,458823.872864999982994,1
167,168,50027,448,PIMA,50027,9.666952894490001,2733.269248049999987,421092.468083999992814,0
168,169,50028,425,PIMA,50028,36.607594749900002,5064.963934270000209,1594626.827310000080615,0
169,170,50029,531,PIMA,50029,25.861016024000001,4730.570153599999685,1126505.858010000083596,1
170,171,50030,504,PIMA,50030,17.382456494600000,3603.026666140000088,757179.804904000018723,1
171,172,50031,566,PIMA,50031,123.707722466000007,10019.581036600000516,5388708.390619999729097,1
172,173,50032,542,PIMA,50032,15.582422115700000,3300.754896540000118,678770.307360999984667,1
173,174,50033,541,PIMA,50033,14.605625185099999,3783.509882310000194,636221.033063999959268,1
174,175,50034,28,PIMA,50034,15.935512010000000,3363.832726510000157,694150.903155999956653,1
175,176,50035,523,PIMA,50035,16.400231096100001,3406.729526720000194,714394.066545999958180,1
176,177,50036,571,PIMA,50036,18.139103891400001,3810.956424320000224,790139.365510000032373,0
177,178,50037,696,PIMA,50037,29.028016382699999,5444.241460760000336,1264460.393630000064149,0
178,179,50038,721,PIMA,50038,597.966490006999948,20617.436206099999254,26047420.304699998348951,0
179,180,50039,34,PIMA,50039,13.892685556700000,3237.604437630000120,605165.382848000037484,0
180,181,50040,700,PIMA,50040,4.205238301250000,1873.297716840000021,183180.180401999998139,0
181,182,50041,700,PIMA,50041,7.677106550510000,2305.402682530000220,334414.761340000026394,0
182,183,50042,700,PIMA,50042,4.076847222570000,1766.487562269999898,177587.465014999994310,0
183,184,50043,700,PIMA,50043,4.633417269260000,1848.158335200000010,201831.656248999992386,0
184,185,50044,700,PIMA,50044,26.888550585800001,4522.617109679999885,1171265.263520000036806,0
185,186,50045,1088,PIMA,50045,11.372408080500000,2878.601991330000146,495382.095985999971163,1
186,187,50046,445,PIMA,50046,14.302982653700001,3551.609160850000080,623037.924394999979995,0
187,188,50047,56,PIMA,50047,11.495335055100000,3154.921427050000148,500736.794998000026681,0
188,189,50048,57,PIMA,50048,5.321307020820000,1928.242352700000083,231796.133827000012388,0
189,190,50049,398,PIMA,50049,17.840746653800000,4406.734031300000424,777142.924238999956287,0
190,191,50050,198,PIMA,50050,4.472932116540000,1851.780987679999953,194840.922996999986935,1
191,192,50051,170,PIMA,50051,21.886705102800001,4185.349468559999877,953384.874275999958627,0
192,193,50052,116,PIMA,50052,16.237381666099999,3672.602267069999925,707300.345377000048757,0
193,194,50053,197,PIMA,50053,17.167209052800001,3482.611606829999801,747803.626341999974102,1
194,195,50054,140,PIMA,50054,35.044825577399997,4947.162870129999646,1526552.602149999933317,0
195,196,50055,201,PIMA,50055,12.772566204900000,3062.469930639999802,556372.983884999994189,0
196,197,50056,201,PIMA,50056,8.258724460460000,2529.332181669999954,359750.037498000019696,1
197,198,50057,1060,PIMA,50057,57.151642564900001,7403.620537040000272,2489525.550129999872297,0
198,199,50058,729,PIMA,50058,23.141030083699999,4533.506060380000235,1008023.270439999992959,0
199,200,50059,464,PIMA,50059,14.052257775799999,3137.129169169999841,612116.348714999970980,0
200,201,50060,405,PIMA,50060,6.376731145970000,2594.949354599999879,277770.408717999991495,1
201,202,50061,487,PIMA,50061,13.565704458900001,3195.639678319999803,590922.086232000030577,0
202,203,50062,202,PIMA,50062,197.531328949999988,13064.049850600000354,8604464.689069999381900,0
203,204,50063,184,PIMA,50063,25.672740739999998,4702.899579599999925,1118304.586630000034347,0
204,205,50064,226,PIMA,50064,16.001136657100002,3530.794845899999927,697009.512784000020474,0
205,206,50065,1034,PIMA,50065,160.496682198000002,10584.432776600000579,6991235.476549999788404,0
206,207,50066,638,PIMA,50066,207.683930639000010,13626.028344799999104,9046712.018629999831319,0
207,208,50067,636,PIMA,50067,238.358649549000006,15973.090959900000598,10382902.774399999529123,0
208,209,50068,1104,PIMA,50068,32.765506854500003,4886.706255250000140,1427265.478580000111833,0
209,210,50069,1046,PIMA,50069,28.693372537100000,4617.539036309999574,1249883.307719999924302,0
210,211,50070,1046,PIMA,50070,26.333837860500001,5069.748163889999887,1147101.977200000081211,0
211,212,50071,130,PIMA,50071,14.607892225800001,4149.506888679999975,636319.785357999964617,0
212,213,50072,130,PIMA,50072,14.384467605199999,3161.510625429999891,626587.408884000033140,0
213,214,50073,159,PIMA,50073,13.922305045900000,3241.954694219999965,606455.607799999997951,0
214,215,50074,147,PIMA,50074,30.857218396499999,4689.322551000000203,1344140.433350000064820,0
215,216,50075,203,PIMA,50075,16.562331724500002,3856.870779469999889,721455.169920000014827,0
216,217,50076,702,PIMA,50076,6.155637262380000,2077.910198300000047,268139.559148999978788,0
217,218,50077,1055,PIMA,50077,26.274928227400000,4702.001868190000096,1144535.873589999973774,0
218,219,50078,310,PIMA,50078,27.347935224899999,5146.523947650000082,1191276.058389999903738,0
219,220,50079,284,PIMA,50079,37.230693934999998,5135.570305639999788,1621769.027810000116006,0
220,221,50080,599,PIMA,50080,21.414445109399999,4137.643956179999805,932813.228966000024229,1
221,222,50081,591,PIMA,50081,9.444666518589999,4729.833264089999830,411409.673550000006799,1
222,223,50082,979,PIMA,50082,38.850722983899999,5472.010800619999827,1692337.493179999990389,0
223,224,50083,108,PIMA,50083,234.186198813999994,13256.007381299999906,10201150.820399999618530,0
224,225,50084,93,PIMA,50084,276.643464902000005,16117.607964000000720,12050589.331100000068545,0
225,226,50085,978,PIMA,50085,85.162407235100005,8339.581622800000332,3709674.459160000085831,0
226,227,50086,978,PIMA,50086,151.860355572000003,11148.297642100000303,6615037.088700000196695,0
227,228,50087,832,PIMA,50087,62.883060362999998,6992.075642679999874,2739186.109410000033677,0
228,229,50088,98,PIMA,50088,91.930135877900000,8806.332199180000316,4004476.718840000219643,0
229,230,50089,1092,PIMA,50089,69.119033576999996,8009.840165030000207,3010825.102620000019670,0
230,231,50090,1092,PIMA,50090,188.328545201999987,14313.011559500000658,8203591.428989999927580,0
231,232,50091,1090,PIMA,50091,375.670669297000018,16374.838182100000267,16364214.354599999263883,0
232,233,50092,1090,PIMA,50092,293.130403735000016,17839.130978400000458,12768760.386700000613928,0
233,234,50093,1094,PIMA,50093,981.936723111999981,29062.640330199999880,42773163.658799998462200,0
234,235,50094,784,PIMA,50094,7953.611804569999549,89408.019490000006044,346459330.207000017166138,0
235,236,50095,802,PIMA,50095,464.011790018999989,20964.225627899999381,20212353.573199998587370,0
236,237,50096,817,PIMA,50096,697.621247429000050,24562.632833100000425,30388381.537999998778105,0
237,238,50097,810,PIMA,50097,456.140006871000026,20528.914248699999007,19869458.699299998581409,0
238,239,50098,808,PIMA,50098,410.204088178000006,20654.927396899998712,17868490.081000000238419,0
239,240,50099,799,PIMA,50099,360.826634194000007,17407.166065800000069,15717608.185499999672174,0
240,241,50100,684,PIMA,50100,65.481423415899997,7032.738242389999868,2852370.804000000003725,0
241,242,50101,982,PIMA,50101,99.436104172900002,9382.614824500000395,4331436.697770000435412,0
242,243,50102,191,PIMA,50102,117.434932941000000,9451.736047369999142,5115465.678899999707937,0
243,244,50103,67,PIMA,50103,346.840797088999977,16160.693522300000041,15108385.121200000867248,0
244,245,50104,637,PIMA,50104,97.464460347499994,8732.759702780000225,4245551.892740000039339,0
245,246,50105,625,PIMA,50105,336.972719606999988,17779.180595599998924,14678531.666099999099970,0
246,247,50106,617,PIMA,50106,52.317189878900002,6632.855912639999588,2278936.791120000183582,0
247,248,50107,619,PIMA,50107,82.139434880200000,8012.053030299999591,3577993.783379999920726,0
248,249,50108,346,PIMA,50108,2.818184247700000,1698.266825599999947,122760.105830000000424,0
249,250,50109,342,PIMA,50109,25.453676251699999,4689.050217830000292,1108762.137520000105724,0
250,251,50110,342,PIMA,50110,22.672564968700001,4277.094165200000134,987616.930034999968484,0
251,252,50111,341,PIMA,50111,25.034003116299999,4347.798204620000433,1090481.175749999936670,0
252,253,50112,59,PIMA,50112,5.061795025880000,1878.602975790000073,220491.791327000013553,0
253,254,50113,59,PIMA,50113,7.399791811240000,2357.793066019999969,322334.931297999981325,0
254,255,50114,59,PIMA,50114,4.545261908150000,1783.269926500000111,197991.608719000010751,1
255,256,50115,328,PIMA,50115,5.677608360370000,2381.506034460000137,247316.620178000011947,0
256,257,50116,328,PIMA,50116,8.499014249769999,2645.627877620000163,370217.060720000008587,0
257,258,50117,310,PIMA,50117,12.179479605499999,2918.641340820000096,530538.131616999977268,0
258,259,50118,310,PIMA,50118,10.810638224900000,2766.771327099999780,470911.401078999973834,0
259,260,50119,310,PIMA,50119,17.600442975000000,4006.998109239999849,766675.295990000013262,0
260,261,50120,323,PIMA,50120,31.123820848600001,6178.178285580000193,1355753.636159999994561,0
261,262,50121,309,PIMA,50121,27.414563996700000,5876.228452149999612,1194178.407700000097975,0
262,263,50122,609,PIMA,50122,21.639431853500000,4399.526910550000139,942613.651539999991655,1
263,264,50123,644,PIMA,50123,40.702804029200003,5327.083840190000046,1773014.143510000081733,0
264,265,50124,644,PIMA,50124,35.095714108800003,4896.446710199999870,1528769.306580000091344,0
265,266,50125,945,PIMA,50125,116.805364835000006,9471.060155859999213,5088041.692189999856055,0
266,267,50126,655,PIMA,50126,331.461894313000016,15985.259670400000687,14438480.116299999877810,0
267,268,50127,968,PIMA,50127,350.897896673999981,17506.224735200001305,15285112.379100000485778,0
268,269,50128,968,PIMA,50128,172.759415420000010,11245.710802899999180,7525400.135689999908209,0
269,270,50129,977,PIMA,50129,114.487792369000005,10590.631088199999795,4987088.235600000247359,0
270,271,50130,753,PIMA,50130,40.435608173500000,5323.887528909999673,1761375.092040000017732,0
271,272,50131,721,PIMA,50131,11.427604510200000,3315.581630870000026,497786.452464999980293,0
272,273,50132,806,PIMA,50132,316.355448077000005,15800.925871499999630,13780443.318199999630451,0
273,274,50133,797,PIMA,50133,22.916352627700000,3986.302935889999844,998236.320462999981828,0
274,275,50134,798,PIMA,50134,179.828910366000002,12797.895022200000312,7833347.335520000196993,0
275,276,50135,423,PIMA,50135,4.646636489230000,1823.159750459999941,202407.485470999992685,0
276,277,50136,303,PIMA,50136,13.053701355499999,3171.053136470000027,568619.231046000029892,0
277,278,50137,303,PIMA,50137,11.995935568200000,3402.188606100000015,522542.953351999982260,0
278,279,50138,395,PIMA,50138,23.046840250999999,4291.720336610000231,1003920.361339999944903,0
279,280,50139,385,PIMA,50139,8.904055746219999,2512.534581219999836,387860.668304999999236,0
280,281,50140,324,PIMA,50140,11.271763734400000,2827.508164630000010,490998.028271000017412,0
281,282,50141,981,PIMA,50141,30.280445915100000,5580.391538390000278,1319016.224059999920428,1
282,283,50142,981,PIMA,50142,40.754011879399997,6134.295779729999595,1775244.757470000069588,1
283,284,50143,981,PIMA,50143,14.274722028299999,3343.077465349999784,621806.891550999949686,1
284,285,50144,981,PIMA,50144,19.801299290700001,4511.288290729999972,862544.597101000021212,1
285,286,50145,383,PIMA,50145,25.528055270300001,4352.093348749999677,1112002.087569999974221,1
286,287,50146,383,PIMA,50146,22.910436817600001,4175.022011029999703,997978.627774999942631,1
287,288,50147,381,PIMA,50147,12.296284240800000,4161.799765020000450,535626.141526999999769,1
288,289,50148,381,PIMA,50148,27.703832914199999,6163.791855589999614,1206778.961739999940619,0
289,290,50149,391,PIMA,50149,10.435080996600000,2697.282421389999854,454552.128214000025764,1
290,291,50150,390,PIMA,50150,15.164441993800001,4210.993565929999932,660563.093252000049688,1
291,292,50151,999,PIMA,50151,21.693898077299998,4142.055929180000021,944986.200247999979183,0
292,293,50152,249,PIMA,50152,20.487510578999999,6158.783557509999810,892435.960822000051849,0
293,294,50153,249,PIMA,50153,7.058745190330000,2238.352136049999899,307478.940491000015754,0
294,295,50154,289,PIMA,50154,16.281641104700000,3377.752851379999811,709228.286522999987938,1
295,296,50155,219,PIMA,50155,22.418223237999999,4119.003960990000451,976537.804248000029474,0
296,297,50156,195,PIMA,50156,20.704834808800001,4052.230249820000154,901902.604271000018343,1
297,298,50157,274,PIMA,50157,10.260972691599999,2656.793148220000148,446967.970444999984466,0
298,299,50158,274,PIMA,50158,15.554980995199999,3397.247768329999872,677574.972151000052691,0
299,300,50159,274,PIMA,50159,18.746132012099999,4016.298511340000005,816581.510447000036947,0
300,301,50160,274,PIMA,50160,9.387392298270001,2581.971109659999911,408914.808512000017799,0
301,302,50161,234,PIMA,50161,13.432716775099999,3171.797857819999990,585129.142724000033922,0
302,303,50162,234,PIMA,50162,17.714714755799999,4469.713421030000063,771652.974761000019498,0
303,304,50163,234,PIMA,50163,24.816462585400000,4669.835663050000221,1081005.110219999914989,0
304,305,50164,234,PIMA,50164,8.753856328279999,2645.585311299999830,381317.981659999990370,0
305,306,50165,234,PIMA,50165,8.466362075979999,2416.518176569999923,368794.732030000013765,0
306,307,50166,234,PIMA,50166,14.212714841400000,3713.883481060000122,619105.858492000028491,0
307,308,50167,234,PIMA,50167,25.079038982499998,4287.931184459999713,1092442.938079999992624,0
308,309,50168,415,PIMA,50168,18.327281986100001,4079.099894190000214,798336.403315000003204,0
309,310,50169,415,PIMA,50169,7.853115573610000,2402.511939460000121,342081.714387000014540,0
310,311,50170,247,PIMA,50170,23.137873260199999,4118.984226800000215,1007885.759220000007190,0
311,312,50171,247,PIMA,50171,6.157485124410000,2143.589302029999999,268220.052018999995198,0
312,313,50172,247,PIMA,50172,6.217877682720000,2375.094603389999975,270850.751859000010882,0
313,314,50173,247,PIMA,50173,4.577220440230000,1933.287842440000077,199383.722375999990618,0
314,315,50174,287,PIMA,50174,4.427351419620000,1840.906275240000014,192855.427839000010863,0
315,316,50175,287,PIMA,50175,10.833449087200000,2779.128136580000046,471905.042237000016030,0
316,317,50176,287,PIMA,50176,8.199062791279999,2426.664525940000203,357151.175188000022899,1
317,318,50177,31,PIMA,50177,5.263187546990000,1911.090935400000035,229264.449546999996528,1
318,319,50178,459,PIMA,50178,10.636683108200000,2725.775344789999963,463333.916191000025719,0
319,320,50179,462,PIMA,50179,14.332517542300000,3228.366780039999867,624324.464143999968655,0
320,321,50180,9,PIMA,50180,2.439839760290000,1332.523541340000065,106279.419957999998587,0
321,322,50181,22,PIMA,50181,5.230442285580000,1928.395501060000015,227838.065960000007180,0
322,323,50182,1079,PIMA,50182,56.591155444400002,7680.826787660000264,2465110.731159999966621,0
323,324,50183,1078,PIMA,50183,12.540599205600000,2977.198462840000047,546268.501396000036038,0
324,325,50184,1078,PIMA,50184,10.697624654400000,2879.779340600000069,465988.529944000008982,0
325,326,50185,1078,PIMA,50185,4.632914256500000,1790.738659730000109,201809.745013000007020,0
326,327,50186,1078,PIMA,50186,28.759220841200001,5965.722243649999655,1252751.659840000094846,0
327,328,50187,701,PIMA,50187,65.519844744899999,7641.668452240000079,2854044.437090000137687,0
328,329,50188,715,PIMA,50188,167.792342090999995,11587.537949400000798,7309034.421489999629557,0
329,330,50189,715,PIMA,50189,6.716972648230000,2176.630515710000054,292591.328556999971624,0
330,331,50190,52,PIMA,50190,5.252959184030000,1914.607166199999938,228818.902055999991717,1
331,332,50191,462,PIMA,50191,4.584305056100000,1922.252034520000052,199692.328244000003906,0
332,333,50192,427,PIMA,50192,9.897609208790000,2613.747445829999833,431139.857134999998379,0
333,334,50193,344,PIMA,50193,3.871094062320000,1677.434315140000081,168624.857354999985546,0
334,335,50194,307,PIMA,50194,9.958507396100000,2622.658135409999886,433792.582173999981023,1
335,336,50195,306,PIMA,50195,5.180985183520000,2003.928225330000032,225683.714593999990029,1
336,337,50196,400,PIMA,50196,5.590521896250000,2156.792645720000110,243523.133800999989035,0
337,338,50197,400,PIMA,50197,7.903863432340000,2395.892815010000049,344292.291113000013866,0
338,339,50198,400,PIMA,50198,8.889779690559999,2446.987175390000175,387238.803321000013966,0
339,340,50199,425,PIMA,50199,33.853032253999999,4866.761093359999904,1474638.084989999886602,0
340,341,50200,425,PIMA,50200,29.244686749100001,4619.971550080000270,1273898.554789999965578,0
341,342,50201,425,PIMA,50201,28.252798192600000,4496.062335960000382,1230691.889269999926910,0
342,343,50202,425,PIMA,50202,11.393486074200000,3418.719650649999949,496300.253390000027139,0
343,344,50203,425,PIMA,50203,7.856856153240000,2516.863531689999945,342244.654035000014119,0
344,345,50204,449,PIMA,50204,9.388953211410000,2707.465435330000219,408982.801888999994844,0
345,346,50205,426,PIMA,50205,8.998721144199999,2651.151246540000102,391984.293041000026278,0
346,347,50206,449,PIMA,50206,4.768473269280000,1823.159649879999961,207714.695609999995213,0
347,348,50207,449,PIMA,50207,4.716710440380000,1813.285616690000097,205459.906783000013093,0
348,349,50208,710,PIMA,50208,165.804408405000004,10696.343296600000031,7222440.030120000243187,1
349,350,50209,701,PIMA,50209,177.592674947999996,13039.161631200000556,7735936.920719999819994,0
350,351,50210,710,PIMA,50210,78.948599612899997,7899.423623210000187,3439000.999139999970794,0
351,352,50211,699,PIMA,50211,79.501984979499994,7800.816025350000018,3463106.465710000135005,1
352,353,50212,398,PIMA,50212,11.923859770300000,3715.223338660000081,519403.331596000003628,0
353,354,50213,460,PIMA,50213,9.990870995780000,2630.927272420000008,435202.340575999987777,0
354,355,50214,1074,PIMA,50214,25.124719641799999,4411.402326229999744,1094432.787599999923259,0
355,356,50215,448,PIMA,50215,4.405719966460000,1755.713410820000036,191913.161739000002854,0
356,357,50216,42,PIMA,50216,5.597666675070000,2394.016718360000141,243834.360366000008071,0
357,358,50217,44,PIMA,50217,3.679438091710000,1579.974981710000066,160276.323275000002468,0
358,359,50218,44,PIMA,50218,3.860861685920000,1649.844835699999976,168179.135038999986136,0
359,360,50219,448,PIMA,50219,9.639459168689999,2720.965503609999814,419894.841388000000734,0
360,361,50220,448,PIMA,50220,4.927593573100000,1853.444733099999894,214645.976044000010006,0
361,362,50221,448,PIMA,50221,15.649397060400000,3317.245568790000107,681687.735951000009663,0
362,363,50222,448,PIMA,50222,14.752031730100001,3224.542961650000052,642598.502163999946788,0
363,364,50223,448,PIMA,50223,18.162953541000000,3558.418304570000146,791178.256245999946259,0
364,365,50224,448,PIMA,50224,17.811452823500002,3533.657263070000226,775866.884991999948397,0
365,366,50225,448,PIMA,50225,8.944825130000000,2625.564538409999841,389636.582662999979220,0
366,367,50226,448,PIMA,50226,4.253162994240000,1727.822857480000039,185267.780028999986826,0
367,368,50227,448,PIMA,50227,7.912966847090000,2420.277991970000130,344688.835858999984339,0
368,369,50228,448,PIMA,50228,8.894418068389999,2619.033728150000115,387440.851059000007808,0
369,370,50229,445,PIMA,50229,4.445394161030000,1768.272053689999893,193641.369654000009177,0
370,371,50230,445,PIMA,50230,15.414910460000000,3815.053604650000125,671473.499639000045136,0
371,372,50231,445,PIMA,50231,4.565078548490000,1784.469481699999960,198854.821571999986190,0
372,373,50232,255,PIMA,50232,9.329024376970001,2553.960721710000144,406372.301861000014469,1
373,374,50233,255,PIMA,50233,6.625008167090000,2146.818920530000014,288585.355757999990601,1
374,375,50234,255,PIMA,50234,12.481448491800000,3080.267080480000004,543691.896301000029780,1
375,376,50235,255,PIMA,50235,7.805863837880000,2336.562082020000162,340023.428778000001330,1
376,377,50236,249,PIMA,50236,6.717032653000000,2171.878197470000032,292593.942364000016823,0
377,378,50237,249,PIMA,50237,5.150405979570000,1973.572466800000029,224351.684470000007423,0
378,379,50238,249,PIMA,50238,8.068030780370000,2334.998523509999814,351443.420793000026606,0
379,380,50239,249,PIMA,50239,9.463094750920000,3000.172662949999904,412212.407349999994040,0
380,381,50240,249,PIMA,50240,33.388173721500003,4732.927542020000146,1454388.847310000099242,0
381,382,50241,249,PIMA,50241,24.062601605000001,4149.720383910000237,1048166.925919999950565,0
382,383,50242,249,PIMA,50242,14.083266321700000,3444.681673420000152,613467.080972000025213,0
383,384,50243,244,PIMA,50243,25.564000246599999,4730.984426250000070,1113567.850739999907091,0
384,385,50244,219,PIMA,50244,9.380585606369999,2540.881468390000009,408618.309013999998569,0
385,386,50245,551,PIMA,50245,1.924357712950000,1166.217666559999998,83825.021976000003633,1
386,387,50246,219,PIMA,50246,13.660384034500000,3125.482426030000170,595046.328544000047259,0
387,388,50247,219,PIMA,50247,26.133508034199998,4542.562244749999991,1138375.609970000106841,0
388,389,50248,219,PIMA,50248,15.562387570100000,3351.169192670000029,677897.602553999982774,0
389,390,50249,219,PIMA,50249,14.993038673699999,3241.982464340000206,653096.764624999952503,0
390,391,50250,484,PIMA,50250,8.845704768359999,2538.013538589999825,385318.899710000026971,1
391,392,50251,460,PIMA,50251,9.799850720849999,2616.307518749999872,426881.497399999992922,0
392,393,50252,460,PIMA,50252,9.689600401180000,2598.988011540000116,422078.993475000024773,0
393,394,50253,460,PIMA,50253,9.934020893760000,2631.572227560000101,432725.950132000027224,0
394,395,50254,460,PIMA,50254,10.153105012699999,2663.004030969999803,442269.254352000018116,0
395,396,50255,460,PIMA,50255,12.726418748200000,2968.448732589999963,554362.800673000048846,0
396,397,50256,460,PIMA,50256,9.279711961569999,2648.840497149999919,404224.253046000027098,0
397,398,50257,460,PIMA,50257,5.605910342120000,2005.843039670000053,244193.454502999986289,0
398,399,50258,441,PIMA,50258,8.202244703460000,2413.877641940000103,357289.779282999981660,0
399,400,50259,441,PIMA,50259,8.647278188280000,2467.856859009999880,376675.437880999990739,0
400,401,50260,441,PIMA,50260,3.889826921510000,1938.335596899999928,169440.860700999997789,0
401,402,50261,441,PIMA,50261,37.770547636600000,5492.763979080000354,1645285.055050000082701,0
402,403,50262,441,PIMA,50262,24.555093514199999,4383.629797239999789,1069619.873480000067502,0
403,404,50263,424,PIMA,50263,18.480320507799998,4210.648411230000420,805002.761320000048727,0
404,405,50264,424,PIMA,50264,19.691618864300001,3925.492770389999805,857766.917728999978863,0
405,406,50265,424,PIMA,50265,21.317173708399999,4042.324469499999850,928576.086736000026576,0
406,407,50266,424,PIMA,50266,29.007251663200002,5218.969042020000416,1263555.882449999917299,0
407,408,50267,424,PIMA,50267,8.712109201630000,2464.808878400000140,379499.476823000004515,0
408,409,50268,424,PIMA,50268,19.072699441600001,3910.276942789999794,830806.787677000043914,0
409,410,50269,424,PIMA,50269,20.619830771200000,4012.035083020000002,898199.828392999945208,0
410,411,50270,424,PIMA,50270,15.409603508900000,3623.657125440000073,671242.328847000026144,0
411,412,50271,424,PIMA,50271,17.743840086399999,3598.468149010000161,772921.674165999982506,0
412,413,50272,634,PIMA,50272,54.569845422199997,6176.690829029999804,2377062.466589999850839,0
413,414,50273,634,PIMA,50273,39.301052472700000,5491.473978140000327,1711953.845710000023246,0
414,415,50274,310,PIMA,50274,17.710686674300000,3775.396184270000049,771477.511531000025570,0
415,416,50275,284,PIMA,50275,340.841414769999972,17095.593089199999667,14847052.027400000020862,0
416,417,50276,462,PIMA,50276,4.632932405870000,1936.630538899999920,201810.535600000002887,0
417,418,50277,441,PIMA,50277,14.526417475900001,3243.105798149999828,632770.745249000028707,0
418,419,50278,33,PIMA,50278,5.472262175870000,1954.869219910000083,238371.740381000010530,1
419,420,50279,33,PIMA,50279,5.329954334490000,1927.473422040000059,232172.810809999995399,1
420,421,50280,1081,PIMA,50280,13.989080588300000,3913.974822889999814,609364.350428999983706,0
421,422,50281,769,PIMA,50281,2621.881029969999872,53600.451365499997337,114209137.665000006556511,0
422,423,50282,919,PIMA,50282,546.975432449999971,23845.772936000001209,23826249.837499998509884,0
423,424,50283,878,PIMA,50283,158.065843632999986,10535.578387800000201,6885348.148670000024140,1
424,425,50284,600,PIMA,50284,13.326862167200000,3238.429455429999962,580518.116002000053413,1
425,426,50285,600,PIMA,50285,17.641791070899998,4486.261248920000071,768476.419048000010662,1
426,427,50286,582,PIMA,50286,57.148362948799999,6958.574547309999616,2489382.690049999859184,1
427,428,50287,582,PIMA,50287,38.368626027700003,5916.078248779999740,1671337.349769999971613,1
428,429,50288,1008,PIMA,50288,27.200094581399998,5089.636543360000360,1184836.119970000116155,1
429,430,50289,454,PIMA,50289,6.660798395740000,2171.274000620000152,290144.378119000000879,1
430,431,50290,472,PIMA,50290,9.977983225539999,3210.555290209999839,434640.949304000008851,1
431,432,50291,689,PIMA,50291,315.987377072000015,15779.067279599999893,13764410.145199999213219,0
432,433,50292,801,PIMA,50292,4650.752859739999622,90349.279476600000635,202586794.569999992847443,0
433,434,50293,639,PIMA,50293,6.698902635590000,2237.713156939999863,291804.198806000000332,0
434,435,50294,624,PIMA,50294,137.014271701000013,15478.054501299999174,5968341.675280000083148,0
435,436,50295,714,PIMA,50295,39.726238151300002,6458.141245470000285,1730474.933870000066236,0
436,437,50296,714,PIMA,50296,70.498205729700004,7414.837781350000114,3070901.841589999850839,0
437,438,50297,221,PIMA,50297,33.479015155500001,4803.332299849999799,1458345.900170000037178,0
438,439,50298,221,PIMA,50298,21.065961701100001,4024.016890490000151,917633.291700999950990,0
439,440,50299,1102,PIMA,50299,57.533488513499996,6930.669489400000202,2506158.759649999905378,0
440,441,50300,710,PIMA,50300,73.491186142900006,7923.009388120000040,3201276.068390000145882,1
441,442,50301,710,PIMA,50301,78.776523962900001,8183.715021899999556,3431505.383820000104606,0
442,443,50302,685,PIMA,50302,38.813262688700000,5342.481264850000116,1690705.722719999961555,0
443,444,50303,685,PIMA,50303,10.847804145700000,3310.483142699999917,472530.348586999985855,0
444,445,50304,1054,PIMA,50304,158.170276099999995,10468.096505699999398,6889897.226929999887943,0
445,446,50305,639,PIMA,50305,22.970458682000000,4251.185329580000143,1000593.180189999984577,0
446,447,50306,1033,PIMA,50306,35.575748001100003,5724.118433530000402,1549679.582930000033230,0
447,448,50307,749,PIMA,50307,139.082226757999990,9810.848391589999665,6058421.797570000402629,0
448,449,50308,753,PIMA,50308,176.739137249000009,13237.565940399999818,7698756.818549999967217,0
449,450,50309,429,PIMA,50309,25.737697331100001,5087.360538070000075,1121134.095740000018850,0
450,451,50310,210,PIMA,50310,19.773300980500000,3757.881062490000204,861324.990711000049487,0
451,452,50311,234,PIMA,50311,23.918837220000000,4802.537085369999659,1041904.549299999955110,0
452,453,50312,221,PIMA,50312,21.807748038000000,4134.125228050000260,949945.504536999971606,0
453,454,50313,285,PIMA,50313,15.693098812300001,3682.491372550000051,683591.384265000000596,0
454,455,50314,234,PIMA,50314,21.417937753099999,4091.274208419999923,932965.368525000056252,0
455,456,50315,234,PIMA,50315,24.202326056400000,4174.738476030000129,1054253.323020000010729,0
456,457,50316,686,PIMA,50316,65.984233142999997,9480.289529620000394,2874273.195710000116378,0
457,458,50317,696,PIMA,50317,13.063913871500000,3325.312271880000026,569064.088240999961272,0
458,459,50318,163,PIMA,50318,51.866998627500003,6545.613749809999717,2259326.460210000164807,0
459,460,50319,970,PIMA,50319,137.840294658000005,10449.159008200000244,6004323.235299999825656,0
460,461,50320,31,PIMA,50320,5.120859266920000,1890.132924649999950,223064.629667000001064,1
461,462,50321,491,PIMA,50321,15.424765671399999,3883.968678130000171,671902.792646000045352,1
462,463,50322,459,PIMA,50322,10.675578663100000,2731.454302900000130,465028.206565000000410,0
463,464,50323,462,PIMA,50323,19.025315082700001,3892.077284909999889,828742.724999999976717,0
464,465,50324,472,PIMA,50324,9.591204686919999,2583.809101350000219,417792.876162000000477,1
465,466,50325,957,PIMA,50325,302.321023812000021,16866.163315699999657,13169103.797199999913573,0
466,467,50326,775,PIMA,50326,20.617765462099999,5129.494825249999849,898109.863527999958023,0
467,468,50327,502,PIMA,50327,10.010746109999999,2665.096371189999900,436068.100551999988966,1
468,469,50328,533,PIMA,50328,5.165206198880000,2025.092553760000101,224996.382023000012850,1
469,470,50329,518,PIMA,50329,10.110358502700000,2650.079275919999873,440407.216377999982797,1
470,471,50330,435,PIMA,50330,21.271599428300000,3896.336678080000183,926590.871097999974154,0
471,472,50331,422,PIMA,50331,15.535186586400000,3359.703657370000201,676712.727703999960795,0
472,473,50332,51,PIMA,50332,5.158186949790000,1901.558483179999939,224690.623533000005409,0
473,474,50333,124,PIMA,50333,1458.306860809999989,34192.329727800002729,63523846.856799997389317,0
474,475,50334,186,PIMA,50334,19.753998484699999,3796.037855800000216,860484.173992999945767,0
475,476,50335,170,PIMA,50335,22.490769861400000,4374.818868260000272,979697.935161000001244,0
476,477,50336,416,PIMA,50336,20.465268855700000,4010.111591909999788,891467.111354000051506,1
477,478,50337,682,PIMA,50337,18.992857402999999,4184.481291400000373,827328.868473000009544,0
478,479,50338,281,PIMA,50338,17.829287252899999,3867.599660159999985,776643.752735999994911,0
479,480,50339,730,PIMA,50339,13.876349420500000,3116.005649489999996,604453.780756999971345,1
480,481,50340,46,PIMA,50340,5.112616028680000,1881.326573190000090,222705.554208999994444,0
481,482,50341,46,PIMA,50341,5.451018367890000,2016.599920930000053,237446.360104999999749,0
482,483,50342,50,PIMA,50342,3.965353818560000,1671.455367810000098,172730.812337000010302,0
483,484,50343,483,PIMA,50343,10.723363658600000,2833.916494000000057,467109.720968000008725,1
484,485,50344,696,PIMA,50344,20.376379895900001,4427.120342000000164,887595.108266000053845,0
485,486,50345,346,PIMA,50345,8.931378840460001,2560.909489000000121,389050.862290000019129,0
486,487,50346,234,PIMA,50346,7.334308375500000,2440.193678820000059,319482.472836999979336,0
487,488,50347,1052,PIMA,50347,27.210139543400000,5058.359727199999725,1185273.678509999997914,0
488,489,50348,221,PIMA,50348,27.966381437900001,4582.770493840000199,1218215.575440000044182,0
489,490,50349,707,PIMA,50349,32.613313364600003,5476.197899859999779,1420635.930159999988973,0
490,491,50350,707,PIMA,50350,13.532280046500000,3380.095724379999865,589466.118827000027522,0
491,492,50351,707,PIMA,50351,42.794506245800001,5698.486708890000045,1864128.692070000106469,0
492,493,50352,685,PIMA,50352,74.894101086899994,7974.976893989999553,3262387.043349999934435,0
493,494,50353,689,PIMA,50353,22.596054767300000,4049.316424009999992,984284.145662000053562,0
494,495,50354,689,PIMA,50354,280.008854428999996,15353.820293900000252,12197185.698899999260902,0
495,496,50355,1052,PIMA,50355,70.339844227800000,9188.185629359999439,3064003.614560000132769,0
496,497,50356,1052,PIMA,50356,41.475402496100003,6499.626481979999880,1806668.532730000093579,0
497,498,50357,693,PIMA,50357,75.245896516499997,8008.504253289999724,3277711.252259999979287,0
498,499,50358,201,PIMA,50358,12.769442369500000,3240.150358230000165,556236.909616000019014,1
499,500,50359,186,PIMA,50359,13.446458555000000,3264.472444410000207,585727.734654000028968,0
500,501,50360,94,PIMA,50360,251.562641683000010,14930.034330099999352,10958068.671700000762939,0
501,502,50361,206,PIMA,50361,23.216595589899999,4741.981107030000203,1011314.903889999957755,0
502,503,50362,740,PIMA,50362,46.343916406399998,6580.487974849999773,2018740.998660000041127,0
503,504,50363,737,PIMA,50363,80.091162261999997,8541.561705449999863,3488771.028129999991506,0
504,505,50364,1037,PIMA,50364,26.391864406400000,4567.907333860000108,1149629.613540000049397,0
505,506,50365,1055,PIMA,50365,13.424671609700001,3077.968671319999885,584778.695320000057109,0
506,507,50366,619,PIMA,50366,23.613475350200002,5219.729935190000106,1028602.986249999958090,0
507,508,50367,16,PIMA,50367,2.572875974480000,1385.056238449999910,112074.477448000005097,0
508,509,50368,1015,PIMA,50368,779.204980112000044,36359.066814899997553,33942168.933700002729893,1
509,510,50369,99,PIMA,50369,163.441392890999992,10678.834485400000631,7119507.074319999665022,0
510,511,50370,187,PIMA,50370,55.996535167200001,6482.346382290000292,2439209.071880000177771,0
511,512,50371,186,PIMA,50371,10.788320832100000,2832.208520080000199,469939.255446000024676,0
512,513,50372,390,PIMA,50372,10.707335469800000,2712.347810419999860,466411.533063000009861,1
513,514,50373,773,PIMA,50373,21.120504079900002,3944.001288559999921,920009.157720000017434,0
514,515,50374,345,PIMA,50374,9.986678059260001,2654.203013960000135,435019.696261000004597,1
515,516,50375,58,PIMA,50375,29.762004988200001,4594.380873379999684,1296432.937290000030771,0
516,517,50376,431,PIMA,50376,5.240094839260000,2044.537230359999967,228258.531198000011500,0
517,518,50377,34,PIMA,50377,9.434574354370000,3179.721915860000081,410970.058875999995507,0
518,519,50378,842,PIMA,50378,278.840118682000025,14464.039868399999250,12146275.569800000637770,0
519,520,50379,837,PIMA,50379,14599.700402899999972,137864.878399999986868,635962949.549999952316284,0
520,521,50380,829,PIMA,50380,80.877053395600001,8671.244868330000827,3523004.445909999776632,1
521,522,50381,829,PIMA,50381,1810.808602789999895,37729.021192100000917,78878822.737299993634224,1
522,523,50382,829,PIMA,50382,7934.973254319999796,78296.298205800005235,345647434.958000004291534,1
523,524,50383,798,PIMA,50383,85.654425174400004,8284.861979179999253,3731106.760600000154227,0
524,525,50384,797,PIMA,50384,136.594740588999997,12120.413801599999715,5950066.900070000439882,0
525,526,50385,809,PIMA,50385,366.901746061999972,18370.195041200000560,15982240.058499999344349,0
526,527,50386,853,PIMA,50386,12018.162948099999994,115221.665607000002638,523511178.018000006675720,1
527,528,50387,852,PIMA,50387,6343.520898730000226,73682.304674500002875,276323770.348999977111816,1
528,529,50388,848,PIMA,50388,44321.466614600001776,183561.113409000012325,1930643085.730000019073486,1
529,530,50389,878,PIMA,50389,158.619761817000011,10512.036607300000469,6909476.824730000458658,1
530,531,50390,1016,PIMA,50390,209.934023454999988,12219.106015699999261,9144726.061699999496341,1
531,532,50391,771,PIMA,50391,17.468403678500000,3602.491988709999987,760923.664235000032932,0
532,533,50392,771,PIMA,50392,16.433668852899999,3477.927032439999948,715850.615231000003405,0
533,534,50393,775,PIMA,50393,530.507635764000042,21265.622992199998407,23108912.613899998366833,0
534,535,50394,771,PIMA,50394,45.871961642599999,5776.734730119999767,1998182.649149999953806,0
535,536,50395,297,PIMA,50395,338.577111360999993,16379.069851099999141,14748418.970899999141693,1
536,537,50396,331,PIMA,50396,316.765846700999987,15634.734175600000526,13798320.282299999147654,1
537,538,50397,935,PIMA,50397,342.095360631999995,17947.630452099998365,14901673.909099999815226,0
538,539,50398,644,PIMA,50398,12.810922708400000,3002.513663790000010,558043.793177000014111,0
539,540,50399,873,PIMA,50399,1096.964684860000034,30596.293518700000277,47783781.672399997711182,1
540,541,50400,922,PIMA,50400,105995.171552999992855,330589.687910999986343,4617149672.840000152587891,0
541,542,50401,976,PIMA,50401,56.043297786200000,7998.241286389999914,2441246.051570000126958,0
542,543,50402,976,PIMA,50402,39.113505402199998,5136.280175830000189,1703784.295320000033826,0
543,544,50403,976,PIMA,50403,20.571625776899999,4065.074660990000211,896100.018840000033379,0
544,545,50404,873,PIMA,50404,1140.497985559999961,35129.449184700002661,49680092.250900000333786,1
545,546,50405,1015,PIMA,50405,22.848199882100001,4712.139031099999556,995267.586864999961108,1
546,547,50406,1015,PIMA,50406,18.259552726100001,3635.878808190000200,795386.116751000052318,1
547,548,50407,816,PIMA,50407,659.274783673000002,21348.861624100001791,28718009.576799999922514,1
548,549,50408,816,PIMA,50408,394.065580565000005,19435.868440099999134,17165496.689399998635054,1
549,550,50409,891,PIMA,50409,171.490846736999998,11435.506062300000849,7470141.283870000392199,1
550,551,50410,891,PIMA,50410,177.673188551999999,12727.575652100000298,7739444.093310000374913,1
551,552,50411,855,PIMA,50411,318.313437625999995,15809.024756500000876,13865733.343000000342727,1
552,553,50412,855,PIMA,50412,319.482811523999999,15793.995559200000571,13916671.269999999552965,1
553,554,50413,855,PIMA,50413,320.043617610000013,15777.404026000000158,13941099.983100000768900,1
554,555,50414,727,PIMA,50414,1293.781515760000048,33790.259106799996516,56357122.826499998569489,0
555,556,50415,680,PIMA,50415,112.524451170999995,13572.317895599999247,4901565.093009999953210,0
556,557,50416,894,PIMA,50416,113.817767027000002,10453.167481000000407,4957901.931680000387132,1
557,558,50417,894,PIMA,50417,79.553963780399997,8666.846326340000815,3465370.662270000204444,1
558,559,50418,897,PIMA,50418,594.509027209999999,21279.861428200001683,25896813.225299999117851,0
559,560,50419,897,PIMA,50419,427.417996026000026,19650.291944500000682,18618327.906899999827147,0
560,561,50420,897,PIMA,50420,1015.768876739999996,32627.164308799998253,44246892.270900003612041,0
561,562,50421,893,PIMA,50421,31.481111313900001,4683.173541819999627,1371317.208839999977499,1
562,563,50422,893,PIMA,50422,38.507197750499998,5366.275339730000269,1677373.534010000061244,1
563,564,50423,893,PIMA,50423,205.635941620000011,14237.952189499999804,8957501.616960000246763,1
564,565,50424,893,PIMA,50424,74.449286251700002,7572.508748870000090,3243010.909130000043660,1
565,566,50425,1089,PIMA,50425,21.526268779100000,4048.833286690000023,937684.268017000053078,1
566,567,50426,1088,PIMA,50426,60.310703581299997,6697.271325650000108,2627134.248000000137836,1
567,568,50427,679,PIMA,50427,178.525068728000008,12147.604740799999490,7776551.993780000135303,0
568,569,50428,1087,PIMA,50428,45.409980468100002,5873.204165209999701,1978058.749189999885857,0
569,570,50429,679,PIMA,50429,65.771467184399995,7312.866085609999573,2865005.110549999866635,0
570,571,50430,681,PIMA,50430,33.736288729599998,4905.880158259999916,1469552.737059999955818,0
571,572,50431,681,PIMA,50431,90.540953760899995,9433.581120830000145,3943963.945830000098795,0
572,573,50432,992,PIMA,50432,905.843456457000002,32746.062809700000798,39458540.963299997150898,0
573,574,50433,1095,PIMA,50433,630.217123379999975,20956.367941600001359,27452257.894400000572205,0
574,575,50434,1095,PIMA,50434,108.626899018000003,8513.863714229999459,4731787.721230000257492,0
575,576,50435,589,PIMA,50435,20.486521657600001,4201.404411790000268,892392.883406999986619,1
576,577,50436,70,PIMA,50436,24.836259342599998,4202.362382090000210,1081867.456960000097752,0
577,578,50437,70,PIMA,50437,39.780127343799997,5407.094940809999571,1732822.347099999897182,0
578,579,50438,572,PIMA,50438,174.640553965999999,12248.754142499999944,7607342.530779999680817,1
579,580,50439,472,PIMA,50439,39.676852322199998,6741.572226029999911,1728323.687159999972209,1
580,581,50440,430,PIMA,50440,21.918583580600000,4101.075827239999853,954773.500772000057623,0
581,582,50441,544,PIMA,50441,15.470793035100000,3282.321699520000038,673907.744608000037260,1
582,583,50442,544,PIMA,50442,14.797171060700000,4579.468586420000065,644564.771406000014395,1
583,584,50443,547,PIMA,50443,4.880629024260000,1910.098191609999958,212600.200297000003047,1
584,585,50444,394,PIMA,50444,39.540524885799996,5132.811799500000234,1722385.264029999962077,1
585,586,50445,458,PIMA,50445,20.597221997500000,4476.723320520000016,897214.990210999967530,1
586,587,50446,439,PIMA,50446,267.910609195000006,19696.857342700001027,11670186.136499999091029,1
587,588,50447,408,PIMA,50447,8.388255280579999,2442.078229749999991,365392.400022000016179,1
588,589,50448,408,PIMA,50448,30.312811899900002,5228.207486209999843,1320426.086360000073910,1
589,590,50449,384,PIMA,50449,21.872080342499999,4445.383568860000196,952747.819720000028610,1
590,591,50450,468,PIMA,50450,19.267922565500001,3878.758859770000072,839310.706952000036836,1
591,592,50451,468,PIMA,50451,9.837613930650001,2586.454451279999830,428526.462819000007585,1
592,593,50452,438,PIMA,50452,31.733715517899999,4986.369199030000345,1382320.647959999972954,1
593,594,50453,416,PIMA,50453,22.909726105800001,4313.616573870000138,997947.669170000008307,1
594,595,50454,384,PIMA,50454,5.051803907240000,1914.866630600000008,220056.578199000010500,1
595,596,50455,384,PIMA,50455,5.164468754870000,1938.392310339999995,224964.258961999992607,1
596,597,50456,354,PIMA,50456,5.433837430780000,2000.052838399999928,236697.958485000010114,1
597,598,50457,355,PIMA,50457,11.470970144800001,2858.397325909999836,499675.459505999984685,1
598,599,50458,394,PIMA,50458,11.751334264400001,3620.758620980000160,511888.120559000002686,1
599,600,50459,394,PIMA,50459,32.927255979400002,5513.692205829999693,1434311.270460000028834,1
600,601,50460,394,PIMA,50460,28.752849156000000,4911.181826789999832,1252474.109239999903366,1
601,602,50461,456,PIMA,50461,39.029761689300003,5221.305283849999796,1700136.419179999968037,1
602,603,50462,436,PIMA,50462,23.974258780400000,6047.667279899999812,1044318.712479999987409,1
603,604,50463,436,PIMA,50463,19.286864713800000,3862.746968790000210,840135.826934000011533,1
604,605,50464,838,PIMA,50464,4762.328386729999693,77165.024291699999594,207447024.525999993085861,0
605,606,50465,839,PIMA,50465,803.265083862999973,26642.908016800000041,34990227.053099997341633,0
606,607,50466,826,PIMA,50466,25862.320029599999543,177532.234403000009479,1126562660.490000009536743,1
607,608,50467,642,PIMA,50467,9061.514812350000284,80257.611177099999622,394719585.226000010967255,0
608,609,50468,851,PIMA,50468,2285.228634369999781,43403.094401299997116,99544559.313199996948242,1
609,610,50469,621,PIMA,50469,2375.299647410000034,60049.950140399996599,103468052.641000002622604,0
610,611,50470,998,PIMA,50470,196.173733214999999,11996.216233999999531,8545327.818859999999404,0
611,612,50471,26,PIMA,50471,15.865234927800000,3307.141580640000029,691089.633455000002868,1
612,613,50472,375,PIMA,50472,32.042120692799998,4811.649413479999566,1395754.777380000101402,0
613,614,50473,971,PIMA,50473,41.641459086200001,7127.644741480000448,1813901.957799999974668,0
614,615,50474,973,PIMA,50474,198.219695137999992,13835.841489599999477,8634449.920199999585748,0
615,616,50475,982,PIMA,50475,209.465804743000007,14304.536240800000087,9124330.454590000212193,0
616,617,50476,1099,PIMA,50476,29.936711561799999,5277.399832369999785,1304043.155629999935627,0
617,618,50477,1100,PIMA,50477,89.786961793800003,8577.810746060000383,3911120.055740000214428,0
618,619,50478,1100,PIMA,50478,10.979527806200000,2742.258999229999972,478268.231238999986090,0
619,620,50479,644,PIMA,50479,59.716275087900001,6578.423281059999681,2601240.942830000072718,0
620,621,50480,955,PIMA,50480,30.638788595899999,4645.461838989999706,1334625.631240000016987,0
621,622,50481,955,PIMA,50481,61.097108555299997,7333.046162720000211,2661390.048669999931008,0
622,623,50482,191,PIMA,50482,170.759914226000006,11619.705187300000034,7438301.863699999637902,0
623,624,50483,31,PIMA,50483,15.654843022700000,3847.532173909999983,681924.962070000008680,1
624,625,50484,543,PIMA,50484,21.176975911200000,4358.148175549999905,922469.070690999971703,1
625,626,50485,530,PIMA,50485,16.343744173699999,3650.026564419999886,711933.496204999973997,1
626,627,50486,956,PIMA,50486,1997.346073769999975,41412.766507699998328,87004394.973299995064735,0
627,628,50487,780,PIMA,50487,1049.622861370000010,29225.229162299998279,45721571.841099999845028,0
628,629,50488,792,PIMA,50488,1905.851467859999957,37933.909967799998412,83018889.939799994230270,0
629,630,50489,779,PIMA,50489,541.161242925000010,21260.086326000000554,23572983.741799999028444,0
630,631,50490,883,PIMA,50490,11640.697354500000074,95908.178836100007175,507068776.763000011444092,1
631,632,50491,829,PIMA,50491,28330.308778599999641,157010.200553000002401,1234068250.390000104904175,1
632,633,50492,829,PIMA,50492,11270.032529899999645,98489.009068800005480,490922617.000999987125397,1
633,634,50493,564,PIMA,50493,8.641802204319999,2457.644640229999823,376436.904020000016317,1
634,635,50494,31,PIMA,50494,5.399960578000000,1941.468571460000021,235222.282777999993414,1
635,636,50495,26,PIMA,50495,10.428320079700001,2778.382807039999989,454257.622671000019182,1
636,637,50496,25,PIMA,50496,5.265812055230000,1936.348733529999890,229378.773125999985496,1
637,638,50497,21,PIMA,50497,3.618998566230000,1612.464115190000030,157643.577545000007376,0
638,639,50498,7,PIMA,50498,2.497311448710000,1317.023408040000049,108782.886706000004779,0
639,640,50499,6,PIMA,50499,1.884814889840000,1151.156584600000087,82102.536601400002837,0
640,641,50500,5,PIMA,50500,3.367955690050000,1518.267010320000054,146708.149858999997377,0
641,642,50501,13,PIMA,50501,8.352710803510000,2722.352598330000092,363844.082600999972783,0
642,643,50502,12,PIMA,50502,1.602735579730000,1080.663678359999949,69815.161853199999314,1
643,644,50503,3,PIMA,50503,6.460693632700000,2334.977882279999903,281427.814639999996871,0
644,645,50504,4,PIMA,50504,6.840737278710000,2925.156572859999869,297982.515860999992583,0
645,646,50505,2,PIMA,50505,3.477301733690000,1567.475020370000038,151471.263520000007702,0
646,647,50506,1078,PIMA,50506,24.068313537200002,4484.308284030000323,1048415.737680000020191,0
647,648,50507,1078,PIMA,50507,46.507945099799997,6768.353887350000150,2025886.088549999985844,0
648,649,50508,1082,PIMA,50508,231.367721109000001,14046.403335099999822,10078377.931500000879169,0
649,650,50509,515,PIMA,50509,9.717921114239999,2603.555509050000182,423312.643735999998171,1
650,651,50510,485,PIMA,50510,10.977012992700001,2733.161391940000158,478158.685964000003878,0
651,652,50511,487,PIMA,50511,119.119445526999996,10262.248967699999412,5188843.047170000150800,0
652,653,50512,487,PIMA,50512,27.017089149299998,4448.638391290000072,1176864.403339999960735,0
653,654,50513,1077,PIMA,50513,32.214778010600000,5339.894044300000132,1403275.730140000116080,0
654,655,50514,1077,PIMA,50514,88.121937552700004,9156.314270479999323,3838591.599789999891073,0
655,656,50515,1059,PIMA,50515,96.037239683600006,8867.015590700000757,4183382.160620000213385,0
656,657,50516,1085,PIMA,50516,51.737694162600000,6093.111299999999574,2253693.957719999831170,0
657,658,50517,14,PIMA,50517,6.560335635300000,3432.573211190000166,285768.220274000021163,0
658,659,50518,301,PIMA,50518,325.096819438000011,17934.401662000000215,14161217.454700000584126,0
659,660,50519,258,PIMA,50519,336.709583688999999,17229.386862999999721,14667069.465500000864267,0
660,661,50520,549,PIMA,50520,26.685345813500000,4952.018710950000241,1162413.663639999926090,1
661,662,50521,418,PIMA,50521,11.885753390300000,2888.816118790000019,517743.417681000020821,0
662,663,50522,418,PIMA,50522,14.666643167500000,3549.235320849999880,638878.976376999984495,0
663,664,50523,588,PIMA,50523,16.809927859399998,3457.458017850000033,732240.457556999986991,1
664,665,50524,891,PIMA,50524,306.995899216999987,17950.828497099999367,13372741.369899999350309,1
665,666,50525,485,PIMA,50525,17.161071068599998,3744.979881190000015,747536.255749000003561,0
666,667,50526,539,PIMA,50526,13.885163499400001,3475.305701499999941,604837.722032999969088,0
667,668,50527,988,PIMA,50527,130.209089642999999,10318.035467899999276,5671907.944849999621511,0
668,669,50528,893,PIMA,50528,83.605623685699996,9004.856520400000591,3641860.967749999836087,1
669,670,50529,119,PIMA,50529,693.033540929999958,24125.391015000001062,30188541.042899999767542,0
670,671,50530,90,PIMA,50530,157.402546956000009,11183.438973199999964,6856454.945399999618530,0
671,672,50531,150,PIMA,50531,377.516515269000024,18589.936393500000122,16444619.405099999159575,0
672,673,50532,149,PIMA,50532,347.457399624000004,16309.736555499999668,15135244.327600000426173,0
673,674,50533,102,PIMA,50533,170.049778451000009,10942.763048700000581,7407368.349329999648035,0
674,675,50534,169,PIMA,50534,46.662194883900000,6715.748377079999955,2032605.209139999933541,0
675,676,50535,772,PIMA,50535,21.057623948500002,3898.027806650000002,917270.099195000017062,0
676,677,50536,772,PIMA,50536,30.694107188000000,4835.985541650000414,1337035.309110000031069,0
677,678,50537,772,PIMA,50537,46.039202671100000,6200.008992060000310,2005467.668349999934435,0
678,679,50538,772,PIMA,50538,26.225019168900001,5949.649238789999799,1142361.834999999962747,0
679,680,50539,772,PIMA,50539,19.341090059700001,3743.956313279999904,842497.883002000045963,0
680,681,50540,772,PIMA,50540,33.209896183200001,4834.591156249999585,1446623.077740000095218,0
681,682,50541,768,PIMA,50541,16.800134996600001,3921.652801010000076,731813.880450000055134,0
682,683,50542,774,PIMA,50542,305.326833641999997,20806.723956199999520,13300036.873400000855327,0
683,684,50543,768,PIMA,50543,50.117409934500003,6343.758395670000027,2183114.376749999821186,0
684,685,50544,768,PIMA,50544,54.162623009500003,6512.416877370000293,2359323.858289999887347,0
685,686,50545,768,PIMA,50545,34.923775856600002,4912.381264370000281,1521279.676310000009835,0
686,687,50546,768,PIMA,50546,34.825833424099997,5167.504295630000342,1517013.303950000088662,0
687,688,50547,215,PIMA,50547,19.113629665099999,4435.885283110000273,832589.708210999961011,0
688,689,50548,221,PIMA,50548,47.443304716800000,6415.165622380000059,2066630.353459999896586,0
689,690,50549,547,PIMA,50549,46.834776881400003,6962.601807009999902,2040122.880949999904260,1
690,691,50550,881,PIMA,50550,1556.742222600000105,36180.414712799996778,67811691.216600000858307,0
691,692,50551,609,PIMA,50551,19.867457145800000,3929.613602049999827,865426.433269000030123,1
692,693,50552,1046,PIMA,50552,16.004471531099998,4163.569317829999818,697154.779896999942139,0
693,694,50553,1047,PIMA,50553,26.573718283700000,4661.651704439999776,1157551.168439999921247,0
694,695,50554,449,PIMA,50554,7.589976452630000,2381.130778820000160,330619.374277000024449,0
695,696,50555,449,PIMA,50555,7.451212685790000,2347.343728920000103,324574.824592999997549,0
696,697,50556,199,PIMA,50556,12.781170434500000,3203.117937349999920,556747.784127000020817,1
697,698,50557,173,PIMA,50557,17.620343236099998,3699.910424979999789,767542.151365000056103,0
698,699,50558,173,PIMA,50558,24.694631288299998,4459.330057119999765,1075698.138920000055805,0
699,700,50559,173,PIMA,50559,19.153762615300000,4102.989378649999708,834337.899523000000045,0
700,701,50560,327,PIMA,50560,24.949371806500000,4554.627361650000239,1086794.635890000034124,1
701,702,50561,681,PIMA,50561,20.914189233399998,4163.565116970000417,911022.083008000045083,0
702,703,50562,696,PIMA,50562,70.580777796899994,7523.433734010000080,3074498.680829999968410,0
703,704,50563,415,PIMA,50563,10.364907350399999,2678.152569360000143,451495.364182999997865,0
704,705,50564,623,PIMA,50564,159.172037412999998,12214.533237199999348,6933533.949710000306368,0
705,706,50565,573,PIMA,50565,7.243926412920000,2285.948427679999895,315545.434546999982558,1
706,707,50566,535,PIMA,50566,43.121939914400002,5546.208070399999997,1878391.702670000027865,1
707,708,50567,552,PIMA,50567,9.227908785810000,2527.501603080000223,401967.706709999998566,1
708,709,50568,551,PIMA,50568,9.946298392770000,2628.486446880000130,433260.757989000005182,1
709,710,50569,534,PIMA,50569,8.450764933340000,2419.950570030000108,368115.320496000000276,1
710,711,50570,473,PIMA,50570,10.129728697899999,3203.909517510000114,441250.982079999987036,1
711,712,50571,731,PIMA,50571,20.271564102399999,3966.040550159999839,883029.332300000009127,0
712,713,50572,775,PIMA,50572,17.514132486400001,4502.263888049999878,762915.611108000040986,0
713,714,50573,1047,PIMA,50573,4.991848676530000,1990.950683640000079,217444.928348999994341,0
714,715,50574,1047,PIMA,50574,23.235251376800001,4324.338061049999851,1012127.549970000050962,0
715,716,50575,57,PIMA,50575,19.895427945700000,3723.754318549999880,866644.841313999961130,0
716,717,50576,517,PIMA,50576,10.241076274399999,2684.838353929999812,446101.282514000020456,1
717,718,50577,502,PIMA,50577,11.698934830700001,2853.052949760000047,509605.601222999976017,1
718,719,50578,427,PIMA,50578,9.513489376390000,2572.881797099999858,414407.597236000001431,0
719,720,50579,24,PIMA,50579,41.022729124599998,7964.291689149999911,1786950.080670000053942,1
720,721,50580,234,PIMA,50580,17.261763644799998,3869.939554239999779,751922.424366999999620,0
721,722,50581,747,PIMA,50581,42.975381900800002,5992.981532230000084,1872007.635599999921396,0
722,723,50582,434,PIMA,50582,15.496753287700001,3875.871047560000079,675038.573212999966927,1
723,724,50583,393,PIMA,50583,10.407248107899999,3222.943076370000199,453339.727581000013743,0
724,725,50584,393,PIMA,50584,10.694698759200000,3306.235328029999891,465861.077951000013854,0
725,726,50585,1016,PIMA,50585,170.562420081999988,13261.631450299999415,7429699.018760000355542,1
726,727,50586,714,PIMA,50586,91.337124762700000,8357.047165440000754,3978645.154660000000149,0
727,728,50587,70,PIMA,50587,20.084317627000001,3865.417151720000220,874872.875833000056446,0
728,729,50588,221,PIMA,50588,9.280706997730000,3235.275944309999886,404267.596820999984629,0
729,730,50589,732,PIMA,50589,211.040738118000007,15562.343081999999413,9192934.552400000393391,0
730,731,50590,714,PIMA,50590,85.846055241499997,8248.343895320000229,3739454.166319999843836,0
731,732,50591,704,PIMA,50591,150.592893655000012,12900.845268700000815,6559826.447630000300705,0
732,733,50592,938,PIMA,50592,73.556429096499997,7642.174832450000395,3204118.051450000144541,0
733,734,50593,714,PIMA,50593,76.106696223100002,7716.716886430000159,3315207.687479999847710,0
734,735,50594,978,PIMA,50594,80.217714518199998,8079.844334710000112,3494283.644410000182688,0
735,736,50595,978,PIMA,50595,17.971895750900000,4005.014790010000070,782855.778907999978401,0
736,737,50596,1084,PIMA,50596,7.503260748900000,2455.243222179999975,326842.038222000002861,0
737,738,50597,704,PIMA,50597,5.325945205990000,1999.848334649999970,231998.173172999988310,0
738,739,50598,221,PIMA,50598,26.254343536400000,4609.910890860000109,1143639.204450000077486,0
739,740,50599,248,PIMA,50599,4.715242185520000,1864.259919220000029,205395.949601000000257,0
740,741,50600,708,PIMA,50600,142.114745593999999,10077.926968800000395,6190518.318060000427067,0
741,742,50601,715,PIMA,50601,37.504602164500000,5577.695446480000101,1633700.470280000008643,0
742,743,50602,708,PIMA,50602,77.192941139900000,7752.570354430000407,3362524.516059999819845,0
743,744,50603,234,PIMA,50603,14.978182518000001,4036.714712240000154,652449.630483999964781,0
744,745,50604,70,PIMA,50604,27.765920161099999,4932.244770749999589,1209483.482219999888912,0
745,746,50605,70,PIMA,50605,9.576233584760001,2560.093587639999896,417140.734952000027988,0
746,747,50606,693,PIMA,50606,39.739357431700000,6961.877731130000029,1731046.409720000112429,0
747,748,50607,1033,PIMA,50607,45.617142875200003,6507.420121219999601,1987082.743640000000596,0
748,749,50608,1033,PIMA,50608,22.754698947600001,4076.363231880000058,991194.686158000025898,0
749,750,50609,829,PIMA,50609,38747.608485400000063,282413.300967000017408,1687845825.619999885559082,1
750,751,50610,828,PIMA,50610,1484.688258310000037,35679.616931399999885,64673020.531900003552437,0
751,752,50611,858,PIMA,50611,16227.508564800000386,165311.647758000006434,706870273.082000017166138,0
752,753,50612,826,PIMA,50612,86009.050357200001599,272971.650403000006918,3746554233.559999942779541,1
753,754,50613,826,PIMA,50613,87797.643051799997920,323957.590064999996684,3824465331.340000152587891,1
754,755,50614,882,PIMA,50614,12023.166377899999134,100785.920117000001483,523729127.422999978065491,1
755,756,50615,843,PIMA,50615,66998.601687500005937,242077.270514000003459,2918459089.510000228881836,1
756,757,50616,846,PIMA,50616,3938.806956089999858,62950.176442800002405,171574431.006999999284744,1
757,758,58010,821,PIMA,58010,901.871910903999947,25112.526757299998280,39285540.439000003039837,1
758,759,50618,829,PIMA,50618,1896.795340939999960,45461.810934100001759,82624405.051200002431870,1
759,760,50619,824,PIMA,50619,2228.855825210000148,54778.925562399999762,97088959.746299996972084,0
760,761,50620,823,PIMA,50620,2366.970079319999968,40287.634982600000512,103105216.655000001192093,1
761,762,50621,855,PIMA,50621,483.544869425999991,19038.581847699999344,21063214.512200001627207,1
762,763,50622,825,PIMA,50622,3897.214339529999961,54310.342499600003066,169762656.629999995231628,0
763,764,50623,687,PIMA,50623,69269.821811600006185,348930.186940999992657,3017393438.110000133514404,0
764,765,50624,773,PIMA,50624,10.581743469399999,2686.211637070000052,460940.745524999976624,0
765,766,50625,118,PIMA,50625,75.935442716699995,8452.111686329999429,3307747.884740000125021,0
766,767,50626,975,PIMA,50626,37.817524455600001,5240.375709369999640,1647331.365280000027269,0
767,768,50627,975,PIMA,50627,28.827555763700001,4638.046851330000209,1255728.329069999977946,0
768,769,50628,975,PIMA,50628,112.403385553999996,9437.982506849999481,4896291.474740000441670,0
769,770,50629,975,PIMA,50629,157.351169252999995,11052.788226599999689,6854216.932640000246465,0
770,771,50630,619,PIMA,50630,41.820319495800000,5375.300995720000174,1821693.117240000050515,0
771,772,50631,619,PIMA,50631,27.838775600599998,4824.753004999999575,1212657.065159999998286,0
772,773,50632,619,PIMA,50632,22.413732869600000,4288.218917660000443,976342.203801000025123,0
773,774,50633,619,PIMA,50633,39.900893206299997,5324.230081489999975,1738082.908060000045225,0
774,775,50634,780,PIMA,50634,117.254654950000003,9362.421851889999743,5107612.769620000384748,0
775,776,50635,780,PIMA,50635,110.371036180000004,8884.462754719999793,4807762.335989999584854,0
776,777,50636,980,PIMA,50636,185.013811860999994,13840.771523199999137,8059201.644679999910295,0
777,778,50637,685,PIMA,50637,86.924111218400000,8984.303729209999801,3786414.284669999964535,0
778,779,50638,687,PIMA,50638,67587.517065599997295,371513.952790000010282,2944112243.380000114440918,0
779,780,50639,922,PIMA,50639,7752.842115530000228,84948.126722200002405,337713802.551999986171722,0
780,781,50640,927,PIMA,50640,6536.837476810000226,79331.488708000004408,284744640.490000009536743,0
781,782,50641,920,PIMA,50641,7748.767500140000266,79963.354156200002762,337536312.305999994277954,0
782,783,50642,84,PIMA,50642,1189.793027449999954,28332.021391700000095,51827384.275600001215935,0
783,784,50643,79,PIMA,50643,923.972282264000000,26388.310411700000259,40248232.615400001406670,0
784,785,50644,128,PIMA,50644,979.144233303999954,26443.881258500001422,42651522.802699998021126,0
785,786,50645,176,PIMA,50645,2227.787513650000164,39610.032976100002998,97042424.094600006937981,0
786,787,50646,858,PIMA,50646,17534.809880699998757,138685.991012999991653,763816318.404000043869019,0
787,788,50647,152,PIMA,50647,471.343281733000026,20349.663480800001707,20531713.352299999445677,0
788,789,50648,905,PIMA,50648,983.799314710999965,26970.633103500000288,42854298.148800000548363,1
789,790,50649,663,PIMA,50649,1626.358969749999915,33637.766968399999314,70844196.722399994730949,1
790,791,50650,666,PIMA,50650,1255.371799470000042,43046.383973399999377,54683995.585000000894070,0
791,792,50651,898,PIMA,50651,1491.284815620000018,36385.574941500002751,64960366.568400003015995,0
792,793,50652,657,PIMA,50652,736.118869487999973,33797.366190900000220,32065337.954900000244379,0
793,794,50653,978,PIMA,50653,238.880382445999999,13560.775844600000710,10405629.459300000220537,0
794,795,50654,142,PIMA,50654,56.067697065600001,6573.175411490000442,2442308.884180000051856,0
795,796,50655,284,PIMA,50655,10.557416658699999,3629.422287870000218,459881.069653999991715,0
796,797,50656,284,PIMA,50656,54.028452461299999,6224.645105560000047,2353479.389219999779016,0
797,798,50657,326,PIMA,50657,42.524885168200001,7386.418346520000341,1852383.997930000070482,0
798,799,50658,243,PIMA,50658,160.148458183999992,10784.297162400000161,6976066.838510000146925,0
799,800,50659,979,PIMA,50659,228.319494818000010,19860.805254599999898,9945597.194289999082685,0
800,801,50660,974,PIMA,50660,15.280925667700000,3446.771509860000151,665637.122085000039078,0
801,802,50661,1104,PIMA,50661,37.637428199900000,6019.617514259999552,1639486.372389999916777,0
802,803,50662,1104,PIMA,50662,21.252507180399999,4106.992520040000272,925759.212779999943450,0
803,804,50663,1103,PIMA,50663,39.643991634000002,5252.018777729999783,1726892.275579999899492,0
804,805,50664,1103,PIMA,50664,14.752685610000000,3315.849000040000192,642626.985169999999925,0
805,806,50665,980,PIMA,50665,102.762219385999998,9884.749535099999775,4476322.276460000313818,0
806,807,50666,191,PIMA,50666,192.886035494999987,12550.537066599999889,8402115.706170000135899,0
807,808,50667,191,PIMA,50667,193.835676188999997,12501.016115000000354,8443482.054789999499917,0
808,809,50668,940,PIMA,50668,144.032412015999995,10413.456076099999336,6274051.867420000024140,0
809,810,50669,348,PIMA,50669,537.169367065999950,21394.036702500001411,23399097.629399999976158,0
810,811,50670,485,PIMA,50670,2.117366091650000,1189.990033549999907,92232.466952100003255,0
811,812,50671,685,PIMA,50671,275.821964691999995,14131.414016700000502,12014804.781999999657273,0
812,813,50672,939,PIMA,50672,301.351785516999996,14815.711331500000597,13126883.777100000530481,0
813,814,50673,646,PIMA,50673,428.825254690999998,20130.384660700001405,18679628.094300001859665,0
814,815,50674,653,PIMA,50674,403.147515960000021,18743.079118500001641,17561105.795200001448393,0
815,816,50675,984,PIMA,50675,140.799713451999992,10942.381904300000315,6133235.517980000004172,0
816,817,50676,990,PIMA,50676,584.004922277999981,21230.919776099999581,25439254.414400000125170,0
817,818,50677,256,PIMA,50677,17.933223388300000,3717.080590260000008,781171.210793999955058,0
818,819,50678,256,PIMA,50678,13.765752149700001,3185.416891909999777,599636.163641000050120,0
819,820,50679,985,PIMA,50679,164.563165376000001,13998.781857800000580,7168371.483760000206530,0
820,821,50680,168,PIMA,50680,60.997424370799997,7211.814869619999627,2657047.805590000003576,0
821,822,50681,586,PIMA,50681,31.718031176699998,5555.013598530000309,1381637.438060000073165,1
822,823,50682,245,PIMA,50682,8.748965108140000,2735.718907110000146,381104.920111000014003,0
823,824,50683,245,PIMA,50683,51.203723497699997,6411.021243920000416,2230434.195559999905527,0
824,825,50684,245,PIMA,50684,10.385508924900000,2809.349714229999790,452392.768770999973640,0
825,826,50685,1098,PIMA,50685,105.299171661000003,9231.213800690000426,4586831.917550000362098,0
826,827,50686,184,PIMA,50686,25.829242646299999,4164.993196350000289,1125121.809670000104234,0
827,828,50687,191,PIMA,50687,107.879520154999994,10008.563711700000567,4699231.897939999587834,0
828,829,50688,491,PIMA,50688,8.242803747780000,2661.361485150000135,359056.531253000022843,1
829,830,50689,300,PIMA,50689,362.541828190999979,16823.103911800000787,15792322.036000000312924,1
830,831,50690,224,PIMA,50690,967.357554394999966,26628.157500400000572,42138095.069399997591972,0
831,832,50691,269,PIMA,50691,929.882845846000009,33606.815003900002921,40505696.765100002288818,0
832,833,50692,139,PIMA,50692,77.980565082400005,7757.856576789999963,3396833.414989999961108,0
833,834,50693,229,PIMA,50693,4388.558633779999582,57251.927083900001890,191165614.087000012397766,0
834,835,50694,320,PIMA,50694,16.218765856400001,3669.669039939999948,706489.440704999957234,1
835,836,50695,320,PIMA,50695,10.706062132400000,2764.591784830000051,466356.066486000025179,1
836,837,50696,324,PIMA,50696,47.512083266700003,6090.761931719999666,2069626.347099999897182,0
837,838,50697,419,PIMA,50697,3.153416492610000,1501.719867260000001,137362.822417999996105,0
838,839,50698,641,PIMA,50698,188.001422869999999,11785.094634400000359,8189341.980220000259578,0
839,840,50699,650,PIMA,50699,10.976714883100000,2759.229081720000067,478145.700308999978006,1
840,841,50700,567,PIMA,50700,276.779981645000021,16435.666114200001175,12056536.000499999150634,1
841,842,50701,610,PIMA,50701,461.568331480999973,18591.119423799998913,20105916.519299998879433,1
842,843,50702,610,PIMA,50702,163.556441881000012,10903.253070599999774,7124518.608339999802411,1
843,844,50703,919,PIMA,50703,497.606588467999984,21682.669103299998824,21675742.993700001388788,0
844,845,50704,878,PIMA,50704,158.563744105000012,10512.524907999999414,6907036.693230000324547,1
845,846,50705,996,PIMA,50705,35.931300931099997,6411.203894880000007,1565167.468559999950230,1
846,847,50706,996,PIMA,50706,59.718828452899999,7313.288519980000274,2601352.167410000227392,1
847,848,50707,1003,PIMA,50707,22.416329381099999,4265.872201199999836,976455.307839000015520,1
848,849,50708,1003,PIMA,50708,20.440067999499998,3904.551677890000065,890369.362057000049390,1
849,850,50709,1003,PIMA,50709,18.720821081800000,3688.957100650000029,815478.966322000022046,1
850,851,50710,610,PIMA,50710,20.992964632200000,4071.853159239999968,914453.539376999950036,1
851,852,50711,1017,PIMA,50711,132.184070620999989,9890.056743949999145,5757938.116229999810457,0
852,853,50712,1017,PIMA,50712,134.245515603000001,10009.143539999999120,5847734.659690000116825,0
853,854,50713,1010,PIMA,50713,163.430408368999991,11106.632856899999751,7119028.588539999909699,0
854,855,50714,1010,PIMA,50714,58.774383779099999,6567.159287200000108,2560212.157420000061393,0
855,856,50715,1008,PIMA,50715,47.210886630300003,5859.836090079999849,2056506.221609999891371,1
856,857,50716,1008,PIMA,50716,114.006525593000006,10438.587559899999178,4966124.254829999990761,1
857,858,50717,633,PIMA,50717,27.017015964500001,4487.584248770000158,1176861.215409999946132,0
858,859,50718,633,PIMA,50718,34.669446360700000,5708.781524160000117,1510201.083469999954104,0
859,860,50719,565,PIMA,50719,135.093922330999987,13508.166836500000500,5884691.256749999709427,1
860,861,50720,565,PIMA,50720,35.983262673900001,6854.167490410000028,1567430.922079999931157,1
861,862,50721,603,PIMA,50721,21.918048435700001,4008.737395569999990,954750.189859000034630,1
862,863,50722,614,PIMA,50722,140.235251172999995,9855.712878050000654,6108647.541100000031292,0
863,864,50723,227,PIMA,50723,705.606290510999997,33986.118637500003388,30736210.014699999243021,0
864,865,50724,352,PIMA,50724,7.662539867620000,2316.253293130000202,333780.236633999971673,1
865,866,50725,352,PIMA,50725,12.056126694100000,2850.524336500000118,525164.878795000026003,1
866,867,50726,347,PIMA,50726,4.285845926910000,1790.957594400000062,186691.448575999995228,0
867,868,50727,347,PIMA,50727,4.224678608180000,1773.244079580000061,184027.000172000000020,0
868,869,50728,260,PIMA,50728,339.053592955999989,18343.213805200000934,14769174.509199999272823,0
869,870,50729,259,PIMA,50729,174.276913772000000,11517.346955900000466,7591502.363920000381768,0
870,871,50730,495,PIMA,50730,523.961165801999982,22884.477227899998979,22823748.382300000637770,0
871,872,50731,1003,PIMA,50731,31.126583833100000,4745.088791049999600,1355873.991769999964163,1
872,873,50732,1003,PIMA,50732,30.478874437700000,4559.336285170000338,1327659.770509999943897,1
873,874,50733,567,PIMA,50733,30.802318645000000,6456.441643979999753,1341749.000179999973625,1
874,875,50734,600,PIMA,50734,23.779990643500000,4155.220021629999792,1035856.392430000007153,1
875,876,50735,600,PIMA,50735,30.793479159099999,4610.228912960000343,1341363.952169999945909,1
876,877,50736,600,PIMA,50736,31.203800087099999,4728.881667970000308,1359237.531799999997020,1
877,878,50737,597,PIMA,50737,26.143232888600000,4467.052565019999747,1138799.224630000069737,1
878,879,50738,597,PIMA,50738,19.447693847899998,3792.449518309999803,847141.544013999984600,1
879,880,50739,572,PIMA,50739,46.608704137300002,7002.811129689999689,2030275.152220000047237,1
880,881,50740,572,PIMA,50740,44.933265595100004,6186.949449409999943,1957293.049319999990985,1
881,882,50741,550,PIMA,50741,13.898335560900000,3092.313224439999885,605411.497033999999985,1
882,883,50742,588,PIMA,50742,17.282578050300000,3780.659039180000036,752829.099871000042185,1
883,884,50743,588,PIMA,50743,22.332286937599999,4143.411097639999753,972794.419003000017256,1
884,885,50744,588,PIMA,50744,25.274897916899999,4592.260035999999673,1100974.553259999956936,1
885,886,50745,569,PIMA,50745,57.128853120300001,6306.578570480000053,2488532.841920000035316,1
886,887,50746,545,PIMA,50746,38.601030647899996,5199.519176840000000,1681460.895019999938086,1
887,888,50747,545,PIMA,50747,7.955059153130000,2668.557886959999905,346522.376709999982268,1
888,889,50748,545,PIMA,50748,5.487906381750000,2060.141973280000002,239053.201988999993773,1
889,890,50749,565,PIMA,50749,84.919399869900005,8942.818813759999102,3699089.058329999912530,1
890,891,50750,580,PIMA,50750,16.341247661200001,3446.437405910000052,711824.748121000011452,1
891,892,50751,580,PIMA,50751,12.912711668100000,3025.997439209999811,562477.720261999987997,1
892,893,50752,580,PIMA,50752,7.102710382070000,2267.568757569999889,309394.064243000000715,1
893,894,50753,524,PIMA,50753,10.858947141800000,3361.630760760000157,473015.737495000008494,1
894,895,50754,367,PIMA,50754,334.636479650000012,16086.630645400000503,14576765.053500000387430,1
895,896,50755,62,PIMA,50755,702.224330915999985,25556.247405499998422,30588891.854699999094009,1
896,897,50756,40,PIMA,50756,17.323944175499999,3543.989520789999915,754631.008282999973744,1
897,898,50757,447,PIMA,50757,24.356502214799999,4572.511775809999563,1060969.236479999963194,0
898,899,50758,49,PIMA,50758,15.969309966000001,3354.112695509999867,695623.142119999974966,0
899,900,50759,352,PIMA,50759,9.938512669230001,2637.116814689999956,432921.611871999979485,1
900,901,50760,54,PIMA,50760,4.271894520750000,1734.677530019999949,186083.725323999999091,1
901,902,50761,33,PIMA,50761,18.246987809099998,4369.421720790000109,794838.788964999956079,1
902,903,50762,455,PIMA,50762,42.852677282400002,5458.092073669999991,1866662.622419999912381,1
903,904,50763,437,PIMA,50763,17.116745126400001,4635.651110390000213,745605.417705000028946,1
904,905,50764,434,PIMA,50764,12.918917250700000,3134.534315240000069,562748.035442000022158,1
905,906,50765,434,PIMA,50765,17.092920438200000,3743.493380349999825,744567.614290000055917,1
906,907,50766,418,PIMA,50766,19.644027349500000,3991.926062359999833,855693.831342000048608,0
907,908,50767,999,PIMA,50767,24.405046219799999,4250.080918849999762,1063083.813330000033602,0
908,909,50768,525,PIMA,50768,12.516609752000001,2978.155237110000144,545223.520798000041395,1
909,910,50769,471,PIMA,50769,13.326652251500001,3705.261755429999994,580508.972076999954879,1
910,911,50770,452,PIMA,50770,46.603980682800000,6483.601504760000353,2030069.398539999965578,1
911,912,50771,452,PIMA,50771,53.231457258699997,6027.900536199999806,2318762.278189999982715,1
912,913,50772,469,PIMA,50772,56.177494112700003,10924.862356499999805,2447091.643550000153482,1
913,914,50773,469,PIMA,50773,5.351707729540000,2128.025501820000045,233120.388699000002816,1
914,915,50774,512,PIMA,50774,16.286180053900001,3417.371948699999848,709426.003147999988869,1
915,916,50775,513,PIMA,50775,10.980580318900000,3203.645366530000047,478314.078688999987207,1
916,917,50776,513,PIMA,50776,8.317413399619999,2467.332516500000111,362306.527686999994330,1
917,918,50777,528,PIMA,50777,12.595844514300000,3447.656825709999794,548674.987041000043973,1
918,919,50778,528,PIMA,50778,13.096703370600000,3107.600767760000053,570492.398821000009775,1
919,920,50779,465,PIMA,50779,19.144945553199999,4098.090064689999963,833953.828299000044353,1
920,921,50780,52,PIMA,50780,20.716249190799999,3789.470242519999829,902399.814753000042401,1
921,922,50781,39,PIMA,50781,16.875620208800001,4479.317509810000047,735102.016295999987051,1
922,923,50782,356,PIMA,50782,5.806148173560000,2117.238197900000159,252915.814439999987371,1
923,924,50783,307,PIMA,50783,20.008724750300001,3956.773877199999788,871580.050123999943025,1
924,925,50784,641,PIMA,50784,13416.991728700000749,101829.455786000005901,584444159.702999949455261,1
925,926,50785,1004,PIMA,50785,123.421401807999999,12770.568895000000339,5376236.262760000303388,1
926,927,50786,1038,PIMA,50786,42.100672793400001,6680.421867549999661,1833905.306880000047386,0
927,928,50787,1059,PIMA,50787,19.229239075199999,4144.114075829999820,837625.654116000048816,0
928,929,50788,1052,PIMA,50788,105.151594829000004,8720.159473859999707,4580403.470739999786019,0
929,930,50789,700,PIMA,50789,24.752608540099999,4320.182700719999957,1078223.628010000102222,0
930,931,50790,1054,PIMA,50790,9.269013925759999,2543.340548889999809,403758.246606000000611,0
931,932,50791,1054,PIMA,50791,78.621972253500005,7914.832751509999980,3424773.111359999980778,0
932,933,50792,1053,PIMA,50792,23.726385967399999,4519.788970460000201,1033521.372740000020713,0
933,934,50793,1053,PIMA,50793,62.314403498600001,8452.110070070000802,2714415.416399999987334,0
934,935,50794,1046,PIMA,50794,41.155196281499997,5672.233117290000337,1792720.350020000012591,0
935,936,50795,1038,PIMA,50795,26.478949286500001,4442.717349579999791,1153423.030920000048354,0
936,937,50796,24,PIMA,50796,15.472792042600000,3687.189783230000103,673994.821377999964170,1
937,938,50797,356,PIMA,50797,5.060926504160000,1982.977166269999998,220453.958520999993198,0
938,939,50798,610,PIMA,50798,140.827910465000002,11769.940358399999241,6134463.779839999973774,1
939,940,50799,503,PIMA,50799,33.138495724999999,5695.673973930000102,1443512.873780000023544,1
940,941,50800,1017,PIMA,50800,160.628273965999995,10581.383600200000728,6996967.613970000296831,0
941,942,50801,606,PIMA,50801,38.567309578800000,6628.480991970000105,1679992.005249999929219,1
942,943,50802,508,PIMA,50802,33.436834574099997,6390.790017749999606,1456508.514050000114366,1
943,944,50803,418,PIMA,50803,40.324103184700000,5765.785243559999799,1756517.934730000095442,0
944,945,50804,1047,PIMA,50804,21.183167988800001,4071.111784199999875,922738.797594000003301,0
945,946,50805,1009,PIMA,50805,44.216049665100002,5534.964109229999849,1926051.123410000000149,1
946,947,50806,478,PIMA,50806,474.207720708000011,18448.238342199998442,20656488.313999999314547,0
947,948,50807,1009,PIMA,50807,162.048913121999988,12003.963090200000806,7058850.655570000410080,1
948,949,50808,360,PIMA,50808,649.739797264999993,21335.003073899999436,28302665.568900000303984,0
949,950,50809,360,PIMA,50809,1282.818298149999919,31955.383800100000371,55879565.067500002682209,0
950,951,50810,478,PIMA,50810,1322.707440220000080,33868.145636399996874,57617136.095899999141693,0
951,952,50811,565,PIMA,50811,153.988312210000004,10553.751236399999470,6707730.879850000143051,1
952,953,50812,436,PIMA,50812,34.824669144900000,5959.977211290000014,1516962.587950000073761,1
953,954,50813,1046,PIMA,50813,40.484414354400002,5505.351353519999975,1763501.089279999956489,0
954,955,50814,1046,PIMA,50814,15.659575665200000,3912.318169789999956,682131.115976999979466,0
955,956,50815,1046,PIMA,50815,43.037722637400002,7309.174635790000139,1874723.198080000001937,0
956,957,50816,1037,PIMA,50816,22.002807054300000,4204.207079259999773,958442.275285999989137,0
957,958,50817,731,PIMA,50817,15.673447309600000,3362.933185110000068,682735.364807000034489,0
958,959,50818,731,PIMA,50818,13.773838091200000,3311.819258250000075,599988.387251000036485,0
959,960,50819,731,PIMA,50819,22.792704956400001,4168.302704890000314,992850.227901999955066,0
960,961,50820,1051,PIMA,50820,18.875141779300002,3845.483976449999773,822201.175905999960378,1
961,962,50821,26,PIMA,50821,11.201964047600001,3005.866092459999891,487957.553914999996778,1
962,963,50822,878,PIMA,50822,158.992127215000011,10534.396499799999219,6925697.061499999836087,1
963,964,50823,627,PIMA,50823,80.423814139000001,9605.793361699999878,3503261.343890000134706,0
964,965,50824,598,PIMA,50824,128.198261645999992,10957.471160299999610,5584316.277320000343025,1
965,966,50825,611,PIMA,50825,27.165030778300000,4515.649518109999917,1183308.740699999965727,1
966,967,50826,1043,PIMA,50826,281.887895383000000,15249.086626800000886,12279036.722899999469519,0
967,968,50827,1047,PIMA,50827,14.730417627200000,3765.210901970000123,641656.991839000023901,0
968,969,50828,306,PIMA,50828,4.766853647040000,1930.156213499999922,207644.144865000009304,1
969,970,50829,32,PIMA,50829,10.275705619900000,2837.404274859999987,447609.736803999985568,1
970,971,50830,33,PIMA,50830,22.147613143899999,3951.462654939999993,964750.028547000023536,1
971,972,50831,508,PIMA,50831,36.358755261900001,5099.943296249999548,1583787.379209999926388,1
972,973,50832,445,PIMA,50832,19.742821182800000,3706.792100199999823,859997.290724999969825,0
973,974,50833,423,PIMA,50833,34.706073994500002,5476.068649060000098,1511796.583199999993667,0
974,975,50834,475,PIMA,50834,201.337522048000011,12867.076184999999896,8770262.460389999672771,1
975,976,50835,480,PIMA,50835,28.345405317699999,5376.728906129999814,1234725.855639999965206,1
976,977,50836,38,PIMA,50836,5.132685443740000,1891.500319149999996,223579.777929000003496,0
977,978,50837,51,PIMA,50837,18.425788459800000,3581.106059369999912,802627.345306999981403,0
978,979,50838,44,PIMA,50838,4.555927960540000,1833.473515070000076,198456.221961000002921,0
979,980,50839,1086,PIMA,50839,38.987377373999998,5211.489746799999921,1698290.158409999916330,0
980,981,50840,39,PIMA,50840,13.809819709899999,3281.821990840000126,601555.746565000037663,1
981,982,50841,401,PIMA,50841,20.005572418100002,3963.249322499999835,871442.734531000023708,0
982,983,50842,426,PIMA,50842,18.690299000300001,3614.589130639999894,814149.424454999971204,0
983,984,50843,396,PIMA,50843,48.641117334699999,6189.407589270000244,2118807.071099999826401,0
984,985,50844,398,PIMA,50844,8.858768252330000,2747.603529749999780,385887.945071000023745,0
985,986,50845,722,PIMA,50845,617.657311381999989,20677.272442500001489,26905152.483800001442432,0
986,987,50846,734,PIMA,50846,161.949922157000003,10648.800893999999971,7054538.609160000458360,0
987,988,50847,721,PIMA,50847,17.343251120400001,3583.100299029999860,755472.018803999992087,0
988,989,50848,325,PIMA,50848,18.189633529100000,3719.821941499999866,792340.436529000056908,0
989,990,50849,1039,PIMA,50849,13.499690838899999,3069.951297659999909,588046.532942999969237,0
990,991,50850,702,PIMA,50850,62.878399678500003,8359.127564279999206,2738983.089999999850988,0
991,992,50851,702,PIMA,50851,103.271172808000003,8605.097752960000435,4498492.287530000321567,0
992,993,50852,327,PIMA,50852,9.895246969130000,2627.420914799999991,431036.957975000026636,1
993,994,50853,708,PIMA,50853,11.544604372800000,2873.556683870000143,502882.966476999979932,0
994,995,50854,708,PIMA,50854,8.280228874380001,2516.541653010000118,360686.769767999998294,0
995,996,50855,708,PIMA,50855,23.313778568000000,5358.662624229999892,1015548.194419999956153,0
996,997,50856,576,PIMA,50856,21.601747010899999,4060.182059759999902,940972.099793000030331,1
997,998,50857,576,PIMA,50857,20.672025626200000,3962.290169710000100,900473.436274999985471,1
998,999,50858,1064,PIMA,50858,8.151549791030000,2393.227589709999847,355081.508896999992430,0
999,1000,50859,682,PIMA,50859,34.738665858399997,5576.243207339999572,1513216.284789999946952,0
1000,1001,50860,1094,PIMA,50860,1185.507529420000083,34516.856494599996950,51640707.981299996376038,0
1001,1002,50861,899,PIMA,50861,20432.547479400000157,151826.230706000002101,890041768.200999975204468,0
1002,1003,50862,135,PIMA,50862,38.412710173000001,5115.288860710000336,1673257.655139999929816,0
1003,1004,50863,402,PIMA,50863,684.414049756000054,21850.583205200000521,29813076.007399998605251,1
1004,1005,50864,407,PIMA,50864,570.402605244000029,19980.197910899998533,24846737.484400000423193,1
1005,1006,50865,497,PIMA,50865,6.449025392920000,2145.206691620000129,280919.546115999983158,1
1006,1007,50866,1041,PIMA,50866,49.767390736300001,10887.735607799999343,2167867.540469999890774,1
1007,1008,50867,736,PIMA,50867,42.704869353900001,5423.260880580000048,1860224.109050000086427,1
1008,1009,50868,763,PIMA,50868,36.011518239499999,5591.628961270000218,1568661.734510000096634,0
1009,1010,50869,761,PIMA,50869,15.174538574600000,3449.785671229999934,661002.900310999946669,0
1010,1011,50870,708,PIMA,50870,66.224388739399998,8717.172258459999284,2884734.373490000143647,0
1011,1012,50871,685,PIMA,50871,451.087356869000018,17275.546042699999816,19649365.265200000256300,0
1012,1013,50872,789,PIMA,50872,90.207487365399999,7904.359668959999908,3929438.149639999959618,0
1013,1014,50873,790,PIMA,50873,412.485144799000011,20121.821523899998283,17967852.907400000840425,0
1014,1015,50874,42,PIMA,50874,4.880255582570000,2017.273745579999968,212583.933176999998977,0
1015,1016,50875,203,PIMA,50875,21.702243950700002,3990.575469160000011,945349.746494999970309,0
1016,1017,50876,1058,PIMA,50876,15.450548284900000,3355.073400100000072,673025.883292000042275,0
1017,1018,50877,195,PIMA,50877,23.949941117600002,4453.524033489999965,1043259.435079999966547,1
1018,1019,50878,284,PIMA,50878,26.858487643400000,4381.927640089999841,1169955.721750000026077,0
1019,1020,50879,421,PIMA,50879,10.866424293200000,3205.601273979999860,473341.442210000008345,0
1020,1021,50880,605,PIMA,50880,19.167661835600001,3870.413023340000109,834943.349560000002384,1
1021,1022,50881,486,PIMA,50881,19.882701320599999,3938.422224399999777,866090.469525999971665,1
1022,1023,50882,486,PIMA,50882,11.675083202700000,2856.040950780000003,508566.624310999992304,1
1023,1024,50883,1064,PIMA,50883,12.761632945400001,3066.664504029999989,555896.731102999998257,0
1024,1025,50884,1064,PIMA,50884,13.727873987900001,3112.298309679999875,597986.190914000035264,0
1025,1026,50885,1049,PIMA,50885,35.969829733300003,5078.669154889999845,1566845.783180000027642,0
1026,1027,50887,27,PIMA,50887,27.421336830300000,5055.711349680000239,1194473.432329999981448,1
1027,1028,50888,967,PIMA,50888,99.847714980199996,10971.518415500000629,4349366.464540000073612,0
1028,1029,50889,980,PIMA,50889,79.013719365100002,7909.554848609999681,3441837.615540000144392,0
1029,1030,50890,1095,PIMA,50890,273.870041469999990,15458.596074700000827,11929779.006400000303984,0
1030,1031,50891,200,PIMA,50891,59.346723956200002,6543.062422580000202,2585143.295529999770224,0
1031,1032,50892,200,PIMA,50892,49.462120739699998,5909.795812860000296,2154569.979420000221580,0
1032,1033,50893,912,PIMA,50893,429.024677779000001,17953.652290599999105,18688314.964099999517202,0
1033,1034,50894,406,PIMA,50894,746.490972536999948,22870.849822500000300,32517146.763700000941753,1
1034,1035,50895,835,PIMA,50895,7834.320375999999669,75382.209361899993382,341262995.578999996185303,1
1035,1036,50896,257,PIMA,50896,149.839830373000012,10965.799004200000127,6527023.011029999703169,0
1036,1037,50897,763,PIMA,50897,30.366990035600001,5721.297539739999593,1322786.085949999978766,0
1037,1038,50898,763,PIMA,50898,35.587453102399998,5272.228119360000164,1550189.457140000071377,0
1038,1039,50899,763,PIMA,50899,36.333913446200000,5358.198293540000122,1582705.269709999905899,0
1039,1040,50900,763,PIMA,50900,17.924056198199999,4553.862863170000310,780771.887996000004932,0
1040,1041,50901,763,PIMA,50901,18.263869690899998,3729.711981529999775,795574.163733999943361,0
1041,1042,50902,761,PIMA,50902,17.115378831499999,4007.208216919999813,745545.901900999946520,0
1042,1043,50903,761,PIMA,50903,9.954840765240000,2608.550970969999980,433632.863734000013210,0
1043,1044,50904,761,PIMA,50904,21.822102676699998,4127.919095420000303,950570.792599000036716,0
1044,1045,50905,761,PIMA,50905,17.143777181200001,3420.613952180000069,746782.934015000006184,0
1045,1046,50906,761,PIMA,50906,12.914899176700001,3052.886533330000020,562573.008139000041410,0
1046,1047,50907,761,PIMA,50907,20.288964936100001,4186.161294069999713,883787.312615999951959,0
1047,1048,50908,761,PIMA,50908,16.501904195300000,3417.543410180000137,718822.946745999972336,0
1048,1049,50909,761,PIMA,50909,10.372094669399999,2899.881961959999899,451808.443801000015810,0
1049,1050,50910,761,PIMA,50910,10.594233876800001,3007.275217819999853,461484.827675000007730,0
1050,1051,50911,761,PIMA,50911,9.476161430539999,2567.527862399999776,412781.591913999989629,0
1051,1052,50912,767,PIMA,50912,9.249005487710001,3357.682224870000027,402886.679044999997132,0
1052,1053,50913,926,PIMA,50913,3728.968403490000128,57348.821059900001273,162433863.655999988317490,0
1053,1054,50914,155,PIMA,50914,350.457816707999996,18358.133923900000809,15265942.495799999684095,0
1054,1055,50915,927,PIMA,50915,4462.899339569999938,63327.166769700001169,194403895.231999993324280,0
1055,1056,50916,761,PIMA,50916,8.809996438160001,2771.867293299999801,383763.444845999998506,0
1056,1057,50917,776,PIMA,50917,104.019691089000005,10552.732514699999228,4531097.743820000439882,0
1057,1058,50918,773,PIMA,50918,8.040352015620000,2547.674160179999944,350237.733800999994855,0
1058,1059,50919,773,PIMA,50919,9.787235661620000,2936.036802290000196,426331.985419999982696,0
1059,1060,50920,773,PIMA,50920,9.160763133340000,2542.577017300000080,399042.842087999975774,0
1060,1061,50921,773,PIMA,50921,10.018222830499999,2680.149423349999779,436393.786495000007562,0
1061,1062,50922,773,PIMA,50922,19.595063652400000,4176.793144459999894,853560.972698000026867,0
1062,1063,50923,773,PIMA,50923,26.341914531699999,5300.489418250000199,1147453.797000000020489,0
1063,1064,50924,773,PIMA,50924,20.627739063000000,5057.269449110000096,898544.313583999988623,0
1064,1065,50925,773,PIMA,50925,23.899229190800000,4772.607145879999734,1041050.423549999948591,0
1065,1066,50926,773,PIMA,50926,22.675625181400001,4995.399193459999879,987750.232902999967337,0
1066,1067,50927,773,PIMA,50927,14.939035297000000,3587.875630519999959,650744.377539000008255,0
1067,1068,50928,767,PIMA,50928,11.665656636200000,3083.571527739999965,508156.003074000007473,0
1068,1069,50929,767,PIMA,50929,11.691159798799999,3954.060621609999998,509266.920833999989554,0
1069,1070,50930,767,PIMA,50930,5.725915146970000,2884.037189269999999,249420.863802000007126,0
1070,1071,50931,767,PIMA,50931,9.210833888850001,2539.899582170000031,401223.924199000000954,0
1071,1072,50932,767,PIMA,50932,14.081702112500000,4572.861985049999930,613398.944020999944769,0
1072,1073,50933,767,PIMA,50933,9.357415752900000,2559.852605160000167,407609.030196000006981,0
1073,1074,50934,767,PIMA,50934,4.266428954290000,1929.814266970000062,185845.645248999993782,0
1074,1075,50935,767,PIMA,50935,16.079848663800000,3375.364458139999897,700438.207794000045396,0
1075,1076,50936,767,PIMA,50936,8.347863505359999,3164.591241860000082,363632.934293000027537,0
1076,1077,50937,767,PIMA,50937,5.670787147210000,2472.612352589999773,247019.488131999998586,0
1077,1078,50938,767,PIMA,50938,26.937796989399999,4743.991002429999753,1173410.436860000016168,0
1078,1079,50939,767,PIMA,50939,12.572028051600000,3089.545432620000156,547637.541929999948479,0
1079,1080,50940,767,PIMA,50940,7.075594783330000,2322.956484970000020,308212.908761999977287,0
1080,1081,50941,767,PIMA,50941,5.674835754810000,2055.963826610000069,247195.845479000010528,0
1081,1082,50942,776,PIMA,50942,118.950823830000004,11380.632141699999920,5181497.886029999703169,0
1082,1083,50943,776,PIMA,50943,96.382068193099997,9551.786350540000058,4198402.890490000136197,0
1083,1084,50944,776,PIMA,50944,18.997564077400000,3582.729958290000013,827533.891212000045925,0
1084,1085,50945,776,PIMA,50945,9.243689634310000,3911.006655019999926,402655.120470999972895,0
1085,1086,50946,776,PIMA,50946,6.304412805540000,2364.019666929999858,274620.221809000009671,0
1086,1087,50947,776,PIMA,50947,18.795623595900000,3518.504228989999774,818737.363836999982595,0
1087,1088,50948,776,PIMA,50948,9.033677117990001,2550.716139069999826,393506.975259999977425,0
1088,1089,50949,776,PIMA,50949,12.086304255200000,3021.090110390000063,526479.413357999990694,0
1089,1090,50950,774,PIMA,50950,28.966389481600000,4580.431042309999611,1261775.925820000004023,0
1090,1091,50951,774,PIMA,50951,224.833835412000013,14600.138941100000011,9793761.870540000498295,0
1091,1092,50952,774,PIMA,50952,276.788500188000000,20854.080943600001774,12056907.068199999630451,0
1092,1093,50953,750,PIMA,50953,171.439107869999987,11105.800857800000813,7467887.538809999823570,0
1093,1094,50954,757,PIMA,50954,210.072411875999990,12697.087664399999994,9150754.261329999193549,0
1094,1095,50955,778,PIMA,50955,1553.684683960000029,39967.589444600002025,67678504.833499997854233,0
1095,1096,50956,170,PIMA,50956,19.782310747499999,4132.720890159999726,861717.456162999966182,0
1096,1097,50957,201,PIMA,50957,3.601819257020000,1728.757569719999992,156895.246836000005715,0
1097,1098,50958,394,PIMA,50958,19.440655606200000,3829.750120279999919,846834.958207000046968,1
1098,1099,50959,1000,PIMA,50959,108.560438442999995,9305.273321709999436,4728892.698560000397265,0
1099,1100,50960,470,PIMA,50960,23.644218284699999,4200.473935109999729,1029942.148479999974370,1
1100,1101,50961,253,PIMA,50961,8.522845884540001,3188.820736380000199,371255.166729999997187,1
1101,1102,50962,68,PIMA,50962,10.699399154100000,3782.160537910000130,466065.827151999983471,1
1102,1103,50963,253,PIMA,50963,9.814006100129999,3364.554068540000117,427498.105722000007518,1
1103,1104,50964,537,PIMA,50964,15.878014632899999,3322.444143459999850,691646.317408000002615,1
1104,1105,50965,1099,PIMA,50965,321.395815485000014,15952.838867200000095,14000001.722500000149012,0
1105,1106,50966,607,PIMA,50966,40.570810204499999,6556.608382100000199,1767264.492510000010952,1
1106,1107,50967,1011,PIMA,50967,55.851130470100003,7282.478129989999616,2432875.243280000053346,1
1107,1108,50968,705,PIMA,50968,171.809139111999997,10796.765608399999110,7484006.099729999899864,0
1108,1109,50969,350,PIMA,50969,62.786062462300002,8208.980751929999315,2734960.880859999917448,1
1109,1110,50970,381,PIMA,50970,10.979501858900001,3507.868128959999922,478267.100972999993246,0
1110,1111,50971,964,PIMA,50971,146.632692383999995,11052.760771900000691,6387320.080249999649823,0
1111,1112,50972,344,PIMA,50972,14.687469035099999,3248.088127859999986,639786.151166999945417,1
1112,1113,50973,704,PIMA,50973,159.055044646999988,10527.620748900000763,6928437.744819999672472,0
1113,1114,50974,1085,PIMA,50974,117.231909557999998,10852.968145799999547,5106621.980360000394285,0
1114,1115,50975,1078,PIMA,50975,15.958596795500000,3324.684901380000156,695156.476412000018172,0
1115,1116,50976,519,PIMA,50976,25.420832231599999,4276.904681039999559,1107331.452009999891743,1
1116,1117,50977,488,PIMA,50977,55.260282068400002,6511.706843930000105,2407137.886899999808520,1
1117,1118,50978,465,PIMA,50978,21.577685326600001,4162.419137949999822,939923.972824999946170,1
1118,1119,50979,253,PIMA,50979,8.197923802700000,3109.901804080000147,357101.560845000029076,1
1119,1120,50980,429,PIMA,50980,73.168102789900004,7753.531793010000001,3187202.557529999874532,0
1120,1121,50981,471,PIMA,50981,15.207430901900000,3675.647010369999862,662435.690085000009276,1
1121,1122,50982,465,PIMA,50982,15.627198127600000,3727.295657780000056,680720.750438999966718,1
1122,1123,50983,285,PIMA,50983,15.764199014500001,3673.063873359999889,686688.509071000036784,0
1123,1124,50984,55,PIMA,50984,12.981109822100001,3664.767169199999898,565457.143852000008337,1
1124,1125,50985,54,PIMA,50985,12.000086718000000,3002.143644279999990,522723.777438000019174,1
1125,1126,50986,54,PIMA,50986,4.413991863640000,1761.605761360000088,192273.485580000007758,1
1126,1127,50987,345,PIMA,50987,9.906685081650000,2617.598021339999832,431535.202157000021543,1
1127,1128,50988,391,PIMA,50988,10.272009493400001,2703.098586449999857,447448.733531999983825,1
1128,1129,50989,415,PIMA,50989,19.551607569700000,3913.812845809999999,851668.025736000039615,0
1129,1130,50990,599,PIMA,50990,10.798719384600000,2716.561221859999932,470392.216391000023577,1
1130,1131,50991,1012,PIMA,50991,134.711783929000006,9825.460606849999749,5868045.307930000126362,1
1131,1132,50992,947,PIMA,50992,78.291235926400006,7606.433713520000310,3410366.236949999816716,1
1132,1133,50993,358,PIMA,50993,9.014572590509999,2451.560038789999908,392674.782042999984697,0
1133,1134,50994,157,PIMA,50994,112.018063689000002,10267.863070100000186,4879506.854290000163019,0
1134,1135,50995,417,PIMA,50995,165.255043433999987,10778.620081799999753,7198509.691979999653995,1
1135,1136,50996,490,PIMA,50996,95.569798853899997,8407.397484619999886,4163020.438080000225455,1
1136,1137,50997,549,PIMA,50997,21.716752374399999,4177.155798040000263,945981.733429000014439,1
1137,1138,50998,549,PIMA,50998,21.481300205600000,4135.758434020000095,935725.436955000041053,1
1138,1139,50999,548,PIMA,50999,20.018488102599999,3961.367640049999864,872005.341748000006191,1
1139,1140,51000,700,PIMA,51000,86.807871082099993,8332.285499100000379,3781350.864339999854565,0
1140,1141,51001,709,PIMA,51001,35.818738219600000,5373.421490800000356,1560264.236839999910444,0
1141,1142,51002,709,PIMA,51002,22.674180459900001,3906.543316100000084,987687.300831999978982,0
1142,1143,51003,709,PIMA,51003,18.244142480699999,3608.263097240000207,794714.846459000022151,0
1143,1144,51004,690,PIMA,51004,15.741696861799999,3426.870233910000024,685708.315300000016578,0
1144,1145,51005,142,PIMA,51005,20.080017178100000,3975.888035580000178,874685.548278999980539,0
1145,1146,51006,203,PIMA,51006,12.640087339500001,2969.065788179999799,550602.204508999944665,0
1146,1147,51007,122,PIMA,51007,300.204361248999987,16280.248447500000111,13076901.975999999791384,0
1147,1148,51008,737,PIMA,51008,15.322722786100000,3422.527878819999842,667457.804563999990933,0
1148,1149,51009,744,PIMA,51009,484.328517839000028,19802.856910300000891,21097350.237100001424551,0
1149,1150,51010,245,PIMA,51010,35.346605524200001,5010.241958560000057,1539698.136639999924228,0
1150,1151,51011,1076,PIMA,51011,30.361655459300000,4944.051009660000091,1322553.711810000007972,0
1151,1152,51012,988,PIMA,51012,124.323731885000001,11824.204107999999906,5415541.760909999720752,0
1152,1153,51013,111,PIMA,51013,34.857430214600001,5592.749988409999787,1518389.660149999894202,0
1153,1154,51014,924,PIMA,51014,11001.950762500000565,88011.215811999994912,479244975.212999999523163,0
1154,1155,51015,163,PIMA,51015,16.269901244600000,3399.079505289999815,708716.898215999943204,0
1155,1156,51016,163,PIMA,51016,22.403187224800000,4234.813325430000077,975882.835513000027277,0
1156,1157,51017,163,PIMA,51017,45.397229264499998,6403.921932190000007,1977503.306760000064969,0
1157,1158,51018,832,PIMA,51018,159.971204523000011,13063.722408300000097,6968345.669030000455678,0
1158,1159,51019,1031,PIMA,51019,79.526070448200002,7905.727437739999914,3464155.628719999920577,0
1159,1160,51020,1031,PIMA,51020,85.977852634900003,8242.705471249999391,3745195.260780000127852,0
1160,1161,51021,392,PIMA,51021,14.383068747199999,4414.096274360000280,626526.474629999953322,1
1161,1162,51022,391,PIMA,51022,10.336067110800000,2710.454855439999847,450239.083345999999437,1
1162,1163,51023,1008,PIMA,51023,21.109737650400000,4035.314505389999795,919540.172052999958396,1
1163,1164,51024,580,PIMA,51024,49.464625425300000,6597.949280630000430,2154679.083519999869168,1
1164,1165,51025,955,PIMA,51025,59.955549263899997,6670.348739670000214,2611663.725930000189692,0
1165,1166,51026,1079,PIMA,51026,38.928920721200001,6472.961421560000417,1695743.786619999911636,0
1166,1167,51027,671,PIMA,51027,669.981430586999977,22613.252264499999001,29184391.116399999707937,0
1167,1168,51028,263,PIMA,51028,15.002070657200001,3675.664038890000029,653490.197827999945730,0
1168,1169,51029,393,PIMA,51029,7.573566949450000,2551.640800539999873,329904.576317999977618,0
1169,1170,51030,226,PIMA,51030,41.233832176500002,6239.171865229999639,1796145.729610000038520,0
1170,1171,51031,745,PIMA,51031,176.499307214999988,11095.299768999999287,7688309.822270000353456,0
1171,1172,51032,613,PIMA,51032,17.810226042400000,4037.136104889999842,775813.446406999952160,1
1172,1173,51033,777,PIMA,51033,401.319352460000005,18639.102061800000229,17481470.993200000375509,0
1173,1174,51034,374,PIMA,51034,10.355768101300001,2703.599583359999997,451097.258494000008795,1
1174,1175,51035,842,PIMA,51035,207.440440330999991,12086.272677200000544,9036105.580809999257326,0
1175,1176,51036,1100,PIMA,51036,160.113648828000009,10564.195233700000244,6974550.542940000072122,0
1176,1177,51037,892,PIMA,51037,1892.599817829999893,42189.996081600002071,82441648.064799994230270,0
1177,1178,51038,261,PIMA,51038,78.578255738300001,9546.084628169999633,3422868.819959999993443,0
1178,1179,51039,261,PIMA,51039,28.368986538800002,5335.281785700000000,1235753.053629999980330,0
1179,1180,51040,261,PIMA,51040,49.883801050300001,6432.236945390000074,2172938.373749999795109,0
1180,1181,51041,261,PIMA,51041,17.034520035900002,4069.662391349999780,742023.692765000043437,0
1181,1182,51042,601,PIMA,51042,42.949243616700002,5752.962673570000334,1870869.051939999917522,1
1182,1183,51043,601,PIMA,51043,29.825552879400000,5519.720836419999614,1299201.083430000115186,1
1183,1184,51044,601,PIMA,51044,33.675707007000000,5470.232311159999881,1466913.797229999909177,1
1184,1185,51045,276,PIMA,51045,25.607035130200000,5059.686067990000083,1115442.450269999913871,1
1185,1186,51046,518,PIMA,51046,9.362616595070000,2557.518551340000158,407835.578880999993999,1
1186,1187,51047,501,PIMA,51047,9.981838097000001,2641.322884409999915,434808.867504999972880,1
1187,1188,51048,501,PIMA,51048,10.091068215400000,2654.127681980000034,439566.931463000015356,1
1188,1189,51049,484,PIMA,51049,8.029609144349999,2394.460172569999941,349769.774328000028618,1
1189,1190,51050,482,PIMA,51050,15.138913090499999,3669.534230310000112,659451.054221999947913,0
1190,1191,51051,45,PIMA,51051,5.513331391500000,1973.827028859999928,240160.715414000005694,0
1191,1192,51052,45,PIMA,51052,3.983398146450000,1669.836488870000039,173516.823258999997051,0
1192,1193,51053,685,PIMA,51053,67.763811190400006,7250.810879609999574,2951791.615449999924749,0
1193,1194,51054,339,PIMA,51054,19.073768303200001,4000.911789490000046,830853.347289000055753,1
1194,1195,51055,170,PIMA,51055,19.555792931300001,3944.967979160000141,851850.340088999946602,0
1195,1196,51056,57,PIMA,51056,29.196436390599999,4587.383860719999575,1271796.769169999985024,0
1196,1197,51057,203,PIMA,51057,55.205063090700001,8001.531737870000143,2404732.548229999840260,0
1197,1198,51058,737,PIMA,51058,14.894070410499999,3463.171710600000097,648785.707083999994211,0
1198,1199,51059,737,PIMA,51059,26.109797973999999,4532.745647259999714,1137342.799750000005588,0
1199,1200,51060,736,PIMA,51060,34.586629849600001,5383.797253880000426,1506593.596249999944121,1
1200,1201,51061,736,PIMA,51061,20.733978293600000,4363.015455730000212,903172.094471000018530,1
1201,1202,51062,351,PIMA,51062,1300.336140710000109,36628.620774900002289,56642642.289399996399879,0
1202,1203,51063,498,PIMA,51063,49.245725364800002,5890.087988649999716,2145143.796889999881387,1
1203,1204,51064,1003,PIMA,51064,16.007162070900002,3363.230467190000127,697271.979808000032790,1
1204,1205,51065,587,PIMA,51065,19.015255414799999,3906.003636420000021,828304.525866999989375,1
1205,1206,51066,1052,PIMA,51066,76.472963879500000,7480.481111629999759,3331162.306590000167489,0
1206,1207,51067,1052,PIMA,51067,72.146018665100001,8144.636207980000108,3142680.573049999773502,0
1207,1208,51068,704,PIMA,51068,143.822120006000006,11630.712389800000892,6264891.547480000182986,0
1208,1209,51069,689,PIMA,51069,103.150914791999995,9670.241203280000263,4493253.848319999873638,0
1209,1210,51070,708,PIMA,51070,40.052606382500002,6051.111751780000304,1744691.534019999904558,0
1210,1211,51071,130,PIMA,51071,13.103623609800000,3716.924474240000109,570793.844442000030540,0
1211,1212,51072,1076,PIMA,51072,35.830350560500001,5150.200128210000003,1560770.070420000003651,0
1212,1213,51073,500,PIMA,51073,5.830980779000000,2094.623470420000103,253997.522732999990694,1
1213,1214,51074,339,PIMA,51074,13.172295828099999,3205.589039009999851,573785.206272999988869,1
1214,1215,51075,756,PIMA,51075,487.139788565000003,20206.700263999999152,21219809.189899999648333,0
1215,1216,51076,122,PIMA,51076,370.013075782999977,17494.819705099998828,16117769.581100000068545,0
1216,1217,51077,788,PIMA,51077,107.689647282999999,8917.609031289999621,4690961.035659999586642,0
1217,1218,51078,630,PIMA,51078,134.488859498000011,9962.921848489999320,5858334.719739999622107,0
1218,1219,51079,634,PIMA,51079,60.252117177300001,6615.566380639999807,2624582.224239999894053,0
1219,1220,51080,1059,PIMA,51080,68.569533854499994,7138.825726119999672,2986888.894700000062585,0
1220,1221,51081,1036,PIMA,51081,43.295309927700004,5793.435488590000205,1885943.700449999887496,0
1221,1222,51082,1076,PIMA,51082,62.410418120899998,7530.710599809999621,2718597.813349999953061,0
1222,1223,51083,1082,PIMA,51083,331.315465082999992,17776.259026700001414,14432101.658999999985099,0
1223,1224,51084,1082,PIMA,51084,186.804792644999992,13538.042992400000003,8137216.767629999667406,0
1224,1225,51085,895,PIMA,51085,65.546727975500005,9086.035216259999288,2855215.470610000193119,1
1225,1226,51086,437,PIMA,51086,12.966649809700000,2936.780973389999872,564827.265709999948740,1
1226,1227,51087,437,PIMA,51087,21.409240478099999,6029.835118510000029,932586.515225999988616,1
1227,1228,51088,393,PIMA,51088,11.142547078400000,3336.437560849999954,485369.350734999985434,0
1228,1229,51089,352,PIMA,51089,8.774693279570000,2675.786021240000082,382225.639258000010159,1
1229,1230,51090,202,PIMA,51090,218.677487571999990,14103.212698900000760,9525591.358629999682307,0
1230,1231,51091,73,PIMA,51091,237.208729946000005,13252.016602399999101,10332812.276499999687076,0
1231,1232,51092,947,PIMA,51092,55.748160052000003,6286.192963039999995,2428389.851859999820590,1
1232,1233,51093,782,PIMA,51093,1044.519953709999982,31398.169981300001382,45499289.183799996972084,0
1233,1234,51094,285,PIMA,51094,16.377279904700000,3724.840194700000211,713394.312649999978021,0
1234,1235,51095,539,PIMA,51095,45.283409093899998,5875.199139899999864,1972545.300130000105128,0
1235,1236,51096,484,PIMA,51096,12.917046472299999,3003.279143279999971,562666.544333999976516,1
1236,1237,51097,421,PIMA,51097,15.268355972500000,3309.907652230000167,665089.586161999963224,0
1237,1238,51098,612,PIMA,51098,652.539180140999974,21993.368551499999739,28424606.686999998986721,0
1238,1239,51099,601,PIMA,51099,40.486809623600003,5312.973201800000425,1763605.427200000034645,1
1239,1240,51100,559,PIMA,51100,28.892902268200000,4631.661813900000197,1258574.822799999965355,1
1240,1241,51101,532,PIMA,51101,17.452635399500000,3739.741825019999851,760236.798003999982029,1
1241,1242,51102,530,PIMA,51102,24.221041869400000,4582.507136279999941,1055068.583829999901354,1
1242,1243,51103,567,PIMA,51103,42.919650677500002,6620.933284269999604,1869579.983509999932721,1
1243,1244,51104,1052,PIMA,51104,51.381716946099999,6965.184792740000375,2238187.590170000214130,0
1244,1245,51105,403,PIMA,51105,11.882354315400001,2879.441657310000210,517595.353979000006802,1
1245,1246,51106,463,PIMA,51106,14.305448505599999,3365.125177769999937,623145.336904000025243,0
1246,1247,51107,463,PIMA,51107,28.072666157899999,4436.192677250000088,1222845.337839999934658,0
1247,1248,51108,632,PIMA,51108,10.529606642099999,2820.127703999999994,458669.665329999988899,1
1248,1249,51109,632,PIMA,51109,35.007150725899997,5971.013476819999596,1524911.485619999933988,1
1249,1250,51110,578,PIMA,51110,18.912785335700001,3913.744483349999882,823840.929223999963142,0
1250,1251,51111,1083,PIMA,51111,12.501389027200000,3224.956513690000065,544560.506027000024915,0
1251,1252,51112,1083,PIMA,51112,291.071109316999980,18203.025730400000612,12679057.521800000220537,0
1252,1253,51113,1083,PIMA,51113,20.122271825500000,3882.627270699999826,876526.160719000035897,0
1253,1254,51114,326,PIMA,51114,112.145699819000001,11014.050008700000035,4885066.684129999950528,0
1254,1255,51115,970,PIMA,51115,21.517291945800000,4370.654959909999889,937293.237161000026390,0
1255,1256,51116,200,PIMA,51116,155.750344310000003,12013.763024199999563,6784484.998150000348687,0
1256,1257,51117,111,PIMA,51117,83.007963210499994,8212.738496399999349,3615826.877450000029057,0
1257,1258,51118,98,PIMA,51118,67.563920121500004,7948.133476639999571,2943084.360489999875426,0
1258,1259,51119,582,PIMA,51119,28.042654215900001,4810.997369890000300,1221538.017639999976382,1
1259,1260,51120,525,PIMA,51120,11.570051032500000,3510.293815590000122,503991.422977000009269,1
1260,1261,51121,454,PIMA,51121,26.859605654500001,4650.291576450000321,1170004.422310000052676,1
1261,1262,51122,634,PIMA,51122,26.772240523899999,5062.026087629999893,1166198.797220000065863,0
1262,1263,51123,634,PIMA,51123,7.123033610030000,2278.898944240000219,310279.344052999978885,0
1263,1264,51124,1044,PIMA,51124,88.720776094200005,8409.643543070000305,3864677.006659999955446,0
1264,1265,51125,485,PIMA,51125,10.113884491900000,2865.176059769999938,440560.808465000009164,0
1265,1266,51126,146,PIMA,51126,26.900862127900002,4327.719121780000023,1171801.554289999883622,0
1266,1267,51127,146,PIMA,51127,3.311458328040000,1886.102768369999922,144247.124769999994896,0
1267,1268,51128,69,PIMA,51128,41.882866098000001,5705.884414760000254,1824417.647230000002310,0
1268,1269,51129,610,PIMA,51129,200.888694786000002,12619.090948600000047,8750711.544900000095367,1
1269,1270,51130,517,PIMA,51130,4.752558200630000,1953.558703639999976,207021.435219000006327,1
1270,1271,51131,747,PIMA,51131,26.285727215900000,5329.762588749999850,1145006.277520000003278,0
1271,1272,51132,404,PIMA,51132,10.043800035100000,2645.981865270000071,437507.929529000015464,1
1272,1273,51133,989,PIMA,51133,3311.541135940000004,50066.980758999998216,144250731.881999999284744,0
1273,1274,51134,97,PIMA,51134,591.565410166999982,20272.483767800000351,25768589.266899999231100,0
1274,1275,51135,959,PIMA,51135,696.530530784999996,22117.892404999998689,30340869.921000000089407,1
1275,1276,51136,655,PIMA,51136,42.255907023200002,6037.209104509999634,1840667.309929999988526,0
1276,1277,51137,46,PIMA,51137,4.008649994950000,1712.137523339999916,174616.793780000007246,0
1277,1278,51138,471,PIMA,51138,13.231160845100000,3615.328078649999952,576349.366414000047371,1
1278,1279,51139,383,PIMA,51139,31.978747635000001,4757.770252680000340,1392994.246980000054464,1
1279,1280,51140,57,PIMA,51140,5.669402851540000,2074.790721329999997,246959.188212999986717,0
1280,1281,51141,377,PIMA,51141,10.020978343499999,2642.918490739999925,436513.816640999983065,0
1281,1282,51142,537,PIMA,51142,10.513320778400001,2707.142973229999825,457960.253105000010692,1
1282,1283,51143,464,PIMA,51143,6.180096958250000,2106.509019730000091,269205.023502000025474,0
1283,1284,51144,442,PIMA,51144,10.149179473400000,2683.571459620000041,442098.257861000020057,0
1284,1285,51145,442,PIMA,51145,10.094758119300000,2648.784612850000030,439727.663677999982610,0
1285,1286,51146,1,PIMA,51146,5.100590005570000,2036.465953769999942,222181.700642999989213,0
1286,1287,51147,7,PIMA,51147,3.104841701340000,1544.218326500000103,135246.904511000000639,0
1287,1288,51148,9,PIMA,51148,2.931306019910000,1433.531726519999893,127687.690226999999140,0
1288,1289,51149,731,PIMA,51149,19.775121948999999,3749.081923149999966,861404.312095999950543,0
1289,1290,51150,215,PIMA,51150,15.546870389100000,3439.685286980000001,677221.674150999984704,0
1290,1291,51151,196,PIMA,51151,12.022201892300000,3863.661850880000202,523687.114428000000771,0
1291,1292,51152,601,PIMA,51152,9.137146627180000,2947.777155929999935,398014.107079999987036,1
1292,1293,51153,548,PIMA,51153,40.962625123400002,5358.534303389999877,1784331.950369999976829,1
1293,1294,51154,1035,PIMA,51154,62.443360548199998,7843.270294820000345,2720032.785480000078678,0
1294,1295,51155,692,PIMA,51155,26.817345495300000,5072.243816709999919,1168163.569769999943674,0
1295,1296,51156,771,PIMA,51156,46.209587352800000,5817.335500950000096,2012889.625089999986812,0
1296,1297,51157,976,PIMA,51157,105.042929056000006,11082.039809199999581,4575669.989699999801815,0
1297,1298,51158,976,PIMA,51158,110.006593034000005,10052.402023700000427,4791887.192560000345111,0
1298,1299,51159,771,PIMA,51159,36.855342215699999,5075.239115530000163,1605418.706920000026003,0
1299,1300,51160,319,PIMA,51160,14.413975834700000,3298.337492229999953,627872.787359999958426,1
1300,1301,51161,44,PIMA,51161,13.659213768200001,3092.721317470000031,594995.351741999969818,0
1301,1302,51162,1066,PIMA,51162,652.747844161999978,24528.799741099999665,28433696.091699998825788,0
1302,1303,51163,1035,PIMA,51163,16.590843536700000,3394.995632789999945,722697.144459999981336,0
1303,1304,51164,620,PIMA,51164,15.574720090900000,3747.467750480000177,678434.807157999952324,0
1304,1305,51165,1071,PIMA,51165,36.786126821200000,5041.154555000000073,1602403.684330000076443,0
1305,1306,51166,964,PIMA,51166,134.213904646999993,11210.249772499999381,5846357.686440000310540,0
1306,1307,51167,757,PIMA,51167,172.078192913000009,13402.782303399999364,7495726.083290000446141,0
1307,1308,51168,830,PIMA,51168,61181.730885299999500,228880.402659000013955,2665076197.360000133514404,0
1308,1309,51169,1019,PIMA,51169,616.561569899999995,24863.681642499999725,26857421.984900001436472,0
1309,1310,51170,140,PIMA,51170,65.240880991400005,8654.664307610000833,2841892.775989999994636,0
1310,1311,51171,14,PIMA,51171,8.260830797220001,2804.956867660000171,359841.789526999986265,0
1311,1312,51172,393,PIMA,51172,11.189939630600000,3199.755124410000008,487433.770309999992605,0
1312,1313,51173,392,PIMA,51173,9.872431924640001,2619.025613259999773,430043.134636999981012,1
1313,1314,51174,384,PIMA,51174,9.698410875610000,3248.079353050000009,422462.777740999998059,1
1314,1315,51175,534,PIMA,51175,9.935713423299999,2613.875668430000133,432799.676718999980949,1
1315,1316,51176,502,PIMA,51176,10.013332914999999,2624.494691200000034,436180.781779000011738,1
1316,1317,51177,501,PIMA,51177,9.963674129119999,2635.206393110000135,434017.645063999982085,1
1317,1318,51178,338,PIMA,51178,8.954997119430001,3248.065903029999845,390079.674522000015713,1
1318,1319,51179,390,PIMA,51179,14.258605355500000,3722.758384579999984,621104.849286000011489,1
1319,1320,51180,1088,PIMA,51180,156.299260256999986,10430.347547299999860,6808395.776809999719262,1
1320,1321,51181,608,PIMA,51181,122.955403985999993,10888.060869599999933,5355937.397610000334680,1
1321,1322,51182,1007,PIMA,51182,533.580605859999991,21627.103383800000302,23242771.191300000995398,0
1322,1323,51183,1038,PIMA,51183,15.919359440699999,3782.247752990000208,693447.297235999954864,0
1323,1324,51184,1045,PIMA,51184,14.054821137799999,3551.742887559999872,612228.008764000027440,0
1324,1325,51185,1046,PIMA,51185,19.319711035600001,3873.864091880000160,841566.612711000023410,0
1325,1326,51186,319,PIMA,51186,21.320817229399999,4224.446360670000104,928734.798511000000872,1
1326,1327,51187,408,PIMA,51187,12.092812040200000,3413.741473099999894,526762.892468999954872,1
1327,1328,51188,340,PIMA,51188,23.153594404800000,4199.883108619999803,1008570.572270000004210,1
1328,1329,51189,302,PIMA,51189,3.451040318460000,1556.969614769999907,150327.316271999996388,1
1329,1330,51190,310,PIMA,51190,16.071043010000000,3406.883511210000052,700054.633513999986462,0
1330,1331,51191,289,PIMA,51191,8.979025154730000,2502.767827180000040,391126.335740000009537,1
1331,1332,51192,284,PIMA,51192,31.195716989299999,5497.106852570000228,1358885.432049999944866,0
1332,1333,51193,459,PIMA,51193,10.640417540200000,2724.427910280000106,463496.588050000020303,0
1333,1334,51194,940,PIMA,51194,24.235767359200000,4342.857488939999712,1055710.026169999968261,0
1334,1335,51195,940,PIMA,51195,52.567131920199998,6812.463960379999662,2289824.266439999919385,0
1335,1336,51196,941,PIMA,51196,22.316184393699999,4129.952577600000041,972092.992189000011422,0
1336,1337,51197,941,PIMA,51197,54.909214343800002,8136.967160729999705,2391845.376819999888539,0
1337,1338,51198,941,PIMA,51198,93.548703734699998,9600.415009079999436,4074981.534680000040680,0
1338,1339,51199,941,PIMA,51199,14.720092166500001,3561.817950820000078,641207.214771999977529,0
1339,1340,51200,941,PIMA,51200,16.242237416999998,3634.316399020000063,707511.861884000012651,0
1340,1341,51201,941,PIMA,51201,192.721335325000013,14392.915341199999602,8394941.366750000044703,0
1341,1342,51202,943,PIMA,51202,2020.388743559999966,40111.462181399998371,88008133.669599995017052,0
1342,1343,51203,943,PIMA,51203,730.617511770999954,27719.281509100001131,31825698.812800001353025,0
1343,1344,51204,944,PIMA,51204,22.567608439800001,4460.870675760000267,983045.023635999998078,1
1344,1345,51205,944,PIMA,51205,91.989741789899995,8204.479447339999751,4007073.152369999792427,1
1345,1346,51206,944,PIMA,51206,112.991088873999999,9095.915279580000060,4921891.831360000185668,1
1346,1347,51207,944,PIMA,51207,48.968044920799997,7020.689192310000180,2133048.036749999970198,1
1347,1348,51208,648,PIMA,51208,105.144924477999993,9160.619910960000198,4580112.910260000266135,0
1348,1349,51209,937,PIMA,51209,4.609262312580000,1787.391287500000089,200779.466336000012234,0
1349,1350,51210,937,PIMA,51210,34.005255836600000,7082.323715829999855,1481268.944240000098944,0
1350,1351,51211,937,PIMA,51211,21.780635978300001,4338.562631970000439,948764.503213000018150,0
1351,1352,51212,937,PIMA,51212,47.502208156700000,7062.250257910000073,2069196.187300000106916,0
1352,1353,51213,937,PIMA,51213,19.273219727499999,3914.444984929999919,839541.451328000053763,0
1353,1354,51214,644,PIMA,51214,17.980284187700001,3848.817389119999916,783221.179215000011027,0
1354,1355,51215,644,PIMA,51215,41.357005530700000,5355.249825580000106,1801511.160919999936596,0
1355,1356,51216,752,PIMA,51216,102.949289492000005,9275.833350860000792,4484471.050250000320375,0
1356,1357,51217,738,PIMA,51217,350.562831625000001,17737.304906900000788,15270516.945599999278784,0
1357,1358,51218,743,PIMA,51218,78.492344060899995,7854.731767979999859,3419126.507290000095963,0
1358,1359,51219,699,PIMA,51219,81.627040078099995,8023.882273580000401,3555673.865799999795854,1
1359,1360,51220,699,PIMA,51220,52.507404555900003,7039.019282749999547,2287222.542460000142455,1
1360,1361,51221,707,PIMA,51221,25.070045982600000,4266.274920709999606,1092051.202999999979511,0
1361,1362,51222,683,PIMA,51222,26.587745354799999,4355.768339580000429,1158162.187649999978021,0
1362,1363,51223,579,PIMA,51223,35.713094564700000,6223.788346549999915,1555662.399239999940619,1
1363,1364,51224,617,PIMA,51224,28.541595986000001,5041.428074249999554,1243271.921150000067428,0
1364,1365,51225,611,PIMA,51225,11.415218051400000,3336.977448329999788,497246.898317000013776,1
1365,1366,51226,634,PIMA,51226,16.873798443100000,4792.232304709999880,735022.660182000021450,0
1366,1367,51227,634,PIMA,51227,10.282168181399999,2712.566361069999857,447891.245981000014581,0
1367,1368,51228,634,PIMA,51228,84.381325044199997,8292.449078019999433,3675650.518929999787360,0
1368,1369,51229,287,PIMA,51229,6.335507712120000,2154.817020729999967,275974.715940000023693,1
1369,1370,51230,287,PIMA,51230,4.410686865090000,1819.157863890000044,192129.519842999987304,0
1370,1371,51231,287,PIMA,51231,11.906217099799999,2876.463670640000146,518634.816867000015918,0
1371,1372,51232,287,PIMA,51232,7.054989389020000,2252.801771540000118,307315.337785999989137,0
1372,1373,51233,287,PIMA,51233,5.502901429910000,2036.944179719999966,239706.386287000001175,0
1373,1374,51234,287,PIMA,51234,5.070339407710000,2104.298946649999834,220863.984599999996135,0
1374,1375,51235,287,PIMA,51235,22.133414890899999,4495.484989210000094,964131.552647999953479,0
1375,1376,51236,304,PIMA,51236,3.944052007910000,1849.023797430000059,171802.905464000010397,1
1376,1377,51237,304,PIMA,51237,6.995738840300000,2189.559837700000116,304734.383883000002243,1
1377,1378,51238,304,PIMA,51238,13.460896668400000,3529.905287059999864,586356.658873999956995,1
1378,1379,51239,319,PIMA,51239,9.190170123460000,2874.567581450000034,400323.810577999975067,1
1379,1380,51240,319,PIMA,51240,7.300724370700000,2264.562854589999915,318019.553588000009768,1
1380,1381,51241,319,PIMA,51241,8.206622226300000,2383.087057119999827,357480.464177999994718,1
1381,1382,51242,319,PIMA,51242,6.583557378740000,2205.128937120000046,286779.759418000001460,1
1382,1383,51243,319,PIMA,51243,15.435296294300000,3650.170421050000186,672361.506579000037163,1
1383,1384,51244,319,PIMA,51244,7.919428899540000,2390.456588399999873,344970.322863999987021,1
1384,1385,51245,318,PIMA,51245,13.110704865200001,3054.535509949999778,571102.303927000029944,1
1385,1386,51246,318,PIMA,51246,8.597829988410000,2523.654001599999901,374521.474295000021812,1
1386,1387,51247,318,PIMA,51247,10.232677379800000,2747.900566239999989,445735.426665999984834,1
1387,1388,51248,318,PIMA,51248,11.451015428800000,2808.984983939999893,498806.232077999971807,1
1388,1389,51249,318,PIMA,51249,7.530966553960000,2756.103022870000132,328048.903090999985579,1
1389,1390,51250,318,PIMA,51250,6.490103255530000,2499.189713209999809,282708.897811000002548,1
1390,1391,51251,305,PIMA,51251,11.688776531400000,2859.191709619999983,509163.105709000024945,0
1391,1392,51252,305,PIMA,51252,6.560282339560000,2132.233283170000050,285765.898710999987088,0
1392,1393,51253,305,PIMA,51253,3.739808781310000,1722.607137449999982,162906.070513999991817,0
1393,1394,51254,305,PIMA,51254,14.070251297400000,3573.812804749999941,612900.146513000014238,0
1394,1395,51255,305,PIMA,51255,24.611967382300001,4512.714827230000083,1072097.299170000012964,0
1395,1396,51256,305,PIMA,51256,13.337288082400001,3444.216823090000162,580972.268871000036597,0
1396,1397,51257,305,PIMA,51257,11.333168292800000,2927.389008340000146,493672.810834000003524,0
1397,1398,51258,69,PIMA,51258,40.481494252799997,6378.114625979999801,1763373.889650000026450,0
1398,1399,51259,70,PIMA,51259,29.833460992300001,5239.986879400000362,1299545.560820000013337,0
1399,1400,51260,382,PIMA,51260,8.698874763279999,3289.224029659999815,378922.984689000004437,1
1400,1401,51261,382,PIMA,51261,15.718301113800001,3382.756294490000073,684689.196514999959618,1
1401,1402,51262,382,PIMA,51262,8.538215202720000,3226.217781110000033,371924.654230999993160,1
1402,1403,51263,382,PIMA,51263,10.090660369600000,3303.783132569999907,439549.165701000019908,1
1403,1404,51264,382,PIMA,51264,13.818551808100000,4110.034849329999815,601936.116763000027277,1
1404,1405,51265,382,PIMA,51265,9.815407781470000,2587.078726520000146,427559.162960999994539,1
1405,1406,51266,382,PIMA,51266,12.188361920800000,3077.203693639999983,530925.045272000017576,1
1406,1407,51267,382,PIMA,51267,8.159122784699999,2401.259612259999813,355411.388501000008546,1
1407,1408,51268,382,PIMA,51268,10.118044111700000,3610.131098289999954,440742.001506000000518,1
1408,1409,51269,394,PIMA,51269,8.117368758940000,2522.500275169999895,353592.583138999994844,1
1409,1410,51270,394,PIMA,51270,18.497520389700000,3789.211202120000053,805751.988174000056460,1
1410,1411,51271,393,PIMA,51271,17.188658066300000,5080.761654410000119,748737.945366000058129,0
1411,1412,51272,1030,PIMA,51272,16.802682946899999,4095.209314350000113,731924.869168999954127,0
1412,1413,51273,1030,PIMA,51273,47.987956125799997,6020.841392440000163,2090355.368839999893680,0
1413,1414,51274,1030,PIMA,51274,11.656691826199999,4057.060056310000164,507765.495951000018977,0
1414,1415,51275,1030,PIMA,51275,24.724333380800001,5739.041278020000391,1076991.962069999892265,0
1415,1416,51276,1030,PIMA,51276,9.877516623389999,2625.759992109999985,430264.624115000013262,0
1416,1417,51277,1030,PIMA,51277,12.726997746100000,2928.613642410000011,554388.021819000015967,0
1417,1418,51278,1030,PIMA,51278,26.140356983899999,4681.799552059999769,1138673.950219999998808,0
1418,1419,51279,390,PIMA,51279,5.721588126610000,2159.943314740000005,249232.378794999996899,1
1419,1420,51280,1021,PIMA,51280,127.024122004999995,13019.029763399999865,5533170.754540000110865,1
1420,1421,51281,1022,PIMA,51281,120.705861799000004,9286.989873099999386,5257947.339940000325441,1
1421,1422,51282,1022,PIMA,51282,44.927320349100000,7242.369990989999678,1957034.074409999884665,1
1422,1423,51283,1022,PIMA,51283,45.009138688000000,6651.160595430000285,1960598.081250000046566,1
1423,1424,51284,1023,PIMA,51284,43.191745160000004,5456.712660500000311,1881432.419169999891892,1
1424,1425,51285,1023,PIMA,51285,80.402943562100006,7907.920854809999582,3502352.221570000052452,1
1425,1426,51286,1023,PIMA,51286,41.531004759200002,5444.011266000000433,1809090.567310000071302,1
1426,1427,51287,1023,PIMA,51287,41.294281049299997,5368.261697029999596,1798778.882509999908507,1
1427,1428,51288,1023,PIMA,51288,44.088494951300000,5543.777554100000089,1920494.840079999994487,1
1428,1429,51289,1023,PIMA,51289,39.655139777199999,5241.772413210000195,1727377.888689999934286,1
1429,1430,51290,1025,PIMA,51290,40.647846002599998,6663.706504280000445,1770620.171869999961928,1
1430,1431,51291,1025,PIMA,51291,73.408395672500006,7620.639314050000394,3197669.715489999856800,1
1431,1432,51292,1025,PIMA,51292,40.194188159399999,6569.940717440000299,1750858.836219999939203,1
1432,1433,51293,1025,PIMA,51293,40.867882830799999,6634.165450550000060,1780204.976109999930486,1
1433,1434,51294,1025,PIMA,51294,40.544523066899998,6622.389035150000382,1766119.424790000077337,1
1434,1435,51295,1025,PIMA,51295,38.239578116799997,6179.325029890000224,1665716.022769999923185,1
1435,1436,51296,1025,PIMA,51296,34.764947140700002,6034.599894189999759,1514361.097450000001118,1
1436,1437,51297,1025,PIMA,51297,187.647647167999992,11595.780937100000301,8173931.510619999840856,1
1437,1438,51298,1025,PIMA,51298,69.500367173599997,7287.101841400000012,3027435.994080000091344,1
1438,1439,51299,1026,PIMA,51299,53.145600240000000,6970.622189550000257,2315022.346460000146180,1
1439,1440,51300,1026,PIMA,51300,44.331292765800001,5943.368084499999895,1931071.112879999913275,1
1440,1441,51301,1026,PIMA,51301,20.608117995699999,4092.204798979999850,897689.619892999995500,1
1441,1442,51302,1026,PIMA,51302,11.070352097700001,2856.421426150000116,482224.537374000006821,1
1442,1443,51303,1026,PIMA,51303,28.583068994500000,5127.354088740000407,1245078.485399999888614,1
1443,1444,51304,1004,PIMA,51304,18.566064612100000,3919.901864450000176,808737.774501999956556,1
1444,1445,51305,1004,PIMA,51305,17.520201337400000,3789.471030700000028,763179.970256999949925,1
1445,1446,51306,1004,PIMA,51306,14.766157888600000,3574.657480100000157,643213.837625000043772,1
1446,1447,51307,1004,PIMA,51307,15.720037457300000,4231.333750230000078,684764.831638999981806,1
1447,1448,51308,1004,PIMA,51308,14.622105864500000,3301.306608410000081,636938.931455999962054,1
1448,1449,51309,610,PIMA,51309,79.877665091400004,7822.342442760000267,3479471.091380000114441,1
1449,1450,51310,610,PIMA,51310,21.980177375499999,4170.471825999999965,957456.526475999969989,1
1450,1451,51311,610,PIMA,51311,29.727218165000000,4797.027197960000194,1294917.623270000098273,1
1451,1452,51312,610,PIMA,51312,25.716691537700001,4535.376723919999677,1120219.083379999967292,1
1452,1453,51313,610,PIMA,51313,49.750570959100003,6089.864862829999765,2167134.870980000123382,1
1453,1454,51314,469,PIMA,51314,13.720060463499999,3091.773923820000164,597645.833789000054821,1
1454,1455,51315,469,PIMA,51315,8.076935515510000,2436.217504769999778,351831.311056000005919,1
1455,1456,51316,470,PIMA,51316,16.376716547299999,3712.034811089999948,713369.772801000042818,1
1456,1457,51317,470,PIMA,51317,16.343869332499999,3942.385395029999927,711938.948124999995343,1
1457,1458,51318,470,PIMA,51318,29.343915951700001,4705.660926319999817,1278220.978859999915585,1
1458,1459,51319,470,PIMA,51319,14.297818543000000,3570.521643579999818,622812.975731999962591,1
1459,1460,51320,470,PIMA,51320,23.644441164500002,4192.409445719999894,1029951.857119999942370,1
1460,1461,51321,480,PIMA,51321,10.324260407200001,2838.833000390000052,449724.783338000008371,1
1461,1462,51322,480,PIMA,51322,10.151831470199999,2824.098560110000108,442213.778844000014942,1
1462,1463,51323,480,PIMA,51323,8.704579324950000,2686.915536959999827,379171.475395000015851,1
1463,1464,51324,480,PIMA,51324,5.310025132870000,1928.379169379999894,231304.694787999993423,1
1464,1465,51325,491,PIMA,51325,6.250102368660000,3328.683403359999829,272254.459178999997675,1
1465,1466,51326,493,PIMA,51326,20.829047067899999,3818.303708890000053,907313.290278999949805,1
1466,1467,51327,493,PIMA,51327,16.999430854500002,3447.144587390000197,740495.208023000042886,1
1467,1468,51328,493,PIMA,51328,17.357011290999999,3471.122696070000075,756071.411838000058196,1
1468,1469,51329,496,PIMA,51329,10.254650351800001,2706.837326469999880,446692.569325999997091,1
1469,1470,51330,496,PIMA,51330,7.640961524530000,2755.629935760000080,332840.284007999987807,1
1470,1471,51331,496,PIMA,51331,17.368546533600000,3455.467548069999793,756573.887004000018351,1
1471,1472,51332,512,PIMA,51332,14.509597837899999,3614.432106530000055,632038.081820999970660,1
1472,1473,51333,512,PIMA,51333,19.676617812600000,3821.482734600000185,857113.471918000024743,1
1473,1474,51334,512,PIMA,51334,5.811122650020000,2110.688150529999803,253132.502635000011651,1
1474,1475,51335,513,PIMA,51335,8.184547362609999,2452.748015529999975,356518.883114999975078,1
1475,1476,51336,513,PIMA,51336,8.311441259810000,2468.743189679999887,362046.381277000007685,1
1476,1477,51337,513,PIMA,51337,15.658195049300000,3346.975561060000018,682070.976347999996506,1
1477,1478,51338,513,PIMA,51338,7.984808810310000,2406.959960010000032,347818.271776999987196,1
1478,1479,51339,513,PIMA,51339,7.864169360040000,2392.805653660000189,342563.217324000026565,1
1479,1480,51340,513,PIMA,51340,7.968238284580000,2406.601293669999905,347096.459675999998581,1
1480,1481,51341,513,PIMA,51341,13.036675708100001,3047.236255419999907,567877.593844000017270,1
1481,1482,51342,513,PIMA,51342,8.222446629049999,2449.203441029999794,358169.775161999976262,1
1482,1483,51343,513,PIMA,51343,7.966199206070000,2415.492952619999869,347007.637417000019923,1
1483,1484,51344,513,PIMA,51344,8.087810626860000,2427.963251239999863,352305.030905999999959,1
1484,1485,51345,513,PIMA,51345,8.540695822320000,2693.554314789999808,372032.710019999998622,1
1485,1486,51346,499,PIMA,51346,8.047984852080001,2442.384863060000043,350570.220157000003383,1
1486,1487,51347,499,PIMA,51347,7.816270930060000,2391.699626550000175,340476.761714000022039,1
1487,1488,51348,499,PIMA,51348,4.184352210810000,1727.571087139999918,182270.382302999991225,1
1488,1489,51349,514,PIMA,51349,8.315478179350000,2674.782592389999991,362222.229493000020739,1
1489,1490,51350,514,PIMA,51350,8.154445434990000,2652.657351140000173,355207.643148000002839,1
1490,1491,51351,499,PIMA,51351,8.198668460510000,2445.733442249999825,357133.998139999981504,1
1491,1492,51352,499,PIMA,51352,8.437970937830000,2495.142887439999868,367558.014052000013180,1
1492,1493,51353,499,PIMA,51353,4.098027130260000,1702.529330249999930,178510.061794000008376,1
1493,1494,51354,499,PIMA,51354,8.205978302980000,2446.765916809999908,357452.414877999981400,1
1494,1495,51355,514,PIMA,51355,8.419594143010000,2672.488395790000141,366757.520870000007562,1
1495,1496,51356,499,PIMA,51356,4.152382242580000,1712.352575269999988,180877.770487000001594,1
1496,1497,51357,499,PIMA,51357,4.090924807350000,1701.906598219999978,178200.684608000010485,1
1497,1498,51358,514,PIMA,51358,12.278725327400000,3214.035056860000168,534861.275261000031605,1
1498,1499,51359,499,PIMA,51359,8.429699002070000,2487.959696679999979,367197.688529999984894,1
1499,1500,51360,523,PIMA,51360,12.128971853600000,3186.856911870000204,528338.013944000005722,1
1500,1501,51361,523,PIMA,51361,12.374352971600000,3598.875747349999983,539026.815441000042483,1
1501,1502,51362,523,PIMA,51362,4.125846621350000,1705.853497789999892,179721.878826000000117,1
1502,1503,51363,523,PIMA,51363,8.224778802050000,2649.907559480000145,358271.364616999984719,1
1503,1504,51364,523,PIMA,51364,20.317011984299999,4714.537874169999668,885009.042036000057124,1
1504,1505,51365,523,PIMA,51365,8.274595798140000,2473.671199389999856,360441.392967000021599,1
1505,1506,51366,523,PIMA,51366,8.101579630240000,2644.888976509999793,352904.808692999999039,1
1506,1507,51367,523,PIMA,51367,16.678231867800001,3433.684539190000123,726503.780159999965690,1
1507,1508,51368,523,PIMA,51368,8.287274955000001,2468.002891650000038,360993.697039999999106,1
1508,1509,51369,824,PIMA,51369,813.654661465999993,29577.954760900000110,35442797.053499996662140,0
1509,1510,51370,891,PIMA,51370,685.973035923999987,23571.495093800000177,29880985.444800000637770,1
1510,1511,51371,887,PIMA,51371,325.939053596999997,16156.665575200000603,14197905.174699999392033,1
1511,1512,51372,887,PIMA,51372,1284.994676609999942,31663.383020299999771,55974368.112999998033047,1
1512,1513,51373,887,PIMA,51373,323.552969083999983,15937.599716400000034,14093967.333300000056624,1
1513,1514,51374,888,PIMA,51374,321.297628492999991,15866.261076700000558,13995724.697100000455976,1
1514,1515,51375,888,PIMA,51375,318.468290936000017,15890.368585099999109,13872478.753200000151992,1
1515,1516,51376,888,PIMA,51376,320.205366781000009,15810.558039999999892,13948145.777000000700355,1
1516,1517,51377,888,PIMA,51377,1768.765587650000043,42283.396721299999626,77047428.997899994254112,1
1517,1518,51378,836,PIMA,51378,4591.257711170000221,57691.714771799997834,199995185.898999989032745,1
1518,1519,51379,836,PIMA,51379,3141.724382240000068,47041.130313900001056,136853514.090000003576279,1
1519,1520,51380,836,PIMA,51380,2391.988818459999948,42529.590050099999644,104195032.931999996304512,1
1520,1521,51381,889,PIMA,51381,158.530427067000005,10546.165401099999144,6905585.403040000237525,1
1521,1522,51382,889,PIMA,51382,239.032526297999993,14106.175031700000545,10412256.845499999821186,1
1522,1523,51383,889,PIMA,51383,160.631996332999989,10585.401740799999970,6997129.760270000435412,1
1523,1524,51384,889,PIMA,51384,398.263740227000028,17026.861637999998493,17348368.524300001561642,1
1524,1525,51385,889,PIMA,51385,199.815822911999987,11862.944388899999467,8703977.246060000732541,1
1525,1526,51386,889,PIMA,51386,241.109171397000011,14498.756976599999689,10502715.506100000813603,1
1526,1527,51387,889,PIMA,51387,124.452828827999994,9383.911660339999798,5421165.223729999735951,1
1527,1528,51388,887,PIMA,51388,1050.297089070000084,31752.805569399999513,45750941.199900001287460,1
1528,1529,51389,887,PIMA,51389,428.973097306999989,18549.434479899999133,18686068.118700001388788,1
1529,1530,51390,887,PIMA,51390,625.805912992999993,21950.361842499998602,27260105.570000000298023,1
1530,1531,51391,883,PIMA,51391,5841.941802090000238,63935.738617100003466,254474984.898999989032745,1
1531,1532,51392,883,PIMA,51392,16075.977997600000890,110780.031365999995614,700269601.575000047683716,1
1532,1533,51393,883,PIMA,51393,6962.466037320000396,74481.481822200003080,303285020.586000025272369,1
1533,1534,51394,980,PIMA,51394,88.133873962199999,9226.690919119999307,3839111.549790000077337,0
1534,1535,51395,980,PIMA,51395,70.058079786999997,7832.032959699999992,3051729.955519999843091,0
1535,1536,51396,980,PIMA,51396,94.943271833799997,8472.300995659999899,4135728.921079999767244,0
1536,1537,51397,982,PIMA,51397,139.896686141000004,10387.267774199999621,6093899.648289999924600,0
1537,1538,51398,980,PIMA,51398,28.823277117500002,4704.581404010000369,1255541.951240000082180,0
1538,1539,51399,980,PIMA,51399,73.042651187499999,7813.655640320000202,3181737.885730000212789,0
1539,1540,51400,980,PIMA,51400,47.279958018599999,6004.991452520000166,2059514.971290000015870,0
1540,1541,51401,980,PIMA,51401,76.794510593599995,7890.350180980000005,3345168.881459999829531,0
1541,1542,51402,1104,PIMA,51402,186.447469805999987,12772.690090399999463,8121651.784769999794662,0
1542,1543,51403,400,PIMA,51403,11.278088938100000,3144.905120689999876,491273.554140999971423,0
1543,1544,51404,751,PIMA,51404,643.281963530999974,21138.784883899999841,28021362.331399999558926,0
1544,1545,51405,742,PIMA,51405,636.968758215999969,21082.264808500000072,27746359.107900001108646,0
1545,1546,51406,743,PIMA,51406,231.078049999999990,12704.503232900000512,10065759.857999999076128,0
1546,1547,51407,750,PIMA,51407,159.771537810000012,10555.370578199999727,6959648.186999999918044,0
1547,1548,51408,755,PIMA,51408,14.712427133400000,3617.257273279999936,640873.325930000049993,0
1548,1549,51409,170,PIMA,51409,20.514065929200001,4005.210456650000197,893592.711874000029638,0
1549,1550,51410,1056,PIMA,51410,32.045740244599997,4862.041793129999860,1395912.445049999980256,1
1550,1551,51411,1036,PIMA,51411,39.023506773299999,5203.814717489999566,1699863.955049999989569,0
1551,1552,51412,604,PIMA,51412,22.881812494599998,4147.997224560000177,996731.752264000009745,1
1552,1553,51413,592,PIMA,51413,20.855019420300000,3838.772609680000187,908444.645946000004187,1
1553,1554,51414,322,PIMA,51414,13.748492798599999,3216.363114230000065,598884.346306000021286,0
1554,1555,51415,304,PIMA,51415,4.031185157500000,1667.092323860000079,175598.425461000006180,1
1555,1556,51416,791,PIMA,51416,1735.241813419999971,38144.148744899997837,75587133.392599999904633,0
1556,1557,51417,380,PIMA,51417,7.481704448830000,2248.806138590000046,325903.045791000011377,0
1557,1558,51418,258,PIMA,51418,351.331092630000001,17111.089191800001572,15303982.394999999552965,0
1558,1559,51419,309,PIMA,51419,7.126169945210000,2228.400506080000014,310415.962813000020105,0
1559,1560,51420,978,PIMA,51420,37.207119368999997,5187.387884630000372,1620742.119709999999031,0
1560,1561,51421,978,PIMA,51421,78.044808427600003,10087.131757499999367,3399631.855109999887645,0
1561,1562,51422,528,PIMA,51422,16.238909608800000,3399.610044649999963,707366.902559999958612,1
1562,1563,51423,1026,PIMA,51423,85.877994494199996,9109.491799470000842,3740845.440169999841601,1
1563,1564,51424,1003,PIMA,51424,55.393872825899997,7116.363622539999596,2412957.100300000049174,1
1564,1565,51425,253,PIMA,51425,16.762748571400000,3434.151114079999843,730185.327769999974407,1
1565,1566,51426,560,PIMA,51426,21.012249044299999,3844.710237029999917,915293.568369999993593,1
1566,1567,51427,15,PIMA,51427,3.181801702350000,1507.557086669999990,138599.282153999985894,1
1567,1568,51428,562,PIMA,51428,58.093580080700001,6743.603144519999660,2530556.348319999873638,1
1568,1569,51429,549,PIMA,51429,25.958649602400001,4357.917606459999661,1130758.776679999893531,1
1569,1570,51430,549,PIMA,51430,28.961127642200001,5024.727240969999912,1261546.720089999958873,1
1570,1571,51431,392,PIMA,51431,10.428824246000000,2853.724183509999875,454279.584157000004780,1
1571,1572,51432,403,PIMA,51432,10.020740571599999,2640.713722190000226,436503.459300999995321,1
1572,1573,51433,750,PIMA,51433,155.292366794000003,10418.228477900000144,6764535.497560000047088,0
1573,1574,51434,750,PIMA,51434,157.544599584999986,10479.127663200000825,6862642.757910000160336,0
1574,1575,51435,758,PIMA,51435,144.180864173000003,11271.910132999999405,6280518.443370000459254,0
1575,1576,51436,757,PIMA,51436,172.869874971000002,13018.034857299999203,7530211.753720000386238,0
1576,1577,51437,755,PIMA,51437,11.188221022400000,3571.330667790000007,487358.907735000015236,0
1577,1578,51438,339,PIMA,51438,8.389184899800000,2454.000441959999989,365432.894235000014305,1
1578,1579,51439,345,PIMA,51439,10.026246900600000,2663.940125590000207,436743.314989999984391,1
1579,1580,51440,328,PIMA,51440,21.848456471399999,3907.835945599999832,951718.763892999966629,0
1580,1581,51441,345,PIMA,51441,10.138666451400001,2661.346601019999980,441640.310623999976087,1
1581,1582,51442,11,PIMA,51442,4.453977761460000,1774.454881310000019,194015.271288999996614,0
1582,1583,51443,20,PIMA,51443,2.381878649940000,1355.962023629999976,103754.633992000002763,0
1583,1584,51444,393,PIMA,51444,10.296240445600001,3128.871280140000181,448504.233811000012793,0
1584,1585,51445,393,PIMA,51445,11.154346929500001,3305.132959680000113,485883.352246999973431,0
1585,1586,51446,408,PIMA,51446,7.783085803460000,3122.508720140000150,339031.217599000025075,1
1586,1587,51447,386,PIMA,51447,17.504348191900000,3596.058975739999823,762489.407239999971353,1
1587,1588,51448,706,PIMA,51448,83.705788789300001,8371.853017190000173,3646224.159659999888390,0
1588,1589,51449,603,PIMA,51449,14.547473323600000,3246.836910019999777,633687.937976000015624,1
1589,1590,51450,547,PIMA,51450,21.853071515300002,4250.228835789999721,951919.795207999995910,1
1590,1591,51451,1037,PIMA,51451,18.532730966599999,4185.899896390000322,807285.760904000024311,0
1591,1592,51452,1025,PIMA,51452,122.564175542000001,9452.931027320000794,5338895.486630000174046,1
1592,1593,51453,887,PIMA,51453,752.771755687999985,23592.279616700001498,32790737.677799999713898,1
1593,1594,51454,41,PIMA,51454,5.164744614740000,1874.362374320000072,224976.275418000004720,0
1594,1595,51455,541,PIMA,51455,8.534575319140000,2506.203844629999821,371766.100901999976486,1
1595,1596,51456,522,PIMA,51456,13.116816559800000,3058.003373009999905,571368.529345000046305,1
1596,1597,51457,522,PIMA,51457,14.175987795899999,3480.546085070000117,617506.028389999992214,1
1597,1598,51458,344,PIMA,51458,7.084461992460000,2280.146335949999866,308599.164390999998432,1
1598,1599,51459,285,PIMA,51459,9.409458113179999,2637.955425000000105,409875.995409999974072,0
1599,1600,51460,275,PIMA,51460,18.617568602999999,3618.551432220000152,810981.288345000008121,0
1600,1601,51461,519,PIMA,51461,18.424095792799999,4074.980958810000175,802553.612731999950483,1
1601,1602,51462,502,PIMA,51462,9.918931519470000,2629.589627140000175,432068.656987999973353,1
1602,1603,51463,405,PIMA,51463,20.116265587600001,3941.954514259999996,876264.528996999957599,1
1603,1604,51464,399,PIMA,51464,10.041505183800000,2653.371283760000097,437407.965808000008110,1
1604,1605,51465,403,PIMA,51465,10.079610062300000,2650.553420329999881,439067.814315999974497,1
1605,1606,51466,415,PIMA,51466,25.251209184299999,4499.727160409999669,1099942.672070000087842,0
1606,1607,51467,416,PIMA,51467,24.778301625699999,4603.808643399999710,1079342.818810000084341,1
1607,1608,51468,1034,PIMA,51468,157.926730658999986,10525.739827800000057,6879288.387500000186265,0
1608,1609,51469,1034,PIMA,51469,157.698180060999988,10479.545908500000223,6869332.723469999618828,0
1609,1610,51470,1034,PIMA,51470,153.795666407999988,10379.496687700000621,6699339.228740000165999,0
1610,1611,51471,720,PIMA,51471,35.021226832099998,4969.662259900000208,1525524.640810000011697,0
1611,1612,51472,217,PIMA,51472,12.428422541900000,3648.228313340000113,541382.085927000036463,0
1612,1613,51473,875,PIMA,51473,709.475855241999966,22999.246600900001795,30904768.254299998283386,0
1613,1614,51474,536,PIMA,51474,11.165211684799999,2805.078374440000061,486356.620990000024904,1
1614,1615,51475,533,PIMA,51475,9.921728441739999,2615.081581420000020,432190.490922000026330,1
1615,1616,51476,533,PIMA,51476,8.553125927030001,2435.808356000000003,372574.165381999977399,1
1616,1617,51477,465,PIMA,51477,25.285698318800002,4307.942778759999783,1101445.018769999966025,1
1617,1618,51478,466,PIMA,51478,22.880761455199998,4021.198858830000063,996685.968986999941990,1
1618,1619,51479,53,PIMA,51479,4.309987931490000,1731.911837150000110,187743.074296000006143,1
1619,1620,51480,729,PIMA,51480,37.491576436800003,5304.971523289999823,1633133.069589999970049,0
1620,1621,51481,116,PIMA,51481,160.721987821999988,10585.794020299999829,7001049.789529999718070,0
1621,1622,51482,1047,PIMA,51482,33.142730350599997,5116.656524410000202,1443697.334070000099018,0
1622,1623,51483,1045,PIMA,51483,134.164686663999987,10452.255252099999780,5844213.751099999994040,0
1623,1624,51484,304,PIMA,51484,10.474882182000000,2711.129348720000053,456285.867848000023514,1
1624,1625,51485,559,PIMA,51485,19.846578022700001,3982.319446659999812,864516.938670999952592,1
1625,1626,51486,545,PIMA,51486,27.974145268200001,4556.899500190000253,1218553.767879999941215,1
1626,1627,51487,532,PIMA,51487,18.268315359999999,3843.801281500000186,795767.817082999972627,1
1627,1628,51488,403,PIMA,51488,9.841540154380001,2619.682672490000186,428697.489125000021886,1
1628,1629,51489,403,PIMA,51489,10.093645616200000,2645.026410999999825,439679.203042000008281,1
1629,1630,51490,374,PIMA,51490,9.964976235210001,2630.104005820000111,434074.364806000026874,1
1630,1631,51491,362,PIMA,51491,8.892885485550000,2500.692935949999992,387374.091750000021420,0
1631,1632,51492,551,PIMA,51492,10.030767232600001,2637.384061050000128,436940.220651999989059,1
1632,1633,51493,423,PIMA,51493,13.715251168200000,3476.554601790000106,597436.340884999954142,0
1633,1634,51494,506,PIMA,51494,19.528994817200001,3947.822360510000181,850683.014239000040106,1
1634,1635,51495,506,PIMA,51495,19.614038969700001,3891.237632670000039,854387.537520000012591,1
1635,1636,51496,550,PIMA,51496,28.764508997200000,5249.288429430000178,1252982.011919999960810,1
1636,1637,51497,524,PIMA,51497,27.608291501499998,4436.680161420000331,1202617.177810000022873,1
1637,1638,51498,549,PIMA,51498,22.763437323900000,4262.591144529999838,991575.329827000037767,1
1638,1639,51499,755,PIMA,51499,26.465960286400001,6716.023721300000034,1152857.230079999892041,0
1639,1640,51500,749,PIMA,51500,285.738220931999990,17923.856478599998809,12446756.903799999505281,0
1640,1641,51501,722,PIMA,51501,136.194774147999993,9829.538403649999964,5932644.361870000138879,0
1641,1642,51502,1088,PIMA,51502,7.148903856720000,2306.152950140000030,311406.251998999970965,1
1642,1643,58003,796,PIMA,58003,318.173402822000014,15792.965392800000700,13859633.426899999380112,0
1643,1644,51504,337,PIMA,51504,8.424889052050000,2642.304032609999922,366988.167107000015676,1
1644,1645,51505,187,PIMA,51505,17.167864418899999,3731.419228289999865,747832.174087999970652,0
1645,1646,51506,147,PIMA,51506,40.881308174700003,5421.208866130000388,1780789.784089999971911,0
1646,1647,51507,346,PIMA,51507,6.800683953160000,2317.449705710000217,296237.793000000005122,0
1647,1648,51508,375,PIMA,51508,17.879505796200000,3901.364961700000094,778831.272481999942102,0
1648,1649,51509,226,PIMA,51509,20.893374969500002,4513.503972950000389,910115.413672000053339,0
1649,1650,51510,226,PIMA,51510,37.049036272499997,5451.352500799999689,1613856.020030000014231,0
1650,1651,51511,226,PIMA,51511,30.801107830799999,4808.847821459999977,1341696.257109999889508,0
1651,1652,51512,531,PIMA,51512,6.033237755090000,2097.093076000000110,262807.836612000013702,1
1652,1653,51513,531,PIMA,51513,15.598258701600001,3384.498290670000188,679460.149041999946348,1
1653,1654,51514,595,PIMA,51514,23.222369092800001,4274.382251480000377,1011566.397680000052787,1
1654,1655,51515,606,PIMA,51515,12.457449677100000,3226.035594290000063,542646.507935000001453,1
1655,1656,51516,545,PIMA,51516,7.724038012690000,2656.981824420000066,336459.095833000028506,1
1656,1657,51517,618,PIMA,51517,197.187643554000005,11489.879052599999341,8589493.753219999372959,0
1657,1658,51518,637,PIMA,51518,78.306951991600002,8848.357673570000770,3411050.828759999945760,0
1658,1659,51519,1061,PIMA,51519,38.789438748499997,5206.432261779999862,1689667.951889999909326,1
1659,1660,51520,325,PIMA,51520,5.589432713880000,2055.834245540000211,243475.689016999996966,0
1660,1661,51521,308,PIMA,51521,8.363081572790000,2339.354525490000015,364295.833311000023969,0
1661,1662,51522,292,PIMA,51522,11.133187423100001,2773.775211319999926,484961.644150000007357,1
1662,1663,51523,195,PIMA,51523,38.094247741799997,5758.737387320000380,1659385.431630000006407,1
1663,1664,51524,771,PIMA,51524,23.356359928900002,4950.513449619999847,1017403.038500000024214,0
1664,1665,51525,580,PIMA,51525,71.921537365600003,7755.050497440000072,3132902.167650000192225,1
1665,1666,51526,582,PIMA,51526,71.572513477699999,7449.383200850000321,3117698.687090000137687,1
1666,1667,51527,714,PIMA,51527,112.076434023999994,9086.622247310000603,4882049.466110000386834,0
1667,1668,51528,528,PIMA,51528,9.945832976160000,2629.615548880000006,433240.484440999978688,1
1668,1669,51529,496,PIMA,51529,23.198141029100000,4644.213277380000363,1010511.023230000049807,1
1669,1670,51530,1060,PIMA,51530,10.772137892800000,2847.752508990000024,469234.326608999981545,0
1670,1671,51531,753,PIMA,51531,228.333534522999997,15308.293647300000885,9946208.763830000534654,0
1671,1672,51532,235,PIMA,51532,12.548023076400000,3160.868298200000027,546591.885206999955699,0
1672,1673,51533,221,PIMA,51533,15.464856987399999,3732.134814989999995,673649.170371999964118,0
1673,1674,51534,388,PIMA,51534,9.887900146720000,2639.057532520000223,430716.930391000001691,1
1674,1675,51535,405,PIMA,51535,9.887606850139999,2626.061829990000206,430704.154391999996733,1
1675,1676,51536,403,PIMA,51536,10.053782554800000,2671.711528889999954,437942.768088000011630,1
1676,1677,51537,403,PIMA,51537,10.039971852300001,2643.293067510000128,437341.173886000004131,1
1677,1678,51538,362,PIMA,51538,12.139484501300000,2915.175221510000029,528795.944876999943517,0
1678,1679,51539,551,PIMA,51539,9.838461609279999,3269.434431480000057,428563.387700000021141,1
1679,1680,51540,307,PIMA,51540,9.892238076140000,3288.073644590000185,430905.890597000019625,1
1680,1681,51541,420,PIMA,51541,8.981167814750000,2533.475872869999876,391219.670010000001639,0
1681,1682,51542,420,PIMA,51542,25.096350404399999,4949.214393410000412,1093197.023620000109076,0
1682,1683,51543,444,PIMA,51543,13.361226938700000,3180.995049929999823,582015.045448999968357,0
1683,1684,51544,755,PIMA,51544,329.437902699000006,17424.676477000000887,14350315.041600000113249,0
1684,1685,51545,755,PIMA,51545,25.456412888799999,4723.637930509999933,1108881.345440000062808,0
1685,1686,51546,755,PIMA,51546,64.299630683000004,7808.669586779999918,2800891.912550000008196,0
1686,1687,51547,747,PIMA,51547,173.297115232000010,14812.259119899999860,7548822.339490000158548,0
1687,1688,51548,337,PIMA,51548,35.135567114399997,5031.922727690000102,1530505.303499999921769,1
1688,1689,51549,397,PIMA,51549,9.263076354850000,2550.323639570000068,403499.606016999983694,1
1689,1690,51550,327,PIMA,51550,5.762341109580000,2078.680823220000093,251007.578733000002103,1
1690,1691,51551,729,PIMA,51551,10.653285721200000,2727.310274959999788,464057.126017000002321,0
1691,1692,51552,1007,PIMA,51552,113.601709274000001,11978.640599899999870,4948490.455989999696612,0
1692,1693,51553,489,PIMA,51553,42.848773133900004,5507.810733489999620,1866492.557710000080988,1
1693,1694,51554,529,PIMA,51554,23.690910717100000,4709.677698870000313,1031976.070839999942109,1
1694,1695,51555,467,PIMA,51555,12.168859819100000,2947.833546830000159,530075.533718000049703,1
1695,1696,51556,641,PIMA,51556,10716.048491999999897,96169.463327499994193,466791072.313000023365021,0
1696,1697,51557,794,PIMA,51557,57.881297343000000,7179.280693779999638,2521309.312260000035167,0
1697,1698,51558,194,PIMA,51558,7.362964763040000,2273.918856690000212,320730.745078000007197,1
1698,1699,51559,193,PIMA,51559,16.283311662599999,3341.348598219999985,709301.056023000041023,1
1699,1700,51560,500,PIMA,51560,10.068456852900001,2643.228086399999938,438581.980511999980081,1
1700,1701,51561,48,PIMA,51561,9.351075374210000,2647.192428100000143,407332.843300000007730,0
1701,1702,51562,45,PIMA,51562,3.537403316960000,1557.597699460000058,154089.288487000012537,0
1702,1703,51563,428,PIMA,51563,6.018541941340000,2086.880303120000008,262167.686965000000782,1
1703,1704,51564,427,PIMA,51564,9.620396347710001,2576.853308690000176,419064.464906000008341,0
1704,1705,51565,342,PIMA,51565,21.458341367500001,4122.207727799999702,934725.349968999973498,0
1705,1706,51566,373,PIMA,51566,5.045186180500000,2001.842905219999921,219768.310022999998182,1
1706,1707,51567,363,PIMA,51567,12.869260853100000,2995.090450610000062,560585.002759999944828,0
1707,1708,51568,420,PIMA,51568,24.802930540199998,4766.895883029999823,1080415.654330000048503,0
1708,1709,51569,188,PIMA,51569,236.203609360000002,13727.866447200000039,10289029.223699999973178,0
1709,1710,51570,1050,PIMA,51570,107.941834193000005,9964.772100480000518,4701946.297439999878407,0
1710,1711,51571,1067,PIMA,51571,20.089521110600000,3953.142462689999775,875099.539575999951921,1
1711,1712,51572,1033,PIMA,51572,53.544083893299998,7901.020493050000368,2332380.294389999937266,0
1712,1713,51573,351,PIMA,51573,4098.699558659999639,69890.441007600005833,178539352.775000005960464,0
1713,1714,51574,382,PIMA,51574,112.139799053000004,9044.425779490000423,4884809.646759999915957,1
1714,1715,51575,380,PIMA,51575,8.986859532080000,2535.889721779999945,391467.601216999988537,0
1715,1716,51576,747,PIMA,51576,77.054866276799999,7837.274374169999646,3356509.975019999779761,0
1716,1717,51577,747,PIMA,51577,47.087641176699996,6125.435053309999603,2051137.649660000111908,0
1717,1718,51578,747,PIMA,51578,74.858774794599995,9328.292900110000119,3260848.230049999896437,0
1718,1719,51579,747,PIMA,51579,30.108986846699999,5937.813079489999836,1311547.467040000017732,0
1719,1720,51580,747,PIMA,51580,28.178851113299999,5918.257296069999938,1227470.754489999962971,0
1720,1721,51581,702,PIMA,51581,30.596793348700000,4673.135395850000350,1332796.318269999930635,0
1721,1722,51582,753,PIMA,51582,589.848080486999947,32311.685814000000391,25693782.385999999940395,0
1722,1723,51583,753,PIMA,51583,212.428946203000010,13048.097991900000125,9253404.896600000560284,0
1723,1724,51584,747,PIMA,51584,25.934048666999999,5527.442873889999646,1129687.159930000081658,0
1724,1725,51585,24,PIMA,51585,11.836756074500000,3119.421935559999838,515609.094605999998748,1
1725,1726,51586,337,PIMA,51586,15.608782315599999,3431.838309990000198,679918.557665999978781,1
1726,1727,51587,426,PIMA,51587,4.356492170600000,1741.944903240000031,189768.798951000004308,0
1727,1728,51588,532,PIMA,51588,17.725464988500001,3778.109923859999981,772121.254898000042886,1
1728,1729,51589,554,PIMA,51589,8.980724257700000,2642.866188380000040,391200.348666000005323,1
1729,1730,51590,290,PIMA,51590,9.063372624610000,2990.788065090000146,394800.511528000002727,0
1730,1731,51591,644,PIMA,51591,169.137524637000013,13029.385041300000012,7367630.573180000297725,0
1731,1732,51592,513,PIMA,51592,15.953440714699999,3331.372673840000061,694931.877530999947339,1
1732,1733,51593,512,PIMA,51593,45.598674696099998,5790.807270280000012,1986278.269760000053793,1
1733,1734,51594,511,PIMA,51594,81.401736688599996,8238.930488770000011,3545859.650160000193864,1
1734,1735,51595,218,PIMA,51595,20.385566045499999,3973.688043579999885,887995.256942000007257,0
1735,1736,51596,400,PIMA,51596,11.047206022199999,3104.601708709999912,481216.294328999996651,0
1736,1737,51597,395,PIMA,51597,51.833869742200001,6671.402777870000136,2257883.365970000158995,0
1737,1738,51598,404,PIMA,51598,19.514048049300001,3961.901019219999853,850031.933028999948874,1
1738,1739,51599,306,PIMA,51599,4.909676015690000,1976.544081539999979,213865.487243000010494,1
1739,1740,51600,494,PIMA,51600,16.359227615100000,3735.802952869999899,712607.954915000009350,1
1740,1741,51601,468,PIMA,51601,9.487163108570000,2595.390518350000093,413260.825009000021964,1
1741,1742,51602,583,PIMA,51602,9.543438118559999,2473.582490190000044,415712.164443999994546,1
1742,1743,51603,548,PIMA,51603,21.373559331100001,4145.515161790000093,931032.244463999988511,1
1743,1744,51604,532,PIMA,51604,18.980793063899998,3935.245440610000060,826803.345863000024110,1
1744,1745,51605,559,PIMA,51605,17.225474283600001,3836.618562239999846,750341.659791999962181,1
1745,1746,51606,172,PIMA,51606,80.072302899500002,7331.256299740000031,3487949.514299999922514,0
1746,1747,51607,393,PIMA,51607,43.713647612899997,5794.626847860000453,1904166.490019999910146,0
1747,1748,51608,971,PIMA,51608,69.785234918399993,9931.372648840000693,3039844.833039999939501,0
1748,1749,51609,325,PIMA,51609,5.380795285970000,2040.117846379999946,234387.442657000006875,0
1749,1750,51610,483,PIMA,51610,21.794918385999999,4682.264874370000143,949386.644895000034012,1
1750,1751,51611,385,PIMA,51611,291.164915384999972,16886.641199099998630,12683143.714199999347329,0
1751,1752,51612,404,PIMA,51612,56.527275315600001,7454.169617200000175,2462328.112749999854714,1
1752,1753,51613,304,PIMA,51613,7.358734277990000,2388.581911660000060,320546.465148999996018,1
1753,1754,51614,303,PIMA,51614,9.343845472350001,2549.119979829999920,407017.908775000018068,0
1754,1755,51615,353,PIMA,51615,35.103104567400003,5126.756407359999685,1529091.234960000030696,1
1755,1756,51616,123,PIMA,51616,206.501059731999987,16872.334048699998675,8995186.161930000409484,0
1756,1757,51617,747,PIMA,51617,22.044948411499998,5073.758975970000392,960277.952806000015698,0
1757,1758,51618,747,PIMA,51618,21.070412622300001,5022.472142180000446,917827.173826999962330,0
1758,1759,51619,747,PIMA,51619,46.566008911899999,5984.432829829999719,2028415.348199999891222,0
1759,1760,51620,319,PIMA,51620,23.315302816700001,4223.261253040000156,1015614.590699999942444,1
1760,1761,51621,187,PIMA,51621,23.298047405199998,5096.853536519999579,1014862.944969999953173,0
1761,1762,51622,729,PIMA,51622,7.324942635340000,2605.157530399999814,319074.501195000018924,0
1762,1763,51623,50,PIMA,51623,11.780142598399999,3460.825656120000076,513143.011584999971092,0
1763,1764,51624,50,PIMA,51624,11.607520807000000,3439.176492999999937,505623.606352999981027,0
1764,1765,51625,446,PIMA,51625,10.102651239800000,2662.527647049999814,440071.488003999984358,0
1765,1766,51626,925,PIMA,51626,2239.401379790000192,47028.734263099999225,97548324.103699997067451,0
1766,1767,51627,942,PIMA,51627,76.937267442000007,8119.595223489999626,3351387.369770000223070,0
1767,1768,51628,239,PIMA,51628,360.733574690000012,17440.920997400000488,15713554.513499999418855,0
1768,1769,51629,1035,PIMA,51629,82.827839546099995,8058.409994900000129,3607980.690630000084639,0
1769,1770,51630,1090,PIMA,51630,392.529244683000002,22233.612142699999822,17098573.898400001227856,0
1770,1771,51631,370,PIMA,51631,96.088939832500003,9781.344116370000847,4185634.219099999871105,0
1771,1772,51632,234,PIMA,51632,6.893076903450000,2240.336392149999938,300262.429913999978453,0
1772,1773,51633,319,PIMA,51633,45.783008037599998,6358.584633299999950,1994307.830120000056922,1
1773,1774,51634,305,PIMA,51634,11.683488152900001,2885.136107530000118,508932.743940000014845,0
1774,1775,51635,389,PIMA,51635,14.667778411600001,3651.073554739999963,638928.427610000013374,0
1775,1776,51636,1073,PIMA,51636,21.957720103300002,4149.829410309999730,956478.287699999986216,0
1776,1777,51637,234,PIMA,51637,12.304899327599999,3471.854897830000027,536001.414709000033326,0
1777,1778,51638,235,PIMA,51638,14.343961680300000,3423.923136140000224,624822.970795999979600,0
1778,1779,51639,569,PIMA,51639,104.860081503000004,9121.390519180000410,4567705.150259999558330,1
1779,1780,51640,532,PIMA,51640,18.301874576900001,3912.864547470000161,797229.656567999976687,1
1780,1781,51641,530,PIMA,51641,40.414463354100000,5317.353038999999626,1760454.023700000019744,1
1781,1782,51642,1036,PIMA,51642,60.358671944199997,6615.583168150000347,2629223.749890000093728,0
1782,1783,51643,709,PIMA,51643,22.235091860600001,5818.473999130000266,968560.601448999950662,0
1783,1784,51644,709,PIMA,51644,43.135575101599997,6335.106254029999945,1878985.651430000085384,0
1784,1785,51645,337,PIMA,51645,20.677772368700001,4145.519439149999926,900723.764380999957211,1
1785,1786,51646,1039,PIMA,51646,73.360794054899998,7428.987114589999692,3195596.189030000008643,0
1786,1787,51647,740,PIMA,51647,165.905465300000003,10795.534541499999250,7226842.068450000137091,0
1787,1788,51648,195,PIMA,51648,14.459733383900000,3220.033550470000137,629865.986202999949455,1
1788,1789,51649,609,PIMA,51649,28.500636303800000,4614.189238670000123,1241487.717389999888837,1
1789,1790,51650,609,PIMA,51650,6.642317769020000,2498.029990089999956,289339.362018999992870,1
1790,1791,51651,639,PIMA,51651,33.174675423300002,4826.458025910000288,1445088.861439999891445,0
1791,1792,51652,1104,PIMA,51652,61.948526821100003,6671.353520509999726,2698477.828329999931157,0
1792,1793,51653,200,PIMA,51653,29.622982762700001,4592.123267089999899,1290377.129140000091866,0
1793,1794,51654,73,PIMA,51654,699.150307561999966,28332.701388900000893,30454987.397399999201298,0
1794,1795,51655,71,PIMA,51655,5017.537932940000246,78254.546654100005981,218563952.358999997377396,0
1795,1796,51656,71,PIMA,51656,1657.172887080000010,37530.304922900002566,72186450.961099997162819,0
1796,1797,51657,71,PIMA,51657,826.681202980999956,26355.822843499998271,36010233.201899997889996,0
1797,1798,51658,163,PIMA,51658,39.005374931900000,5392.991795779999848,1699074.132040000054985,0
1798,1799,51659,163,PIMA,51659,47.461036935499997,5749.108139089999895,2067402.768910000100732,0
1799,1800,51660,163,PIMA,51660,41.277562555999999,5753.401658509999834,1798050.624940000008792,0
1800,1801,51661,704,PIMA,51661,173.443127978999996,11863.118621999999959,7555182.654769999906421,0
1801,1802,51662,714,PIMA,51662,146.752010815000006,10473.352360099999714,6392517.591099999845028,0
1802,1803,51663,530,PIMA,51663,14.447558947699999,3545.788633610000034,629335.667761999997310,1
1803,1804,51664,526,PIMA,51664,16.519284205600002,3740.541766570000163,719580.019994999980554,1
1804,1805,51665,599,PIMA,51665,19.106916324400000,3635.189076929999828,832297.275090000010096,1
1805,1806,51666,587,PIMA,51666,57.568190882899998,7075.690827510000418,2507670.394859999883920,1
1806,1807,51667,346,PIMA,51667,5.109761066670000,1994.675546200000099,222581.192064000002574,0
1807,1808,51668,345,PIMA,51668,9.712845928889999,2595.665300220000063,423091.568662000005133,1
1808,1809,51669,345,PIMA,51669,9.819953299110001,2579.185301110000182,427757.165709000022616,1
1809,1810,51670,327,PIMA,51670,9.595119879509999,2560.240873560000182,417963.421952000004239,1
1810,1811,51671,277,PIMA,51671,3.589096448060000,1647.707968080000001,156341.041277000011178,1
1811,1812,51672,291,PIMA,51672,4.971018056390000,1960.291164479999907,216537.546536000008928,1
1812,1813,51673,279,PIMA,51673,10.643339468100001,2729.562327560000085,463623.867230999981984,1
1813,1814,51674,401,PIMA,51674,10.099208265900000,2651.902629310000066,439921.512061999994330,0
1814,1815,51675,53,PIMA,51675,4.312898600240000,1741.896607010000025,187869.863026000006357,1
1815,1816,51676,401,PIMA,51676,10.036519365900000,2645.075045999999929,437190.783577000023797,1
1816,1817,51677,400,PIMA,51677,7.577797754100000,2331.561053729999912,330088.870169000001624,0
1817,1818,51678,371,PIMA,51678,9.770924390619999,2631.515146140000070,425621.466455999994650,1
1818,1819,51679,361,PIMA,51679,9.928743543580000,2621.188779179999983,432496.068757999979425,1
1819,1820,51680,471,PIMA,51680,11.744008812300001,3235.985056519999944,511569.023863999987952,1
1820,1821,51681,45,PIMA,51681,8.027798875309999,3213.135088999999880,349690.919007999997120,0
1821,1822,51682,1098,PIMA,51682,108.131272070999998,10098.233733600000051,4710198.211430000141263,0
1822,1823,51683,1044,PIMA,51683,89.104368498400007,8005.655264330000136,3881386.291790000163019,0
1823,1824,51684,236,PIMA,51684,12.339682247000001,2954.868520099999841,537516.558681000024080,0
1824,1825,51685,281,PIMA,51685,9.754283365230000,2609.526723810000021,424896.583388999977615,0
1825,1826,51686,352,PIMA,51686,30.060579040800000,5474.942932969999674,1309438.823020000010729,1
1826,1827,51687,737,PIMA,51687,31.275078293699998,5965.815622750000330,1362342.410470000002533,0
1827,1828,51688,26,PIMA,51688,6.441343050410000,2094.950095539999893,280584.903275999997277,1
1828,1829,51689,26,PIMA,51689,6.674021554360000,2480.025128740000127,290720.378908000013325,1
1829,1830,51690,1049,PIMA,51690,19.943978197200000,5049.475152770000022,868759.690270000020973,0
1830,1831,51691,1049,PIMA,51691,57.780086861999997,6652.825200749999567,2516900.583709999918938,0
1831,1832,51692,1049,PIMA,51692,23.648310799099999,4305.412005049999607,1030120.418410000042059,0
1832,1833,51693,1097,PIMA,51693,107.340808222000007,9656.243132210000113,4675765.606130000203848,0
1833,1834,51694,148,PIMA,51694,309.620600477999972,15666.450187099999312,13487073.356799999251962,0
1834,1835,51695,163,PIMA,51695,25.105976482900001,5078.787802699999702,1093616.335600000107661,0
1835,1836,51696,645,PIMA,51696,35.495110945999997,6486.951624489999631,1546167.032810000004247,0
1836,1837,51697,394,PIMA,51697,10.471606271400001,3192.961124219999874,456143.169183999998495,1
1837,1838,51698,394,PIMA,51698,24.912058588499999,4247.763071489999675,1085169.272120000096038,1
1838,1839,51699,1008,PIMA,51699,41.535223509600002,5408.761899240000275,1809274.336080000037327,0
1839,1840,51700,452,PIMA,51700,27.403807350699999,6357.940398890000324,1193709.848199999891222,1
1840,1841,51701,580,PIMA,51701,15.279954350400001,3225.251289270000143,665594.811504999990575,1
1841,1842,51702,562,PIMA,51702,49.507294425900000,6529.733149040000171,2156537.745190000161529,1
1842,1843,51703,581,PIMA,51703,14.173944351299999,3995.941446729999825,617417.015940999961458,1
1843,1844,51704,587,PIMA,51704,15.202651203300000,3407.177059439999994,662227.486415000050329,1
1844,1845,51705,1036,PIMA,51705,41.625456306799997,7110.703061950000119,1813204.876729999901727,0
1845,1846,51706,1036,PIMA,51706,39.194309203700001,6389.704939709999962,1707304.108909999951720,0
1846,1847,51707,146,PIMA,51707,22.596109670699999,4145.305538790000355,984286.537253999966197,0
1847,1848,51708,502,PIMA,51708,11.647721348899999,2836.758043039999848,507374.741960000013933,1
1848,1849,51709,337,PIMA,51709,11.566178147100000,3165.005712210000183,503822.720090000017080,1
1849,1850,51710,195,PIMA,51710,13.189486413299999,3013.668054839999968,574534.028164000017568,1
1850,1851,51711,762,PIMA,51711,88.000160686800001,8269.883964840000772,3833286.999520000070333,0
1851,1852,51712,774,PIMA,51712,25.077041203800000,4683.448660129999553,1092355.914839999983087,0
1852,1853,51713,1010,PIMA,51713,271.344492757000012,14235.540705299999900,11819766.104499999433756,0
1853,1854,51714,939,PIMA,51714,106.710741308999999,9222.185074999999415,4648319.891440000385046,1
1854,1855,51715,610,PIMA,51715,154.792638667999995,10387.803614300000845,6742767.340400000102818,1
1855,1856,51716,469,PIMA,51716,13.786090766599999,3101.067331939999804,600522.113791999989189,1
1856,1857,51717,285,PIMA,51717,9.226560285220000,2524.448280239999804,401908.966024000023026,0
1857,1858,51718,400,PIMA,51718,14.283681968500000,3850.394906099999844,622197.186546999961138,0
1858,1859,51719,453,PIMA,51719,95.797941821199998,8082.674072339999839,4172958.345730000175536,0
1859,1860,51720,658,PIMA,51720,609.265739611999948,25414.494256900001346,26539615.617499999701977,0
1860,1861,51721,558,PIMA,51721,15.294779189200000,3322.031934029999775,666240.581480999942869,1
1861,1862,51722,575,PIMA,51722,19.537302595200000,4153.670858579999731,851044.901047999970615,1
1862,1863,51723,477,PIMA,51723,300.054173772000013,15141.930522900000142,13070359.809499999508262,1
1863,1864,51724,442,PIMA,51724,19.779409098999999,3953.947163849999924,861591.060352999949828,0
1864,1865,51725,442,PIMA,51725,9.841173126859999,2600.970354059999863,428681.501405999995768,0
1865,1866,51726,304,PIMA,51726,9.783229283260001,2906.614591839999775,426157.467578999989200,1
1866,1867,51727,1050,PIMA,51727,91.095733382199995,8809.295571700000437,3968130.146129999775440,0
1867,1868,51728,1052,PIMA,51728,65.497818781000007,8169.655321919999551,2853084.986099999863654,0
1868,1869,51729,43,PIMA,51729,24.678863850900001,4303.026893889999883,1075011.309349999995902,0
1869,1870,51730,256,PIMA,51730,40.985192628199997,5734.751245759999620,1785314.990879999939352,0
1870,1871,51731,1008,PIMA,51731,13.050175048600000,3143.441341180000109,568465.625115999951959,1
1871,1872,51732,1048,PIMA,51732,77.881566278199998,7848.561244890000125,3392521.027079999912530,0
1872,1873,51733,1038,PIMA,51733,9.935351534690000,2645.033979920000093,432783.912850999971852,0
1873,1874,51734,1038,PIMA,51734,28.643882760099999,4595.319973499999833,1247727.533030000049621,0
1874,1875,51735,1045,PIMA,51735,38.664594055899997,5275.917238230000294,1684229.717070000013337,0
1875,1876,51736,707,PIMA,51736,46.111658525599999,6191.484125809999568,2008623.845380000071600,0
1876,1877,51737,170,PIMA,51737,20.433842141700001,3989.708807009999873,890098.163691999972798,0
1877,1878,51738,216,PIMA,51738,15.117342720800000,3298.715612240000155,658511.448919999995269,0
1878,1879,51739,216,PIMA,51739,23.631451740300001,4463.800470389999646,1029386.037810000008903,0
1879,1880,51740,702,PIMA,51740,48.450972448199998,6868.896646309999596,2110524.359840000048280,0
1880,1881,51741,731,PIMA,51741,9.904176739180000,2714.590414029999920,431425.938758999982383,0
1881,1882,51742,573,PIMA,51742,11.951570771600000,3413.324010429999817,520610.422812999982852,1
1882,1883,51743,67,PIMA,51743,37.830009108799999,7340.003950479999730,1647875.196780000114813,0
1883,1884,51744,674,PIMA,51744,787.823660271999984,39505.363262099999702,34317598.641400001943111,0
1884,1885,51745,468,PIMA,51745,19.123219504100000,3823.050205189999815,833007.441600000020117,1
1885,1886,51746,454,PIMA,51746,35.862502032000002,6785.104862000000139,1562170.588519999990240,1
1886,1887,51747,550,PIMA,51747,13.863377105800000,4027.889316769999823,603888.706726999953389,1
1887,1888,51748,526,PIMA,51748,17.399475745899998,3634.938406270000087,757921.163489999948069,1
1888,1889,51749,288,PIMA,51749,32.570916396800001,4784.270444810000299,1418789.118239999981597,1
1889,1890,51750,500,PIMA,51750,6.056611266380000,2129.683038740000029,263825.986763999972027,1
1890,1891,51751,462,PIMA,51751,19.791313109499999,3920.756170699999984,862109.599049999960698,0
1891,1892,51752,962,PIMA,51752,140.406743943000009,12678.645093700000871,6116117.766149999573827,0
1892,1893,51753,1037,PIMA,51753,34.802689600299999,5423.611396880000029,1516005.158989999908954,0
1893,1894,51754,159,PIMA,51754,31.364075794000001,5443.862577650000276,1366219.141589999897406,0
1894,1895,51755,992,PIMA,51755,381.045224508999979,19268.356931499998609,16598329.979599999263883,0
1895,1896,51756,754,PIMA,51756,246.404667173000007,14121.176564600000347,10733387.302100000903010,0
1896,1897,51757,745,PIMA,51757,126.532686232000003,9671.724321539999437,5511763.812280000187457,0
1897,1898,51758,263,PIMA,51758,23.691286949999999,4627.748524599999655,1031992.459539999952540,0
1898,1899,51759,275,PIMA,51759,16.840385534199999,4436.091533189999609,733567.193868999951519,0
1899,1900,51760,765,PIMA,51760,1913.960039649999999,36944.190613200000371,83372099.327199995517731,0
1900,1901,51761,418,PIMA,51761,34.188058181499997,5325.553398129999550,1489231.814380000112578,0
1901,1902,51762,234,PIMA,51762,16.578066035500001,3445.732990609999888,722140.556504999985918,0
1902,1903,51763,1052,PIMA,51763,16.284197466599998,3478.023452230000203,709339.641646999982186,0
1903,1904,51764,1077,PIMA,51764,8.887672250800000,2657.159251909999966,387147.003245000028983,0
1904,1905,51765,1045,PIMA,51765,28.057211395700001,4831.158629030000156,1222172.128400000045076,0
1905,1906,51766,1060,PIMA,51766,46.782885411599999,6754.271849699999620,2037862.488529999973252,0
1906,1907,51767,1033,PIMA,51767,29.341860370999999,5220.866154559999814,1278131.437759999884292,0
1907,1908,51768,749,PIMA,51768,21.800009485699999,4884.484568670000044,949608.413195000030100,0
1908,1909,51769,753,PIMA,51769,167.332486719000002,11230.827085099999749,7289003.121460000053048,0
1909,1910,51770,893,PIMA,51770,98.302770449600004,10334.336518599999181,4282068.680780000053346,1
1910,1911,51771,182,PIMA,51771,11.143679151600001,2819.075129979999929,485418.663842000009026,1
1911,1912,51772,171,PIMA,51772,15.454358389899999,3392.912276949999978,673191.851465999963693,0
1912,1913,51773,315,PIMA,51773,82.099707212300004,7982.546106269999655,3576263.246170000173151,0
1913,1914,51774,713,PIMA,51774,159.503657610000005,10539.299216499999602,6947979.325489999726415,0
1914,1915,51775,424,PIMA,51775,40.259059366999999,5298.021324729999833,1753684.626029999926686,0
1915,1916,51776,18,PIMA,51776,17.367180843800000,3731.333588940000027,756514.397558000055142,1
1916,1917,51777,534,PIMA,51777,10.064082121900000,2672.018203860000085,438391.417231999977957,1
1917,1918,51778,534,PIMA,51778,5.055968925240000,1986.090938649999998,220238.006382999999914,1
1918,1919,51779,500,PIMA,51779,10.240656703799999,2691.470193499999823,446083.006015999999363,1
1919,1920,51780,19,PIMA,51780,31.437680949499999,4927.289764629999809,1369425.382160000037402,0
1920,1921,51781,434,PIMA,51781,12.539944780500001,4511.320184330000302,546239.994639000040479,1
1921,1922,51782,437,PIMA,51782,23.146109152499999,4351.189707880000242,1008244.514680000022054,1
1922,1923,51783,173,PIMA,51783,23.447561547100001,4050.451361970000107,1021375.780989999999292,0
1923,1924,51784,1011,PIMA,51784,57.346056061699997,7988.786988900000324,2497994.202049999963492,1
1924,1925,51785,583,PIMA,51785,7.152791439430000,2365.032466709999881,311575.595101999992039,1
1925,1926,51786,610,PIMA,51786,13.452258513200000,3018.208773039999869,585980.380832999944687,1
1926,1927,51787,550,PIMA,51787,40.470947744400000,6188.852997539999706,1762914.483749999897555,1
1927,1928,51788,379,PIMA,51788,27.935001922000001,4469.652257859999736,1216848.683720000088215,1
1928,1929,51789,1013,PIMA,51789,215.799996789999994,12351.300996600000872,9400247.860160000622272,0
1929,1930,51790,373,PIMA,51790,5.474660782210000,2042.301563069999929,238476.223673000000417,1
1930,1931,51791,374,PIMA,51791,10.068156707800000,2651.311521919999905,438568.906193999981042,1
1931,1932,51792,425,PIMA,51792,4.813550977770000,1835.398966759999894,209678.280590999987908,0
1932,1933,51793,400,PIMA,51793,12.336159254200000,3796.805352649999804,537363.097114000003785,0
1933,1934,51794,144,PIMA,51794,17.485679807200000,3467.782961729999897,761676.212400999967940,0
1934,1935,51795,141,PIMA,51795,15.636988084700000,4099.368145749999712,681147.200971000012942,0
1935,1936,51796,731,PIMA,51796,10.075620013500000,3327.822512369999913,438894.007788999995682,0
1936,1937,51797,221,PIMA,51797,10.205104244799999,3321.636551990000044,444534.340902000025380,0
1937,1938,51798,709,PIMA,51798,30.182881507400001,4961.198087179999675,1314766.318459999980405,0
1938,1939,51799,893,PIMA,51799,42.430020111200001,5826.623735109999870,1848251.676049999892712,1
1939,1940,51800,398,PIMA,51800,15.754689131799999,4385.239094399999885,686274.258580000023358,0
1940,1941,51801,256,PIMA,51801,30.607530659399998,4738.725961950000055,1333264.035519999917597,0
1941,1942,51802,256,PIMA,51802,13.183569655099999,3143.769439759999841,574276.294177999952808,0
1942,1943,51803,137,PIMA,51803,25.854258675800001,5175.496259659999851,1126211.507920000003651,0
1943,1944,51804,159,PIMA,51804,11.760946324100001,3065.464887869999984,512306.821877999987919,0
1944,1945,51805,1039,PIMA,51805,140.850837415000001,9911.784071719999702,6135462.477789999917150,0
1945,1946,51806,1051,PIMA,51806,4.189414277920000,1733.586795780000102,182490.885945999994874,1
1946,1947,51807,9,PIMA,51807,1.631693366220000,1214.515023989999918,71076.563032599995495,0
1947,1948,51808,50,PIMA,51808,3.972845934180000,1673.467486770000050,173057.168892999994569,0
1948,1949,51809,376,PIMA,51809,5.164086538990000,1901.603153790000079,224947.609637999994447,1
1949,1950,51810,376,PIMA,51810,5.065759974590000,1879.867293210000071,220664.504492999985814,1
1950,1951,51811,632,PIMA,51811,20.037517829199999,3756.230253010000069,872834.276638000039384,1
1951,1952,51812,1077,PIMA,51812,41.499161135700000,6058.849295469999561,1807703.459070000099018,0
1952,1953,51813,967,PIMA,51813,24.243255037200001,5085.082029180000063,1056036.189419999951497,0
1953,1954,51814,967,PIMA,51814,90.431999094999995,9003.014497019999908,3939217.880580000113696,0
1954,1955,51815,162,PIMA,51815,21.620100100399998,3993.303356230000190,941771.560375000000931,0
1955,1956,51816,937,PIMA,51816,41.625178403900001,6396.566263609999623,1813192.771279999986291,0
1956,1957,51817,883,PIMA,51817,14329.732444400000531,110286.061323999994784,624203145.276999950408936,1
1957,1958,51818,557,PIMA,51818,29.056308566900000,5505.152140649999637,1265692.801170000107959,1
1958,1959,51819,536,PIMA,51819,8.494500555949999,2450.782202639999923,370020.444216999982018,1
1959,1960,51820,473,PIMA,51820,16.504672048000000,3488.104062729999896,718943.514411999960430,1
1960,1961,51821,234,PIMA,51821,15.847017963000001,3966.682023689999824,690296.102467000018805,0
1961,1962,51822,234,PIMA,51822,8.412451889650001,3103.958086170000115,366446.404312999977265,0
1962,1963,51823,1052,PIMA,51823,68.593200177599996,8047.891777509999883,2987919.799740000162274,0
1963,1964,51824,693,PIMA,51824,25.743448645099999,4344.198997469999995,1121384.622979999985546,0
1964,1965,51825,1102,PIMA,51825,27.224188658500001,4377.409196769999653,1185885.657959999982268,0
1965,1966,51826,1102,PIMA,51826,33.091192293299997,4928.324521399999867,1441452.336300000082701,0
1966,1967,51827,1102,PIMA,51827,90.586489254499995,9330.768598489999931,3945947.471929999999702,0
1967,1968,51828,1102,PIMA,51828,16.224069263899999,3351.032399860000169,706720.457137000048533,0
1968,1969,51829,974,PIMA,51829,164.068822839999996,11501.319995100000597,7146837.922890000045300,0
1969,1970,51830,405,PIMA,51830,4.620411679470000,1932.132019919999948,201265.132757999992464,1
1970,1971,51831,405,PIMA,51831,4.891145543510000,1960.033742860000075,213058.299874999996973,1
1971,1972,51832,405,PIMA,51832,5.102895050850000,2009.951483880000069,222282.108414999995148,1
1972,1973,51833,1077,PIMA,51833,88.635980587899994,8844.435752380000849,3860983.314410000108182,0
1973,1974,51834,163,PIMA,51834,21.612496144000001,3896.517470580000008,941440.332032999955118,0
1974,1975,51835,336,PIMA,51835,326.509608962000016,15777.303004100000180,14222758.566400000825524,1
1975,1976,51836,993,PIMA,51836,45.263860263799998,5914.525140730000203,1971693.753090000012890,1
1976,1977,51837,1003,PIMA,51837,24.966364144200000,4233.850741549999839,1087534.822119999909773,1
1977,1978,51838,468,PIMA,51838,9.630016873680001,2591.364679299999807,419483.535016999987420,1
1978,1979,51839,619,PIMA,51839,27.564785393200001,4543.788657660000354,1200722.051729999948293,0
1979,1980,51840,587,PIMA,51840,15.022016792300001,3675.657959130000108,654359.051470999955200,1
1980,1981,51841,1059,PIMA,51841,11.238423756600000,2916.428452489999927,489545.738835999974981,0
1981,1982,51842,1036,PIMA,51842,23.857916838800001,4460.819974459999685,1039250.857500000041910,0
1982,1983,51843,672,PIMA,51843,201.608081489000000,14329.745047599999452,8782048.029650000855327,0
1983,1984,51844,374,PIMA,51844,10.054666377900000,2645.397546589999820,437981.267419999989215,1
1984,1985,51845,399,PIMA,51845,10.284677083300000,2696.364515270000084,448000.533745999971870,1
1985,1986,51846,403,PIMA,51846,10.081553133800000,2631.759574119999797,439152.454510000010487,1
1986,1987,51847,403,PIMA,51847,10.216004081600000,2670.928619910000180,445009.137794999987818,1
1987,1988,51848,505,PIMA,51848,17.681687163700001,3535.140775389999817,770214.292848999961279,1
1988,1989,51849,492,PIMA,51849,15.786687344200001,3650.024817200000143,687668.100713000050746,1
1989,1990,51850,492,PIMA,51850,15.742609135900000,3595.978725380000014,685748.053960000048392,1
1990,1991,51851,468,PIMA,51851,9.867449173810000,2646.610377989999961,429826.086010999977589,1
1991,1992,51852,472,PIMA,51852,9.896740005640000,3218.255163989999801,431101.994645999977365,1
1992,1993,51853,472,PIMA,51853,19.096737467499999,3853.684883190000164,831853.884082000004128,1
1993,1994,51854,472,PIMA,51854,9.448011074780000,3212.712198520000129,411555.362416999996640,1
1994,1995,51855,277,PIMA,51855,20.213035994900000,3846.101517879999847,880479.847937999991700,1
1995,1996,51856,647,PIMA,51856,56.823166466700002,6308.770637270000407,2475217.131289999932051,0
1996,1997,51857,518,PIMA,51857,9.976864609210001,2635.889673870000024,434592.222377000027336,1
1997,1998,51858,392,PIMA,51858,10.046543803100001,2648.470057470000029,437627.448065000004135,1
1998,1999,51859,390,PIMA,51859,8.962669001400000,2488.944819559999814,390413.861701000016183,1
1999,2000,51860,378,PIMA,51860,153.479440202000006,10357.067121100000804,6685564.415199999697506,0
2000,2001,51861,390,PIMA,51861,30.449654356500002,4827.590801930000453,1326386.943770000012591,1
2001,2002,51862,389,PIMA,51862,21.217402135299999,4183.858983539999826,924230.037016000016592,0
2002,2003,51863,201,PIMA,51863,24.697889438299999,4768.158220940000319,1075840.063929999945685,0
2003,2004,51864,979,PIMA,51864,148.567771974999999,9995.078756029999568,6471612.147219999693334,0
2004,2005,51865,962,PIMA,51865,10.211749675700000,3066.136197540000012,444823.815873000014108,0
2005,2006,51866,962,PIMA,51866,81.560502224700002,8527.637887839999166,3552775.476910000201315,0
2006,2007,51867,962,PIMA,51867,111.799871937999995,8766.939011189999292,4870002.421629999764264,0
2007,2008,51868,962,PIMA,51868,132.122859704999996,9829.210729419999552,5755271.768740000203252,0
2008,2009,51869,1084,PIMA,51869,133.976184815000011,9872.276457759999175,5836002.610530000180006,0
2009,2010,51870,52,PIMA,51870,7.487756022480000,2588.108451779999996,326166.652339000022039,1
2010,2011,51871,515,PIMA,51871,6.872670684590000,2199.332401990000108,299373.535021000017878,1
2011,2012,51872,620,PIMA,51872,27.418392102300000,4717.357764729999872,1194345.159979999996722,0
2012,2013,51873,487,PIMA,51873,9.892749522930000,3070.112781580000046,430928.169218999973964,0
2013,2014,51874,1101,PIMA,51874,74.102533056799999,8502.040870229999200,3227906.339949999935925,0
2014,2015,51875,191,PIMA,51875,90.432099940699999,8778.274400250000326,3939222.273419999983162,0
2015,2016,51876,986,PIMA,51876,117.291251994999996,10747.944297000000006,5109206.936900000087917,0
2016,2017,51877,1100,PIMA,51877,84.910704137400003,9751.045956370000567,3698710.272229999769479,0
2017,2018,51878,409,PIMA,51878,325.118419443999983,15878.967457900000227,14162158.350999999791384,1
2018,2019,51879,365,PIMA,51879,304.940187014000003,15611.273079099999450,13283194.546299999579787,1
2019,2020,51880,937,PIMA,51880,54.957674028000000,6411.842050549999840,2393956.280660000164062,0
2020,2021,51881,996,PIMA,51881,36.932845106300000,6564.403465520000282,1608794.732830000109971,1
2021,2022,51882,1003,PIMA,51882,28.942136664500001,5094.740825750000113,1260719.473109999904409,1
2022,2023,51883,1003,PIMA,51883,24.402023860100002,4254.914280199999666,1062952.159340000012890,1
2023,2024,51884,292,PIMA,51884,20.312204019999999,4007.005825270000059,884799.607108999975026,1
2024,2025,51885,361,PIMA,51885,10.181550905500000,2665.486555559999942,443508.357443000015337,1
2025,2026,51886,361,PIMA,51886,9.999377797830000,2638.855557750000116,435572.896874000027310,1
2026,2027,51887,371,PIMA,51887,9.900709654640000,2612.626995269999952,431274.912555999995675,1
2027,2028,51888,361,PIMA,51888,20.210675743700001,3981.052643749999788,880377.035398000036366,1
2028,2029,51889,263,PIMA,51889,17.466176636400000,4089.549832159999823,760826.654283000039868,0
2029,2030,51890,340,PIMA,51890,9.828812476620000,2621.306360059999861,428143.071481999999378,1
2030,2031,51891,285,PIMA,51891,7.178901209420000,2227.518498660000205,312712.936681999999564,0
2031,2032,51892,1089,PIMA,51892,80.228091314400004,8607.043719979999878,3494735.657660000026226,1
2032,2033,51893,703,PIMA,51893,78.935144281700005,7831.205880219999926,3438414.884910000022501,0
2033,2034,51894,491,PIMA,51894,20.689678638000000,5159.704284110000117,901242.401472999947146,1
2034,2035,51895,1078,PIMA,51895,20.991133117099999,3994.000675539999975,914373.758582000038587,0
2035,2036,51896,388,PIMA,51896,10.121195936199999,2628.298288529999809,440879.294980000006035,1
2036,2037,51897,403,PIMA,51897,9.874100566699999,2602.296017810000194,430115.820685999991838,1
2037,2038,51898,374,PIMA,51898,9.938023081540001,2620.991444509999837,432900.285432000004221,1
2038,2039,51899,405,PIMA,51899,10.043954610000000,2624.516999729999952,437514.662812999973539,1
2039,2040,51900,434,PIMA,51900,17.862422578200000,3751.899032599999828,778087.127506999997422,1
2040,2041,51901,111,PIMA,51901,25.943786467799999,4337.732606630000191,1130111.338539999909699,0
2041,2042,51902,460,PIMA,51902,10.678203902300000,2730.622580830000061,465142.561985999986064,0
2042,2043,51903,620,PIMA,51903,41.132706728599999,6344.566036279999935,1791740.705099999904633,0
2043,2044,51904,1071,PIMA,51904,12.494358378999999,2927.449265339999783,544254.250990999978967,0
2044,2045,51905,1103,PIMA,51905,13.093297880800000,3137.192907889999788,570344.055687000043690,0
2045,2046,51906,161,PIMA,51906,54.323123825600000,7072.846778959999938,2366315.273839999921620,0
2046,2047,51907,143,PIMA,51907,66.993571451700006,7821.070655780000379,2918239.972440000157803,0
2047,2048,51908,912,PIMA,51908,685.690399874000036,21893.115753300000506,29868673.818500000983477,0
2048,2049,51909,290,PIMA,51909,15.489882391000000,3362.039527420000013,674739.276950999977998,0
2049,2050,51910,281,PIMA,51910,10.051677320000000,2654.719494940000004,437851.064060000004247,0
2050,2051,51911,247,PIMA,51911,6.249372860070000,2153.567027330000201,272222.681784000014886,0
2051,2052,51912,263,PIMA,51912,8.444079797760001,2632.673577739999928,367824.115990000020247,0
2052,2053,51913,15,PIMA,51913,2.218339377810000,1231.117555099999890,96630.863297599993530,1
2053,2054,51914,333,PIMA,51914,703.561291646999962,22107.562379700000747,30647129.864199999719858,1
2054,2055,51915,252,PIMA,51915,12.305598574799999,2934.901669580000089,536031.873919000034221,0
2055,2056,51916,236,PIMA,51916,18.716227645200000,4365.857519760000287,815278.876222999999300,0
2056,2057,51917,437,PIMA,51917,13.928128759800000,3819.461571899999853,606709.288776000030339,1
2057,2058,51918,397,PIMA,51918,9.562307141240000,2794.794512710000163,416534.099073000019416,1
2058,2059,51919,352,PIMA,51919,12.330683547800000,2933.748819070000081,537124.575343000004068,1
2059,2060,51920,1093,PIMA,51920,824.029000179000036,24165.458338699998421,35894703.247800000011921,0
2060,2061,51921,1011,PIMA,51921,13.453870246499999,3337.750649929999781,586050.587937999982387,1
2061,2062,51922,583,PIMA,51922,3.802927006940000,1791.852202100000113,165655.500422000011895,1
2062,2063,51923,291,PIMA,51923,5.905990824070000,2169.324490059999789,257264.960297000012361,1
2063,2064,51924,1060,PIMA,51924,15.409833458500000,3530.936379809999835,671252.345453000045381,0
2064,2065,51925,1045,PIMA,51925,65.172053954999996,6906.396678590000192,2838894.670280000194907,0
2065,2066,51926,720,PIMA,51926,15.517695163799999,4031.110071839999819,675950.801336999982595,0
2066,2067,51927,720,PIMA,51927,35.483819601800000,5020.562665389999893,1545675.181850000051782,0
2067,2068,51928,720,PIMA,51928,42.729120003500000,5521.685192670000106,1861280.467350000049919,0
2068,2069,51929,720,PIMA,51929,29.508778206799999,4576.293678320000254,1285402.378689999924973,0
2069,2070,51930,720,PIMA,51930,80.868063177899998,7921.547083790000215,3522612.832030000165105,0
2070,2071,51931,58,PIMA,51931,14.049377964200000,3539.234566959999938,611990.904121999978088,0
2071,2072,51932,256,PIMA,51932,5.237434601530000,1930.097610970000005,228142.651243000000250,0
2072,2073,51933,170,PIMA,51933,24.482288383600000,4476.339634099999785,1066448.481990000000224,0
2073,2074,51934,970,PIMA,51934,27.467146186600001,5022.975436970000374,1196468.887889999896288,0
2074,2075,51935,329,PIMA,51935,10.068011856200000,2649.590442709999934,438562.596457000006922,0
2075,2076,51936,577,PIMA,51936,11.667599334500000,4269.969065129999763,508240.627009999996517,0
2076,2077,51937,573,PIMA,51937,9.999477559100001,2666.788285929999802,435577.242474000027869,1
2077,2078,51938,501,PIMA,51938,9.822267675280001,2618.597064409999803,427857.979935000010300,1
2078,2079,51939,263,PIMA,51939,13.411761222000001,2936.749908459999915,584216.318830000003800,0
2079,2080,51940,247,PIMA,51940,11.366471829600000,3074.163172000000031,495123.512897000007797,0
2080,2081,51941,263,PIMA,51941,5.794300831580000,2107.581481300000178,252399.744223999994574,0
2081,2082,51942,290,PIMA,51942,37.227592201800000,5604.653185080000185,1621633.916310000000522,0
2082,2083,51943,954,PIMA,51943,1288.860072409999930,29451.909814800001186,56142744.754100002348423,0
2083,2084,51944,335,PIMA,51944,930.130512952000004,28666.758817099998851,40516485.144199997186661,1
2084,2085,51945,223,PIMA,51945,734.650662428000032,23981.254360499999166,32001382.855300001800060,0
2085,2086,51946,271,PIMA,51946,886.869619113999988,25300.438000599999214,38632040.608599998056889,0
2086,2087,51947,266,PIMA,51947,688.965609564000033,23035.152516999998625,30011341.952599998563528,0
2087,2088,51948,265,PIMA,51948,608.794267622000007,20577.441209600001457,26519078.297600001096725,0
2088,2089,51949,267,PIMA,51949,451.139369009999996,18159.130528000001505,19651630.914099998772144,0
2089,2090,51950,207,PIMA,51950,660.302295811000022,21675.776823899999727,28762768.005499999970198,0
2090,2091,51951,205,PIMA,51951,553.670799909000038,19804.107867999999144,24117900.043999999761581,0
2091,2092,51952,238,PIMA,51952,530.692047588000037,19221.859660099999019,23116945.592900000512600,0
2092,2093,51953,246,PIMA,51953,431.136478693000015,17428.702309600001172,18780305.011900000274181,0
2093,2094,51954,987,PIMA,51954,166.162275940000001,11269.547077400000489,7238028.739930000156164,0
2094,2095,51955,983,PIMA,51955,162.159842348000012,10411.937475500000801,7063682.732680000364780,0
2095,2096,51956,986,PIMA,51956,198.925825330999999,12321.198533900000257,8665208.951440000906587,0
2096,2097,51957,1100,PIMA,51957,98.120104539899998,8501.953146500000003,4274111.753759999759495,0
2097,2098,51958,633,PIMA,51958,642.966468029999987,21903.701346400001057,28007619.347399998456240,0
2098,2099,51959,1001,PIMA,51959,494.565019701999972,19676.370923400001629,21543252.258200000971556,0
2099,2100,51960,1001,PIMA,51960,38.874234271299997,5650.839662450000105,1693361.644859999883920,0
2100,2101,51961,1001,PIMA,51961,240.931558927999987,13238.639394300000276,10494978.706900000572205,0
2101,2102,51962,972,PIMA,51962,58.534087675800002,6749.821171309999954,2549744.859159999992698,0
2102,2103,51963,970,PIMA,51963,6.714175287690000,2304.859911959999863,292469.475532000011299,0
2103,2104,51964,970,PIMA,51964,8.937447062410000,2613.738370969999778,389315.194038000016008,0
2104,2105,51965,970,PIMA,51965,18.047061837400001,3789.057330149999871,786130.013638000003994,0
2105,2106,51966,970,PIMA,51966,17.501253828900001,3942.632391640000151,762354.616785999969579,0
2106,2107,51967,970,PIMA,51967,39.023480148700003,6428.850325639999937,1699862.795279999962077,0
2107,2108,51968,977,PIMA,51968,10.646507256800000,2692.353738079999857,463761.856107999978121,0
2108,2109,51969,972,PIMA,51969,38.033388457100003,5943.396539360000133,1656734.401189999887720,0
2109,2110,51970,972,PIMA,51970,29.415360390699998,4758.029460499999914,1281333.098620000062510,0
2110,2111,51971,971,PIMA,51971,45.911930897799998,7299.644650000000183,1999923.709909999975935,0
2111,2112,51972,971,PIMA,51972,50.206241670700003,7537.928740219999781,2186983.887180000077933,0
2112,2113,51973,971,PIMA,51973,108.711228434999995,9913.811925019999762,4735461.110609999857843,0
2113,2114,51974,974,PIMA,51974,400.366199112000004,17232.172073500001716,17439951.633299998939037,0
2114,2115,51975,972,PIMA,51975,205.056169143999995,12735.844632000000274,8932246.727900000289083,0
2115,2116,51976,1096,PIMA,51976,186.568289539999995,13806.317054499999358,8126914.692370000295341,0
2116,2117,51977,288,PIMA,51977,29.813865778899999,4741.615899919999720,1298691.993329999968410,1
2117,2118,51978,322,PIMA,51978,42.359063013499998,6560.347405380000055,1845160.784870000090450,0
2118,2119,51979,314,PIMA,51979,48.375181425800001,5941.871521799999755,2107222.902910000178963,0
2119,2120,51980,322,PIMA,51980,12.528854601100001,2976.346028229999774,545756.906425999943167,0
2120,2121,51981,200,PIMA,51981,48.720289473999998,5876.160688410000148,2122255.809489999897778,0
2121,2122,51982,200,PIMA,51982,59.736395929899999,6566.840030319999642,2602117.406709999777377,0
2122,2123,51983,196,PIMA,51983,31.365227089899999,4958.959574149999753,1366269.292039999971166,0
2123,2124,51984,196,PIMA,51984,8.339514390510001,2399.532226220000211,363269.246851000003517,0
2124,2125,51985,616,PIMA,51985,64.770163144899996,8205.898239419999300,2821388.306590000167489,1
2125,2126,51986,200,PIMA,51986,228.717266217000002,14175.750146599999425,9962924.116429999470711,0
2126,2127,51987,295,PIMA,51987,705.575664226999947,22255.596110200000112,30734875.933699999004602,1
2127,2128,51988,294,PIMA,51988,724.393626311000048,22653.859609700000874,31554586.362100001424551,1
2128,2129,51989,316,PIMA,51989,221.748406339000013,12282.283417099999497,9659360.580119999125600,0
2129,2130,51990,613,PIMA,51990,75.372186313800000,7339.770186159999867,3283212.435829999856651,1
2130,2131,51991,684,PIMA,51991,151.659221437000014,10416.702763900000718,6606275.685809999704361,0
2131,2132,51992,684,PIMA,51992,171.481941667000001,11812.999191499999142,7469753.378999999724329,0
2132,2133,51993,694,PIMA,51993,109.423907189000005,9589.861304649999511,4766505.397160000167787,0
2133,2134,51994,215,PIMA,51994,9.016648575590001,2563.672833569999966,392765.211952999990899,0
2134,2135,51995,215,PIMA,51995,17.602995529499999,3719.680533239999932,766786.485267000040039,0
2135,2136,51996,215,PIMA,51996,21.364337114200001,4008.191307139999935,930630.524695000029169,0
2136,2137,51997,104,PIMA,51997,394.389382425000008,18559.290060700001050,17179601.498399998992682,0
2137,2138,51998,928,PIMA,51998,2015.472510509999893,37822.970563299997593,87793982.557699993252754,0
2138,2139,51999,91,PIMA,51999,192.506450999000009,11744.909179199999926,8385581.005520000122488,0
2139,2140,52000,100,PIMA,52000,164.475879324999994,10707.898500499999500,7164569.303410000167787,0
2140,2141,52001,960,PIMA,52001,676.547028852000039,21902.649403600000369,29470388.576799999922514,1
2141,2142,52002,316,PIMA,52002,323.189225694000015,15860.806046699999570,14078122.671199999749660,0
2142,2143,52003,283,PIMA,52003,652.407469415000037,21296.138053700000455,28418869.367699999362230,0
2143,2144,52004,154,PIMA,52004,14.558011030599999,3190.299222160000227,634146.960492999991402,0
2144,2145,52005,154,PIMA,52005,60.193079000899999,6937.377975489999699,2622010.521279999986291,0
2145,2146,52006,226,PIMA,52006,31.979854335300001,5082.557387959999687,1393042.454850000096485,0
2146,2147,52007,226,PIMA,52007,99.470892906000003,10856.138586999999461,4332952.094990000128746,0
2147,2148,52008,226,PIMA,52008,37.005086931500003,5785.975403770000412,1611941.586739999940619,0
2148,2149,52009,226,PIMA,52009,34.616994366100002,4787.330351300000075,1507916.274590000044554,0
2149,2150,52010,230,PIMA,52010,61.851847680900001,9191.224356149999949,2694266.484980000182986,0
2150,2151,52011,637,PIMA,52011,102.524563241999999,8594.015248159999828,4465969.974820000119507,0
2151,2152,52012,637,PIMA,52012,79.637189409900003,8698.148835390000386,3468995.970699999947101,0
2152,2153,52013,911,PIMA,52013,1554.893748019999975,32508.156388399998832,67726053.693000003695488,0
2153,2154,52014,261,PIMA,52014,640.255857059000050,21346.823302600001625,27889545.133499998599291,0
2154,2155,52015,748,PIMA,52015,24.506660343099998,5266.433737340000334,1067510.124539999989793,0
2155,2156,52016,748,PIMA,52016,43.673969396799997,6011.041205730000001,1902438.106919999932870,0
2156,2157,52017,748,PIMA,52017,35.048389223500003,5066.667477179999878,1526707.834580000024289,0
2157,2158,52018,471,PIMA,52018,9.490091218630001,2650.726500109999961,413388.373482999973930,1
2158,2159,52019,471,PIMA,52019,9.124529516440001,2592.355961320000006,397464.505736000020988,1
2159,2160,52020,471,PIMA,52020,16.941616802599999,3480.480563850000181,737976.827922999975272,1
2160,2161,52021,434,PIMA,52021,20.490470618600000,4365.514546219999829,892564.900147999986075,1
2161,2162,52022,434,PIMA,52022,23.026020266600000,5198.556874009999774,1003013.442810000036843,1
2162,2163,52023,434,PIMA,52023,20.153868005500001,4345.423365450000347,877902.490318999974988,1
2163,2164,52024,435,PIMA,52024,10.899960586700001,3395.628695160000007,474802.283157000027131,0
2164,2165,52025,447,PIMA,52025,14.691034720299999,3315.386650559999907,639941.472416999982670,0
2165,2166,52026,447,PIMA,52026,12.587630173299999,2966.189678730000196,548317.170348000014201,0
2166,2167,52027,393,PIMA,52027,53.471576760900000,6441.065107880000141,2329221.883700000122190,0
2167,2168,52028,393,PIMA,52028,21.829410293199999,4130.082268539999859,950889.112373000010848,0
2168,2169,52029,393,PIMA,52029,20.250529830400001,4047.305223089999799,882113.079411000013351,0
2169,2170,52030,508,PIMA,52030,33.941307189699998,5393.602845069999603,1478483.341179999988526,1
2170,2171,52031,508,PIMA,52031,19.600210034000000,3714.850884769999993,853785.149083000025712,1
2171,2172,52032,547,PIMA,52032,10.694226951799999,3369.258916799999952,465840.526020999997854,1
2172,2173,52033,524,PIMA,52033,24.797668884400000,4528.664425510000001,1080186.456609999993816,1
2173,2174,52034,524,PIMA,52034,12.077019999299999,2910.243213390000165,526074.991171999950893,1
2174,2175,52035,524,PIMA,52035,7.882154012960000,2363.986300330000176,343346.628804999985732,1
2175,2176,52036,524,PIMA,52036,20.932272128899999,3870.843113389999871,911809.773934999946505,1
2176,2177,52037,524,PIMA,52037,24.240994084499999,4482.175619450000340,1055937.702319999923930,1
2177,2178,52038,999,PIMA,52038,36.023377054100003,6464.588560590000270,1569178.304479999933392,0
2178,2179,52039,509,PIMA,52039,10.398288846200000,2786.586526399999912,452949.462141999974847,1
2179,2180,52040,509,PIMA,52040,6.261431619530000,2362.525974000000133,272747.961346999974921,1
2180,2181,52041,493,PIMA,52041,25.959681327900000,4666.562676530000317,1130803.718640000093728,1
2181,2182,52042,471,PIMA,52042,13.410325037700000,3097.304818909999995,584153.758642000029795,1
2182,2183,52043,471,PIMA,52043,11.077837031500000,3040.143254210000123,482550.581092000007629,1
2183,2184,52044,461,PIMA,52044,28.529420104400000,5213.459437010000329,1242741.539749999996275,1
2184,2185,52045,497,PIMA,52045,1.971920963560000,1278.410914049999974,85896.877172599997721,1
2185,2186,52046,492,PIMA,52046,33.563926804200001,6682.389873289999741,1462044.651589999906719,1
2186,2187,52047,496,PIMA,52047,11.341087856300000,2826.401095379999788,494017.787018999981228,1
2187,2188,52048,474,PIMA,52048,19.421312534599998,4404.782862220000425,845992.374004999990575,1
2188,2189,52049,46,PIMA,52049,6.551040054240000,2159.268642609999915,285363.304761999985203,0
2189,2190,52050,37,PIMA,52050,5.213429051440000,1906.637324170000056,227096.969481000007363,0
2190,2191,52051,59,PIMA,52051,8.575876083120001,2466.732775349999883,373565.162180999992415,0
2191,2192,52052,42,PIMA,52052,4.488099821910000,1894.740562310000087,195501.628243000013754,0
2192,2193,52053,290,PIMA,52053,13.294342632599999,3628.785774359999778,579101.565075000049546,0
2193,2194,52054,290,PIMA,52054,12.624072015299999,3245.046321329999955,549904.576985000050627,0
2194,2195,52055,282,PIMA,52055,17.927291859600000,3732.158159449999857,780912.833402000018395,0
2195,2196,52056,282,PIMA,52056,15.251933440000000,3334.822713179999937,664374.220644999993965,0
2196,2197,52057,248,PIMA,52057,26.936456718999999,4343.283798649999881,1173352.054680000059307,0
2197,2198,52058,256,PIMA,52058,4.535909817730000,1836.909234740000102,197584.231659999990370,0
2198,2199,52059,256,PIMA,52059,4.582449309570000,1840.541310620000104,199611.491925000009360,0
2199,2200,52060,256,PIMA,52060,6.944922140500000,2437.108350330000121,302520.808439999993425,0
2200,2201,52061,256,PIMA,52061,21.131182448000001,4237.242054059999646,920474.307432999950834,0
2201,2202,52062,256,PIMA,52062,24.426303124200000,4205.224796139999853,1064009.764089999953285,0
2202,2203,52063,248,PIMA,52063,5.550760135090000,2068.065134389999912,241791.111483999993652,0
2203,2204,52064,248,PIMA,52064,9.321223011790000,2601.641821910000090,406032.474394000018947,0
2204,2205,52065,248,PIMA,52065,7.860290876880000,2509.254355500000202,342394.270597000024281,0
2205,2206,52066,248,PIMA,52066,15.152601726200000,3643.807852720000028,660047.331190999946557,0
2206,2207,52067,248,PIMA,52067,10.317544595799999,2767.858219950000148,449432.242594000010286,0
2207,2208,52068,248,PIMA,52068,10.424378267800000,2788.254965839999841,454085.917345999972895,0
2208,2209,52069,442,PIMA,52069,9.883585182659999,2624.811030270000174,430528.970556000014767,0
2209,2210,52070,442,PIMA,52070,19.071760897200001,3825.815716139999950,830765.904682999942452,0
2210,2211,52071,442,PIMA,52071,11.063957059400000,2775.064100269999926,481945.969505999993999,0
2211,2212,52072,442,PIMA,52072,20.298517543900001,4146.458538259999841,884203.424213999998756,0
2212,2213,52073,462,PIMA,52073,8.422513106669999,2734.187285859999974,366884.670925999991596,0
2213,2214,52074,482,PIMA,52074,13.448469960700001,3069.821684349999941,585815.351489000022411,1
2214,2215,52075,482,PIMA,52075,12.341813746000000,3009.438880619999964,537609.406774000031874,0
2215,2216,52076,482,PIMA,52076,15.144327014900000,3257.114578719999827,659686.884767999988981,1
2216,2217,52077,482,PIMA,52077,5.852193370580000,3081.120693219999794,254921.543222999986028,0
2217,2218,52078,482,PIMA,52078,6.324367298260000,2130.541519419999986,275489.439512000011746,0
2218,2219,52079,482,PIMA,52079,6.546234862880000,2187.084093039999971,285153.990626999991946,0
2219,2220,52080,482,PIMA,52080,12.755785918999999,3008.991598489999888,555642.034633000032045,1
2220,2221,52081,482,PIMA,52081,10.376009968200000,2689.414099760000227,451978.994212999998126,0
2221,2222,52082,482,PIMA,52082,10.752326299100000,2737.459922269999879,468371.333589999994729,0
2222,2223,52083,501,PIMA,52083,11.565099761900001,2852.854920270000093,503775.745628000004217,1
2223,2224,52084,369,PIMA,52084,13.139381972800001,3017.732338199999958,572351.478737000026740,0
2224,2225,52085,389,PIMA,52085,10.684502457200001,2767.509772290000001,465416.927036000008229,0
2225,2226,52086,430,PIMA,52086,10.087970374499999,2631.123362660000112,439431.989512000000104,0
2226,2227,52087,501,PIMA,52087,9.540419712700000,2581.567892030000166,415580.682685000007041,1
2227,2228,52088,533,PIMA,52088,10.214326444299999,2660.299225790000037,444936.059913999983110,1
2228,2229,52089,533,PIMA,52089,5.077177857310000,1984.796535169999970,221161.867464000009932,1
2229,2230,52090,533,PIMA,52090,5.023165187560000,1983.326256719999947,218809.075569999986328,1
2230,2231,52091,45,PIMA,52091,10.283459864699999,2693.277465980000215,447947.511707000026945,0
2231,2232,52092,171,PIMA,52092,46.526743466500001,6024.183837900000071,2026704.945400000084192,0
2232,2233,52093,233,PIMA,52093,14.621594215900000,3253.155636039999990,636916.644045999972150,0
2233,2234,52094,767,PIMA,52094,197.169872058000010,14786.685478600000351,8588719.626849999651313,0
2234,2235,52095,505,PIMA,52095,24.042439747800000,4211.194337699999778,1047288.675410000025295,1
2235,2236,52096,492,PIMA,52096,16.443740237499998,3768.600147950000064,716289.324748000013642,1
2236,2237,52097,505,PIMA,52097,10.913102175400001,2741.022300030000224,475374.730762000021059,1
2237,2238,52098,468,PIMA,52098,9.773398373190000,2646.731264389999978,425729.233135999995284,1
2238,2239,52099,709,PIMA,52099,32.295445706000002,5395.907321229999980,1406789.614950000075623,0
2239,2240,52100,709,PIMA,52100,42.472950867999998,5522.217625039999803,1850121.739809999940917,0
2240,2241,52101,690,PIMA,52101,13.088626900700000,3341.632701280000219,570140.587794000050053,0
2241,2242,52102,690,PIMA,52102,14.085165039700000,3086.883007819999875,613549.789130000048317,0
2242,2243,52103,690,PIMA,52103,8.921317578060000,3253.809003219999795,388612.593700000026729,0
2243,2244,52104,696,PIMA,52104,2.142613032060000,1235.259976829999914,93332.223676299996441,0
2244,2245,52105,803,PIMA,52105,402.016250282999977,18544.895989399999962,17511827.862300001084805,0
2245,2246,52106,287,PIMA,52106,7.075565532690000,2266.558082219999960,308211.634604000020772,1
2246,2247,52107,142,PIMA,52107,18.439437539299998,3757.110982140000033,803221.899213999975473,0
2247,2248,52108,159,PIMA,52108,7.939745384750000,2513.496711859999778,345855.308959999994840,0
2248,2249,52109,159,PIMA,52109,5.366176061420000,2083.316952430000129,233750.629235000000335,0
2249,2250,52110,197,PIMA,52110,5.145394890730000,2236.533026470000095,224133.401439999986906,1
2250,2251,52111,197,PIMA,52111,24.670642267300000,4535.920579259999613,1074653.177159999962896,1
2251,2252,52112,286,PIMA,52112,8.748068330800001,2561.991410929999802,381065.856489000027068,0
2252,2253,52113,145,PIMA,52113,18.113279110800001,3961.462687490000008,789014.438066000002436,0
2253,2254,52114,1037,PIMA,52114,14.526167862099999,3296.040386990000115,632759.872073999955319,0
2254,2255,52115,1057,PIMA,52115,22.626573885599999,4438.381518500000311,985613.558455000049435,1
2255,2256,52116,573,PIMA,52116,12.053175412500000,2966.492358399999830,525036.320968999993056,1
2256,2257,52117,199,PIMA,52117,9.207829467740000,2525.956901200000175,401093.051615000003949,1
2257,2258,52118,924,PIMA,52118,13761.031348399999843,99572.091352400006144,599430525.534999966621399,0
2258,2259,52119,226,PIMA,52119,12.544283957099999,3016.165723820000039,546429.009170999983326,0
2259,2260,52120,348,PIMA,52120,315.107628883000018,19734.915667400000530,13726088.314099999144673,0
2260,2261,52121,394,PIMA,52121,26.521476357800001,4595.406646829999772,1155275.510149999987334,1
2261,2262,52122,547,PIMA,52122,17.229755741400002,3928.996900680000181,750528.160095999948680,1
2262,2263,52123,530,PIMA,52123,25.483375662000000,4356.797220659999766,1110055.843839999986812,1
2263,2264,52124,530,PIMA,52124,11.250061009300000,3409.318284339999991,490052.657567000016570,1
2264,2265,52125,586,PIMA,52125,34.490861638900000,5359.121979710000232,1502421.932989999884740,1
2265,2266,52126,528,PIMA,52126,9.282730656709999,2606.259249619999991,404355.747405999980401,1
2266,2267,52127,459,PIMA,52127,9.928482900900001,2616.271590809999907,432484.715162999986205,0
2267,2268,52128,446,PIMA,52128,11.724557627899999,2872.637376740000036,510721.730272000015248,0
2268,2269,52129,181,PIMA,52129,21.224655610300001,4627.093891720000101,924545.998384000035003,1
2269,2270,52130,634,PIMA,52130,157.709137319000007,11704.587000100000296,6869810.021599999628961,0
2270,2271,52131,971,PIMA,52131,71.366389594599994,9995.381618780000281,3108719.930740000214428,0
2271,2272,52132,342,PIMA,52132,10.180449627800000,2676.059056959999907,443460.385787000006530,0
2272,2273,52133,486,PIMA,52133,23.872040791100002,4150.195466680000209,1039866.096860000048764,1
2273,2274,52134,502,PIMA,52134,9.939443677910001,2679.623967670000184,432962.166610000014771,1
2274,2275,52135,502,PIMA,52135,9.994692206480000,2625.233647640000072,435368.792513999971561,1
2275,2276,52136,431,PIMA,52136,4.972018927570000,1994.855746120000049,216581.144484999997076,0
2276,2277,52137,2,PIMA,52137,5.604455851390000,1980.418746909999982,244130.096886999992421,0
2277,2278,52138,10,PIMA,52138,2.913099387840000,1434.484393330000103,126894.609333999993396,0
2278,2279,52139,16,PIMA,52139,6.409112912590000,2368.585143830000106,279180.958472000027541,0
2279,2280,52140,37,PIMA,52140,2.548978401090000,1379.534759059999942,111033.499152000003960,0
2280,2281,52141,184,PIMA,52141,42.647172034599997,5600.561847689999922,1857710.813830000115559,0
2281,2282,52142,737,PIMA,52142,80.235583044699993,7967.154187830000410,3495061.997429999988526,0
2282,2283,52143,160,PIMA,52143,9.797922825490000,2891.461354370000208,426797.518278000003193,0
2283,2284,52144,42,PIMA,52144,5.821168827530000,2352.667711640000107,253570.114127000008011,0
2284,2285,52145,772,PIMA,52145,43.066469245000000,5957.559911119999924,1875975.400309999939054,0
2285,2286,52146,303,PIMA,52146,23.546304522200000,3874.653015800000048,1025677.024989999947138,0
2286,2287,52147,590,PIMA,52147,19.541613712200000,3927.411618309999994,851232.693303999956697,1
2287,2288,52148,599,PIMA,52148,68.053566603500002,8282.556781810000757,2964413.361250000074506,1
2288,2289,52149,697,PIMA,52149,39.580773350100003,5807.238307300000088,1724138.487130000023171,0
2289,2290,52150,1079,PIMA,52150,106.173111309000006,9695.033006100000421,4624900.728609999641776,0
2290,2291,52151,195,PIMA,52151,10.981065293000000,2779.547994699999890,478335.204161999979988,1
2291,2292,52152,408,PIMA,52152,8.628782000239999,3169.833408980000058,375869.743931000004523,1
2292,2293,52153,384,PIMA,52153,8.173654509630000,2415.095290679999835,356044.390438999980688,1
2293,2294,52154,354,PIMA,52154,9.136978965410000,2609.682154999999966,398006.803733000007924,1
2294,2295,52155,705,PIMA,52155,243.091366768000000,13475.820213000000876,10589059.936400000005960,0
2295,2296,52156,1037,PIMA,52156,41.466793094600000,5985.933748149999701,1806293.507200000109151,0
2296,2297,52157,456,PIMA,52157,45.979183822499998,5650.167371309999908,2002853.247310000006109,1
2297,2298,52158,693,PIMA,52158,74.371660843499996,7778.332015330000104,3239629.546339999884367,0
2298,2299,52159,693,PIMA,52159,28.150435076800001,5117.283255010000175,1226232.951940000057220,0
2299,2300,52160,693,PIMA,52160,33.927980746400003,5875.141433419999885,1477902.841310000047088,0
2300,2301,52161,693,PIMA,52161,88.574688243500006,8507.345390149999730,3858313.419890000019222,0
2301,2302,52162,697,PIMA,52162,9.117941519440000,2651.441787390000172,397177.532586999994237,0
2302,2303,52163,697,PIMA,52163,8.398641857830000,3449.473511170000165,365844.839327000023331,0
2303,2304,52164,697,PIMA,52164,12.455397272000001,3689.605254380000133,542557.105166999972425,0
2304,2305,52165,697,PIMA,52165,50.760505678999998,7005.466490810000323,2211127.627379999961704,0
2305,2306,52166,697,PIMA,52166,31.029463282700000,6890.250939239999752,1351643.420600000070408,0
2306,2307,52167,24,PIMA,52167,11.463224797000001,3054.685354140000072,499338.072158000024501,1
2307,2308,52168,338,PIMA,52168,9.115302017190000,2515.938961750000090,397062.555868999974336,1
2308,2309,52169,340,PIMA,52169,10.965985075200001,2835.154721339999924,477678.309874000027776,1
2309,2310,52170,340,PIMA,52170,6.477502195260000,2571.055147800000213,282159.995625999988988,1
2310,2311,52171,173,PIMA,52171,79.384079909099995,7482.267361379999784,3457970.520839999895543,0
2311,2312,52172,327,PIMA,52172,5.627210834650000,2073.140233170000101,245121.303956999996444,1
2312,2313,52173,731,PIMA,52173,14.518661568400001,3259.744520839999950,632432.897921000025235,0
2313,2314,52174,731,PIMA,52174,11.441538010000000,2829.205074059999788,498393.395718000014313,0
2314,2315,52175,620,PIMA,52175,178.527038451000010,16152.591785799999343,7776637.794940000399947,0
2315,2316,52176,1037,PIMA,52176,11.996456624000000,2939.025900739999997,522565.650542000017595,0
2316,2317,52177,731,PIMA,52177,40.900138753599997,5536.891733489999751,1781610.044109999900684,0
2317,2318,52178,133,PIMA,52178,33.907483298899997,4867.266191749999962,1477009.972499999916181,0
2318,2319,52179,408,PIMA,52179,14.855466993900000,3445.070125799999914,647104.142253999947570,1
2319,2320,52180,707,PIMA,52180,12.679800402500000,3549.264823410000190,552332.105531999957748,0
2320,2321,52181,471,PIMA,52181,10.075397435499999,2640.683711669999866,438884.312291999987792,1
2321,2322,52182,404,PIMA,52182,4.599002065320000,1906.827004660000057,200332.529964999994263,1
2322,2323,52183,343,PIMA,52183,6.139003407240000,2129.653992460000154,267414.988419000001159,1
2323,2324,52184,343,PIMA,52184,9.164185832850000,2537.937834689999818,399191.934879000007641,1
2324,2325,52185,321,PIMA,52185,9.961090279710000,2622.030332209999870,433905.092584000027273,1
2325,2326,52186,338,PIMA,52186,9.889566439110000,2636.639808819999871,430789.514087999996264,1
2326,2327,52187,494,PIMA,52187,18.377950428100000,3846.831037020000167,800543.520648999954574,1
2327,2328,52188,34,PIMA,52188,8.034927054990000,2407.067554440000094,350001.422514999983832,1
2328,2329,52189,384,PIMA,52189,11.079211496499999,2881.737094340000112,482610.452787999995053,1
2329,2330,52190,715,PIMA,52190,49.820028418400000,5930.610737269999845,2170160.437899999786168,0
2330,2331,52191,715,PIMA,52191,18.086932460400000,3448.436795959999927,787866.777975999983028,0
2331,2332,52192,1009,PIMA,52192,29.761343501199999,5232.997980240000288,1296404.122909999918193,1
2332,2333,52193,609,PIMA,52193,10.018123419900000,2802.672561889999997,436389.456171999976505,1
2333,2334,52194,380,PIMA,52194,29.174424073699999,5445.242089669999586,1270837.912650000071153,0
2334,2335,52195,811,PIMA,52195,959.990590838999992,27526.867278400000941,41817190.136900000274181,0
2335,2336,52196,863,PIMA,52196,590.427306972999986,23288.507454899998265,25719013.491799999028444,1
2336,2337,52197,279,PIMA,52197,11.152028145799999,2873.175513159999809,485782.346030000015162,1
2337,2338,52198,278,PIMA,52198,8.961546695179999,2486.541316259999803,390364.974042000016198,1
2338,2339,52199,697,PIMA,52199,67.907147618799996,7504.481185229999937,2958035.350279999896884,0
2339,2340,52200,697,PIMA,52200,91.967889677299993,8935.044328530000712,4006121.274340000003576,0
2340,2341,52201,697,PIMA,52201,68.354651945900002,8213.460566230000040,2977528.638770000077784,0
2341,2342,52202,318,PIMA,52202,13.963063420699999,3258.644385309999961,608231.042605999973603,1
2342,2343,52203,318,PIMA,52203,18.212150098199999,3879.898280689999865,793321.258278999943286,1
2343,2344,52204,247,PIMA,52204,39.466369464899998,5167.334207769999921,1719155.053890000097454,0
2344,2345,52205,397,PIMA,52205,9.432164132020000,2560.186142510000082,410865.069590999977663,1
2345,2346,52206,1060,PIMA,52206,2.751040696140000,1435.669067679999898,119835.332724000007147,0
2346,2347,52207,1060,PIMA,52207,4.312429932250000,1800.086998859999994,187849.447848999989219,0
2347,2348,52208,1051,PIMA,52208,13.139390227700000,2955.374195339999915,572351.838319999980740,1
2348,2349,52209,26,PIMA,52209,9.438927733230001,2685.673564440000064,411159.692059000022709,1
2349,2350,52210,551,PIMA,52210,5.122154487010000,1984.585157259999960,223121.049453999992693,1
2350,2351,52211,551,PIMA,52211,5.040548879080000,1980.621603459999960,219566.309172999986913,1
2351,2352,52212,405,PIMA,52212,5.644720515770000,2068.641191520000120,245884.025667000008980,1
2352,2353,52213,591,PIMA,52213,13.093421754300000,3038.236901560000206,570349.451616000034846,1
2353,2354,52214,28,PIMA,52214,23.161397038400001,4274.510825549999936,1008910.454989999998361,1
2354,2355,52215,1100,PIMA,52215,250.140815328000002,14311.535587000000305,10896133.915699999779463,0
2355,2356,52216,215,PIMA,52216,23.418208290199999,4631.573354799999834,1020097.153120000031777,0
2356,2357,52217,163,PIMA,52217,18.693646056100000,3594.045255219999945,814295.222203999990597,0
2357,2358,52218,163,PIMA,52218,20.341124386099999,3773.111987299999782,886059.378257000003941,0
2358,2359,52219,390,PIMA,52219,27.147634780400001,4433.280466960000012,1182550.971029999898747,1
2359,2360,52220,610,PIMA,52220,18.416966521500001,3767.652972249999948,802243.061677000019699,1
2360,2361,52221,434,PIMA,52221,17.844389569400001,3472.625615819999894,777301.609643999952823,1
2361,2362,52222,541,PIMA,52222,27.220861263600000,6691.322634289999769,1185740.716639999998733,1
2362,2363,52223,485,PIMA,52223,16.193238255200001,3476.552939759999845,705377.458395999972709,0
2363,2364,52224,485,PIMA,52224,32.292314740400002,6246.535129279999637,1406653.230089999968186,0
2364,2365,52225,983,PIMA,52225,160.794163900000001,11338.963655600000493,7004193.779489999637008,0
2365,2366,52226,983,PIMA,52226,132.483457254000001,10193.188987899999120,5770979.397979999892414,0
2366,2367,52227,897,PIMA,52227,145.780803064999986,11314.640355100000306,6350211.781519999727607,0
2367,2368,52228,278,PIMA,52228,12.208713589400000,2943.478479150000112,531811.563953000004403,1
2368,2369,52229,247,PIMA,52229,9.848228330350000,2841.489656019999984,428988.826070000010077,0
2369,2370,52230,47,PIMA,52230,4.037176591790000,1663.579789299999902,175859.412337999994634,1
2370,2371,52231,46,PIMA,52231,5.107963495670000,1898.929955889999974,222502.889871999999741,0
2371,2372,52232,575,PIMA,52232,22.795018146499999,4388.487514790000205,992950.990462000016123,1
2372,2373,52233,499,PIMA,52233,7.812927026300000,2415.212444360000063,340331.101266000012401,1
2373,2374,52234,497,PIMA,52234,56.215388071000000,6423.667893329999970,2448742.304370000027120,1
2374,2375,52235,491,PIMA,52235,16.426343414400002,3385.632315419999941,715531.519133000052534,1
2375,2376,52236,405,PIMA,52236,4.932429312220000,1977.486241849999942,214856.620839999988675,1
2376,2377,52237,468,PIMA,52237,9.529655335959999,2596.995198220000020,415111.786434000008740,1
2377,2378,52238,287,PIMA,52238,14.900586140400000,3283.230531709999923,649069.532277000020258,0
2378,2379,52239,630,PIMA,52239,340.052194424999982,16326.573906400000851,14812673.589199999347329,0
2379,2380,52240,619,PIMA,52240,81.770944859500005,7952.442702919999647,3561942.358080000150949,0
2380,2381,52241,194,PIMA,52241,12.342406269500000,2947.263912869999785,537635.217096999986097,1
2381,2382,52242,551,PIMA,52242,5.801548217630000,2088.687389230000008,252715.440360000007786,1
2382,2383,52243,414,PIMA,52243,21.562443389300000,4861.301767560000371,939260.034038000041619,0
2383,2384,52244,700,PIMA,52244,13.866845095600000,3318.029681120000077,604039.772364999982528,0
2384,2385,52245,708,PIMA,52245,144.954709688000008,10537.216554500000711,6314227.154020000249147,0
2385,2386,52246,440,PIMA,52246,10.657798301900000,2730.083681990000059,464253.694029000005685,0
2386,2387,52247,435,PIMA,52247,19.556484496900001,4655.065591139999924,851880.464685000013560,0
2387,2388,52248,471,PIMA,52248,21.257523688300001,3937.013742799999818,925977.731862999964505,1
2388,2389,52249,609,PIMA,52249,12.244396163199999,3151.075930599999992,533365.896868000039831,1
2389,2390,52250,369,PIMA,52250,12.892143790000000,3136.731641639999907,561581.783489999943413,0
2390,2391,52251,697,PIMA,52251,120.669940765000007,9291.624199589999989,5256382.619710000231862,0
2391,2392,52252,1078,PIMA,52252,17.420752627500001,3633.081381250000049,758847.984454000019468,0
2392,2393,52253,1078,PIMA,52253,15.593449392600000,3904.975676560000011,679250.655539999948815,0
2393,2394,52254,775,PIMA,52254,196.103554518000010,13608.306507600000259,8542270.834790000692010,0
2394,2395,52255,386,PIMA,52255,22.646665546300000,4571.698273990000416,986488.751196000026539,1
2395,2396,52256,740,PIMA,52256,67.362566394799998,7348.332536730000356,2934313.392159999813884,0
2396,2397,52257,46,PIMA,52257,3.979757326670000,1658.980090329999939,173358.229149999999208,0
2397,2398,52258,52,PIMA,52258,4.110454326860000,1688.493207980000079,179051.390477999986615,1
2398,2399,52259,347,PIMA,52259,10.113966064700000,2657.442219800000203,440564.361777000012808,0
2399,2400,52260,482,PIMA,52260,8.407913579140001,2478.797576999999819,366248.715506999986246,1
2400,2401,52261,376,PIMA,52261,4.028362844020000,1676.185922729999902,175475.485485999990487,1
2401,2402,52262,609,PIMA,52262,11.809564464199999,3109.202895519999856,514424.628061999974307,1
2402,2403,52263,558,PIMA,52263,15.087507769600000,3247.341014409999843,657211.838445000001229,1
2403,2404,52264,639,PIMA,52264,31.531683625599999,4686.958357710000200,1373520.138730000006035,0
2404,2405,52265,980,PIMA,52265,256.838297839000006,14079.999963000000207,11187876.253900000825524,0
2405,2406,52266,665,PIMA,52266,1345.042193150000003,30635.727824800000235,58590037.933499999344349,1
2406,2407,52267,849,PIMA,52267,502.704002759999980,19565.926393300000200,21897786.360199999064207,1
2407,2408,52268,884,PIMA,52268,543.742556369999988,21452.650926700000127,23685425.755499999970198,1
2408,2409,52269,370,PIMA,52269,29.552183375100000,5122.432772209999712,1287293.107820000033826,0
2409,2410,52270,582,PIMA,52270,24.846679688399998,4651.865548619999572,1082321.367229999974370,1
2410,2411,52271,434,PIMA,52271,10.749958489999999,2755.436391769999773,468268.191824999987148,1
2411,2412,52272,454,PIMA,52272,10.130898055399999,3706.007327929999974,441301.919292000005953,1
2412,2413,52273,630,PIMA,52273,40.798166399300001,7893.244543040000281,1777168.128349999897182,0
2413,2414,52274,587,PIMA,52274,37.316012015399998,5582.179781869999715,1625485.483389999950305,1
2414,2415,52275,672,PIMA,52275,54.479834640999997,7785.986124770000060,2373141.596960000228137,0
2415,2416,52276,897,PIMA,52276,170.984104747000003,10576.372070100000201,7448067.602769999764860,0
2416,2417,52277,685,PIMA,52277,1407.462956229999918,34538.637826799997129,61309086.373599998652935,0
2417,2418,52278,976,PIMA,52278,366.054274636999992,17270.588834400001360,15945324.203199999406934,0
2418,2419,52279,887,PIMA,52279,2474.345190389999971,51578.628593100002035,107782476.493000000715256,1
2419,2420,52280,285,PIMA,52280,13.081091430200001,3021.346918069999901,569812.342699000029825,0
2420,2421,52281,279,PIMA,52281,10.103957957600000,2637.232639859999836,440128.408631999976933,1
2421,2422,52282,279,PIMA,52282,10.279052892499999,2666.726250889999847,447755.543996999971569,1
2422,2423,52283,255,PIMA,52283,8.843696678040001,2563.526607350000177,385231.427295000001322,1
2423,2424,52284,371,PIMA,52284,5.808739458360000,2086.336276760000146,253028.690805999998702,1
2424,2425,52285,371,PIMA,52285,9.956907840910000,2632.054717980000078,433722.905550000024959,1
2425,2426,52286,371,PIMA,52286,5.706839782760000,2069.515480160000152,248589.940937000006670,1
2426,2427,52287,392,PIMA,52287,10.100950158800000,2731.121805750000021,439997.388916000025347,1
2427,2428,52288,389,PIMA,52288,17.508612869200000,3865.343473450000147,762675.176584000000730,0
2428,2429,52289,601,PIMA,52289,83.128247299600005,9090.684256239999741,3621066.452370000071824,1
2429,2430,52290,462,PIMA,52290,20.166747182799998,3970.179877670000224,878463.507282000035048,0
2430,2431,52291,464,PIMA,52291,18.665516624199999,3623.813861350000025,813069.904149999958463,0
2431,2432,52292,532,PIMA,52292,16.543255737199999,3389.237098630000219,720624.219912000000477,1
2432,2433,52293,768,PIMA,52293,18.834841735600001,4124.942383839999820,820445.706002000020817,0
2433,2434,52294,242,PIMA,52294,333.022480116999986,17985.373425900001166,14506459.233899999409914,0
2434,2435,52295,894,PIMA,52295,131.028195815999993,11434.727960399999574,5707588.209759999997914,1
2435,2436,52296,275,PIMA,52296,15.722543539200000,3742.644053269999858,684873.996567999944091,0
2436,2437,52297,1017,PIMA,52297,162.736072148000005,10649.921808200000669,7088783.302769999951124,0
2437,2438,52298,253,PIMA,52298,8.318719286129999,3204.919909360000020,362363.412103999988176,1
2438,2439,52299,248,PIMA,52299,10.178746296500000,2643.077742450000187,443386.188673000026029,0
2439,2440,52300,41,PIMA,52300,4.142181992780000,1718.743078449999985,180433.447606000001542,0
2440,2441,52301,1077,PIMA,52301,153.362287747000011,12038.905856400000630,6680461.254250000230968,0
2441,2442,52302,401,PIMA,52302,19.484007663900002,3891.611975169999823,848723.373839000007138,0
2442,2443,52303,471,PIMA,52303,24.553466077500001,5604.317502879999665,1069548.982340000104159,1
2443,2444,52304,465,PIMA,52304,16.132772662499999,3929.175838780000049,702743.577178000006825,1
2444,2445,52305,547,PIMA,52305,22.511832734999999,4231.187564400000156,980615.433934999979101,1
2445,2446,52306,524,PIMA,52306,20.658536039000001,4020.335281000000123,899885.829858000040986,1
2446,2447,52307,525,PIMA,52307,20.739843395899999,4087.430139779999990,903427.578325000009499,1
2447,2448,52308,971,PIMA,52308,89.556668433300004,12850.451889800000572,3901088.476950000040233,0
2448,2449,52309,1025,PIMA,52309,50.538419136800002,5955.963400710000315,2201453.537599999923259,1
2449,2450,52310,346,PIMA,52310,6.436875776640000,2154.679175000000214,280390.308829999994487,0
2450,2451,52311,346,PIMA,52311,6.451340891480000,2154.666735390000213,281020.409233000013046,0
2451,2452,52312,327,PIMA,52312,9.523951475860001,2608.005190689999836,414863.326288999989629,1
2452,2453,52313,34,PIMA,52313,5.152327507180000,2047.041306569999961,224435.386212999990676,0
2453,2454,52314,145,PIMA,52314,13.451632241300000,3616.555041950000032,585953.100429999991320,0
2454,2455,52315,237,PIMA,52315,11.359683419300000,2928.073105290000058,494827.809744000027422,0
2455,2456,52316,1059,PIMA,52316,37.510043295899997,5463.411634789999880,1633937.485970000037923,0
2456,2457,52317,339,PIMA,52317,8.679651659070000,2477.290946160000203,378085.626269000000320,1
2457,2458,52318,736,PIMA,52318,36.871633948300001,6134.977611829999660,1606128.374790000030771,1
2458,2459,52319,632,PIMA,52319,13.102635485400000,3061.593181549999827,570750.801744999946095,1
2459,2460,52320,967,PIMA,52320,19.533846776800001,3697.688362349999807,850894.365596999996342,0
2460,2461,52321,202,PIMA,52321,85.698133372699999,10429.843907799999215,3733010.689720000140369,0
2461,2462,52322,126,PIMA,52322,803.426167481999983,24808.895318599999882,34997243.855499997735023,0
2462,2463,52323,125,PIMA,52323,958.431465161999995,27824.838027000001603,41749274.622500002384186,0
2463,2464,52324,937,PIMA,52324,125.926920034999995,9712.838250770000741,5485376.636719999834895,0
2464,2465,52325,885,PIMA,52325,368.309454926000001,16531.876705499998934,16043559.856599999591708,1
2465,2466,52326,259,PIMA,52326,213.372744659000006,12723.975085000000036,9294516.757339999079704,0
2466,2467,52327,889,PIMA,52327,307.858918082999992,15583.576321700000335,13410334.471699999645352,1
2467,2468,52328,31,PIMA,52328,5.264520263540000,1920.059220619999905,229322.502680000005057,1
2468,2469,52329,879,PIMA,52329,259.555409108999982,13450.290591599999971,11306233.620799999684095,1
2469,2470,52330,1065,PIMA,52330,13.043907707000001,3032.632863199999974,568192.619718999951147,0
2470,2471,52331,377,PIMA,52331,13.233945266199999,3043.390780040000209,576470.655795000027865,1
2471,2472,52332,377,PIMA,52332,10.093001642700001,2652.174596689999817,439651.151558000012301,0
2472,2473,52333,471,PIMA,52333,13.228484528299999,3025.935772949999773,576232.786054000025615,1
2473,2474,52334,416,PIMA,52334,20.357755697100000,4013.297860619999938,886783.838163999957033,1
2474,2475,52335,405,PIMA,52335,9.970226687620000,2635.623293499999818,434303.074513000028674,1
2475,2476,52336,530,PIMA,52336,20.370309526300002,4005.917005599999811,887330.682967999950051,1
2476,2477,52337,530,PIMA,52337,11.135470737400000,3382.829744839999876,485061.105322999996133,1
2477,2478,52338,530,PIMA,52338,19.720722258399999,3975.429904529999931,859034.661577000049874,1
2478,2479,52339,503,PIMA,52339,18.410893858800002,3767.793510399999832,801978.536487999954261,1
2479,2480,52340,584,PIMA,52340,65.311340492400006,6768.748783850000109,2844961.991849999874830,1
2480,2481,52341,1059,PIMA,52341,81.177972742300000,8031.849974329999895,3536112.492649999912828,0
2481,2482,52342,1059,PIMA,52342,19.077107728100000,3951.845075579999957,830998.812634999980219,0
2482,2483,52343,1059,PIMA,52343,17.597115530899998,4124.704389239999728,766530.352523999987170,0
2483,2484,52344,319,PIMA,52344,23.394235370000001,4176.689974539999639,1019052.892720000003465,1
2484,2485,52345,69,PIMA,52345,41.597216581600001,6041.630006919999687,1811974.754290000069886,0
2485,2486,52346,1077,PIMA,52346,37.920676947899999,5869.943557599999622,1651824.687850000103936,0
2486,2487,52347,371,PIMA,52347,4.235333262660000,1874.972591770000008,184491.116921000008006,1
2487,2488,52348,1055,PIMA,52348,21.955959503999999,3963.507334100000207,956401.595995999989100,0
2488,2489,52349,346,PIMA,52349,10.250166001700000,2772.467756160000135,446497.231035000004340,0
2489,2490,52350,346,PIMA,52350,2.803744724270000,1438.700141309999935,122131.120188999993843,0
2490,2491,52351,347,PIMA,52351,11.572051531100000,2873.845855359999860,504078.564696000015829,0
2491,2492,52352,376,PIMA,52352,7.864585729230000,2511.806025689999842,342581.354364999977406,1
2492,2493,52353,575,PIMA,52353,15.530929297900000,3669.337178799999947,676527.280217000050470,1
2493,2494,52354,191,PIMA,52354,26.206296274800000,4878.222262379999847,1141546.265730000101030,0
2494,2495,52355,129,PIMA,52355,738.440867926999999,26199.508959599999798,32166484.206900000572205,0
2495,2496,52356,127,PIMA,52356,933.103002647000039,27215.364981899998384,40645966.795299999415874,0
2496,2497,52357,951,PIMA,52357,833.555009201999951,24774.221328899999207,36309656.200900003314018,0
2497,2498,52358,164,PIMA,52358,233.754034784999988,25941.458658299998206,10182325.755200000479817,0
2498,2499,52359,164,PIMA,52359,52.240241895700002,7238.486112030000186,2275584.936980000231415,0
2499,2500,52360,163,PIMA,52360,18.856637502500000,3819.888919359999818,821395.129609999945387,0
2500,2501,52361,412,PIMA,52361,333.569840295000006,16100.591438699999344,14530302.243200000375509,1
2501,2502,52362,364,PIMA,52362,329.623762961000011,16015.351498300000458,14358411.114600000903010,1
2502,2503,52363,937,PIMA,52363,72.717090152099999,8136.017726089999996,3167556.447019999846816,0
2503,2504,52364,670,PIMA,52364,52.446878796100002,6075.696917469999789,2284586.040359999984503,0
2504,2505,52365,669,PIMA,52365,194.893955772999988,13006.820484699999724,8489580.713479999452829,0
2505,2506,52366,993,PIMA,52366,127.470177766000006,9411.764388370000233,5552600.943479999899864,1
2506,2507,52367,312,PIMA,52367,5.599290936000000,2006.660643030000074,243905.113172000012128,0
2507,2508,52368,973,PIMA,52368,18.951228500100001,3533.116407399999844,825515.513461999944411,0
2508,2509,52369,521,PIMA,52369,13.411771937699999,3070.633703619999778,584216.785608000005595,1
2509,2510,52370,690,PIMA,52370,28.140176750199998,5086.139623449999817,1225786.099239999894053,0
2510,2511,52371,466,PIMA,52371,77.685988301199998,7247.308591709999746,3384001.650400000158697,1
2511,2512,52372,522,PIMA,52372,4.891032468690000,1911.099236979999887,213053.374336000008043,1
2512,2513,52373,528,PIMA,52373,15.797951307600000,3347.949565849999999,688158.758957999991253,1
2513,2514,52374,399,PIMA,52374,10.122665937900001,2642.136813229999916,440943.328253999992739,1
2514,2515,52375,403,PIMA,52375,9.997283378970000,2663.746772510000028,435481.663988000014797,1
2515,2516,52376,403,PIMA,52376,10.096297825500001,2639.899168259999897,439794.733278999978211,1
2516,2517,52377,405,PIMA,52377,10.074921040500000,2688.329920189999939,438863.560523000021931,1
2517,2518,52378,363,PIMA,52378,21.144296235199999,4134.039391350000187,921045.544005000032485,0
2518,2519,52379,342,PIMA,52379,14.522302789899999,3251.703178910000133,632591.509528000024147,0
2519,2520,52380,551,PIMA,52380,9.803188429030000,3263.633017260000088,427026.887968999973964,1
2520,2521,52381,338,PIMA,52381,10.247882578200000,3286.877239360000203,446397.765107000013813,1
2521,2522,52382,894,PIMA,52382,136.990334023000003,10334.755294000000504,5967298.950050000101328,1
2522,2523,52383,278,PIMA,52383,20.144522356800000,3962.046528459999990,877495.393861999968067,1
2523,2524,52384,282,PIMA,52384,10.380412064600000,2800.370060360000025,452170.749534000002313,0
2524,2525,52385,1067,PIMA,52385,24.110558046900000,4470.654082029999699,1050255.908520000055432,1
2525,2526,52386,1051,PIMA,52386,29.832921305100001,4605.236499779999576,1299522.052050000056624,1
2526,2527,52387,563,PIMA,52387,23.239864959199998,4187.154024200000094,1012328.517620000056922,1
2527,2528,52388,567,PIMA,52388,15.020668175999999,3296.959592489999977,654300.305747000034899,1
2528,2529,52389,518,PIMA,52389,10.062172924900000,2648.755422639999779,438308.252610000025015,1
2529,2530,52390,697,PIMA,52390,29.790104924000001,4763.477881470000284,1297656.970489999977872,0
2530,2531,52391,1080,PIMA,52391,180.585929034999992,11836.117136700000628,7866323.068780000321567,0
2531,2532,52392,142,PIMA,52392,26.498613291600002,4391.530178529999830,1154279.594980000052601,0
2532,2533,52393,1058,PIMA,52393,8.493970205729999,2617.552218929999981,369997.342162000015378,0
2533,2534,52394,1051,PIMA,52394,44.369397720099997,5556.485629529999642,1932730.964690000051633,1
2534,2535,52395,975,PIMA,52395,251.833473126000001,14811.545456100000592,10969866.089400000870228,0
2535,2536,52396,1011,PIMA,52396,30.698687732700002,6753.121779770000103,1337234.837640000041574,1
2536,2537,52397,380,PIMA,52397,24.222379551200000,4332.757109959999980,1055126.853249999927357,0
2537,2538,52398,544,PIMA,52398,41.117407408799998,5723.286696469999697,1791074.266730000032112,1
2538,2539,52399,1080,PIMA,52399,107.677211474999993,8810.671993210000437,4690419.331840000115335,0
2539,2540,52400,1080,PIMA,52400,119.016749606000005,9707.943748030000279,5184369.612839999608696,0
2540,2541,52401,633,PIMA,52401,161.898174807000004,11245.206882399999813,7052284.494590000249445,0
2541,2542,52402,380,PIMA,52402,17.905305248700000,3709.694598720000158,779955.096631999942474,0
2542,2543,52403,392,PIMA,52403,9.894282573540000,2606.116489730000012,430994.948902999982238,1
2543,2544,52404,197,PIMA,52404,19.220934601100002,3756.426301510000030,837263.911223000031896,1
2544,2545,52405,423,PIMA,52405,4.872626412190000,1833.769632020000017,212251.606514999992214,0
2545,2546,52406,419,PIMA,52406,5.271892508040000,2011.661048489999985,229643.637649999989662,0
2546,2547,52407,405,PIMA,52407,4.954805717770000,1968.601128100000096,215831.337066000007326,1
2547,2548,52408,405,PIMA,52408,10.071346768500000,2649.518039539999791,438707.865236999990884,1
2548,2549,52409,339,PIMA,52409,8.559280628340000,2463.866216370000075,372842.264169999980368,1
2549,2550,52410,320,PIMA,52410,16.417487524100000,3614.749893319999956,715145.756550000049174,1
2550,2551,52411,178,PIMA,52411,69.312275623199994,7589.053175680000095,3019242.726150000002235,0
2551,2552,52412,548,PIMA,52412,20.679562854899999,3993.065065029999914,900801.757960999966599,1
2552,2553,52413,974,PIMA,52413,237.213913022000014,14541.342069899999842,10333038.051300000399351,0
2553,2554,52414,974,PIMA,52414,26.022147877999998,4764.027856179999617,1133524.761570000089705,0
2554,2555,52415,548,PIMA,52415,20.838187298899999,4037.483431789999941,907711.438737999997102,1
2555,2556,52416,582,PIMA,52416,30.910835808700000,4694.510766829999739,1346476.007830000016838,1
2556,2557,52417,619,PIMA,52417,49.406336582700000,6082.910188609999750,2152140.021540000103414,0
2557,2558,52418,702,PIMA,52418,133.203233643000004,10429.257589599999847,5802332.857479999773204,0
2558,2559,52419,583,PIMA,52419,18.611871501900001,3764.037828519999948,810733.122622000053525,1
2559,2560,52420,441,PIMA,52420,12.348541120600000,2957.644660760000079,537902.451214000000618,0
2560,2561,52421,440,PIMA,52421,9.796075795229999,2609.564375639999980,426717.061640000029001,0
2561,2562,52422,462,PIMA,52422,8.107369546450000,2663.701328300000114,353157.017442999989726,0
2562,2563,52423,446,PIMA,52423,8.021286563689999,2394.477642289999949,349407.242713999992702,0
2563,2564,52424,445,PIMA,52424,5.073135897070000,1901.343662960000074,220985.799675999995088,0
2564,2565,52425,34,PIMA,52425,6.020796898070000,2227.089862520000224,262265.912880000018049,1
2565,2566,52426,8,PIMA,52426,2.504782424530000,1321.903953680000086,109108.322413000001688,0
2566,2567,52427,21,PIMA,52427,1.737414924600000,1162.140429670000003,75681.794115500000771,0
2567,2568,52428,1081,PIMA,52428,19.977754809000000,4246.018158619999667,870230.999481000006199,0
2568,2569,52429,1081,PIMA,52429,17.730145979600000,3599.699302489999809,772325.158872999949381,0
2569,2570,52430,1081,PIMA,52430,105.844101890000005,8815.622267599999759,4610569.078309999778867,0
2570,2571,52431,1081,PIMA,52431,101.667997486999994,9114.887175859999843,4428657.970549999736249,0
2571,2572,52432,42,PIMA,52432,1.893370075790000,1206.712829869999950,82475.200501600003918,0
2572,2573,52433,324,PIMA,52433,18.302232477299999,3878.949477529999967,797245.246710999985225,0
2573,2574,52434,173,PIMA,52434,11.787659710600000,2823.840308910000203,513470.456994000007398,0
2574,2575,52435,731,PIMA,52435,16.242387855499999,3418.327684540000064,707518.414987000054680,0
2575,2576,52436,376,PIMA,52436,15.693626802300001,3344.351761299999907,683614.383507000049576,1
2576,2577,52437,441,PIMA,52437,20.074926408800000,3987.911719950000133,874463.794365999987349,0
2577,2578,52438,1077,PIMA,52438,80.060917243800006,8098.742503849999594,3487453.555139999836683,0
2578,2579,52439,1077,PIMA,52439,110.172106615999994,9017.630186599999433,4799096.964209999889135,0
2579,2580,52440,1077,PIMA,52440,91.853053855900001,8289.182615319999968,4001119.025960000231862,0
2580,2581,52441,1077,PIMA,52441,104.488140708000003,8891.755109870000524,4551503.409239999949932,0
2581,2582,52442,487,PIMA,52442,54.884610594199998,7889.177778969999963,2390773.637480000033975,0
2582,2583,52443,1081,PIMA,52443,36.285852788100001,5815.847894960000303,1580611.747449999907985,0
2583,2584,52444,202,PIMA,52444,27.573164355300001,4461.642169529999592,1201087.039319999981672,0
2584,2585,52445,202,PIMA,52445,29.208878369400001,4600.028629170000386,1272338.741769999964163,0
2585,2586,52446,419,PIMA,52446,4.886844774340000,1936.518376629999921,212870.958370000007562,0
2586,2587,52447,431,PIMA,52447,4.912930161000000,1945.264000350000060,214007.237813000014285,0
2587,2588,52448,942,PIMA,52448,12.974572047300001,3085.351748160000170,565172.358382000005804,0
2588,2589,52449,672,PIMA,52449,411.186317711000015,19085.537666600001103,17911275.999499998986721,0
2589,2590,52450,380,PIMA,52450,6.495618721280000,2434.390439729999798,282949.151499000028707,0
2590,2591,52451,380,PIMA,52451,5.436891781440000,2014.685166729999992,236831.005999999993946,0
2591,2592,52452,394,PIMA,52452,18.451504685000000,4431.398726180000267,803747.544079000013880,1
2592,2593,52453,600,PIMA,52453,22.165488212700001,3938.379534510000212,965528.666544000036083,1
2593,2594,52454,36,PIMA,52454,5.151501263050000,1893.362233659999902,224399.395018000010168,0
2594,2595,52455,109,PIMA,52455,42.014301285700000,5419.917372609999802,1830142.963999999919906,0
2595,2596,52456,248,PIMA,52456,11.360865254900000,2856.588367660000131,494879.290503999975044,0
2596,2597,52457,403,PIMA,52457,10.069137515800000,2641.943625620000148,438611.630189999996219,1
2597,2598,52458,405,PIMA,52458,10.070362094000000,2672.879383970000163,438664.972815999994054,1
2598,2599,52459,374,PIMA,52459,9.903633156580000,2649.266133759999775,431402.260300999972969,1
2599,2600,52460,362,PIMA,52460,7.568058027810000,2331.256628759999785,329664.607691999990493,0
2600,2601,52461,701,PIMA,52461,81.022157245399995,7394.995227440000235,3529325.169610000215471,0
2601,2602,52462,521,PIMA,52462,7.726702401020000,2458.804399250000188,336575.156588000012562,1
2602,2603,52463,633,PIMA,52463,35.473963350299996,5880.663196430000426,1545245.843540000030771,0
2603,2604,52464,619,PIMA,52464,39.872774929800002,5315.878942940000343,1736858.075939999893308,0
2604,2605,52465,547,PIMA,52465,20.169821706200000,4091.655991839999842,878597.433521999977529,1
2605,2606,52466,526,PIMA,52466,17.243849766299999,3598.978803810000045,751142.095821999944746,1
2606,2607,52467,617,PIMA,52467,33.617030441899999,5874.021596640000098,1464357.846050000051036,0
2607,2608,52468,577,PIMA,52468,9.255331870179999,2915.559100110000145,403162.256264999974519,0
2608,2609,52469,381,PIMA,52469,10.410225107800001,3757.428678400000081,453469.405696999980137,0
2609,2610,52470,329,PIMA,52470,9.858037738000000,2626.435030499999812,429416.123866999987513,0
2610,2611,52471,427,PIMA,52471,9.900081634919999,2642.956243969999832,431247.556016999995336,1
2611,2612,52472,449,PIMA,52472,7.413106483190000,2380.002055660000224,322914.918408000026830,0
2612,2613,52473,327,PIMA,52473,50.282954876500000,6620.790097860000060,2190325.514419999904931,1
2613,2614,52474,361,PIMA,52474,10.031043148000000,2634.113267440000072,436952.239529000013135,1
2614,2615,52475,361,PIMA,52475,10.168126402000000,2660.938674030000129,442923.586071999976411,1
2615,2616,52476,1081,PIMA,52476,57.236579711399997,7545.167758689999573,2493225.412229999899864,0
2616,2617,52477,691,PIMA,52477,58.361150594100003,6816.624671659999876,2542211.719880000222474,0
2617,2618,52478,691,PIMA,52478,154.706683050999999,12422.993496299999606,6739023.113710000179708,0
2618,2619,52479,357,PIMA,52479,20.441418261100001,4021.854545520000102,890428.179451999953017,1
2619,2620,52480,241,PIMA,52480,27.122063908200001,5353.426627539999572,1181437.103839999996126,0
2620,2621,52481,328,PIMA,52481,16.934532053400002,3493.781001570000171,737668.216247000033036,0
2621,2622,52482,245,PIMA,52482,35.614851480699997,4874.629349609999736,1551382.930500000016764,0
2622,2623,52483,369,PIMA,52483,8.181657644750000,2383.418398459999935,356393.007005000021309,0
2623,2624,52484,1084,PIMA,52484,236.310509416000002,16804.709976699999970,10293685.790200000628829,0
2624,2625,52485,652,PIMA,52485,99.569642887399993,8649.740329500000371,4337253.644170000217855,0
2625,2626,52486,652,PIMA,52486,57.199890586099997,6544.587948999999753,2491627.233930000104010,0
2626,2627,52487,644,PIMA,52487,74.774348987899998,9945.646458290000737,3257170.641909999772906,0
2627,2628,52488,498,PIMA,52488,45.844117084399997,5709.719438410000294,1996969.740199999883771,1
2628,2629,52489,1005,PIMA,52489,1339.628787919999922,33890.197929499998281,58354230.001699998974800,1
2629,2630,52490,566,PIMA,52490,63.258970156899998,6665.639014190000125,2755560.740029999986291,1
2630,2631,52491,526,PIMA,52491,28.517244789599999,5220.559375849999924,1242211.183029999956489,1
2631,2632,52492,526,PIMA,52492,21.448757541599999,3850.879521899999872,934307.878512999974191,1
2632,2633,52493,418,PIMA,52493,23.999999994700001,4239.051641410000229,1045439.999769999994896,0
2633,2634,52494,418,PIMA,52494,18.107034170500000,4234.845874419999745,788742.408464999985881,0
2634,2635,52495,580,PIMA,52495,42.880760752500002,6475.682925830000386,1867885.938379999948665,1
2635,2636,52496,95,PIMA,52496,176.807101592000009,11986.481246400000600,7701717.345340000465512,0
2636,2637,52497,143,PIMA,52497,62.355814142100002,6526.805344510000396,2716219.264030000194907,0
2637,2638,52498,216,PIMA,52498,33.141969054400001,4850.463691990000370,1443664.172010000096634,0
2638,2639,52499,468,PIMA,52499,9.689000938810000,2585.123302999999851,422052.880895000009332,1
2639,2640,52500,1077,PIMA,52500,164.426055007999992,12664.617055099999561,7162398.956149999983609,0
2640,2641,52501,577,PIMA,52501,11.929477582900001,4334.933940269999766,519648.043510999996215,0
2641,2642,52502,577,PIMA,52502,18.156298775400000,5084.103766500000347,790888.374656000058167,0
2642,2643,52503,560,PIMA,52503,17.923061177499999,3716.302450709999903,780728.544890000019222,1
2643,2644,52504,53,PIMA,52504,4.291690198250000,1753.911744089999956,186946.025036000006367,1
2644,2645,52505,707,PIMA,52505,69.091136576400004,7170.224580009999954,3009609.909270000178367,0
2645,2646,52506,34,PIMA,52506,5.473443523640000,2104.464439580000089,238423.199889999988955,0
2646,2647,52507,253,PIMA,52507,8.367930058830000,3157.363445009999850,364507.033363000024110,1
2647,2648,52508,393,PIMA,52508,31.619515969500000,5097.581801719999930,1377346.115629999898374,0
2648,2649,52509,534,PIMA,52509,5.149583828680000,2001.280780540000023,224315.871577000012621,1
2649,2650,52510,248,PIMA,52510,20.292308518100000,3993.662541640000200,883932.959049000055529,0
2650,2651,52511,431,PIMA,52511,4.849370488750000,1955.330352230000017,211238.578490000014426,0
2651,2652,52512,431,PIMA,52512,5.148488563100000,2027.550471649999963,224268.161808000004385,0
2652,2653,52513,160,PIMA,52513,12.542046191300001,3011.021199270000125,546331.532093000016175,0
2653,2654,52514,327,PIMA,52514,23.600240074999999,4504.651689850000366,1028026.457670000032522,1
2654,2655,52515,729,PIMA,52515,3.435419367430000,1677.890151119999928,149646.867644999991171,0
2655,2656,52516,979,PIMA,52516,192.778755388999997,13024.673020199999883,8397442.584739999845624,0
2656,2657,52517,1084,PIMA,52517,17.337479580099998,3444.590292819999831,755220.610511000035331,0
2657,2658,52518,1084,PIMA,52518,100.375470054999994,9101.281670689999373,4372355.475580000318587,0
2658,2659,52519,699,PIMA,52519,17.976293359600000,4010.755583199999819,783047.338745999964885,1
2659,2660,52520,699,PIMA,52520,21.210679988500001,4030.445111879999786,923937.220298000029288,1
2660,2661,52521,699,PIMA,52521,16.652004735300000,4147.209342440000000,725361.326268999953754,1
2661,2662,52522,699,PIMA,52522,60.228761109099999,6901.372172479999790,2623564.833910000044852,1
2662,2663,52523,693,PIMA,52523,147.937763571999994,10660.455549300000712,6444168.981200000271201,0
2663,2664,52524,632,PIMA,52524,12.459718268400000,2951.999239629999920,542745.327774000004865,1
2664,2665,52525,966,PIMA,52525,6.750704777760000,2274.885876620000090,294060.700118999986444,0
2665,2666,52526,251,PIMA,52526,13.779120450500001,3192.273903910000172,600218.486822000006214,0
2666,2667,52527,527,PIMA,52527,15.030345425700000,3292.715541359999861,654721.846741999965161,1
2667,2668,52528,543,PIMA,52528,28.045532741500001,4809.658618639999986,1221663.406220000004396,1
2668,2669,52529,531,PIMA,52529,20.092461369799999,3937.262909120000131,875227.617267000023276,1
2669,2670,52530,500,PIMA,52530,10.094611123500000,2639.772321290000036,439721.260539999988396,1
2670,2671,52531,236,PIMA,52531,5.603470479880000,1943.299648330000082,244087.174104000005173,0
2671,2672,52532,211,PIMA,52532,14.368986934600001,3196.063820429999851,625913.070872999960557,1
2672,2673,52533,318,PIMA,52533,7.951493504210000,2574.474339020000116,346367.057043000007980,1
2673,2674,52534,338,PIMA,52534,6.388624146420000,2107.677363429999787,278288.467818000004627,1
2674,2675,52535,320,PIMA,52535,13.841147929400000,3413.078206489999957,602920.403804000001401,1
2675,2676,52536,681,PIMA,52536,55.084062850700001,6883.113766849999593,2399461.777770000044256,0
2676,2677,52537,437,PIMA,52537,25.859977764600000,4991.134420180000234,1126460.631419999990612,1
2677,2678,52538,437,PIMA,52538,13.974909427500000,3791.988688729999922,608747.054663000046276,1
2678,2679,52539,430,PIMA,52539,21.467603341400000,4136.826345980000042,935128.801550999982283,0
2679,2680,52540,392,PIMA,52540,9.938152737619999,2583.647608190000028,432905.933251000009477,1
2680,2681,52541,391,PIMA,52541,10.025533413100000,2647.323503579999851,436712.235474999994040,1
2681,2682,52542,383,PIMA,52542,12.049229292300000,3352.414197109999805,524864.427971999975853,1
2682,2683,52543,585,PIMA,52543,15.527770941500000,3381.650691939999888,676389.702210000017658,1
2683,2684,52544,555,PIMA,52544,33.729395397499999,6094.073397670000304,1469252.463509999914095,1
2684,2685,52545,503,PIMA,52545,18.985835388100000,3811.620529239999996,827022.989505999954417,1
2685,2686,52546,717,PIMA,52546,201.483931825000013,11888.467471199999636,8776640.070280000567436,0
2686,2687,52547,700,PIMA,52547,5.282928551090000,1993.633130660000006,230124.367686000012327,0
2687,2688,52548,1078,PIMA,52548,43.927319019700001,7212.217746839999563,1913474.016499999910593,0
2688,2689,52549,293,PIMA,52549,14.081013324900001,3162.532781809999960,613368.940432999981567,1
2689,2690,52550,293,PIMA,52550,11.568780066700000,2976.003407530000004,503936.059705999970902,1
2690,2691,52551,306,PIMA,52551,4.964738515230000,2000.687442209999972,216264.009722999995574,1
2691,2692,52552,307,PIMA,52552,10.110042697400001,2625.170453239999915,440393.459900000016205,1
2692,2693,52553,306,PIMA,52553,10.106440341100001,2652.688841690000118,440236.541259000019636,1
2693,2694,52554,319,PIMA,52554,18.821496383300001,3721.190978279999854,819864.382455999962986,1
2694,2695,52555,319,PIMA,52555,11.030521534700000,2749.257807179999872,480489.518050000013318,1
2695,2696,52556,445,PIMA,52556,4.704803917320000,1823.124096459999919,204941.258639000006951,0
2696,2697,52557,212,PIMA,52557,16.072526104200001,3413.149620059999961,700119.237097000004724,1
2697,2698,52558,247,PIMA,52558,4.332029665030000,1807.750700670000015,188703.212208999990253,0
2698,2699,52559,247,PIMA,52559,4.389123946640000,2378.872699309999916,191190.239116000011563,0
2699,2700,52560,1055,PIMA,52560,4.950480860560000,1862.314808090000042,215642.946285999991233,0
2700,2701,52561,404,PIMA,52561,10.402285217999999,2682.647779559999890,453123.544095000019297,1
2701,2702,52562,460,PIMA,52562,13.470357721099999,3067.632392580000214,586768.782330999965779,0
2702,2703,52563,460,PIMA,52563,17.496910912800001,3613.509744410000167,762165.439360999967903,0
2703,2704,52564,967,PIMA,52564,27.277225365800000,4826.512754620000123,1188195.936930000083521,0
2704,2705,52565,109,PIMA,52565,39.163987188500002,5317.124975099999574,1705983.281930000055581,0
2705,2706,52566,645,PIMA,52566,79.867596177199999,7928.641374660000110,3479032.489479999989271,0
2706,2707,52567,655,PIMA,52567,64.794457367999996,8183.547237589999895,2822446.562950000166893,0
2707,2708,52568,226,PIMA,52568,38.579379931600002,5308.881852040000012,1680517.789820000063628,0
2708,2709,52569,1009,PIMA,52569,22.665304248700000,4266.979196799999954,987300.653072000015527,1
2709,2710,52570,482,PIMA,52570,15.844957232000001,3683.199500100000023,690206.337027000030503,1
2710,2711,52571,574,PIMA,52571,19.932994157300001,3982.986219209999945,868281.225490999990143,1
2711,2712,52572,232,PIMA,52572,18.894493976500002,3684.951229880000028,823044.157615000032820,0
2712,2713,52573,609,PIMA,52573,7.544026037890000,2320.921804449999854,328617.774211000010837,1
2713,2714,52574,624,PIMA,52574,205.172690979999999,13127.725340000000870,8937322.419110000133514,0
2714,2715,52575,842,PIMA,52575,194.381445681000002,12589.877810399999362,8467255.773879999294877,0
2715,2716,52576,620,PIMA,52576,28.243210853099999,5132.873226020000402,1230274.264759999932721,0
2716,2717,52577,978,PIMA,52577,28.747443768499998,5142.842457280000417,1252238.650559999980032,0
2717,2718,52578,693,PIMA,52578,32.814649039599999,5583.481016480000108,1429406.112160000018775,0
2718,2719,52579,515,PIMA,52579,19.765566166999999,3981.106187270000191,860988.062233999953605,1
2719,2720,52580,491,PIMA,52580,8.261266889710001,2667.604772910000065,359860.785716000013053,1
2720,2721,52581,450,PIMA,52581,9.854297681640000,3434.923443380000208,429253.207012000028044,1
2721,2722,52582,473,PIMA,52582,32.766965202000002,6334.304429009999694,1427329.004200000083074,1
2722,2723,52583,371,PIMA,52583,10.036811775300000,2647.392193659999975,437203.520933000021614,1
2723,2724,52584,832,PIMA,52584,118.199906177000003,9311.211068160000650,5148787.913060000166297,0
2724,2725,52585,346,PIMA,52585,10.381646333799999,2939.346373939999921,452224.514298999973107,0
2725,2726,52586,346,PIMA,52586,8.927848110759999,2630.243300789999921,388897.063704999978654,0
2726,2727,52587,345,PIMA,52587,9.949268875260000,2633.300569879999784,433390.152205999998841,1
2727,2728,52588,346,PIMA,52588,7.551975982890000,2376.539929489999849,328964.073815000010654,0
2728,2729,52589,345,PIMA,52589,9.987505022050000,2645.499665079999886,435055.718761000025552,1
2729,2730,52590,345,PIMA,52590,10.021648181300000,2628.523003050000170,436542.994776999985334,1
2730,2731,52591,468,PIMA,52591,9.479285471560001,2551.734829389999959,412917.675141000014264,1
2731,2732,52592,725,PIMA,52592,25.039520171900001,4502.142346810000163,1090721.498690000036731,1
2732,2733,52593,485,PIMA,52593,45.885702924500002,7053.396371269999690,1998781.219389999983832,0
2733,2734,52594,679,PIMA,52594,80.722425782000002,7878.279276039999786,3516268.867070000153035,0
2734,2735,52595,776,PIMA,52595,330.950872665000020,20356.090787799999816,14416220.013299999758601,0
2735,2736,52596,963,PIMA,52596,662.729091738999955,21400.957778500000131,28868479.236200001090765,0
2736,2737,52597,425,PIMA,52597,14.141018283699999,3545.014806539999881,615982.756435999996029,0
2737,2738,52598,397,PIMA,52598,9.075384615740001,2511.876510709999820,395323.753861000004690,1
2738,2739,52599,502,PIMA,52599,5.800762369080000,2082.177115529999810,252681.208796999999322,1
2739,2740,52600,104,PIMA,52600,471.232642135999981,24005.766557700000703,20526893.891399998217821,0
2740,2741,52601,596,PIMA,52601,59.051690336100002,10083.086051300000690,2572291.631039999891073,1
2741,2742,52602,17,PIMA,52602,7.241340441740000,2378.288562079999792,315432.789641999988817,1
2742,2743,52603,1087,PIMA,52603,32.146955805799998,4687.746493609999561,1400321.394899999955669,0
2743,2744,52604,798,PIMA,52604,28.204334155900000,4481.299740620000193,1228580.795829999959096,0
2744,2745,52605,1042,PIMA,52605,27.740916908799999,4461.946141559999887,1208394.340550000080839,0
2745,2746,52606,522,PIMA,52606,11.762331191500000,2879.740167909999855,512367.146699999982957,1
2746,2747,52607,514,PIMA,52607,12.551702312300000,3230.239458049999939,546752.152722000028007,1
2747,2748,52608,496,PIMA,52608,20.310592808100001,4524.696958769999583,884729.422720000031404,1
2748,2749,52609,527,PIMA,52609,6.558423950490000,2199.705384769999910,285684.947282999986783,1
2749,2750,52610,232,PIMA,52610,33.514303510300003,4961.509221649999745,1459883.060910000000149,0
2750,2751,52611,405,PIMA,52611,24.482392362599999,4117.962981910000053,1066453.011309999972582,1
2751,2752,52612,39,PIMA,52612,7.658782308200000,2333.983313879999969,333616.557344999979250,1
2752,2753,52613,540,PIMA,52613,145.532165114999998,11450.350022599999647,6339381.112390000373125,0
2753,2754,52614,965,PIMA,52614,242.662377095000011,17982.464853299999959,10570373.146199999377131,0
2754,2755,52615,978,PIMA,52615,54.422002039299997,6346.338147159999608,2370622.408830000087619,0
2755,2756,52616,978,PIMA,52616,93.754137208299994,8508.661461249999775,4083930.216789999976754,0
2756,2757,52617,775,PIMA,52617,38.861939867300002,6859.714102719999573,1692826.100619999924675,0
2757,2758,52618,775,PIMA,52618,27.723356020499999,4695.436447369999769,1207629.388250000076368,0
2758,2759,52619,358,PIMA,52619,9.848152206370001,2629.437300579999828,428985.510109999973793,1
2759,2760,52620,198,PIMA,52620,9.909577784920000,2889.799520569999913,431661.208311000023969,1
2760,2761,52621,303,PIMA,52621,7.381663963070000,2284.040149540000129,321545.282231000019237,0
2761,2762,52622,241,PIMA,52622,19.835221115000000,3981.866185620000124,864022.231768999947235,0
2762,2763,52623,499,PIMA,52623,8.217674398330001,2447.614246120000189,357961.896790999977384,1
2763,2764,52624,510,PIMA,52624,7.241377570460000,2525.728237599999829,315434.406969000003301,1
2764,2765,52625,285,PIMA,52625,8.502697271660001,3263.038486070000090,370377.493154000025243,0
2765,2766,52626,277,PIMA,52626,14.905802474700000,3376.922391699999935,649296.755798000027426,1
2766,2767,52627,401,PIMA,52627,9.957304513360000,2635.471508399999948,433740.184601999993902,1
2767,2768,52628,401,PIMA,52628,9.984394009740001,2636.476241549999941,434920.203064000001177,1
2768,2769,52629,346,PIMA,52629,9.917173833390001,2591.921522900000127,431992.092181999993045,0
2769,2770,52630,361,PIMA,52630,10.104501423300000,2653.965587220000089,440152.081998999987263,1
2770,2771,52631,978,PIMA,52631,17.502855243599999,3886.333519270000124,762424.374410000047646,0
2771,2772,52632,358,PIMA,52632,8.507583826379999,2699.293903539999974,370590.351476999989245,0
2772,2773,52633,286,PIMA,52633,7.967977061800000,2521.913975580000169,347085.080811999971047,0
2773,2774,52634,273,PIMA,52634,18.793187076700001,4434.286924330000147,818631.229062999947928,1
2774,2775,52635,212,PIMA,52635,33.020319987900002,5824.912091639999744,1438365.138670000014827,1
2775,2776,52636,247,PIMA,52636,9.981896844070000,2626.412220570000045,434811.426527999981772,0
2776,2777,52637,426,PIMA,52637,3.764056431710000,1622.401135820000036,163962.298164999985602,0
2777,2778,52638,263,PIMA,52638,20.957890037599999,4768.009663550000369,912925.690035999985412,0
2778,2779,52639,343,PIMA,52639,5.266860950970000,2024.390897009999890,229424.463023999996949,1
2779,2780,52640,461,PIMA,52640,36.472860200000000,6157.892460150000261,1588757.790310000069439,1
2780,2781,52641,1023,PIMA,52641,44.560898837600000,5531.692754650000097,1941072.753370000049472,1
2781,2782,52642,329,PIMA,52642,15.007890772300000,3266.075776959999985,653743.722043000045232,0
2782,2783,52643,1062,PIMA,52643,43.686126378700003,7077.485463449999770,1902967.665060000028461,0
2783,2784,52644,708,PIMA,52644,131.491105766000004,9596.469655360000615,5727752.567149999551475,0
2784,2785,52645,22,PIMA,52645,20.797205727100000,3802.550172130000192,905926.281473999959417,1
2785,2786,52646,213,PIMA,52646,22.038324909800000,4121.161282469999605,959989.433073000051081,0
2786,2787,52647,291,PIMA,52647,4.995128783470000,2002.946413379999967,217587.809807999990880,1
2787,2788,52648,284,PIMA,52648,12.540124665100000,2998.509962600000108,546247.830410000053234,0
2788,2789,52649,552,PIMA,52649,15.370483113700001,3362.906392830000186,669538.244430999970064,1
2789,2790,52650,533,PIMA,52650,9.399271122349999,2576.720637769999939,409432.250088999979198,1
2790,2791,52651,325,PIMA,52651,6.573930084070000,2188.875971659999777,286360.394461999996565,1
2791,2792,52652,978,PIMA,52652,62.606899001199999,7509.542902590000267,2727156.520490000024438,0
2792,2793,52653,1104,PIMA,52653,243.747360982000004,15112.488732100000561,10617635.044399999082088,0
2793,2794,52654,788,PIMA,52654,34.123722114700001,4896.368208640000375,1486429.335320000071079,0
2794,2795,52655,788,PIMA,52655,35.313851885299997,5151.255369399999836,1538271.388120000017807,0
2795,2796,52656,35,PIMA,52656,5.899916170140000,2009.267406830000027,257000.348371000000043,1
2796,2797,52657,35,PIMA,52657,8.185155154069999,2409.252268719999847,356545.358510999998543,1
2797,2798,52658,358,PIMA,52658,9.960700229460000,2634.801939030000085,433888.101994999975432,1
2798,2799,52659,285,PIMA,52659,4.236535943110000,1885.647944069999994,184543.505681999988155,0
2799,2800,52660,241,PIMA,52660,36.611016588100000,5375.097233980000055,1594775.882579999975860,0
2800,2801,52661,308,PIMA,52661,14.777719547000000,3195.356234779999795,643717.463467999943532,0
2801,2802,52662,328,PIMA,52662,14.787680444799999,3429.844414510000206,644151.360174000030383,0
2802,2803,52663,309,PIMA,52663,21.809274391900001,4069.161556930000188,950011.992510000010952,0
2803,2804,52664,323,PIMA,52664,10.155235832400001,2661.243464449999919,442362.072861000022385,0
2804,2805,52665,323,PIMA,52665,9.896717834260000,2635.239583649999986,431101.028860000020359,0
2805,2806,52666,573,PIMA,52666,9.930866734720000,3053.532019069999933,432588.554964000009932,1
2806,2807,52667,486,PIMA,52667,19.790063653499999,3944.289218819999860,862055.172744999988936,1
2807,2808,52668,486,PIMA,52668,9.393785135460000,2555.807509010000103,409193.280501000001095,1
2808,2809,52669,487,PIMA,52669,8.726117784150000,2843.846093440000004,380109.690676999976858,0
2809,2810,52670,978,PIMA,52670,8.678482992259999,2688.646192400000018,378034.719143000023905,0
2810,2811,52671,987,PIMA,52671,155.976153847000006,10388.009526800000458,6794321.261570000089705,0
2811,2812,52672,1100,PIMA,52672,145.833819952999988,10350.146493899999768,6352521.197159999981523,0
2812,2813,52673,103,PIMA,52673,291.191002771000001,15039.214279199999510,12684280.080700000748038,0
2813,2814,52674,918,PIMA,52674,740.728953502999957,23752.983798799999931,32266153.214600000530481,0
2814,2815,52675,858,PIMA,52675,7031.403550469999573,88080.747339499997906,306287938.658999979496002,0
2815,2816,52676,597,PIMA,52676,26.071438691000001,4560.539428299999599,1135671.869380000047386,1
2816,2817,52677,545,PIMA,52677,24.617679775700001,4261.565669489999891,1072346.131030000047758,1
2817,2818,52678,545,PIMA,52678,22.437729964700001,4241.330210490000354,977387.517264000023715,1
2818,2819,52679,497,PIMA,52679,4.099960103880000,2194.694280610000078,178594.262125000008382,1
2819,2820,52680,512,PIMA,52680,8.651521945120001,2637.052491960000225,376860.295930000022054,1
2820,2821,52681,978,PIMA,52681,65.215444681999998,7283.683909569999742,2840784.770349999889731,0
2821,2822,52682,978,PIMA,52682,58.215874675099997,6477.218699310000375,2535883.500849999953061,0
2822,2823,52683,302,PIMA,52683,19.943350485100002,4005.919808600000124,868732.347132000024430,1
2823,2824,52684,307,PIMA,52684,10.191939429400000,2684.943055440000080,443960.881544000003487,1
2824,2825,52685,327,PIMA,52685,19.932823177000000,3945.231554500000129,868273.777591999969445,1
2825,2826,52686,306,PIMA,52686,5.171580084790000,2014.380363830000078,225274.028493999998318,1
2826,2827,52687,307,PIMA,52687,9.936068034560000,2656.923737130000063,432815.123584999993909,1
2827,2828,52688,442,PIMA,52688,10.346493042900001,2668.655547530000149,450693.236950999998953,0
2828,2829,52689,953,PIMA,52689,636.881153902000051,21177.249651699999959,27742543.063999999314547,0
2829,2830,52690,388,PIMA,52690,14.108529032800000,3135.841187210000044,614567.524668999947608,1
2830,2831,52691,405,PIMA,52691,10.094903121100000,2652.819149399999787,439733.979955999995582,1
2831,2832,52692,374,PIMA,52692,10.259036889200001,2658.898858850000124,446883.646891999989748,1
2832,2833,52693,362,PIMA,52693,15.107762228000000,3310.367168199999924,658094.122652000049129,0
2833,2834,52694,347,PIMA,52694,39.050424399100002,5430.243540690000373,1701036.486830000067130,0
2834,2835,52695,371,PIMA,52695,9.883218428199999,2621.017377489999944,430512.994731999991927,1
2835,2836,52696,377,PIMA,52696,17.387921921899999,3628.556771600000047,757417.878916000016034,0
2836,2837,52697,361,PIMA,52697,9.907359673340000,2642.598628390000158,431564.587370999972336,1
2837,2838,52698,359,PIMA,52698,17.755473326400001,3926.136678639999900,773428.418100000009872,0
2838,2839,52699,340,PIMA,52699,7.864647865620000,2728.678267809999852,342584.061026000010315,1
2839,2840,52700,361,PIMA,52700,9.976417530890000,2639.773489849999805,434572.747646000003442,1
2840,2841,52701,570,PIMA,52701,67.463035902900003,10172.882851500000470,2938689.843929999973625,1
2841,2842,52702,405,PIMA,52702,9.923723972050000,2630.045796049999808,432277.416222000028938,1
2842,2843,52703,430,PIMA,52703,11.286153782600000,2802.143246149999868,491624.858772000006866,0
2843,2844,52704,415,PIMA,52704,41.073303221600000,5343.979464889999690,1789153.088329999940470,0
2844,2845,52705,391,PIMA,52705,9.928481217670001,2568.495790500000112,432484.641842000011820,1
2845,2846,52706,391,PIMA,52706,10.201603349399999,2652.191604759999791,444381.841898999991827,1
2846,2847,52707,455,PIMA,52707,43.385807396799997,5470.914764389999618,1889885.770209999987856,1
2847,2848,52708,303,PIMA,52708,9.456024091770001,2855.012903020000067,411904.409438000002410,0
2848,2849,52709,770,PIMA,52709,1228.873884220000036,37224.341662999999244,53529746.396600000560284,0
2849,2850,52710,278,PIMA,52710,5.126531652490000,1993.771119109999972,223311.718782999989344,1
2850,2851,52711,978,PIMA,52711,254.573870870999997,15402.569175299999188,11089237.815199999138713,0
2851,2852,52712,339,PIMA,52712,6.811773564970000,2173.646778249999898,296720.856489999976475,1
2852,2853,52713,318,PIMA,52713,9.947281691650000,3007.415149089999886,433303.590488000016194,1
2853,2854,52714,358,PIMA,52714,9.896457674630000,2626.979838209999798,431089.696307000005618,1
2854,2855,52715,371,PIMA,52715,4.148437983280000,1866.324208539999972,180705.958551999996416,1
2855,2856,52716,1039,PIMA,52716,57.698376531100003,6421.739474070000142,2513341.281690000090748,0
2856,2857,52717,730,PIMA,52717,24.533928237300000,4523.162089489999744,1068697.914020000025630,1
2857,2858,52718,730,PIMA,52718,15.565926052500000,3553.728970980000213,678051.738846999942325,1
2858,2859,52719,277,PIMA,52719,42.436560853099998,6809.184894240000176,1848536.590760000050068,1
2859,2860,52720,373,PIMA,52720,5.523458313880000,2050.738647459999811,240601.844153000012739,1
2860,2861,52721,575,PIMA,52721,10.300225731599999,2689.249581260000014,448677.832868999976199,1
2861,2862,52722,967,PIMA,52722,59.305592369000003,8028.084451040000204,2583351.603589999955148,0
2862,2863,52723,967,PIMA,52723,41.320206371499999,6277.777948810000453,1799908.189539999933913,0
2863,2864,52724,967,PIMA,52724,66.906035257599996,7993.652080689999821,2914426.895820000208914,0
2864,2865,52725,1083,PIMA,52725,75.577994179399994,7729.159848590000365,3292177.426450000144541,0
2865,2866,52726,1083,PIMA,52726,56.356364821600003,6946.759911889999785,2454883.251629999838769,0
2866,2867,52727,1083,PIMA,52727,10.536965344400000,2713.530023710000023,458990.210400999989361,0
2867,2868,52728,1083,PIMA,52728,71.392245201500003,7905.410624889999781,3109846.200980000197887,0
2868,2869,52729,487,PIMA,52729,6.862795549640000,2295.129730369999834,298943.374141999986023,0
2869,2870,52730,516,PIMA,52730,12.342990193600000,3769.972951430000194,537660.652832999941893,0
2870,2871,52731,516,PIMA,52731,12.257364997700000,3426.478022610000153,533930.819297999958508,0
2871,2872,52732,245,PIMA,52732,12.603362568700000,2940.261037490000035,549002.473491000011563,0
2872,2873,52733,677,PIMA,52733,273.349153148000028,14606.222279999999955,11907089.111099999397993,0
2873,2874,52734,164,PIMA,52734,320.717334042999994,24681.835144399999990,13970447.070900000631809,0
2874,2875,52735,118,PIMA,52735,114.726593643000001,9732.435785429999669,4997490.419069999828935,0
2875,2876,52736,586,PIMA,52736,33.201536088600001,5001.396768139999949,1446258.912019999930635,1
2876,2877,52737,1073,PIMA,52737,30.925308785700000,4629.640943289999996,1347106.450710000004619,0
2877,2878,52738,573,PIMA,52738,10.061134355900000,2933.661210440000104,438263.012541999982204,1
2878,2879,52739,474,PIMA,52739,30.841342403700001,5411.669969479999963,1343448.875109999906272,1
2879,2880,52740,551,PIMA,52740,9.838998274820000,3260.439312919999793,428586.764850999985356,1
2880,2881,52741,534,PIMA,52741,10.077679044700000,2650.007677940000121,438983.699186999991070,1
2881,2882,52742,509,PIMA,52742,44.853517791800002,5761.149450980000438,1953819.235009999945760,1
2882,2883,52743,517,PIMA,52743,9.960585210410001,2634.380933590000041,433883.091766000026837,1
2883,2884,52744,345,PIMA,52744,9.867112943760000,2623.876755429999776,429811.439829999988433,1
2884,2885,52745,828,PIMA,52745,10882.845862100000886,117907.163174000001163,474056765.751999974250793,0
2885,2886,52746,982,PIMA,52746,165.890375008000007,11414.610603999999512,7226184.735340000130236,0
2886,2887,52747,345,PIMA,52747,10.006613791199999,2640.920969199999945,435888.096743999980390,1
2887,2888,52748,345,PIMA,52748,9.748596621080001,2628.940381129999878,424648.868813999986742,1
2888,2889,52749,346,PIMA,52749,21.137619370600000,4960.096521509999548,920754.699784999946132,0
2889,2890,52750,235,PIMA,52750,17.406318518700001,4004.282534139999825,758219.234673000057228,0
2890,2891,52751,235,PIMA,52751,21.803323172999999,4798.284792170000401,949752.757415000000037,0
2891,2892,52752,551,PIMA,52752,9.827174098160000,2622.082320269999855,428071.703716000018176,1
2892,2893,52753,1038,PIMA,52753,25.288296144200000,4294.193696809999892,1101558.180040000006557,0
2893,2894,52754,198,PIMA,52754,14.395358227899999,3258.729146000000128,627061.804405999951996,1
2894,2895,52755,142,PIMA,52755,30.117563407599999,4575.412758899999972,1311921.062039999989793,0
2895,2896,52756,281,PIMA,52756,15.390140771300000,4583.706538520000322,670394.531997999991290,0
2896,2897,52757,303,PIMA,52757,4.367104664240000,1781.624942370000099,190231.079174000013154,0
2897,2898,52758,356,PIMA,52758,5.029125202740000,1985.565013890000046,219068.693831000011414,0
2898,2899,52759,356,PIMA,52759,4.905166476300000,1944.175528259999965,213669.051708000013605,0
2899,2900,52760,553,PIMA,52760,10.423949906800001,2704.091625170000043,454067.257939999981318,1
2900,2901,52761,1065,PIMA,52761,8.400329703200001,2523.086425630000122,365918.361870999971870,0
2901,2902,52762,27,PIMA,52762,9.659779410640001,2719.846778919999906,420779.991128000023309,1
2902,2903,52763,1098,PIMA,52763,170.720109334000000,11766.757881300000008,7436567.962570000439882,0
2903,2904,52764,1100,PIMA,52764,125.650753914999996,10239.567143800000849,5473346.840540000237525,0
2904,2905,52765,991,PIMA,52765,896.981054672000027,25308.407251299999189,39072494.741499997675419,0
2905,2906,52766,354,PIMA,52766,20.241675183900000,3690.791012090000095,881727.371012000017799,1
2906,2907,52767,87,PIMA,52767,886.333278145000008,25331.783491999998660,38608677.596000000834465,0
2907,2908,52768,410,PIMA,52768,304.159337554999979,15558.769055799999478,13249180.743899999186397,1
2908,2909,52769,652,PIMA,52769,211.268747819999987,12105.001119000000472,9202866.655029999092221,0
2909,2910,52770,643,PIMA,52770,1910.600903389999985,38472.970289700002468,83225775.351799994707108,0
2910,2911,52771,316,PIMA,52771,160.822401382999999,10585.911723299999721,7005423.804250000044703,0
2911,2912,52772,316,PIMA,52772,155.233396650000003,10401.931688500000746,6761966.758059999905527,0
2912,2913,52773,509,PIMA,52773,17.690671284299999,3558.985847519999879,770605.641145000001416,1
2913,2914,52774,968,PIMA,52774,220.139393903000013,11983.731019099999685,9589271.998430000618100,0
2914,2915,52775,895,PIMA,52775,52.524760345200001,7370.188058839999940,2287978.560639999806881,1
2915,2916,52776,895,PIMA,52776,41.649665338200002,6067.577870909999547,1814259.422130000079051,1
2916,2917,52777,534,PIMA,52777,4.674660956740000,1961.391439539999965,203628.231274999998277,1
2917,2918,52778,471,PIMA,52778,9.105462741340000,3326.620057610000003,396633.957012999977451,1
2918,2919,52779,467,PIMA,52779,10.311750810700000,2678.633123780000005,449179.865315000002738,1
2919,2920,52780,447,PIMA,52780,4.814220266310000,1833.332757129999891,209707.434800999995787,0
2920,2921,52781,285,PIMA,52781,9.124733710859999,2583.110584439999911,397473.400444999977481,0
2921,2922,52782,994,PIMA,52782,212.127130399999999,15997.070886199999222,9240257.800240000709891,1
2922,2923,52783,995,PIMA,52783,164.639257568999994,10699.693789299999480,7171686.059709999710321,1
2923,2924,52784,391,PIMA,52784,10.105550699800000,2597.180675479999991,440197.788485000026412,1
2924,2925,52785,391,PIMA,52785,9.812815476170000,2600.943943149999996,427446.242142000002787,1
2925,2926,52786,391,PIMA,52786,10.286151458100001,2710.199540439999964,448064.757515000004787,1
2926,2927,52787,392,PIMA,52787,10.206886960100000,2659.965625780000209,444611.995982000022195,1
2927,2928,52788,383,PIMA,52788,8.438658913250000,2401.321677249999993,367587.982261000026483,1
2928,2929,52789,720,PIMA,52789,63.639507283500002,6694.075443710000400,2772136.937270000111312,0
2929,2930,52790,482,PIMA,52790,13.705407862500000,3133.996826300000066,597007.566492000012659,0
2930,2931,52791,462,PIMA,52791,15.610238334900000,3404.667784780000147,679981.981866999994963,0
2931,2932,52792,403,PIMA,52792,14.934169197699999,3285.933799249999993,650532.410249999957159,1
2932,2933,52793,252,PIMA,52793,20.595169463400001,3994.878646340000159,897125.581827000016347,0
2933,2934,52794,551,PIMA,52794,9.806504456490000,3239.503385959999832,427171.334124999993946,1
2934,2935,52795,305,PIMA,52795,9.599347755569999,2703.867618149999998,418147.588232000009157,0
2935,2936,52796,1060,PIMA,52796,92.563936241799993,10095.960703099999591,4032085.062690000049770,0
2936,2937,52797,1048,PIMA,52797,80.468655880100002,7912.758294799999931,3505214.650140000041574,0
2937,2938,52798,47,PIMA,52798,6.209715178410000,2191.851991550000093,270495.193170999991708,1
2938,2939,52799,41,PIMA,52799,4.034322312850000,1704.249674090000099,175735.079947999998694,0
2939,2940,52800,452,PIMA,52800,147.014759942000012,12971.709858599999279,6403962.943090000189841,1
2940,2941,52801,318,PIMA,52801,14.593507994799999,3311.787209690000054,635693.208254999946803,1
2941,2942,52802,693,PIMA,52802,17.865210756600000,3985.071882010000081,778208.580557000008412,0
2942,2943,52803,693,PIMA,52803,66.327263246900003,7543.115722370000185,2889215.587030000053346,0
2943,2944,52804,318,PIMA,52804,15.743020254799999,3389.267174770000111,685765.962299000006169,1
2944,2945,52805,319,PIMA,52805,6.869021165760000,2289.991434810000101,299214.561981000006199,1
2945,2946,52806,120,PIMA,52806,93.218163376199996,7954.071917389999726,4060583.196669999975711,0
2946,2947,52807,212,PIMA,52807,11.173885817300000,2790.416644550000001,486734.466200000024401,1
2947,2948,52808,386,PIMA,52808,13.655282866600000,3514.450100349999957,594824.121669000014663,1
2948,2949,52809,464,PIMA,52809,15.815569246700001,3333.969103219999852,688926.196384000009857,0
2949,2950,52810,652,PIMA,52810,159.143292088999999,11731.415851600000678,6932281.803419999778271,0
2950,2951,52811,454,PIMA,52811,34.604624606700000,5538.636366439999620,1507377.447870000032708,1
2951,2952,52812,1000,PIMA,52812,228.400837513999988,12824.475343300000532,9949140.482130000367761,0
2952,2953,52813,616,PIMA,52813,41.976188022999999,6760.938602100000026,1828482.750280000036582,1
2953,2954,52814,616,PIMA,52814,11.156851355200001,2888.229674170000180,485992.445031000010204,1
2954,2955,52815,516,PIMA,52815,6.113021110040000,2981.227429829999892,266283.199552999984007,0
2955,2956,52816,988,PIMA,52816,56.206356890899997,6475.043492349999724,2448348.906169999856502,0
2956,2957,52817,69,PIMA,52817,13.867610172299999,3293.177891889999955,604073.099105000030249,0
2957,2958,52818,672,PIMA,52818,146.840782331000014,11775.159673199999816,6396384.478330000303686,0
2958,2959,52819,968,PIMA,52819,180.879283127999997,12587.707254499999181,7879101.573049999773502,0
2959,2960,52820,685,PIMA,52820,1797.587358580000000,38540.927003500000865,78302905.339599996805191,0
2960,2961,52821,178,PIMA,52821,92.863017958699999,8676.815577569999732,4045113.062280000187457,0
2961,2962,52822,506,PIMA,52822,23.440484368700002,4198.628802729999734,1021067.499100000015460,1
2962,2963,52823,468,PIMA,52823,9.424274981510001,2582.357915640000101,410521.418194999976549,1
2963,2964,52824,468,PIMA,52824,9.476587930550000,2558.674723890000223,412800.170255000004545,1
2964,2965,52825,969,PIMA,52825,239.341272398000001,15991.758506699999998,10425705.825600000098348,0
2965,2966,52826,319,PIMA,52826,9.580865666799999,2585.024124670000219,417342.508445999992546,1
2966,2967,52827,740,PIMA,52827,82.642095955399995,9465.444395919999806,3599889.699820000212640,0
2967,2968,52828,183,PIMA,52828,24.229398496300000,4287.337986290000117,1055432.598500000080094,1
2968,2969,52829,193,PIMA,52829,24.814733468299998,5012.570824000000357,1080929.789880000054836,1
2969,2970,52830,107,PIMA,52830,42.112093208799998,5615.133844480000334,1834402.780180000001565,0
2970,2971,52831,575,PIMA,52831,24.160180906499999,4226.617706889999681,1052417.480290000094101,1
2971,2972,52832,381,PIMA,52832,8.502427465160000,3262.281399559999954,370365.740381999989040,0
2972,2973,52833,381,PIMA,52833,8.688130131539999,3308.994774740000139,378454.948529999994207,0
2973,2974,52834,964,PIMA,52834,45.639947217200003,6089.197425909999765,1988076.100779999978840,0
2974,2975,52835,553,PIMA,52835,215.536287050999988,13152.775018000000273,9388760.663949999958277,1
2975,2976,52836,500,PIMA,52836,9.928031100880000,2627.816653249999945,432465.034754999971483,1
2976,2977,52837,55,PIMA,52837,6.821594492140000,2355.973524330000146,297148.656077000021469,1
2977,2978,52838,54,PIMA,52838,8.604022230960000,2524.526035830000183,374791.208380999974906,1
2978,2979,52839,53,PIMA,52839,4.382523660250000,1753.540631070000018,190902.730641000001924,1
2979,2980,52840,398,PIMA,52840,10.158171208400001,2656.922570919999998,442489.937837000004947,0
2980,2981,52841,141,PIMA,52841,31.115410243800000,5085.195548409999901,1355387.270220000064000,0
2981,2982,52842,982,PIMA,52842,308.438526379999985,15545.879956900000252,13435582.209100000560284,0
2982,2983,52843,193,PIMA,52843,7.273454662500000,2472.161219489999894,316831.685098999994807,1
2983,2984,52844,700,PIMA,52844,28.996452668100002,4554.667977199999768,1263085.478219999931753,0
2984,2985,52845,700,PIMA,52845,9.550654816350001,2623.524601910000001,416026.523800000024494,0
2985,2986,52846,794,PIMA,52846,49.564137320900002,6088.813240430000405,2159013.821700000204146,0
2986,2987,52847,54,PIMA,52847,4.317040643540000,1742.227210389999982,188050.290432999987388,1
2987,2988,52848,586,PIMA,52848,42.352167282000003,6315.594135930000448,1844860.406799999997020,1
2988,2989,52849,460,PIMA,52849,9.758111944580000,2607.598992430000180,425063.356305999972392,0
2989,2990,52850,521,PIMA,52850,28.715793888299999,4866.101433769999858,1250859.981769999954849,1
2990,2991,52851,515,PIMA,52851,15.879928718000000,3780.273775749999913,691729.694957999978215,1
2991,2992,52852,1062,PIMA,52852,25.372239712999999,4690.393529109999690,1105214.761900000041351,0
2992,2993,52853,27,PIMA,52853,9.933191533380000,2744.283751649999886,432689.823193999996874,1
2993,2994,52854,326,PIMA,52854,90.756426329099995,8618.604946190000192,3953349.930889999959618,0
2994,2995,52855,978,PIMA,52855,67.871782173200003,7777.744264199999634,2956494.831460000015795,0
2995,2996,52856,976,PIMA,52856,6.274347813180000,2138.720152330000019,273310.590741999971215,0
2996,2997,52857,708,PIMA,52857,129.134100273999991,11376.989301100000375,5625081.407949999906123,0
2997,2998,52858,708,PIMA,52858,34.496347119500001,5081.978188510000109,1502660.880519999889657,0
2998,2999,52859,875,PIMA,52859,239.555938338000004,13167.100540199999159,10435056.674000000581145,0
2999,3000,52860,292,PIMA,52860,9.977321671089999,2637.019199480000225,434612.131992999988142,1
3000,3001,52861,637,PIMA,52861,76.377719362299999,8235.604638180000620,3327013.455420000012964,0
3001,3002,52862,637,PIMA,52862,62.892621458500003,6883.494375860000218,2739602.590729999821633,0
3002,3003,52863,637,PIMA,52863,64.411834931800001,7583.121463610000319,2805779.529629999771714,0
3003,3004,52864,637,PIMA,52864,71.365972104999997,7380.145719369999824,3108701.744890000205487,0
3004,3005,52865,1094,PIMA,52865,1926.755052879999994,39192.962654700000712,83929450.103400006890297,0
3005,3006,52866,118,PIMA,52866,41.152165447000002,5335.764452340000389,1792588.326869999989867,0
3006,3007,52867,120,PIMA,52867,106.220558488999998,9130.747251319999123,4626967.527780000120401,0
3007,3008,52868,120,PIMA,52868,59.142123705000003,6425.041939689999708,2576230.908590000122786,0
3008,3009,52869,120,PIMA,52869,56.757367267399999,7756.343458160000409,2472350.918169999960810,0
3009,3010,52870,116,PIMA,52870,62.633802132800000,6804.339760820000265,2728328.420909999869764,0
3010,3011,52871,94,PIMA,52871,413.070775081000022,17513.657062099999166,17993362.962499998509884,0
3011,3012,52872,118,PIMA,52872,169.658206317999998,11284.796003600000404,7390311.467199999839067,0
3012,3013,52873,116,PIMA,52873,154.059722249999993,10161.996173100000306,6710841.501210000365973,0
3013,3014,52874,116,PIMA,52874,113.841951942999998,9444.889901700000337,4958955.426629999652505,0
3014,3015,52875,116,PIMA,52875,79.361654406800000,7893.764609699999710,3456993.665959999896586,0
3015,3016,52876,59,PIMA,52876,5.190376916700000,1900.983977549999963,226092.818491999991238,0
3016,3017,52877,59,PIMA,52877,5.289576439490000,1920.155700609999940,230413.949703999998746,0
3017,3018,52878,118,PIMA,52878,37.716222682999998,5214.607322290000411,1642918.660069999983534,0
3018,3019,52879,118,PIMA,52879,27.333750284200001,4707.124238149999655,1190658.162380000110716,0
3019,3020,52880,118,PIMA,52880,132.130298199999999,9795.744763930000772,5755595.789599999785423,0
3020,3021,52881,131,PIMA,52881,37.735138213200003,5184.191409500000191,1643742.620570000028238,0
3021,3022,52882,120,PIMA,52882,3.877610659250000,1698.977186540000048,168908.720316999999341,0
3022,3023,52883,130,PIMA,52883,5.797572040590000,2048.466509240000050,252542.238088000012795,0
3023,3024,52884,130,PIMA,52884,31.064201244100001,4895.405657450000035,1353156.606189999962226,0
3024,3025,52885,144,PIMA,52885,8.373330176710001,2440.326430319999872,364742.262496999988798,0
3025,3026,52886,317,PIMA,52886,657.331946078999977,21396.355424199999106,28633379.571199998259544,0
3026,3027,52887,1039,PIMA,52887,10.953856919000000,2787.896896549999838,477150.007391999999527,0
3027,3028,52888,907,PIMA,52888,1131.977072279999902,28209.741968300000735,49308921.268600001931190,0
3028,3029,52889,912,PIMA,52889,1264.581062620000012,30089.780008099998668,55085151.087600000202656,0
3029,3030,52890,459,PIMA,52890,19.960772563500001,3969.242030760000034,869491.252867999952286,0
3030,3031,52891,459,PIMA,52891,10.022032593200001,2634.772153620000154,436559.739760000025854,0
3031,3032,52892,399,PIMA,52892,10.067455533400000,2610.666300270000193,438538.363033999979962,1
3032,3033,52893,1037,PIMA,52893,15.431678262400000,3398.172549190000154,672203.905111999949440,0
3033,3034,52894,386,PIMA,52894,23.397701796400000,4677.395092650000151,1019203.890250000054948,1
3034,3035,52895,818,PIMA,52895,351.025886888999992,16875.164773399999831,15290687.632899999618530,1
3035,3036,52896,249,PIMA,52896,9.296457676839999,2578.083477969999876,404953.696402999979910,0
3036,3037,52897,167,PIMA,52897,27.884833946299999,4962.011428879999585,1214663.366699999896809,0
3037,3038,52898,534,PIMA,52898,10.168093742300000,2679.107510069999989,442922.163415000017267,1
3038,3039,52899,500,PIMA,52899,9.950110586199999,2633.422059280000212,433426.817135000019334,1
3039,3040,52900,338,PIMA,52900,54.366472441500001,6597.553950129999976,2368203.539549999870360,1
3040,3041,52901,393,PIMA,52901,10.191837549700001,3109.459107669999867,443956.443665999977384,0
3041,3042,52902,492,PIMA,52902,2.645809350910000,1531.311647830000084,115251.455325999995694,1
3042,3043,52903,473,PIMA,52903,21.804706858500001,5822.659281870000086,949813.030756999971345,1
3043,3044,52904,829,PIMA,52904,9288.475749490000453,91099.930330999995931,404606003.648000001907349,1
3044,3045,52905,70,PIMA,52905,43.293725035500003,6099.433378749999974,1885874.662550000008196,0
3045,3046,52906,473,PIMA,52906,45.886200756299999,6311.374942379999993,1998802.904950000112876,1
3046,3047,52907,167,PIMA,52907,17.401894649599999,3507.478171730000213,758026.530936999944970,0
3047,3048,52908,979,PIMA,52908,212.214273217999988,13313.013370099999520,9244053.741389999166131,0
3048,3049,52909,979,PIMA,52909,116.575772803000007,10998.281537099999696,5078040.663320000283420,0
3049,3050,52910,978,PIMA,52910,25.038100774400000,4454.161589919999642,1090659.669729999965057,0
3050,3051,52911,708,PIMA,52911,19.212611880000001,3973.855621109999902,836901.373491000034846,0
3051,3052,52912,34,PIMA,52912,9.602143882029999,2905.188061079999898,418269.387501000019256,0
3052,3053,52913,731,PIMA,52913,13.466721049100000,3137.850444310000057,586610.368897999986075,0
3053,3054,52914,563,PIMA,52914,12.466899803200000,3265.690139169999838,543058.155428000027314,1
3054,3055,52915,578,PIMA,52915,145.599452442999990,11069.148783900000126,6342312.148430000059307,0
3055,3056,52916,159,PIMA,52916,13.781715131300000,3061.544045590000223,600331.511121000046842,0
3056,3057,52917,731,PIMA,52917,30.491767116500000,4684.576764919999732,1328221.375590000068769,0
3057,3058,52918,729,PIMA,52918,21.772102432000001,4301.357486490000156,948392.781939000007696,0
3058,3059,52919,521,PIMA,52919,16.898213563199999,3800.075369849999788,736086.182813000050373,1
3059,3060,52920,507,PIMA,52920,34.536972178200003,5093.674091140000201,1504430.508080000057817,1
3060,3061,52921,549,PIMA,52921,21.026357623500001,4104.158688040000015,915908.138080999953672,1
3061,3062,52922,586,PIMA,52922,12.134702723700000,2940.525072339999952,528587.650644000037573,1
3062,3063,52923,236,PIMA,52923,7.992150689740000,2343.038862649999828,348138.084045000025071,0
3063,3064,52924,1079,PIMA,52924,78.018602356200006,8179.962140939999699,3398490.318640000186861,0
3064,3065,52925,888,PIMA,52925,2395.328091280000081,46235.895250299996405,104340491.656000003218651,1
3065,3066,52926,679,PIMA,52926,113.213037538999998,8899.597889209999266,4931559.915219999849796,0
3066,3067,52927,794,PIMA,52927,55.340906865500003,6946.473875720000251,2410649.903059999924153,0
3067,3068,52928,398,PIMA,52928,5.366216201860000,2041.126339729999927,233752.377753000007942,0
3068,3069,52929,356,PIMA,52929,5.299008637970000,2020.202702719999934,230824.816270000010263,1
3069,3070,52930,59,PIMA,52930,4.059681225320000,1679.989654920000021,176839.714175000000978,0
3070,3071,52931,173,PIMA,52931,20.354413915599999,4204.591183249999631,886638.270162999979220,0
3071,3072,52932,173,PIMA,52932,27.957862088100001,4844.314211400000204,1217844.472559999907389,0
3072,3073,52933,1058,PIMA,52933,21.420403889100001,4331.328673850000087,933072.793409000034444,0
3073,3074,52934,1057,PIMA,52934,16.120983391399999,3503.758984720000171,702230.036530000041239,1
3074,3075,52935,26,PIMA,52935,7.646511999750000,2464.598056870000164,333082.062709000019822,1
3075,3076,52936,377,PIMA,52936,12.801228456200000,2996.752678320000086,557621.511552999960259,0
3076,3077,52937,400,PIMA,52937,10.046110529800000,2603.478657499999827,437608.574675999989267,0
3077,3078,52938,345,PIMA,52938,9.795910376309999,2611.983624210000016,426709.855992000026163,1
3078,3079,52939,234,PIMA,52939,14.732201295899999,3705.007006010000168,641734.688451000023633,0
3079,3080,52940,1073,PIMA,52940,19.974300676700000,4040.602637460000096,870080.537479000049643,0
3080,3081,52941,745,PIMA,52941,103.327200313000006,8679.336987279999448,4500932.845619999803603,0
3081,3082,52942,557,PIMA,52942,7.247545674700000,2263.777496359999986,315703.089589999988675,1
3082,3083,52943,471,PIMA,52943,22.499918487700000,4666.951653119999719,980096.449322000029497,1
3083,3084,52944,291,PIMA,52944,4.902719221650000,1991.269104389999939,213562.449294999998529,1
3084,3085,52945,279,PIMA,52945,10.061758160600000,2640.803774930000145,438290.185473999998067,1
3085,3086,52946,68,PIMA,52946,19.959296888600001,3937.269481259999793,869426.972466000006534,1
3086,3087,52947,47,PIMA,52947,3.808582691360000,1646.462551059999896,165901.862036000005901,1
3087,3088,52948,41,PIMA,52948,8.104302366810000,2451.879559810000046,353023.411098000011407,0
3088,3089,52949,794,PIMA,52949,82.606722732300000,7613.170684419999816,3598348.842219999991357,0
3089,3090,52950,318,PIMA,52950,12.568323611700000,3126.379598670000178,547476.176526000024751,1
3090,3091,52951,425,PIMA,52951,8.896264499520001,2567.539408290000210,387521.281598999979906,0
3091,3092,52952,142,PIMA,52952,23.616859491000000,4127.623012240000207,1028750.399429999990389,0
3092,3093,52953,173,PIMA,52953,21.254461014099999,4614.387428459999683,925844.321773999952711,0
3093,3094,52954,1069,PIMA,52954,17.942055321500000,3797.751091229999929,781555.929802999948151,0
3094,3095,52955,979,PIMA,52955,138.098462506000004,15526.947026100000585,6015569.026759999804199,0
3095,3096,52956,976,PIMA,52956,44.807616935100000,6254.241087929999594,1951819.793689999962226,0
3096,3097,52957,708,PIMA,52957,82.623540698599996,7744.784857329999795,3599081.432829999830574,0
3097,3098,52958,713,PIMA,52958,147.596295293999987,12788.275341200000184,6429294.622999999672174,0
3098,3099,52959,713,PIMA,52959,198.153940682000012,11902.610941400000229,8631585.656099999323487,0
3099,3100,52960,713,PIMA,52960,162.759352521000011,12006.053868299999522,7089797.395809999667108,0
3100,3101,52961,713,PIMA,52961,120.481857417000001,9258.271604030000162,5248189.709069999866188,0
3101,3102,52962,713,PIMA,52962,7.444755949010000,2391.593218370000159,324293.569139000028372,0
3102,3103,52963,713,PIMA,52963,32.779810930799997,6409.922953049999705,1427888.564149999991059,0
3103,3104,52964,713,PIMA,52964,73.799907358900001,7605.373257999999623,3214723.964550000149757,0
3104,3105,52965,1069,PIMA,52965,17.917666164900002,3832.023647940000046,780493.538140999968164,0
3105,3106,52966,1058,PIMA,52966,30.528981697100001,5365.884039640000083,1329842.442719999933615,0
3106,3107,52967,736,PIMA,52967,55.262072691900002,6893.103597860000264,2407215.886460000183433,1
3107,3108,52968,52,PIMA,52968,5.319156773390000,1923.910062220000100,231702.469049000006635,1
3108,3109,52969,521,PIMA,52969,23.420184428700001,4163.352522029999818,1020183.233709999942221,1
3109,3110,52970,1038,PIMA,52970,21.810155078200001,4511.688321739999992,950050.355205000028946,0
3110,3111,52971,518,PIMA,52971,10.088208842600000,2656.287104970000200,439442.377182999975048,1
3111,3112,52972,517,PIMA,52972,5.128163210510000,2000.351500960000067,223382.789450000011129,1
3112,3113,52973,517,PIMA,52973,10.154006541599999,2660.512877189999926,442308.524953000014648,1
3113,3114,52974,720,PIMA,52974,39.987126975199999,5292.547563590000209,1741839.251040000002831,0
3114,3115,52975,21,PIMA,52975,1.793248078090000,1227.502059529999997,78113.886281500002951,0
3115,3116,52976,391,PIMA,52976,9.993916611190000,2655.238404499999888,435335.007582999998704,1
3116,3117,52977,391,PIMA,52977,10.190959051700000,2707.013798840000163,443918.176294000004418,1
3117,3118,52978,416,PIMA,52978,17.575492398300000,3638.487419179999961,765588.448869999963790,1
3118,3119,52979,389,PIMA,52979,12.647104555900000,2977.186114929999803,550907.874456000048667,0
3119,3120,52980,389,PIMA,52980,9.705883012670000,2607.485833010000079,422788.264031999977306,0
3120,3121,52981,208,PIMA,52981,296.294405009000002,15260.957428199999413,12906584.282199999317527,0
3121,3122,52982,397,PIMA,52982,12.025473611000001,3077.793025410000155,523829.630495999997947,1
3122,3123,52983,171,PIMA,52983,30.178964315599998,5031.440642040000057,1314595.685589999891818,0
3123,3124,52984,221,PIMA,52984,28.709400651399999,4539.224548199999845,1250581.492370000109076,0
3124,3125,52985,210,PIMA,52985,41.315074378900000,5280.483851820000382,1799684.639949999982491,0
3125,3126,52986,1054,PIMA,52986,194.849998352999989,12901.474529900000562,8487665.928269999101758,0
3126,3127,52987,710,PIMA,52987,92.745134518200004,8690.869629979999445,4039978.059609999880195,0
3127,3128,52988,710,PIMA,52988,80.693905118100005,8135.974676660000114,3515026.506940000224859,1
3128,3129,52989,36,PIMA,52989,41.970411868399999,5749.094620959999702,1828231.140989999985322,1
3129,3130,52990,57,PIMA,52990,7.431050448830000,2312.269614679999904,323696.557550999976229,0
3130,3131,52991,1069,PIMA,52991,4.367334581690000,1766.784177510000063,190241.094378999987384,0
3131,3132,52992,53,PIMA,52992,4.411904214720000,1760.638969979999956,192182.547592999995686,1
3132,3133,52993,586,PIMA,52993,15.342569606800000,3478.558669540000210,668322.332073000026867,1
3133,3134,52994,245,PIMA,52994,32.887702081100002,4860.233777479999844,1432588.302649999968708,0
3134,3135,52995,520,PIMA,52995,3.309339679400000,1768.708832549999897,144154.836435000004712,1
3135,3136,52996,520,PIMA,52996,16.484053056499999,3510.061669459999848,718045.351142000057735,1
3136,3137,52997,576,PIMA,52997,17.939851078299998,3781.489944060000198,781459.912972999969497,1
3137,3138,52998,1074,PIMA,52998,17.568177306399999,3801.108762500000012,765269.803465000004508,0
3138,3139,52999,27,PIMA,52999,9.324419263239999,2682.436911750000036,406171.703106999979354,1
3139,3140,53000,1100,PIMA,53000,118.648047327000000,9017.558447780000279,5168308.941580000333488,0
3140,3141,53001,154,PIMA,53001,70.028636707499999,7374.079780519999986,3050447.414979999884963,0
3141,3142,53002,154,PIMA,53002,37.272567402699998,5512.759562829999595,1623593.036060000071302,0
3142,3143,53003,393,PIMA,53003,8.270948463200000,2736.274653129999933,360282.515056999982335,0
3143,3144,53004,588,PIMA,53004,14.787514718900001,3212.895312699999977,644144.141156999976374,1
3144,3145,53005,461,PIMA,53005,25.998437599399999,5170.268979989999934,1132491.941829999908805,0
3145,3146,53006,454,PIMA,53006,23.763670290400000,4827.104167819999930,1035145.477850000024773,1
3146,3147,53007,454,PIMA,53007,29.370146477700001,5150.605026350000117,1279363.580569999990985,1
3147,3148,53008,69,PIMA,53008,33.058545668999997,5829.546179250000023,1440030.249340000096709,0
3148,3149,53009,976,PIMA,53009,22.368063123999999,4944.904544799999712,974352.829682999989018,0
3149,3150,53010,713,PIMA,53010,39.606000614000003,5595.624686389999624,1725237.386750000063330,0
3150,3151,53011,1054,PIMA,53011,72.039814871000004,7991.685587979999582,3138054.335779999848455,0
3151,3152,53012,1045,PIMA,53012,37.986185872299998,5263.571754540000256,1654678.256599999964237,0
3152,3153,53013,328,PIMA,53013,14.286226570800000,3146.744580049999968,622308.029424999956973,0
3153,3154,53014,701,PIMA,53014,109.818164355999997,10479.757666400000744,4783679.239360000006855,0
3154,3155,53015,707,PIMA,53015,109.883383404000000,11298.103418400000010,4786520.181079999543726,0
3155,3156,53016,380,PIMA,53016,31.203996446600001,5165.831646059999912,1359246.085220000008121,0
3156,3157,53017,381,PIMA,53017,8.836874836950001,3325.450285249999979,384934.267898000020068,0
3157,3158,53018,304,PIMA,53018,10.265796936999999,2691.228757660000156,447178.114575000014156,1
3158,3159,53019,292,PIMA,53019,4.858328378170000,1947.167369779999945,211628.784152999985963,1
3159,3160,53020,712,PIMA,53020,165.522643192999993,10956.282327900000382,7210166.337489999830723,0
3160,3161,53021,233,PIMA,53021,9.514478488440000,2578.994983600000069,414450.682955999975093,0
3161,3162,53022,685,PIMA,53022,22.889237354799999,4241.490338139999949,997055.179175000055693,0
3162,3163,53023,697,PIMA,53023,13.324433783900000,4551.550609609999810,580412.335624999948777,0
3163,3164,53024,183,PIMA,53024,32.336442931299999,5325.098000500000126,1408575.454089999897406,1
3164,3165,53025,180,PIMA,53025,23.203475058500000,4799.873501629999737,1010743.373550000018440,1
3165,3166,53026,1053,PIMA,53026,5.771949955020000,2129.648034570000164,251426.140041000006022,0
3166,3167,53027,58,PIMA,53027,11.795310623200001,3404.810860749999847,513803.730747000023257,0
3167,3168,53028,142,PIMA,53028,65.637991256299998,7344.537648020000233,2859190.899120000191033,0
3168,3169,53029,142,PIMA,53029,17.648828914700001,3956.297453879999921,768782.987523999996483,0
3169,3170,53030,44,PIMA,53030,4.183937584130000,1713.281687670000110,182252.321165000001201,0
3170,3171,53031,44,PIMA,53031,3.710643881960000,1611.801502060000075,161635.647498000005726,0
3171,3172,53032,286,PIMA,53032,12.262276743099999,3318.881771899999876,534144.774929999955930,0
3172,3173,53033,286,PIMA,53033,15.040308528500001,5024.694170579999991,655155.839502000017092,0
3173,3174,53034,307,PIMA,53034,9.939513096720001,2655.432574930000101,432965.190492999972776,1
3174,3175,53035,1056,PIMA,53035,7.621107154290000,2307.541591069999868,331975.427641000016592,1
3175,3176,53036,373,PIMA,53036,4.762765874770000,1939.817342300000064,207466.081505000009201,1
3176,3177,53037,245,PIMA,53037,28.583379295899999,5065.385395440000138,1245092.002129999920726,0
3177,3178,53038,463,PIMA,53038,66.060649462000001,7967.250017899999875,2877601.890560000203550,0
3178,3179,53039,1067,PIMA,53039,9.636473761920000,2592.360915060000025,419764.797069000022020,1
3179,3180,53040,1067,PIMA,53040,7.792570831280000,2348.517342699999972,339444.385409999988042,1
3180,3181,53041,375,PIMA,53041,16.561044789200000,3584.970076069999777,721399.111018999945372,0
3181,3182,53042,972,PIMA,53042,12.789916195800000,3299.956209280000166,557128.749487999943085,0
3182,3183,53043,982,PIMA,53043,104.062199938999996,9315.828671949999261,4532949.429349999874830,0
3183,3184,53044,1100,PIMA,53044,135.872475842000000,9630.947342379999100,5918605.047679999843240,0
3184,3185,53045,387,PIMA,53045,4.947719192210000,1940.950766160000057,215522.648012999998173,0
3185,3186,53046,748,PIMA,53046,60.218281989300003,6818.430474189999586,2623108.363450000062585,0
3186,3187,53047,535,PIMA,53047,15.167191714299999,3416.222463099999914,660682.871075000031851,1
3187,3188,53048,519,PIMA,53048,18.253982446599998,3953.205981460000203,795143.475373000022955,1
3188,3189,53049,403,PIMA,53049,10.007373679600001,2664.566768180000054,435921.197482999996282,1
3189,3190,53050,405,PIMA,53050,9.791067999119999,2612.311207350000132,426498.922041999991052,1
3190,3191,53051,130,PIMA,53051,68.876773170999996,7856.360579129999678,3000272.239329999778420,0
3191,3192,53052,798,PIMA,53052,43.309444510900001,5519.623664499999904,1886559.402900000102818,0
3192,3193,53053,302,PIMA,53053,6.135529642070000,2196.445611969999845,267263.671208999992814,1
3193,3194,53054,307,PIMA,53054,9.965693908580000,2603.205363420000140,434105.626657999993768,1
3194,3195,53055,306,PIMA,53055,14.883136197500001,3276.373972500000036,648309.412764000007883,1
3195,3196,53056,292,PIMA,53056,11.146387328699999,2804.790928949999852,485536.632038999989163,1
3196,3197,53057,130,PIMA,53057,34.148787652899998,5273.429831999999806,1487521.190159999998286,0
3197,3198,53058,719,PIMA,53058,241.034169912000010,13274.273584799999298,10499448.441400000825524,0
3198,3199,53059,1053,PIMA,53059,14.122072758400000,3137.483472930000062,615157.489353999961168,0
3199,3200,53060,1053,PIMA,53060,6.963830072410000,2306.970059320000018,303344.437954000022728,0
3200,3201,53061,979,PIMA,53061,156.978239664999990,13078.075919900000372,6837972.119789999909699,0
3201,3202,53062,979,PIMA,53062,77.889044113899999,7863.720752659999562,3392846.761599999852479,0
3202,3203,53063,1053,PIMA,53063,6.783765506860000,2327.864157710000200,295500.825478999991901,0
3203,3204,53064,1053,PIMA,53064,6.223428547780000,2127.829889180000009,271092.547541000007186,0
3204,3205,53065,1053,PIMA,53065,6.600546567470000,2169.270025639999858,287519.808478999999352,0
3205,3206,53066,720,PIMA,53066,145.001443568000013,10141.818270600000687,6316262.881799999624491,0
3206,3207,53067,319,PIMA,53067,24.027903246699999,4374.076502719999553,1046655.465429999982007,1
3207,3208,53068,142,PIMA,53068,21.834513958900001,4291.507637769999747,951111.428049999987707,0
3208,3209,53069,142,PIMA,53069,25.087025224900000,4295.298761750000267,1092790.818800000008196,0
3209,3210,53070,159,PIMA,53070,4.477906199010000,1962.357951310000090,195057.594028999999864,0
3210,3211,53071,145,PIMA,53071,46.610773457299999,5891.080684520000432,2030365.291800000006333,0
3211,3212,53072,604,PIMA,53072,40.435114365700002,5301.957380519999788,1761353.581770000047982,1
3212,3213,53073,531,PIMA,53073,20.503426684400001,4002.708966390000114,893129.266372999991290,1
3213,3214,53074,531,PIMA,53074,19.967345675299999,3962.743322419999913,869777.577617999981157,1
3214,3215,53075,16,PIMA,53075,4.580680549360000,1845.706506049999916,199534.444729999988340,0
3215,3216,53076,976,PIMA,53076,101.046694926000001,8835.536637060000430,4401594.030960000120103,0
3216,3217,53077,976,PIMA,53077,82.937961365899994,7897.858841870000106,3612777.597099999897182,0
3217,3218,53078,544,PIMA,53078,40.267086661000000,5539.684538069999689,1754034.294960000086576,1
3218,3219,53079,532,PIMA,53079,13.110701843799999,3303.616955710000184,571102.172317999997176,1
3219,3220,53080,770,PIMA,53080,319.274201923000021,15817.286078700000871,13907584.235799999907613,0
3220,3221,53081,590,PIMA,53081,29.175052144500000,5077.111035949999859,1270865.271419999888167,1
3221,3222,53082,555,PIMA,53082,16.901979256499999,3511.542090219999864,736250.216415000031702,1
3222,3223,53083,142,PIMA,53083,20.364521568600001,3985.160777690000032,887078.559527999954298,0
3223,3224,53084,131,PIMA,53084,10.157264433000000,2816.304096159999972,442450.438703000021633,0
3224,3225,53085,181,PIMA,53085,13.344621426000000,3034.323084780000045,581291.709317000000738,1
3225,3226,53086,273,PIMA,53086,17.378493482600000,3962.713797249999971,757007.176100000040606,1
3226,3227,53087,463,PIMA,53087,19.238369362299998,4036.821166000000176,838023.369420000002719,0
3227,3228,53088,987,PIMA,53088,154.550922004000000,10342.756216399999175,6732238.162490000016987,0
3228,3229,53089,844,PIMA,53089,684.477386021000029,22502.502199499998824,29815834.935100000351667,0
3229,3230,53090,937,PIMA,53090,26.427492155400000,4384.350865319999684,1151181.558290000073612,0
3230,3231,53091,381,PIMA,53091,8.905441868330000,3019.973382180000044,387921.047785000002477,1
3231,3232,53092,391,PIMA,53092,9.629183112790001,2569.901990240000032,419447.216392999980599,1
3232,3233,53093,1009,PIMA,53093,21.221132653600002,4182.504411859999891,924392.538390000001527,1
3233,3234,53094,414,PIMA,53094,15.562357396299999,4020.684309759999906,677896.288182000047527,0
3234,3235,53095,414,PIMA,53095,8.062492770300000,2503.079509180000059,351202.185073999979068,0
3235,3236,53096,588,PIMA,53096,10.743340413500000,2913.081110480000007,467979.908411999989767,1
3236,3237,53097,588,PIMA,53097,9.002303807640001,2594.185779219999858,392140.353860999981407,1
3237,3238,53098,588,PIMA,53098,9.916550319040001,2674.723833080000077,431964.931897000002209,1
3238,3239,53099,588,PIMA,53099,5.931723169100000,2048.413995240000077,258385.861245999985840,1
3239,3240,53100,545,PIMA,53100,19.657914564900000,3967.732441229999949,856298.758446999941953,1
3240,3241,53101,545,PIMA,53101,21.929825807499999,4281.788853400000335,955263.212177000008523,1
3241,3242,53102,509,PIMA,53102,27.050432221299999,4349.409699840000030,1178316.827559999888763,1
3242,3243,53103,616,PIMA,53103,20.870141835900000,4651.055382210000062,909103.378373999963515,1
3243,3244,53104,307,PIMA,53104,20.460954191700001,3984.559528050000154,891279.164589999942109,1
3244,3245,53105,940,PIMA,53105,77.618393372100002,8720.560788799999500,3381057.215290000196546,0
3245,3246,53106,942,PIMA,53106,61.709385798400000,6617.477345270000114,2688060.845379999838769,0
3246,3247,53107,942,PIMA,53107,9.155866033410000,2654.623440750000100,398829.524414999992587,0
3247,3248,53108,656,PIMA,53108,136.345642483999995,10417.995188799999596,5939216.186580000445247,0
3248,3249,53109,656,PIMA,53109,71.989301047300003,7616.169790730000386,3135853.953619999811053,0
3249,3250,53110,656,PIMA,53110,32.901686838700002,5058.711930679999568,1433197.478690000018105,0
3250,3251,53111,658,PIMA,53111,534.390383480999958,23322.599115400000301,23278045.104400001466274,0
3251,3252,53112,658,PIMA,53112,116.097755039999996,10253.973756100000173,5057218.209549999795854,0
3252,3253,53113,658,PIMA,53113,58.105614836500003,7198.727531919999819,2531080.582280000206083,0
3253,3254,53114,658,PIMA,53114,197.612173485000000,12429.946508600000016,8607986.277019999921322,0
3254,3255,53115,657,PIMA,53115,247.148005396999991,17310.366464300001098,10765767.115100000053644,0
3255,3256,53116,654,PIMA,53116,131.925143494999986,10906.079698100000314,5746659.250640000216663,0
3256,3257,53117,654,PIMA,53117,86.638373493499998,7943.722262119999868,3773967.549380000215024,0
3257,3258,53118,654,PIMA,53118,26.653333286399999,4561.727991900000234,1161019.197949999943376,0
3258,3259,53119,654,PIMA,53119,162.312533760999997,13437.117279800000688,7070333.970649999566376,0
3259,3260,53120,654,PIMA,53120,85.444936525800003,10756.591843399999561,3721981.435070000123233,0
3260,3261,53121,654,PIMA,53121,91.066334446799999,8765.138350670000364,3966849.528500000014901,0
3261,3262,53122,947,PIMA,53122,26.203800275599999,4310.053300159999708,1141437.540000000037253,1
3262,3263,53123,947,PIMA,53123,7.520046634140000,2423.584634169999845,327573.231382999976631,1
3263,3264,53124,947,PIMA,53124,25.972130468900001,4918.623682469999949,1131346.003229999914765,1
3264,3265,53125,947,PIMA,53125,18.401158893100000,3677.675800699999854,801554.481386000057682,1
3265,3266,53126,947,PIMA,53126,39.513688942999998,5334.445296810000400,1721216.290359999984503,1
3266,3267,53127,937,PIMA,53127,89.731358054099999,9580.165842669999620,3908697.956840000115335,0
3267,3268,53128,645,PIMA,53128,122.922095038999998,9325.626425320000635,5354486.459920000284910,0
3268,3269,53129,645,PIMA,53129,29.112998873700001,4774.231827530000373,1268162.230939999921247,0
3269,3270,53130,645,PIMA,53130,9.565462379720000,2629.116177509999943,416671.541260000027250,0
3270,3271,53131,645,PIMA,53131,65.664040000200004,12680.273303600000872,2860325.582409999798983,0
3271,3272,53132,647,PIMA,53132,48.624986568899999,6185.209086300000308,2118104.414940000046045,0
3272,3273,53133,647,PIMA,53133,20.593839388900001,4588.792300209999667,897067.643782000057399,0
3273,3274,53134,571,PIMA,53134,3211.716082249999999,47636.780530800002452,139902352.543000012636185,1
3274,3275,53135,667,PIMA,53135,315.444243282999992,15735.343973700000788,13740751.237400000914931,0
3275,3276,53136,901,PIMA,53136,667.746991234000006,21573.514692900000227,29087058.938200000673532,0
3276,3277,53137,901,PIMA,53137,315.822932584000000,15847.082206099999894,13757246.943399999290705,0
3277,3278,53138,901,PIMA,53138,51.880395202899997,6985.401150040000175,2259910.015039999969304,0
3278,3279,53139,707,PIMA,53139,150.436765989999998,10984.319229799999448,6553025.526519999839365,0
3279,3280,53140,707,PIMA,53140,142.598292251000004,10888.027291300000797,6211581.610449999570847,0
3280,3281,53141,929,PIMA,53141,1435.393661900000097,33547.574870800002827,62525747.912399999797344,0
3281,3282,53142,925,PIMA,53142,1727.674832520000109,43335.724296200001845,75257515.704600006341934,0
3282,3283,53143,921,PIMA,53143,6606.271207040000263,67961.970757699993555,287769173.778999984264374,0
3283,3284,53144,919,PIMA,53144,1382.488965109999981,33853.637827799997467,60221219.320000000298023,0
3284,3285,53145,77,PIMA,53145,894.407565738000017,36554.094557299998996,38960393.563600003719330,0
3285,3286,53146,80,PIMA,53146,523.375571802999957,28886.002151799999410,22798239.907699998468161,0
3286,3287,53147,913,PIMA,53147,803.995837871000049,24281.663808099998278,35022058.697700001299381,0
3287,3288,53148,228,PIMA,53148,821.282944115999953,24121.277655900001264,35775085.045699998736382,0
3288,3289,53149,42,PIMA,53149,6.135075265920000,2063.184638929999892,267243.878582999983337,0
3289,3290,53150,45,PIMA,53150,6.661554306050000,2325.192836480000096,290177.305570999975316,0
3290,3291,53151,926,PIMA,53151,1244.655666749999909,33376.210614800002077,54217200.843500003218651,0
3291,3292,53152,926,PIMA,53152,664.605797915000039,21930.277153300001373,28950228.557199999690056,0
3292,3293,53153,107,PIMA,53153,39.444344410699998,5307.301919980000093,1718195.642530000070110,0
3293,3294,53154,107,PIMA,53154,41.198490667199998,5490.986552029999984,1794606.253460000036284,0
3294,3295,53155,107,PIMA,53155,36.588707436000000,5220.910160200000064,1593804.095909999916330,0
3295,3296,53156,109,PIMA,53156,39.006383874000001,5233.539357710000331,1699118.081550000002608,0
3296,3297,53157,109,PIMA,53157,38.829582334300000,5167.104875240000183,1691416.606480000074953,0
3297,3298,53158,932,PIMA,53158,1474.401031180000018,34597.653596800002560,64230026.888800002634525,0
3298,3299,53159,901,PIMA,53159,48.681107441400002,7027.933286069999667,2120549.040149999782443,0
3299,3300,53160,901,PIMA,53160,320.292067127999985,15971.400598599999284,13951922.444099999964237,0
3300,3301,53161,902,PIMA,53161,1042.599776719999909,27577.874734799999715,45415646.273900002241135,1
3301,3302,53162,368,PIMA,53162,936.761990867999998,25969.241741300000285,40805352.322200000286102,1
3302,3303,53163,904,PIMA,53163,913.924530195999978,26059.752578899999207,39810552.535300001502037,1
3303,3304,53164,1067,PIMA,53164,12.697781347899999,2980.910507000000052,553115.355514000053518,1
3304,3305,53165,1067,PIMA,53165,19.998409854599998,3971.669282629999998,871130.733264000038616,1
3305,3306,53166,628,PIMA,53166,27.554039946300001,4483.120658050000202,1200253.980059999972582,1
3306,3307,53167,628,PIMA,53167,22.867545914800001,4217.577285100000154,996110.300047000055201,1
3307,3308,53168,628,PIMA,53168,28.746487867100001,4815.940763360000346,1252197.011489999946207,1
3308,3309,53169,1055,PIMA,53169,124.671791454000001,12702.748932500000592,5430703.235729999840260,0
3309,3310,53170,1055,PIMA,53170,97.911940917899997,8794.802079270000831,4265044.146379999816418,0
3310,3311,53171,1064,PIMA,53171,9.913917298390000,2730.366154499999993,431850.237518000009004,0
3311,3312,53172,1061,PIMA,53172,9.870944538550001,2622.233114640000167,429978.344098999979906,1
3312,3313,53173,632,PIMA,53173,22.645361196300001,4468.396928510000180,986431.933713000034913,1
3313,3314,53174,632,PIMA,53174,41.029962863700000,5292.021223120000286,1787265.182340000057593,1
3314,3315,53175,639,PIMA,53175,8.532148371780000,2628.632526809999945,371660.383075000019744,0
3315,3316,53176,639,PIMA,53176,19.159261058999999,3876.267087029999857,834577.411729000043124,0
3316,3317,53177,639,PIMA,53177,23.331222793100000,4025.900529989999995,1016308.064870000001974,0
3317,3318,53178,639,PIMA,53178,18.369164697700000,3846.314789370000199,800160.814234000048600,0
3318,3319,53179,1071,PIMA,53179,42.475790635499997,6654.425800619999791,1850245.440080000087619,0
3319,3320,53180,1063,PIMA,53180,26.748412106800000,4472.888424689999738,1165160.831370000028983,0
3320,3321,53181,578,PIMA,53181,14.106067624700000,3138.192475819999800,614460.305734000052325,0
3321,3322,53182,578,PIMA,53182,15.487810173300000,3318.731753009999920,674649.011147000011988,0
3322,3323,53183,578,PIMA,53183,20.966306924100000,3888.989596769999935,913292.329614000045694,0
3323,3324,53184,1074,PIMA,53184,23.566883367100001,4436.649028439999711,1026573.439469999982975,0
3324,3325,53185,1074,PIMA,53185,18.821893482899998,3926.118152430000009,819881.680112999980338,0
3325,3326,53186,1074,PIMA,53186,76.178431065799998,7725.828269710000313,3318332.457229999825358,0
3326,3327,53187,1074,PIMA,53187,98.206096930000001,8904.665836039999704,4277857.582270000129938,0
3327,3328,53188,1074,PIMA,53188,61.269844141999997,6591.391005039999982,2668914.410829999949783,0
3328,3329,53189,487,PIMA,53189,62.352048187999998,7611.156605029999810,2716055.219070000108331,0
3329,3330,53190,745,PIMA,53190,143.702331232999995,10020.341374499999802,6259673.548510000109673,0
3330,3331,53191,697,PIMA,53191,42.165530292100001,6860.170915540000351,1836730.499529999913648,0
3331,3332,53192,1074,PIMA,53192,125.815042598999995,9395.990465630000472,5480503.255599999800324,0
3332,3333,53193,804,PIMA,53193,128.490876445999987,11368.501356400000077,5597062.577990000136197,0
3333,3334,53194,804,PIMA,53194,107.368302682000007,9950.653474509999796,4676963.264840000309050,0
3334,3335,53195,804,PIMA,53195,66.057673006900004,7535.450645949999853,2877472.236180000007153,0
3335,3336,53196,803,PIMA,53196,253.366532535999994,13608.929116100000101,11036646.157299999147654,0
3336,3337,53197,287,PIMA,53197,11.509392757300001,2852.106061280000176,501349.148507000005338,1
3337,3338,53198,250,PIMA,53198,21.160520228799999,4090.016155060000074,921752.261167000047863,0
3338,3339,53199,404,PIMA,53199,9.840111824599999,2619.043767029999799,428635.271079999976791,1
3339,3340,53200,446,PIMA,53200,1.771205447300000,1248.303457779999917,77153.709284600001411,0
3340,3341,53201,405,PIMA,53201,14.251001801399999,3195.153901579999911,620773.638466999982484,1
3341,3342,53202,373,PIMA,53202,9.417228731880000,2561.140138409999963,410214.483560999971814,1
3342,3343,53203,422,PIMA,53203,19.729309638099998,3933.853617390000181,859408.727837000042200,1
3343,3344,53204,649,PIMA,53204,51.607292458200000,7097.853766270000051,2248013.659479999914765,0
3344,3345,53205,649,PIMA,53205,42.993522852600002,6288.874272740000379,1872797.855459999991581,0
3345,3346,53206,649,PIMA,53206,29.261688912000000,4604.012590620000083,1274639.169010000070557,0
3346,3347,53207,649,PIMA,53207,23.050593864300001,4643.695757769999545,1004083.868729999987409,0
3347,3348,53208,649,PIMA,53208,16.499185826000001,3581.546619960000044,718704.534579999977723,0
3348,3349,53209,649,PIMA,53209,41.676542535599999,5498.105324410000321,1815430.192849999992177,0
3349,3350,53210,353,PIMA,53210,15.079464876099999,3574.828069700000015,656861.490005000028759,1
3350,3351,53211,353,PIMA,53211,21.887528141099999,4089.504627960000107,953420.725826999987476,1
3351,3352,53212,353,PIMA,53212,33.553703920600000,4836.410003070000130,1461599.342780000064522,1
3352,3353,53213,353,PIMA,53213,34.734859635399999,5679.996765109999615,1513050.485719999996945,1
3353,3354,53214,353,PIMA,53214,29.146753515600000,4776.049469610000415,1269632.583140000002459,1
3354,3355,53215,379,PIMA,53215,29.403791797600000,4987.887590919999639,1280829.170699999900535,1
3355,3356,53216,762,PIMA,53216,121.119805319999998,9720.494833430000654,5275978.719759999774396,0
3356,3357,53217,762,PIMA,53217,100.768485502999994,9384.726335190000100,4389475.228500000201166,0
3357,3358,53218,564,PIMA,53218,8.545017289580001,2442.995016639999903,372220.953134000010323,1
3358,3359,53219,607,PIMA,53219,13.127989418600000,4923.576053529999626,571855.219073000014760,1
3359,3360,53220,669,PIMA,53220,158.646657377999986,11738.694519099999525,6910648.395399999804795,0
3360,3361,53221,718,PIMA,53221,345.724417530999972,17401.094161599998188,15059755.627599999308586,0
3361,3362,53222,286,PIMA,53222,12.222711949600001,3040.417511889999787,532421.332525999983773,0
3362,3363,53223,286,PIMA,53223,15.539034463700000,3615.794806020000124,676880.341239999979734,0
3363,3364,53224,286,PIMA,53224,11.601283637700000,2906.319440400000076,505351.915258000022732,0
3364,3365,53225,286,PIMA,53225,14.543171010000000,3620.363769739999952,633500.529193999944255,0
3365,3366,53226,286,PIMA,53226,9.581527475310001,2755.850444100000004,417371.336825000005774,0
3366,3367,53227,275,PIMA,53227,24.849360245400000,4272.496127379999962,1082438.132290000095963,0
3367,3368,53228,275,PIMA,53228,10.920053504900000,2761.955105810000077,475677.530672999972012,0
3368,3369,53229,275,PIMA,53229,19.631374918799999,4575.997662839999975,855142.691462000017054,0
3369,3370,53230,275,PIMA,53230,4.985284951050000,1867.675337379999974,217159.012468000000808,0
3370,3371,53231,275,PIMA,53231,21.380046929999999,4424.327297329999965,931314.844271000009030,0
3371,3372,53232,68,PIMA,53232,19.209239631599999,3663.190676929999881,836754.478353000013158,1
3372,3373,53233,253,PIMA,53233,19.367446870900000,3914.033958080000048,843645.985696000047028,1
3373,3374,53234,68,PIMA,53234,6.881798834060000,2376.609076549999827,299771.157210999983363,1
3374,3375,53235,68,PIMA,53235,16.262383388200000,4233.144697849999829,708389.420389999984764,1
3375,3376,53236,68,PIMA,53236,5.335922523990000,1967.283696629999895,232432.785145000001648,1
3376,3377,53237,68,PIMA,53237,7.221401938080000,2272.105356739999934,314564.268423000001349,1
3377,3378,53238,68,PIMA,53238,8.187703202290001,2866.750110460000087,356656.351491999987047,1
3378,3379,53239,169,PIMA,53239,40.276349084400003,5835.323988899999677,1754437.766120000043884,0
3379,3380,53240,169,PIMA,53240,18.730497377999999,3770.574527969999963,815900.465785000007600,0
3380,3381,53241,169,PIMA,53241,22.976508411200001,4127.176947079999991,1000856.706389999948442,0
3381,3382,53242,182,PIMA,53242,8.974191898460001,2486.810019609999927,390915.799096999980975,1
3382,3383,53243,193,PIMA,53243,6.730488452470000,2164.180542829999922,293180.076989999972284,1
3383,3384,53244,193,PIMA,53244,3.585435049970000,1719.486401280000109,156181.550776999996742,1
3384,3385,53245,193,PIMA,53245,16.012251621299999,3344.117163909999817,697493.680622000014409,1
3385,3386,53246,197,PIMA,53246,20.043217336800002,4017.083708879999904,873082.547191999969073,1
3386,3387,53247,197,PIMA,53247,21.510140722399999,4311.705670999999711,936981.729869000031613,1
3387,3388,53248,197,PIMA,53248,12.933928612800001,3108.936472450000110,563401.930374999996275,1
3388,3389,53249,197,PIMA,53249,21.949429846299999,4498.348202889999811,956117.164105999981984,1
3389,3390,53250,197,PIMA,53250,7.176888490640000,2234.867606719999912,312625.262652000004891,1
3390,3391,53251,534,PIMA,53251,10.330398850800000,2667.512571419999858,449992.173939000000246,1
3391,3392,53252,53,PIMA,53252,4.304313819770000,1741.105428309999979,187495.909989000007045,1
3392,3393,53253,1099,PIMA,53253,292.026050343000009,17395.070386200000939,12720654.752900000661612,0
3393,3394,53254,1098,PIMA,53254,60.037229086099998,9349.383285489999253,2615221.698989999946207,0
3394,3395,53255,68,PIMA,53255,9.804562197910000,2633.259062629999789,427086.729341000027489,1
3395,3396,53256,221,PIMA,53256,15.155225824700000,3614.155372100000022,660161.636924999998882,0
3396,3397,53257,196,PIMA,53257,4.736516442790000,2053.056274420000136,206322.656248000013875,0
3397,3398,53258,973,PIMA,53258,83.718927769600000,9646.008918730000005,3646796.493640000000596,0
3398,3399,53259,323,PIMA,53259,9.735794578420000,2590.802342540000154,424091.211835999973118,0
3399,3400,53260,1046,PIMA,53260,21.911496016400001,4138.567493239999749,954464.766473000054248,0
3400,3401,53261,1046,PIMA,53261,61.595282499299998,7591.041159620000144,2683090.505669999867678,0
3401,3402,53262,1046,PIMA,53262,34.627561875799998,5185.505583070000284,1508376.595310000004247,0
3402,3403,53263,1046,PIMA,53263,7.112303451610000,2477.699097669999901,309811.938352000026498,0
3403,3404,53264,1047,PIMA,53264,39.920706890799998,5279.763916779999818,1738945.992159999907017,0
3404,3405,53265,58,PIMA,53265,8.556250159419999,2634.039581930000168,372710.256944000022486,0
3405,3406,53266,131,PIMA,53266,38.644813054700002,5208.454638260000138,1683368.056660000002012,0
3406,3407,53267,324,PIMA,53267,9.245358127279999,2551.144161119999808,402727.800023999996483,0
3407,3408,53268,730,PIMA,53268,9.367745701930000,2821.907073540000056,408059.002776000008453,1
3408,3409,53269,289,PIMA,53269,11.353624499300000,2872.699961110000004,494563.883190999971703,1
3409,3410,53270,289,PIMA,53270,11.563972693600000,2843.981045840000206,503726.650533000007272,1
3410,3411,53271,363,PIMA,53271,19.714873068300001,3966.297670079999989,858779.870852999971248,0
3411,3412,53272,363,PIMA,53272,3.323672816630000,1537.537079780000113,144779.187892999994801,0
3412,3413,53273,599,PIMA,53273,19.638405588400001,3910.466368379999949,855448.947431999957189,1
3413,3414,53274,441,PIMA,53274,5.414558629930000,2030.946630590000041,235858.173920000001090,0
3414,3415,53275,30,PIMA,53275,20.368245361600000,3769.548073590000058,887240.767950000008568,1
3415,3416,53276,987,PIMA,53276,159.346327744000007,10535.413660599999275,6941126.036510000005364,0
3416,3417,53277,953,PIMA,53277,321.771450925000011,17355.172372100001667,14016364.402300000190735,0
3417,3418,53278,844,PIMA,53278,870.918501699999979,28152.128341600000567,37937209.934000000357628,0
3418,3419,53279,648,PIMA,53279,102.925995649000001,9066.468175089999932,4483456.370470000430942,1
3419,3420,53280,311,PIMA,53280,41.785763138699998,6167.239729410000109,1820187.842320000054315,0
3420,3421,53281,315,PIMA,53281,62.093336292399997,6400.417705740000201,2704785.728899999987334,0
3421,3422,53282,1031,PIMA,53282,60.375466295400003,7358.882197529999758,2629955.311830000020564,0
3422,3423,53283,226,PIMA,53283,21.497984439500001,4701.242021189999832,936452.202184000052512,0
3423,3424,53284,226,PIMA,53284,22.031096194200000,4208.652641579999909,959674.550217999960296,0
3424,3425,53285,866,PIMA,53285,243.899288790000014,13433.214108000000124,10624253.019700000062585,1
3425,3426,53286,886,PIMA,53286,547.118079058000035,19556.870270499999606,23832463.523800000548363,1
3426,3427,53287,350,PIMA,53287,11.253272709399999,2829.419560350000211,490192.559219999995548,1
3427,3428,53288,979,PIMA,53288,4.885123496760000,2022.398024840000062,212795.979518999985885,0
3428,3429,53289,979,PIMA,53289,20.542295479300002,5157.362167690000206,894822.391078999964520,0
3429,3430,53290,1003,PIMA,53290,25.507287893099999,4897.152433369999926,1111097.460620000027120,1
3430,3431,53291,503,PIMA,53291,18.081838373200000,3714.013469479999912,787644.879537999979220,1
3431,3432,53292,454,PIMA,53292,29.809166115800000,5017.005066959999567,1298487.276009999914095,1
3432,3433,53293,630,PIMA,53293,12.398299660299999,2935.515635430000202,540069.933200999977998,0
3433,3434,53294,619,PIMA,53294,27.758090205999999,6051.155286690000139,1209142.409370000008494,0
3434,3435,53295,601,PIMA,53295,21.616149039900002,3811.233712060000016,941599.452176999999210,1
3435,3436,53296,616,PIMA,53296,9.936597174699999,2908.739900290000151,432838.172930000000633,1
3436,3437,53297,587,PIMA,53297,120.809409379000002,8725.607764809999935,5262457.872550000436604,1
3437,3438,53298,587,PIMA,53298,67.613903208099998,7438.419781059999877,2945261.623749999795109,1
3438,3439,53299,614,PIMA,53299,109.414245621999996,9491.373791539999729,4766084.539280000142753,0
3439,3440,53300,132,PIMA,53300,38.955281768200003,6586.352681850000408,1696892.073820000048727,0
3440,3441,53301,132,PIMA,53301,22.378196784299998,4225.556512940000175,974794.251925999997184,0
3441,3442,53302,672,PIMA,53302,62.898505650899999,6884.962612149999586,2739858.906150000169873,0
3442,3443,53303,672,PIMA,53303,35.570964820599997,5245.463833929999964,1549471.227590000024065,0
3443,3444,53304,672,PIMA,53304,30.105811631000002,7921.611013140000068,1311409.154649999924004,0
3444,3445,53305,314,PIMA,53305,51.752247187000002,6030.506540899999891,2254327.887459999881685,0
3445,3446,53306,521,PIMA,53306,12.957450897899999,3039.177671079999982,564426.561111000017263,1
3446,3447,53307,484,PIMA,53307,10.202155931500000,3342.387537869999960,444405.912375000014435,1
3447,3448,53308,500,PIMA,53308,11.258674095300000,2792.679023099999995,490427.843592000019271,1
3448,3449,53309,357,PIMA,53309,19.791700992500001,3978.223941029999878,862126.495235000038520,1
3449,3450,53310,773,PIMA,53310,15.914885536900000,4773.900403239999832,693252.413989000022411,0
3450,3451,53311,552,PIMA,53311,9.879088059710000,2623.620023750000200,430333.075881000026129,1
3451,3452,53312,533,PIMA,53312,10.079750760200000,2661.467970969999897,439073.943115999980364,1
3452,3453,53313,551,PIMA,53313,9.853877054240000,3295.637106459999814,429234.884482999972533,1
3453,3454,53314,45,PIMA,53314,4.422633814740000,1747.786775390000003,192649.928970000008121,0
3454,3455,53315,45,PIMA,53315,4.027683106270000,1703.198527550000108,175445.876109000004362,0
3455,3456,53316,12,PIMA,53316,3.632589000320000,1629.142613369999935,158235.576854000013554,0
3456,3457,53317,20,PIMA,53317,5.436856230550000,1976.316745589999982,236829.457403000007616,0
3457,3458,53318,14,PIMA,53318,2.696862820450000,1447.169905740000104,117475.344458999999915,0
3458,3459,53319,42,PIMA,53319,2.256836555120000,1260.716543069999943,98307.800340999994660,0
3459,3460,53320,425,PIMA,53320,4.091685390960000,1687.502100449999944,178233.815629999997327,0
3460,3461,53321,279,PIMA,53321,10.706636076500001,2723.472317019999991,466381.067493000009563,1
3461,3462,53322,282,PIMA,53322,19.579886185199999,3863.316197459999785,852899.842228000052273,0
3462,3463,53323,248,PIMA,53323,15.450591657800000,3537.664937909999935,673027.772614000015892,0
3463,3464,53324,263,PIMA,53324,14.606287639700000,3592.817600719999973,636249.889587000012398,0
3464,3465,53325,274,PIMA,53325,28.210115492400000,4572.872266610000224,1228832.630850000074133,0
3465,3466,53326,437,PIMA,53326,18.776734429600001,3806.070784259999982,817914.551751999999397,1
3466,3467,53327,290,PIMA,53327,19.635443643100000,3902.846713819999877,855319.925094999955036,0
3467,3468,53328,459,PIMA,53328,10.563754430500000,2717.761341549999997,460157.142990999971516,0
3468,3469,53329,501,PIMA,53329,9.968677246500000,2635.257639599999948,434235.580857999972068,1
3469,3470,53330,520,PIMA,53330,20.226111738699998,4022.021702900000037,881049.427336000022478,1
3470,3471,53331,47,PIMA,53331,3.923185145840000,1665.911761379999916,170893.944952999998350,1
3471,3472,53332,492,PIMA,53332,13.716760044100001,3301.096470429999954,597502.067522999946959,1
3472,3473,53333,468,PIMA,53333,9.816004544540000,2623.720715259999906,427585.157959999982268,1
3473,3474,53334,468,PIMA,53334,9.672422513260001,2612.316883059999782,421330.724678000027779,1
3474,3475,53335,472,PIMA,53335,9.171958712910000,3163.715571950000140,399530.521533999999519,1
3475,3476,53336,283,PIMA,53336,48.604167239900001,6168.698095730000205,2117197.524970000144094,0
3476,3477,53337,1047,PIMA,53337,16.240333393400000,3762.659308780000174,707428.922617999953218,0
3477,3478,53338,1047,PIMA,53338,39.555117419500000,5247.476730780000253,1723020.914790000068024,0
3478,3479,53339,1035,PIMA,53339,39.275677995000002,6620.537327029999688,1710848.533460000064224,0
3479,3480,53340,1035,PIMA,53340,19.931964648000001,3972.629537870000149,868236.380066000041552,0
3480,3481,53341,794,PIMA,53341,37.687742907400001,5275.930059749999600,1641678.081049999920651,0
3481,3482,53342,179,PIMA,53342,18.982298442000001,3591.710169339999993,826868.920130999991670,1
3482,3483,53343,1056,PIMA,53343,43.904445452499999,5639.203508350000448,1912477.643910000100732,1
3483,3484,53344,289,PIMA,53344,10.572130793900000,2708.910274889999982,460522.017380999983288,1
3484,3485,53345,887,PIMA,53345,1567.966327170000113,49551.987982699996792,68300613.211600005626678,1
3485,3486,53346,1098,PIMA,53346,73.832583934699997,7906.930956340000193,3216147.356190000195056,0
3486,3487,53347,964,PIMA,53347,33.765291304199998,4779.615153480000117,1470816.089209999889135,0
3487,3488,53348,586,PIMA,53348,18.947973536599999,3720.998002679999900,825373.727256000041962,1
3488,3489,53349,602,PIMA,53349,19.629847671299999,3782.169051310000214,855076.164560999954119,0
3489,3490,53350,251,PIMA,53350,39.237504746100001,6087.789940450000358,1709185.706740000052378,0
3490,3491,53351,976,PIMA,53351,142.555698092999990,10331.735126199999286,6209726.208940000273287,0
3491,3492,53352,1054,PIMA,53352,56.089233374700001,8284.153549770000609,2443247.005799999926239,0
3492,3493,53353,194,PIMA,53353,11.612122166400001,2862.067665430000034,505824.041568999993615,1
3493,3494,53354,21,PIMA,53354,3.056306125110000,1505.807479249999915,133132.694809999986319,1
3494,3495,53355,732,PIMA,53355,376.333316904000014,16382.885191999999734,16393079.284299999475479,0
3495,3496,53356,51,PIMA,53356,5.183709207550000,1897.442468909999889,225802.373080999997910,0
3496,3497,53357,1077,PIMA,53357,129.875413105000007,9886.947902789999716,5657372.994869999587536,0
3497,3498,53358,1035,PIMA,53358,15.100878125600000,3618.793940300000031,657794.251152000040747,0
3498,3499,53359,1035,PIMA,53359,24.587158484700002,4244.545684390000133,1071016.623600000049919,0
3499,3500,53360,1035,PIMA,53360,19.722574085000002,3958.908974550000039,859115.327140999957919,0
3500,3501,53361,1035,PIMA,53361,105.877833826000000,8809.016117350000059,4612038.441469999961555,0
3501,3502,53362,1038,PIMA,53362,34.227750722099998,4888.257934919999570,1490960.821449999930337,0
3502,3503,53363,1038,PIMA,53363,19.054484490000000,3853.363829500000065,830013.344384999945760,0
3503,3504,53364,790,PIMA,53364,292.690400835999981,15298.649815700000545,12749593.860400000587106,0
3504,3505,53365,795,PIMA,53365,180.429217103000013,14717.081877200000235,7859496.697019999846816,0
3505,3506,53366,775,PIMA,53366,9.718388198960000,2866.931515520000175,423332.989946999994572,0
3506,3507,53367,14,PIMA,53367,10.279569467800000,2835.510127510000075,447778.046017999993637,0
3507,3508,53368,287,PIMA,53368,5.759636038400000,1974.272159749999901,250889.745832999993581,1
3508,3509,53369,198,PIMA,53369,11.593749410599999,2861.249282339999809,505023.724327999982052,1
3509,3510,53370,142,PIMA,53370,19.342060805799999,4040.914672400000200,842540.168700000038370,0
3510,3511,53371,145,PIMA,53371,31.100580447500001,5155.347060000000056,1354741.284290000097826,0
3511,3512,53372,132,PIMA,53372,40.912767435799999,6621.542510309999670,1782160.149500000057742,0
3512,3513,53373,218,PIMA,53373,10.766097508100000,2739.514238339999793,468971.207452000002377,0
3513,3514,53374,218,PIMA,53374,20.431388563599999,4002.104535840000153,889991.285829999949783,0
3514,3515,53375,9,PIMA,53375,1.318510536800000,1059.288073960000020,57434.318983199998911,0
3515,3516,53376,575,PIMA,53376,8.147130712630000,2495.225550289999774,354889.013841999985743,1
3516,3517,53377,34,PIMA,53377,5.094155962290000,2053.624008929999945,221901.433717000007164,1
3517,3518,53378,458,PIMA,53378,30.571222048900001,5646.989302130000397,1331682.432449999963865,1
3518,3519,53379,972,PIMA,53379,10.033112698500000,2745.941118539999934,437042.389147999987472,0
3519,3520,53380,1103,PIMA,53380,27.447478898300002,4518.385307470000043,1195612.180810000048950,0
3520,3521,53381,161,PIMA,53381,13.502208907900000,3187.920294189999822,588156.220029999967664,0
3521,3522,53382,111,PIMA,53382,59.419595934999997,7221.858519219999835,2588317.598929999861866,0
3522,3523,53383,501,PIMA,53383,9.898236169380001,2622.471460990000196,431167.167537999979686,1
3523,3524,53384,517,PIMA,53384,9.956054047309999,2641.899587590000010,433685.714300999999978,1
3524,3525,53385,281,PIMA,53385,48.342046568500002,5760.194721830000162,2105779.548529999796301,0
3525,3526,53386,285,PIMA,53386,4.416737507340000,1956.472658429999910,192393.085820000007516,0
3526,3527,53387,445,PIMA,53387,10.046714068300000,2889.837037820000205,437634.864815999986604,0
3527,3528,53388,445,PIMA,53388,7.578139869070000,2436.479383739999776,330103.772697000007611,0
3528,3529,53389,445,PIMA,53389,4.989889227660000,1850.472012200000108,217359.574756999994861,0
3529,3530,53390,875,PIMA,53390,622.163005473999988,29046.015789799999766,27101420.518500000238419,0
3530,3531,53391,827,PIMA,53391,8681.073572999999669,107505.505256999997073,378147564.839999973773956,1
3531,3532,53392,835,PIMA,53392,110.797043172000002,10657.922342399999252,4826319.200579999946058,1
3532,3533,53393,835,PIMA,53393,4517.703634659999807,68094.483020500003477,196791170.326000005006790,1
3533,3534,53394,835,PIMA,53394,35567.591767799996887,192218.882615999988047,1549324297.410000085830688,1
3534,3535,53395,789,PIMA,53395,277.591902882999989,15278.970674599999256,12091903.289599999785423,0
3535,3536,53396,699,PIMA,53396,91.257286423200000,7966.194722479999655,3975167.396590000018477,1
3536,3537,53397,753,PIMA,53397,116.977504771000000,8894.223351459999321,5095540.107819999568164,0
3537,3538,53398,753,PIMA,53398,329.851713858999972,35546.336546300000919,14368340.655700000002980,0
3538,3539,53399,58,PIMA,53399,9.812415686140000,2736.171004950000224,427428.827287999971304,0
3539,3540,53400,58,PIMA,53400,14.225209116600000,3558.962602600000082,619650.109118000022136,0
3540,3541,53401,58,PIMA,53401,20.041893514200002,3760.932807879999928,873024.881479999981821,0
3541,3542,53402,42,PIMA,53402,3.443065262710000,1678.892123430000083,149979.922843999986071,0
3542,3543,53403,42,PIMA,53403,9.458264064520000,2626.899830700000166,412001.982651000027545,0
3543,3544,53404,42,PIMA,53404,7.940475016050000,2358.845824949999951,345887.091698999982327,0
3544,3545,53405,67,PIMA,53405,22.903688856500001,5093.342115329999615,997684.686588000040501,0
3545,3546,53406,67,PIMA,53406,17.853333013200000,4072.353826789999857,777691.186054000048898,0
3546,3547,53407,708,PIMA,53407,41.604423763000000,6100.660493960000167,1812288.699120000004768,0
3547,3548,53408,835,PIMA,53408,5490.542576300000292,68299.271591600001557,239168034.622999995946884,1
3548,3549,53409,835,PIMA,53409,1529.399920979999933,35303.609425199996622,66620660.557800002396107,1
3549,3550,53410,835,PIMA,53410,3758.901598049999848,52152.975020199999562,163737753.611000001430511,1
3550,3551,53411,831,PIMA,53411,2028.957270350000044,48487.281312300001446,88381378.696600005030632,0
3551,3552,53412,831,PIMA,53412,585.847884428000043,25151.145268200001738,25519533.845699999481440,0
3552,3553,53413,832,PIMA,53413,56.246823200400001,7270.558508150000307,2450111.618609999772161,0
3553,3554,53414,941,PIMA,53414,247.579792892000000,14300.704426899999817,10784575.778400000184774,0
3554,3555,53415,611,PIMA,53415,32.417022655600000,4992.800026959999741,1412085.506880000000820,1
3555,3556,53416,815,PIMA,53416,557.557948238999984,23082.018574900001113,24287224.225299999117851,0
3556,3557,53417,834,PIMA,53417,1112.581425919999901,30539.816875199998321,48464046.913000002503395,0
3557,3558,53418,833,PIMA,53418,382.836015593000013,17160.691518299998279,16676336.839199999347329,0
3558,3559,53419,877,PIMA,53419,337.015959163999980,16149.691094899999371,14680415.181199999526143,1
3559,3560,53420,880,PIMA,53420,328.507436397999982,16070.399217399999543,14309783.929500000551343,1
3560,3561,53421,865,PIMA,53421,560.951699628000028,19651.899913299999753,24435056.035799998790026,1
3561,3562,53422,859,PIMA,53422,2189.010585710000214,40286.793730099998356,95353301.113299995660782,1
3562,3563,53423,868,PIMA,53423,1137.753443220000008,30964.382200600000942,49560539.986500002443790,1
3563,3564,53424,862,PIMA,53424,1804.931379370000059,42599.651038600000902,78622810.885399997234344,1
3564,3565,53425,840,PIMA,53425,530.224761263000005,26112.791265700001532,23096590.600600000470877,0
3565,3566,53426,840,PIMA,53426,102.138481963999993,13428.703301600000486,4449152.274369999766350,0
3566,3567,53427,771,PIMA,53427,15.020048695800000,3914.790336309999930,654273.321188000030816,0
3567,3568,53428,771,PIMA,53428,12.867047842900000,3399.307792650000010,560488.604038999998011,0
3568,3569,53429,771,PIMA,53429,46.706964251199999,7701.723675459999868,2034555.362780000083148,0
3569,3570,53430,771,PIMA,53430,27.134172551399999,4524.159647630000109,1181964.556339999893680,0
3570,3571,53431,330,PIMA,53431,707.504916764999962,22157.058703399998194,30818914.174300000071526,1
3571,3572,53432,958,PIMA,53432,573.303615430000036,20014.920493599998736,24973105.488099999725819,1
3572,3573,53433,861,PIMA,53433,668.046189444999982,21565.120808299998316,29100092.012200001627207,1
3573,3574,53434,864,PIMA,53434,419.546627821000016,17958.627572699999291,18275451.107900001108646,1
3574,3575,53435,833,PIMA,53435,226.671858192999991,15489.763597099999970,9873826.142880000174046,0
3575,3576,53436,833,PIMA,53436,189.486499017999989,12456.499596999999994,8254031.897239999845624,0
3576,3577,53437,832,PIMA,53437,124.754601113000007,9792.135637280000083,5434310.424479999579489,0
3577,3578,53438,828,PIMA,53438,5056.226356340000166,68095.629272000005585,220249220.081999987363815,0
3578,3579,53439,846,PIMA,53439,720.995839571000033,23830.503093800001807,31406578.771699998527765,1
3579,3580,53440,879,PIMA,53440,79.557478797000002,7717.220716560000255,3465523.776399999856949,1
3580,3581,53441,879,PIMA,53441,41.864851451800000,6162.989678060000188,1823632.929239999968559,1
3581,3582,53442,879,PIMA,53442,33.179039094700002,5305.361677529999724,1445278.942959999898449,1
3582,3583,53443,952,PIMA,53443,1510.723963910000066,32441.686102600000595,65807135.867799997329712,0
3583,3584,53444,930,PIMA,53444,32011.723384500000975,187367.215488999994704,1394430670.630000114440918,0
3584,3585,53445,907,PIMA,53445,955.161537959000043,25940.773588799998834,41606836.593500003218651,0
3585,3586,53446,174,PIMA,53446,1244.299218540000084,32005.034212099999422,54201673.959399998188019,0
3586,3587,53447,908,PIMA,53447,1096.488872169999922,29180.942793199999869,47763055.271600000560284,0
3587,3588,53448,96,PIMA,53448,301.566361345000018,14635.091377999999168,13136230.700200000777841,0
3588,3589,53449,76,PIMA,53449,200.643036821999999,12309.925510499999291,8740010.683979999274015,0
3589,3590,53450,83,PIMA,53450,285.920088747000023,14889.182911399999284,12454679.065799999982119,0
3590,3591,53451,113,PIMA,53451,478.908813693000013,19449.692083400001138,20861267.924499999731779,0
3591,3592,53452,112,PIMA,53452,305.029355259999988,16997.462645999999950,13287078.715099999681115,0
3592,3593,53453,86,PIMA,53453,334.166048925999974,16529.426080199998978,14556273.091199999675155,0
3593,3594,53454,85,PIMA,53454,155.653590922999996,11611.848276999999143,6780270.420610000379384,0
3594,3595,53455,75,PIMA,53455,221.663074459000001,13629.273605799999132,9655643.523429999127984,0
3595,3596,53456,74,PIMA,53456,168.477191260000012,10703.707589600000574,7338866.451270000077784,0
3596,3597,53457,901,PIMA,53457,633.874249207000048,21022.270402499998454,27611562.295499999076128,0
3597,3598,53458,933,PIMA,53458,1657.980368479999925,33922.094291900000826,72221624.850899994373322,0
3598,3599,53459,667,PIMA,53459,518.457668113999944,22492.830716000000393,22584016.022999998182058,0
3599,3600,53460,931,PIMA,53460,1439.932542779999949,33044.532778699998744,62723461.563500002026558,0
3600,3601,53461,946,PIMA,53461,1904.659035879999919,38787.913360699996701,82966947.602799996733665,0
3601,3602,53462,909,PIMA,53462,946.009608783999965,26304.062399300000834,41208178.558600001037121,0
3602,3603,53463,667,PIMA,53463,281.179675540000005,14584.358197699999437,12248186.666500000283122,0
3603,3604,53464,903,PIMA,53464,939.387329958999999,29604.644349900001544,40919712.093000002205372,1
3604,3605,53465,900,PIMA,53465,1012.538162990000046,27269.906626500000129,44106162.379900000989437,1
3605,3606,53466,413,PIMA,53466,929.385220432999972,25898.058952899998985,40484020.202100001275539,1
3606,3607,53467,651,PIMA,53467,237.825330779000012,12849.993923399999403,10359671.408700000494719,1
3607,3608,53468,650,PIMA,53468,42.842942656699996,7974.584629990000394,1866238.582129999995232,1
3608,3609,53469,134,PIMA,53469,337.742027459999974,16166.349210799999128,14712042.716199999675155,0
3609,3610,53470,672,PIMA,53470,59.134804715199998,6976.063075299999582,2575912.093400000128895,0
3610,3611,53471,672,PIMA,53471,40.177668624699997,5859.871266449999894,1750139.245289999991655,0
3611,3612,53472,672,PIMA,53472,46.288807074399998,6281.378697930000271,2016340.436160000041127,0
3612,3613,53473,672,PIMA,53473,35.253034888000002,6012.913526389999788,1535622.199719999916852,0
3613,3614,53474,672,PIMA,53474,32.836234156800003,4790.328069979999782,1430346.359870000043884,0
3614,3615,53475,672,PIMA,53475,26.844245293099998,4390.208196300000054,1169335.324969999957830,0
3615,3616,53476,672,PIMA,53476,45.381330264200002,6073.322719890000371,1976810.746310000075027,0
3616,3617,53477,672,PIMA,53477,40.878595583200003,6178.337975860000370,1780671.623600000049919,0
3617,3618,53478,645,PIMA,53478,397.553192716000012,18109.917210799998429,17317417.074700001627207,0
3618,3619,53479,943,PIMA,53479,967.638884159999975,29045.060928599999897,42150349.793999999761581,0
3619,3620,53480,649,PIMA,53480,106.378398845999996,9316.730373250000412,4633843.053720000199974,0
3620,3621,53481,650,PIMA,53481,26.064478560200001,4896.087679430000208,1135368.686079999897629,1
3621,3622,53482,650,PIMA,53482,58.242520106800001,7183.056309749999855,2537044.175850000232458,1
3622,3623,53483,650,PIMA,53483,62.197933127799999,6844.722692690000258,2709341.967050000093877,1
3623,3624,53484,650,PIMA,53484,86.652436428399994,9608.901608090000082,3774580.130820000078529,1
3624,3625,53485,477,PIMA,53485,354.014718424000023,16059.621027699999104,15420881.134500000625849,1
3625,3626,53486,477,PIMA,53486,300.105571132000023,18565.364561599999433,13072598.678500000387430,1
3626,3627,53487,477,PIMA,53487,90.503973399700001,10413.897316599999613,3942353.081290000118315,1
3627,3628,53488,477,PIMA,53488,69.003531220599996,8552.278727569999319,3005793.819970000069588,1
3628,3629,53489,477,PIMA,53489,292.822662417999993,14713.584082400000625,12755355.174900000914931,1
3629,3630,53490,477,PIMA,53490,185.766506018999991,11625.649133200000506,8091989.002209999598563,1
3630,3631,53491,69,PIMA,53491,18.924909561700002,3609.460045180000179,824369.060505999950692,0
3631,3632,53492,70,PIMA,53492,22.716324045200000,4045.201463129999865,989523.075410000048578,0
3632,3633,53493,675,PIMA,53493,542.667802027999983,22245.778915399998368,23638609.456300001591444,0
3633,3634,53494,676,PIMA,53494,202.491426835999988,12556.651709199999459,8820526.552959999069571,0
3634,3635,53495,678,PIMA,53495,270.906050828999980,16769.278465200000937,11800667.574100000783801,0
3635,3636,53496,832,PIMA,53496,97.325307170599999,9448.305236019999938,4239490.380350000225008,0
3636,3637,53497,832,PIMA,53497,105.087206499999994,9211.127391939999143,4577598.715119999833405,0
3637,3638,53498,936,PIMA,53498,52.455429502100003,6693.492754959999729,2284958.509109999984503,0
3638,3639,53499,938,PIMA,53499,81.571151638800004,9971.223339160000251,3553239.365389999933541,0
3639,3640,53500,940,PIMA,53500,57.892790751000000,11531.835124299999734,2521809.965110000222921,0
3640,3641,53501,944,PIMA,53501,91.807551683300005,8140.798151349999898,3999136.951319999992847,1
3641,3642,53502,832,PIMA,53502,86.596927710000003,9803.575698180000472,3772162.171050000004470,0
3642,3643,53503,938,PIMA,53503,100.696883244000006,9312.426956019999125,4386356.234120000153780,0
3643,3644,53504,938,PIMA,53504,84.238632760200005,8101.542022339999676,3669434.843030000105500,0
3644,3645,53505,938,PIMA,53505,149.489340596999995,9996.090472570000202,6511755.676420000381768,0
3645,3646,53506,977,PIMA,53506,161.302781955999990,12421.593695999999909,7026349.181979999877512,0
3646,3647,53507,977,PIMA,53507,47.160728125399999,6654.881372509999892,2054321.317139999940991,0
3647,3648,53508,699,PIMA,53508,30.047568062800000,5305.783373559999745,1308872.064809999894351,1
3648,3649,53509,710,PIMA,53509,79.760248875399995,7875.725635159999911,3474356.441010000184178,0
3649,3650,53510,969,PIMA,53510,34.189142922199999,6187.737677609999992,1489279.065690000075847,0
3650,3651,53511,969,PIMA,53511,131.888736115999990,11480.962644699999146,5745073.345209999941289,0
3651,3652,53512,971,PIMA,53512,173.057944741999989,12602.748288400000092,7538404.072949999943376,0
3652,3653,53513,983,PIMA,53513,175.595799760999995,12934.462061199999880,7648953.037600000388920,0
3653,3654,53514,943,PIMA,53514,781.553342780999969,28242.906372900000861,34044463.611599996685982,0
3654,3655,53515,939,PIMA,53515,14.883899081499999,3328.551080589999856,648342.643991000019014,1
3655,3656,53516,648,PIMA,53516,68.236895143699996,7923.965913539999747,2972399.152460000012070,1
3656,3657,53517,937,PIMA,53517,25.309443328000000,4276.931552039999588,1102479.351370000047609,0
3657,3658,53518,937,PIMA,53518,18.842973885700001,3851.443758330000037,820799.942460000049323,0
3658,3659,53519,945,PIMA,53519,62.760276464199997,7381.927930230000129,2733837.642779999878258,0
3659,3660,53520,945,PIMA,53520,27.472783065600002,4781.796962899999926,1196714.430339999962598,0
3660,3661,53521,643,PIMA,53521,83.913450147399999,8160.804608980000012,3655269.888420000206679,0
3661,3662,53522,659,PIMA,53522,1157.559159789999967,36510.576959999998508,50423277.000399999320507,0
3662,3663,53523,664,PIMA,53523,967.173274076999974,26715.321721200001775,42130067.818800002336502,0
3663,3664,53524,660,PIMA,53524,328.006787781000014,16692.304516699998203,14287975.675799999386072,0
3664,3665,53525,662,PIMA,53525,1006.667273040000055,37312.425887199999124,43850426.413599997758865,0
3665,3666,53526,655,PIMA,53526,150.747878289999989,10272.589874400000554,6566577.578320000320673,0
3666,3667,53527,655,PIMA,53527,123.772752736000001,9323.134801379999772,5391541.109190000221133,0
3667,3668,53528,655,PIMA,53528,157.541096200999988,10367.097981900000377,6862490.150519999675453,0
3668,3669,53529,655,PIMA,53529,147.610760348000014,10147.272977799999353,6429924.720759999938309,0
3669,3670,53530,655,PIMA,53530,125.334651640999994,10812.897923099999389,5459577.425470000132918,0
3670,3671,53531,968,PIMA,53531,171.144952560000007,11046.312094299999444,7455074.133510000072420,0
3671,3672,53532,707,PIMA,53532,121.021907360000000,10743.554717900000469,5271714.284579999744892,0
3672,3673,53533,94,PIMA,53533,327.229173746000015,16141.132900000000518,14254102.808399999514222,0
3673,3674,53534,962,PIMA,53534,102.443138282999996,10725.166389699999854,4462423.103620000183582,0
3674,3675,53535,1084,PIMA,53535,116.154965977000003,10069.923296900000423,5059710.317950000055134,0
3675,3676,53536,1084,PIMA,53536,44.079843736800001,6383.228027180000026,1920117.993179999990389,0
3676,3677,53537,966,PIMA,53537,50.253066469600000,6608.078999590000421,2189023.575420000124723,0
3677,3678,53538,966,PIMA,53538,86.065922840300004,9074.293344820000129,3749031.598919999785721,0
3678,3679,53539,1081,PIMA,53539,107.916340675000001,9851.074912199999744,4700835.799809999763966,0
3679,3680,53540,685,PIMA,53540,56.789311529599999,6533.622314080000251,2473742.410230000037700,0
3680,3681,53541,969,PIMA,53541,227.630777126999988,13984.843172000000777,9915596.651629999279976,0
3681,3682,53542,969,PIMA,53542,162.705478790000001,13331.119690300000002,7087450.656109999865294,0
3682,3683,53543,375,PIMA,53543,34.686977424699997,5719.671556119999877,1510964.736620000097901,0
3683,3684,53544,970,PIMA,53544,75.295865962500002,8598.869894710000153,3279887.921329999808222,0
3684,3685,53545,1095,PIMA,53545,221.777666226000008,12738.471347999999125,9660635.140799999237061,0
3685,3686,53546,1095,PIMA,53546,58.860527903700003,6485.342846759999702,2563964.595480000134557,0
3686,3687,53547,516,PIMA,53547,11.812882801300001,2919.290004280000176,514569.174824999994598,0
3687,3688,53548,1038,PIMA,53548,20.529962972000000,4352.321651440000096,894285.187059000018053,0
3688,3689,53549,1038,PIMA,53549,8.883505019099999,2493.348289170000044,386965.478631999983918,0
3689,3690,53550,983,PIMA,53550,160.290967410000007,10582.942232999999760,6982274.540389999747276,0
3690,3691,53551,842,PIMA,53551,253.644564169999995,13279.937711299999137,11048757.215299999341369,0
3691,3692,53552,836,PIMA,53552,4845.762352359999568,58436.149639600000228,211081408.069000005722046,1
3692,3693,53553,841,PIMA,53553,200.881046559999987,13373.619678499999281,8750378.388159999623895,0
3693,3694,53554,837,PIMA,53554,3168.526717459999873,55829.491465500002960,138021023.812999993562698,0
3694,3695,53555,844,PIMA,53555,614.283939507000014,20791.070390299999417,26758208.404899999499321,0
3695,3696,53556,844,PIMA,53556,574.007176321999964,20033.095276200001535,25003752.600600000470877,0
3696,3697,53557,842,PIMA,53557,49.677381484300000,7202.966244569999617,2163946.737459999974817,0
3697,3698,53558,842,PIMA,53558,161.928706804000001,10429.834385899999688,7053614.468399999663234,0
3698,3699,53559,1015,PIMA,53559,15.020506021599999,3255.576670829999784,654293.242300000041723,1
3699,3700,53560,1015,PIMA,53560,23.352740972100001,4131.910888970000087,1017245.396739999996498,1
3700,3701,53561,867,PIMA,53561,114.781640886999995,9179.791298079999251,4999888.277030000463128,1
3701,3702,53562,867,PIMA,53562,302.678752512000017,18407.872638799999550,13184686.459400000050664,1
3702,3703,53563,782,PIMA,53563,445.251093734999984,21144.170500100000936,19395137.643100000917912,0
3703,3704,53564,1016,PIMA,53564,181.206873801000000,11272.408427700000175,7893371.422760000452399,1
3704,3705,53565,875,PIMA,53565,2423.472021149999819,48508.453221700001450,105566441.240999996662140,0
3705,3706,53566,881,PIMA,53566,1948.796079089999921,45319.188177299998642,84889557.205099999904633,0
3706,3707,53567,881,PIMA,53567,1114.345190810000076,28760.847704499999963,48540876.511799998581409,0
3707,3708,53568,955,PIMA,53568,148.572636775999996,14377.631107200000770,6471824.057970000430942,0
3708,3709,53569,1022,PIMA,53569,112.654050157000000,9265.460399030000190,4907210.424829999916255,1
3709,3710,53570,1021,PIMA,53570,130.731939713999992,9749.419018849999702,5694683.293940000236034,1
3710,3711,53571,867,PIMA,53571,158.276238076999988,13744.189950300000419,6894512.930619999766350,1
3711,3712,53572,867,PIMA,53572,111.187314302999994,8949.672064419999515,4843319.411039999686182,1
3712,3713,53573,781,PIMA,53573,774.642395419999957,29680.250230300000112,33743422.744499996304512,0
3713,3714,53574,782,PIMA,53574,69.409775392900002,8478.970647910000480,3023489.816110000014305,0
3714,3715,53575,779,PIMA,53575,431.561530595000022,20094.734452100001363,18798820.272700000554323,0
3715,3716,53576,777,PIMA,53576,1063.658296329999985,35131.781612899998436,46332955.387900002300739,0
3716,3717,53577,777,PIMA,53577,240.596204257000011,13176.465193399999407,10480370.657500000670552,0
3717,3718,53578,844,PIMA,53578,1821.631655149999915,47946.668734099999710,79350274.898499995470047,0
3718,3719,53579,774,PIMA,53579,299.815360444000021,17945.898655400000280,13059957.100899999961257,0
3719,3720,53580,771,PIMA,53580,56.236221194499997,6646.205237680000209,2449649.795229999814183,0
3720,3721,53581,771,PIMA,53581,88.864751794000000,8417.093266800000492,3870948.588150000199676,0
3721,3722,53582,771,PIMA,53582,10.223201404499999,2860.644049210000048,445322.653179000015371,0
3722,3723,53583,771,PIMA,53583,63.239412996399999,7018.844943979999698,2754708.830120000056922,0
3723,3724,53584,775,PIMA,53584,8.357069568769999,2793.274314130000221,364033.950415999977849,0
3724,3725,53585,775,PIMA,53585,23.761280025600001,5077.848557919999621,1035041.357910000020638,0
3725,3726,53586,771,PIMA,53586,89.240864234900002,7813.994158090000383,3887332.046070000156760,0
3726,3727,53587,775,PIMA,53587,7.343257801020000,2254.664248439999938,319872.309813000028953,0
3727,3728,53588,768,PIMA,53588,52.519844137100002,8383.584825539999656,2287764.410610000137240,0
3728,3729,53589,768,PIMA,53589,26.719858736999999,4220.225794979999591,1163917.046580000082031,0
3729,3730,53590,763,PIMA,53590,20.507348443100000,4534.374781989999974,893300.098179999971762,0
3730,3731,53591,771,PIMA,53591,39.115909764700000,5603.186501049999606,1703889.029349999967963,0
3731,3732,53592,771,PIMA,53592,17.389693400399999,3510.567851929999961,757495.044522000011057,0
3732,3733,53593,771,PIMA,53593,14.027159478600000,3415.583160849999786,611023.066888000001200,0
3733,3734,53594,423,PIMA,53594,30.872607527000000,6630.018107820000296,1344810.783880000002682,0
3734,3735,53595,396,PIMA,53595,18.351903600499998,3906.586109490000126,799408.920839000027627,0
3735,3736,53596,366,PIMA,53596,315.783331496000017,15782.254652199999327,13755521.919999999925494,1
3736,3737,53597,411,PIMA,53597,320.886473136999996,15864.237382100000104,13977814.769899999722838,1
3737,3738,53598,611,PIMA,53598,33.886153275600002,5647.170651680000447,1476080.836690000025555,1
3738,3739,53599,611,PIMA,53599,31.145090126700001,4703.861928360000093,1356680.125920000020415,1
3739,3740,53600,611,PIMA,53600,20.894431088099999,4017.622916809999879,910161.418198000057600,1
3740,3741,53601,611,PIMA,53601,29.030263520199998,4534.765239870000187,1264558.278940000105649,1
3741,3742,53602,760,PIMA,53602,158.609230228000001,11510.942176500000642,6909018.068740000016987,0
3742,3743,53603,761,PIMA,53603,16.204565093100001,3983.442417130000194,705870.855456999968737,0
3743,3744,53604,791,PIMA,53604,1314.039914700000054,32970.667910199998005,57239578.684399999678135,0
3744,3745,53605,793,PIMA,53605,1595.468245799999977,36863.451684699997713,69498596.787100002169609,0
3745,3746,53606,685,PIMA,53606,239.082421143999994,14534.581427400000393,10414430.265000000596046,0
3746,3747,53607,771,PIMA,53607,57.631900124600001,6252.571993739999925,2510445.569430000148714,0
3747,3748,53608,760,PIMA,53608,47.390858958499997,6167.188106659999903,2064345.816229999996722,0
3748,3749,53609,760,PIMA,53609,27.104181393899999,5178.255351660000088,1180658.141520000062883,0
3749,3750,53610,760,PIMA,53610,17.977892610200001,4230.138953630000287,783117.002099000033922,0
3750,3751,53611,805,PIMA,53611,51.993107521799999,5985.727331189999859,2264819.763650000095367,0
3751,3752,53612,836,PIMA,53612,1919.411947710000049,38626.482365099996969,83609584.442200005054474,1
3752,3753,53613,836,PIMA,53613,2103.878924860000097,37460.727067699997860,91644965.966900005936623,1
3753,3754,53614,825,PIMA,53614,1999.815429290000111,41190.176230999997642,87111960.099700003862381,0
3754,3755,53615,724,PIMA,53615,3322.648827590000110,48861.575147399998968,144734582.930000007152557,1
3755,3756,53616,724,PIMA,53616,3187.852798349999830,47450.565467599997646,138862867.895999997854233,1
3756,3757,53617,724,PIMA,53617,3356.859641770000053,49601.759243400003470,146224805.995999991893768,1
3757,3758,53618,685,PIMA,53618,33.692674654400001,5128.697641509999812,1467652.907949999906123,0
3758,3759,53619,1047,PIMA,53619,19.330992785399999,4391.589258459999655,842058.045731000020169,0
3759,3760,53620,1036,PIMA,53620,22.347949942600000,4055.035947909999777,973476.699502000003122,0
3760,3761,53621,1036,PIMA,53621,14.873320458300000,3518.775254810000206,647881.839162999996915,0
3761,3762,53622,724,PIMA,53622,4179.123698460000014,55022.263100099997246,182042628.305000007152557,1
3762,3763,53623,890,PIMA,53623,669.059172600000011,21712.889238899999327,29144217.558400001376867,0
3763,3764,53624,816,PIMA,53624,1756.198477379999986,39189.500355399999535,76500005.674600005149841,1
3764,3765,53625,812,PIMA,53625,1087.717138449999993,28341.908405099999072,47380958.550800003111362,0
3765,3766,53627,723,PIMA,53627,6018.161734579999575,79960.169479400006821,262151125.157999992370605,0
3766,3767,53628,711,PIMA,53628,317.816731963999985,21220.312159299999621,13844096.844399999827147,0
3767,3768,53629,711,PIMA,53629,1944.519710799999984,44543.754186099999060,84703278.602400004863739,0
3768,3769,53630,727,PIMA,53630,393.017302850000021,19934.211202700000285,17119833.712099999189377,0
3769,3770,53631,753,PIMA,53631,122.783063894999998,10830.467604999999821,5348430.263249999843538,0
3770,3771,53632,753,PIMA,53632,628.568963498000016,23589.505128699998750,27380464.050000000745058,0
3771,3772,53633,702,PIMA,53633,151.563387933999991,12235.658381100000042,6602101.178390000015497,0
3772,3773,53634,702,PIMA,53634,51.223844280300000,6892.876897619999909,2231310.656849999912083,0
3773,3774,53635,702,PIMA,53635,97.054814483100003,10603.547577299999830,4227707.718879999592900,0
3774,3775,53636,307,PIMA,53636,10.059214648899999,3293.346764710000116,438179.390106000006199,1
3775,3776,53637,307,PIMA,53637,19.688856937800001,3929.850972610000099,857646.608209999976680,1
3776,3777,53638,307,PIMA,53638,20.087142194399998,3977.115632189999815,874995.913988000014797,1
3777,3778,53639,292,PIMA,53639,22.096073101900000,4099.584543650000342,962504.944317999994382,1
3778,3779,53640,292,PIMA,53640,5.110474317330000,1976.104934819999926,222612.261262999993050,1
3779,3780,53641,279,PIMA,53641,4.955414913370000,1993.777031240000042,215857.873625999985961,1
3780,3781,53642,997,PIMA,53642,274.092670656999985,16744.410237299998698,11939476.733799999579787,1
3781,3782,53643,816,PIMA,53643,819.612740219999978,23953.065113699998619,35702330.964000001549721,1
3782,3783,53644,816,PIMA,53644,1367.093632489999891,43509.195614800002659,59550598.631399996578693,1
3783,3784,53645,893,PIMA,53645,58.948109371199997,6552.473139859999719,2567779.644210000056773,1
3784,3785,53646,1088,PIMA,53646,9.588272358370000,2649.118677519999892,417665.143931000027806,1
3785,3786,53647,184,PIMA,53647,22.993611149700001,4486.857177689999844,1001601.701680000056513,0
3786,3787,53648,184,PIMA,53648,36.169097289400000,5398.412564139999631,1575525.877929999958724,0
3787,3788,53649,1095,PIMA,53649,123.251882449999997,9407.836863090000406,5368851.999540000222623,0
3788,3789,53650,398,PIMA,53650,12.737182991599999,3117.811989960000119,554831.691114000044763,0
3789,3790,53651,955,PIMA,53651,21.186428175700001,4744.919335509999655,922880.811330999946222,0
3790,3791,53652,969,PIMA,53652,411.086532854999973,19046.645445499998459,17906929.371199999004602,0
3791,3792,53653,969,PIMA,53653,342.991172569000014,16736.246426300000167,14940695.477099999785423,0
3792,3793,53654,444,PIMA,53654,121.535908344999996,10090.351197800000591,5294104.167500000447035,0
3793,3794,53655,444,PIMA,53655,287.719852060999983,17067.927899900001648,12533076.755799999460578,0
3794,3795,53656,105,PIMA,53656,332.384543242999996,16886.510933699999441,14478670.703700000420213,0
3795,3796,53657,161,PIMA,53657,297.906101336999996,16362.639253200000894,12976789.774199999868870,0
3796,3797,53658,1099,PIMA,53658,190.533653579000003,13458.994935999999143,8299645.949880000203848,0
3797,3798,53659,1099,PIMA,53659,57.943935785800001,7579.628634470000179,2524037.842829999979585,0
3798,3799,53660,162,PIMA,53660,123.592890299999993,9765.339387320000242,5383706.301479999907315,0
3799,3800,53661,1098,PIMA,53661,95.955335257200005,9723.340977449999627,4179814.403799999970943,0
3800,3801,53662,1098,PIMA,53662,176.232515578000005,11993.809557200000199,7676688.378560000099242,0
3801,3802,53663,1098,PIMA,53663,135.372803589999990,12427.553150699999605,5896839.324359999969602,0
3802,3803,53664,1097,PIMA,53664,138.498700966999991,11375.410517599999366,6033003.414119999855757,0
3803,3804,53665,1097,PIMA,53665,165.845320300999987,10759.571644699999524,7224222.152320000343025,0
3804,3805,53666,95,PIMA,53666,346.073829461000003,16291.492295800000647,15074976.011299999430776,0
3805,3806,53667,95,PIMA,53667,321.514334073999976,15883.822347400000581,14005164.392300000414252,0
3806,3807,53668,957,PIMA,53668,234.939579787000014,14291.045145000000048,10233968.095499999821186,0
3807,3808,53669,118,PIMA,53669,9.484253611850001,2572.679511240000011,413134.087332000024617,0
3808,3809,53670,118,PIMA,53670,30.709993777000001,5258.347580560000097,1337727.328930000076070,0
3809,3810,53671,970,PIMA,53671,36.036629293300003,5857.738477070000044,1569755.572020000079647,0
3810,3811,53672,236,PIMA,53672,56.577491224200003,6264.905385039999601,2464515.517729999963194,0
3811,3812,53673,237,PIMA,53673,43.803675317900002,5509.153582320000169,1908088.096850000089034,0
3812,3813,53674,273,PIMA,53674,17.546619915299999,3732.831283640000038,764330.763508999953046,1
3813,3814,53675,276,PIMA,53675,24.677623236999999,5031.521320539999579,1074957.268200000049546,1
3814,3815,53676,759,PIMA,53676,209.091150032000002,12243.126589999999851,9108010.495400000363588,0
3815,3816,53677,354,PIMA,53677,19.562688053100000,3894.791286470000159,852150.691591999959201,1
3816,3817,53678,626,PIMA,53678,186.545051690000008,11427.936449000000721,8125902.451630000025034,0
3817,3818,53679,982,PIMA,53679,228.815513156999998,14936.186816800000088,9967203.753130000084639,0
3818,3819,53680,982,PIMA,53680,134.889424612999989,10263.381099800000811,5875783.336160000413656,0
3819,3820,53681,621,PIMA,53681,587.587080449000041,21234.064839099999517,25595293.224399998784065,0
3820,3821,53682,621,PIMA,53682,103.754104896000001,9443.869904999999562,4519528.809259999543428,0
3821,3822,53683,635,PIMA,53683,233.286531822999990,13889.765441199999259,10161961.326199999079108,0
3822,3823,53684,626,PIMA,53684,270.130668123000021,16130.485408299999108,11766891.903400000184774,0
3823,3824,53685,629,PIMA,53685,354.983133447999990,16211.457979000000705,15463065.292999999597669,0
3824,3825,53686,971,PIMA,53686,52.445355198400001,8421.276321530000132,2284519.672439999878407,0
3825,3826,53687,1096,PIMA,53687,11.681428487400000,2792.263950699999896,508843.024913000001106,0
3826,3827,53688,1096,PIMA,53688,37.705850524900001,5810.713052920000337,1642466.848870000103489,0
3827,3828,53689,619,PIMA,53689,68.420899687399995,7434.420768859999953,2980414.390380000229925,0
3828,3829,53690,619,PIMA,53690,15.349412104500001,3618.643761410000025,668620.391271000029519,0
3829,3830,53691,619,PIMA,53691,41.810811844800000,5889.826489619999847,1821278.963960000080988,0
3830,3831,53692,619,PIMA,53692,18.810344575399998,3912.877297689999978,819378.609703999944031,0
3831,3832,53693,619,PIMA,53693,24.001924615299998,4574.044405010000446,1045523.836239999975078,0
3832,3833,53694,619,PIMA,53694,17.826894363200001,3470.732522429999790,776539.518461999949068,0
3833,3834,53695,619,PIMA,53695,15.882362927499999,3552.175408730000072,691835.729122000047937,0
3834,3835,53696,881,PIMA,53696,946.350426448999997,27976.358975099999952,41223024.576099999248981,0
3835,3836,53697,800,PIMA,53697,725.126201077000019,23749.699105799998506,31586497.318900000303984,0
3836,3837,53698,973,PIMA,53698,219.501152732999998,12814.846347400000013,9561470.213029999285936,0
3837,3838,53699,973,PIMA,53699,274.173865621999994,17561.976779100001295,11943013.586500000208616,0
3838,3839,53700,973,PIMA,53700,250.421991272000014,18526.757408800000121,10908381.939799999818206,0
3839,3840,53701,326,PIMA,53701,136.557216049000004,11356.407139099999767,5948432.331079999916255,0
3840,3841,53702,976,PIMA,53702,73.912883948599998,7601.582160210000438,3219645.224799999967217,0
3841,3842,53703,326,PIMA,53703,57.486776462599998,6147.521650450000379,2504123.982710000127554,0
3842,3843,53704,976,PIMA,53704,79.148776329000000,7882.865734969999721,3447720.696889999788254,0
3843,3844,53705,323,PIMA,53705,9.807574275610000,2617.104930550000063,427217.935445000010077,0
3844,3845,53706,970,PIMA,53706,126.715709129999993,12469.341967500000464,5519736.289719999767840,0
3845,3846,53707,970,PIMA,53707,43.973216954599998,6798.729617209999560,1915473.330539999995381,0
3846,3847,53708,1096,PIMA,53708,65.135521699199998,7722.546383760000026,2837303.325219999998808,0
3847,3848,53709,1096,PIMA,53709,48.161601735200001,5805.733063499999844,2097919.371590000111610,0
3848,3849,53710,1096,PIMA,53710,178.483292596000013,11701.230058299999655,7774732.225490000098944,0
3849,3850,53711,1103,PIMA,53711,26.360809141499999,4828.731371820000277,1148276.846200000029057,0
3850,3851,53712,1103,PIMA,53712,9.151007301330001,2592.900111670000115,398617.878046000027098,0
3851,3852,53713,350,PIMA,53713,30.196988645099999,5904.349285139999665,1315380.825380000052974,1
3852,3853,53714,350,PIMA,53714,16.322027103500002,3899.441594290000012,710987.500628000008874,1
3853,3854,53715,980,PIMA,53715,62.802019245600000,9006.683259940000426,2735655.958339999895543,0
3854,3855,53716,980,PIMA,53716,27.840370617300000,4690.759376580000207,1212726.544089999981225,0
3855,3856,53717,980,PIMA,53717,53.504573510500002,9067.223618489999353,2330659.222120000049472,0
3856,3857,53718,375,PIMA,53718,91.958605753100002,9734.483088999999381,4005716.866599999833852,0
3857,3858,53719,375,PIMA,53719,64.268994400400004,7193.782018359999711,2799557.396079999860376,0
3858,3859,53720,978,PIMA,53720,29.425654074299999,5803.216745249999803,1281781.491480000084266,0
3859,3860,53721,243,PIMA,53721,32.077757061299998,4977.409420519999912,1397307.097589999902993,0
3860,3861,53722,980,PIMA,53722,123.748992290999993,9942.308284049999202,5390506.104209999553859,0
3861,3862,53723,463,PIMA,53723,20.224563129200000,3987.503635760000179,880981.969906999962404,0
3862,3863,53724,463,PIMA,53724,9.959881385419999,2593.180132489999778,433852.433148999989498,0
3863,3864,53725,1102,PIMA,53725,151.567482640999998,11501.311397400000715,6602279.543820000253618,0
3864,3865,53726,1103,PIMA,53726,15.828108083800000,3377.306962449999901,689472.388131999992765,0
3865,3866,53727,1103,PIMA,53727,50.145942468100003,5840.234679070000311,2184357.253909999970347,0
3866,3867,53728,1103,PIMA,53728,32.934174392000003,4807.218376310000167,1434612.636510000098497,0
3867,3868,53729,1101,PIMA,53729,55.813019126699999,7999.950780359999953,2431215.113160000182688,0
3868,3869,53730,1101,PIMA,53730,86.373569253200003,8095.045524140000452,3762432.676669999957085,0
3869,3870,53731,980,PIMA,53731,264.638737053000000,17875.260341299999709,11527663.385999999940395,0
3870,3871,53732,444,PIMA,53732,398.107120771999973,17821.356390400000237,17341546.180799998342991,0
3871,3872,53733,1079,PIMA,53733,43.002231803800001,6811.711971009999615,1873177.217369999969378,0
3872,3873,53734,1056,PIMA,53734,17.437239963600000,3544.744543840000006,759566.172815999947488,1
3873,3874,53735,1068,PIMA,53735,31.349879967200000,4660.911859660000118,1365600.771369999973103,1
3874,3875,53736,1056,PIMA,53736,53.926942039700002,6411.334221559999605,2349057.595249999780208,1
3875,3876,53737,1056,PIMA,53737,5.693948352800000,2165.276119350000045,248028.390248000010615,1
3876,3877,53738,1056,PIMA,53738,5.147585697490000,2100.579275380000126,224228.832983000000240,1
3877,3878,53739,758,PIMA,53739,265.442576205000023,14714.232573100000081,11562678.619500000029802,0
3878,3879,53740,764,PIMA,53740,943.915900908000026,26186.732144199999311,41116976.643600001931190,0
3879,3880,53741,980,PIMA,53741,89.360528326199997,7837.129417299999659,3892544.613890000153333,0
3880,3881,53742,980,PIMA,53742,44.639190390499998,5783.854877480000141,1944483.133410000009462,0
3881,3882,53743,516,PIMA,53743,18.937159926400000,4494.609357479999744,824902.686394999967888,0
3882,3883,53744,516,PIMA,53744,24.291652409099999,4114.657183350000196,1058144.378939999965951,0
3883,3884,53745,516,PIMA,53745,11.948078124000000,2932.836780319999889,520458.283083999995142,0
3884,3885,53746,1036,PIMA,53746,19.551977325399999,3943.682085020000159,851684.132295000017621,0
3885,3886,53747,1069,PIMA,53747,29.562493994699999,4507.147822009999800,1287742.238409999990836,0
3886,3887,53748,146,PIMA,53748,20.271214014000002,4385.126942240000062,883014.082450999994762,0
3887,3888,53749,146,PIMA,53749,18.721581513299999,4098.524736100000155,815512.090716999955475,0
3888,3889,53750,243,PIMA,53750,156.347085552999999,10927.571138900000733,6810479.046690000221133,0
3889,3890,53751,965,PIMA,53751,175.719938700999990,13832.682412399999521,7654360.529830000363290,0
3890,3891,53752,965,PIMA,53752,52.115540203800002,8302.565509260000908,2270152.931280000135303,0
3891,3892,53753,243,PIMA,53753,174.055341685000002,11635.468681500000457,7581850.683799999766052,0
3892,3893,53754,192,PIMA,53754,71.629348999399994,9540.305147819999547,3120174.442410000134259,0
3893,3894,53755,214,PIMA,53755,9.528413767929999,3673.578818250000040,415057.703731000015978,0
3894,3895,53756,214,PIMA,53756,64.088016681200003,6765.233243239999865,2791674.006630000192672,0
3895,3896,53757,108,PIMA,53757,274.648803966999992,14380.093357699999615,11963701.900800000876188,0
3896,3897,53758,170,PIMA,53758,21.941398793600001,3973.490915129999848,955767.331449000048451,0
3897,3898,53759,170,PIMA,53759,19.029246150599999,3965.443840150000142,828913.962321000057273,0
3898,3899,53760,42,PIMA,53760,5.896227251280000,2062.076516510000147,256839.659065999992890,0
3899,3900,53761,42,PIMA,53761,4.717355972790000,1847.596605319999981,205488.026175000006333,0
3900,3901,53762,586,PIMA,53762,13.940591733400000,3142.514251489999879,607252.175906999967992,1
3901,3902,53763,586,PIMA,53763,9.919908824980000,2635.652947370000220,432111.228416000027210,1
3902,3903,53764,586,PIMA,53764,8.087758577770000,2392.963728790000005,352302.763647000014316,1
3903,3904,53765,245,PIMA,53765,30.785994816799999,5616.058710610000162,1341037.934219999937341,0
3904,3905,53766,245,PIMA,53766,19.247381573799998,4380.934679719999622,838415.941356000024825,0
3905,3906,53767,245,PIMA,53767,15.991425906000000,4474.992244559999563,696586.512466000043787,0
3906,3907,53768,245,PIMA,53768,20.884661222300000,3778.464251559999866,909735.842844999977387,0
3907,3908,53769,245,PIMA,53769,20.849002166500000,4164.165293559999554,908182.534373000031337,0
3908,3909,53770,245,PIMA,53770,34.408677659900000,5586.417206029999761,1498841.998870000010356,0
3909,3910,53771,284,PIMA,53771,120.706695710999995,9586.706550839999181,5257983.665169999934733,0
3910,3911,53772,284,PIMA,53772,20.273296894500000,3836.036045100000138,883104.812724999967031,0
3911,3912,53773,284,PIMA,53773,58.716210286200003,7277.025174100000186,2557678.120070000179112,0
3912,3913,53774,515,PIMA,53774,16.256738996700001,3559.957491279999886,708143.550695999991149,1
3913,3914,53775,538,PIMA,53775,84.393722129899999,8252.714437110000290,3676190.535980000160635,1
3914,3915,53776,538,PIMA,53776,25.667259378299999,4416.413906409999981,1118065.818519999971613,1
3915,3916,53777,1062,PIMA,53777,30.330589097400001,4949.990898680000100,1321200.461080000037327,0
3916,3917,53778,1062,PIMA,53778,21.129630709400001,4488.548224000000118,920406.713701999979094,0
3917,3918,53779,1101,PIMA,53779,56.818455147199998,7179.875291600000310,2475011.906210000161082,0
3918,3919,53780,195,PIMA,53780,10.622015744400001,2680.121958759999870,462695.005823999992572,1
3919,3920,53781,179,PIMA,53781,15.809630050100001,3532.773037320000185,688667.484982999972999,1
3920,3921,53782,179,PIMA,53782,12.984832481700000,3706.334666929999912,565619.302905000047758,1
3921,3922,53783,141,PIMA,53783,38.524325875999999,5129.045195759999842,1678119.635160000063479,0
3922,3923,53784,244,PIMA,53784,39.490323724500001,5477.936181260000012,1720198.501440000021830,0
3923,3924,53785,195,PIMA,53785,15.094833339799999,3370.002335600000151,657530.940279999980703,1
3924,3925,53786,195,PIMA,53786,11.206788303700000,2810.383116049999899,488167.698508000001311,1
3925,3926,53787,195,PIMA,53787,6.712115512580000,2178.747388910000154,292379.751728000002913,1
3926,3927,53788,195,PIMA,53788,17.365159084399998,3866.178318270000091,756426.329717000015080,1
3927,3928,53789,195,PIMA,53789,18.645034990599999,3660.534632819999842,812177.724191999994218,1
3928,3929,53790,192,PIMA,53790,19.002966139900000,4263.883883270000297,827769.205054000020027,0
3929,3930,53791,192,PIMA,53791,83.199744736000000,8903.139102420000199,3624180.880700000096112,0
3930,3931,53792,168,PIMA,53792,45.134755508300003,5548.120176510000420,1966069.949939999962226,0
3931,3932,53793,289,PIMA,53793,9.600757957440001,2596.944338809999863,418209.016625999996904,1
3932,3933,53794,289,PIMA,53794,8.051155164120001,2389.739499700000124,350708.318948999978602,1
3933,3934,53795,289,PIMA,53795,5.623625316550000,2053.204267019999861,244965.118789000000106,1
3934,3935,53796,214,PIMA,53796,34.160094335799997,5337.810107969999990,1488013.709269999992102,0
3935,3936,53797,284,PIMA,53797,279.301518203999990,14226.130508300000656,12166374.132999999448657,0
3936,3937,53798,288,PIMA,53798,41.033672931399998,5342.409152490000452,1787426.792889999924228,1
3937,3938,53799,288,PIMA,53799,35.514204228799997,5151.457820509999692,1546998.736210000002757,1
3938,3939,53800,288,PIMA,53800,22.922708863000000,4594.325292599999557,998513.198072000057437,1
3939,3940,53801,634,PIMA,53801,50.142086069900003,5878.618177940000351,2184189.269199999980628,0
3940,3941,53802,634,PIMA,53802,80.052750070800002,8025.438888050000060,3487097.793089999817312,0
3941,3942,53803,634,PIMA,53803,165.093642934999991,12606.185869799999637,7191479.086260000243783,0
3942,3943,53804,634,PIMA,53804,74.115347518199997,7891.175345210000160,3228464.537889999803156,0
3943,3944,53805,631,PIMA,53805,241.740463597000002,13236.688286599999628,10530214.594299999997020,0
3944,3945,53806,631,PIMA,53806,141.106015141000000,10580.966548099999272,6146578.019550000317395,0
3945,3946,53807,623,PIMA,53807,325.567601876000026,17123.802865000001475,14181724.737700000405312,0
3946,3947,53808,67,PIMA,53808,36.252358909900003,5854.829995539999800,1579152.754119999939576,0
3947,3948,53809,133,PIMA,53809,79.569298492200005,7902.906347039999673,3466038.642320000100881,0
3948,3949,53810,1043,PIMA,53810,232.620649474000004,16482.234916199999134,10132955.491100000217557,0
3949,3950,53811,583,PIMA,53811,11.919967649500000,3337.298789989999932,519233.790814000007231,1
3950,3951,53812,593,PIMA,53812,41.395149144599998,5703.045004710000285,1803172.696740000043064,0
3951,3952,53813,570,PIMA,53813,26.038869187800000,4335.264240419999624,1134253.141820000018924,1
3952,3953,53814,346,PIMA,53814,16.676212278300000,3588.985893420000139,726415.806840999983251,0
3953,3954,53815,346,PIMA,53815,14.593297288100000,3615.478127419999964,635684.029867999954149,0
3954,3955,53816,119,PIMA,53816,588.981371580999962,21389.550156699999206,25656028.546100001782179,0
3955,3956,53817,140,PIMA,53817,35.558611958400000,5045.712403579999773,1548933.136909999884665,0
3956,3957,53818,140,PIMA,53818,40.372083372399999,5316.413953430000220,1758607.951700000092387,0
3957,3958,53819,1039,PIMA,53819,71.730185297299997,7387.940816049999739,3124566.871549999807030,0
3958,3959,53820,1039,PIMA,53820,78.360676883099998,7888.823730780000005,3413391.085030000191182,0
3959,3960,53821,403,PIMA,53821,10.075729362900001,2650.024527399999897,438898.771048999973573,1
3960,3961,53822,403,PIMA,53822,4.216817303730000,1869.911922900000036,183684.561751000001095,1
3961,3962,53823,403,PIMA,53823,4.405521241890000,1913.282538939999995,191904.505296999996062,1
3962,3963,53824,403,PIMA,53824,4.490643819970000,1913.214835360000052,195612.444798000011360,1
3963,3964,53825,422,PIMA,53825,2.562566814800000,1667.326759889999948,111625.410453000004054,0
3964,3965,53826,73,PIMA,53826,151.364926093999998,10616.821323000000120,6593456.180669999681413,0
3965,3966,53827,72,PIMA,53827,270.084538586000008,16598.333614999999554,11764882.500800000503659,0
3966,3967,53828,204,PIMA,53828,870.133536346000028,24786.251713199999358,37903016.843199998140335,0
3967,3968,53829,270,PIMA,53829,882.963022823999950,25285.451801600000181,38461869.274199999868870,0
3968,3969,53830,601,PIMA,53830,31.412355650700000,4746.623783400000320,1368322.212150000035763,1
3969,3970,53831,601,PIMA,53831,30.040182974299999,4758.672727129999657,1308550.370360000059009,1
3970,3971,53832,601,PIMA,53832,40.009729427899998,5280.583811700000297,1742823.813880000030622,1
3971,3972,53833,562,PIMA,53833,17.467820989100002,3522.916801639999903,760898.282283999957144,1
3972,3973,53834,570,PIMA,53834,47.237002912800001,6623.886669000000438,2057643.846880000084639,1
3973,3974,53835,593,PIMA,53835,31.756839747499999,5381.025910950000252,1383327.939400000032037,0
3974,3975,53836,593,PIMA,53836,25.944466062099998,4795.680586329999642,1130140.941670000087470,1
3975,3976,53837,617,PIMA,53837,34.536422063899998,5735.227368390000265,1504406.545099999988452,0
3976,3977,53838,957,PIMA,53838,204.084918692999992,14721.916393499999685,8889939.058280000463128,0
3977,3978,53839,363,PIMA,53839,21.296640249900001,4041.075155559999985,927681.649286999949254,0
3978,3979,53840,329,PIMA,53840,11.249413329699999,2778.411931740000000,490024.444642000016756,0
3979,3980,53841,308,PIMA,53841,18.334551872199999,3843.386091100000158,798653.079553000046872,0
3980,3981,53842,302,PIMA,53842,12.435348618700001,2954.593677389999812,541683.785829999949783,1
3981,3982,53843,254,PIMA,53843,12.991327019400000,2890.728186240000014,565902.204965000040829,0
3982,3983,53844,324,PIMA,53844,67.524668976800001,8593.897650869999779,2941374.580630000215024,0
3983,3984,53845,286,PIMA,53845,16.316081773800001,3709.267666310000095,710728.522065000026487,0
3984,3985,53846,275,PIMA,53846,11.304331229800001,4177.037007199999607,492416.668368000013288,0
3985,3986,53847,275,PIMA,53847,21.427802813100001,3897.075296970000181,933395.090536999981850,0
3986,3987,53848,348,PIMA,53848,469.676188136000007,18826.555707799998345,20459094.755199998617172,0
3987,3988,53849,311,PIMA,53849,87.792203052500000,8521.636141229999339,3824228.364969999995083,0
3988,3989,53850,286,PIMA,53850,8.382049441340000,3179.001822610000090,365122.073664999974426,0
3989,3990,53851,218,PIMA,53851,19.482124755200001,4018.507871570000134,848641.354336000047624,0
3990,3991,53852,218,PIMA,53852,13.858076030900000,3145.749039880000055,603657.791903999983333,0
3991,3992,53853,218,PIMA,53853,10.219659549699999,2670.310615930000040,445168.369983999989927,0
3992,3993,53854,218,PIMA,53854,6.463547364340000,2179.560745839999981,281552.123191000020597,0
3993,3994,53855,218,PIMA,53855,10.085164671599999,2651.111706119999781,439309.773094000003766,0
3994,3995,53856,218,PIMA,53856,19.621183431300000,3956.847865870000078,854698.750266000046395,0
3995,3996,53857,218,PIMA,53857,10.278192706400000,2678.559591570000066,447718.074292999983300,0
3996,3997,53858,218,PIMA,53858,20.385877483100000,3991.143000500000198,888008.823164999950677,0
3997,3998,53859,293,PIMA,53859,10.431810274300000,2665.168089799999962,454409.655549000017345,1
3998,3999,53860,244,PIMA,53860,41.762904033900000,5573.647878149999997,1819192.099720000056550,0
3999,4000,53861,422,PIMA,53861,9.620314908130000,3275.338865780000106,419060.917398000019602,0
4000,4001,53862,422,PIMA,53862,14.701833791700000,3270.566182680000111,640411.879965999978594,0
4001,4002,53863,316,PIMA,53863,157.450241917000000,13076.209810099999231,6858532.537910000421107,0
4002,4003,53864,311,PIMA,53864,34.413277101200002,5390.422346319999633,1499042.350529999937862,0
4003,4004,53865,311,PIMA,53865,87.183620624000000,8279.996123189999707,3797718.514380000066012,0
4004,4005,53866,311,PIMA,53866,52.035098119399997,6731.219380710000223,2266648.874079999979585,0
4005,4006,53867,311,PIMA,53867,20.092847436700001,3973.985174200000074,875244.434341000043787,0
4006,4007,53868,350,PIMA,53868,34.118818241500001,5302.549323379999805,1486215.722599999979138,1
4007,4008,53869,370,PIMA,53869,8.974225164580000,2889.674144250000154,390917.248169000027701,0
4008,4009,53870,370,PIMA,53870,42.755170105099999,7594.224069820000295,1862415.209779999917373,0
4009,4010,53871,370,PIMA,53871,89.136814329200007,9222.158395799999198,3882799.632180000189692,0
4010,4011,53872,370,PIMA,53872,92.556969341900000,9781.927040779999516,4031781.584530000109226,0
4011,4012,53873,370,PIMA,53873,25.652963635399999,6140.450994009999704,1117443.095960000064224,0
4012,4013,53874,69,PIMA,53874,12.345397028200001,2909.343776549999802,537765.494548000046052,0
4013,4014,53875,69,PIMA,53875,18.669670325999999,4267.070634970000356,813250.839400999946520,0
4014,4015,53876,69,PIMA,53876,32.385350774800003,5239.785446799999590,1410705.879750000080094,0
4015,4016,53877,239,PIMA,53877,737.857590682000023,26663.220967099998234,32141076.650100000202656,0
4016,4017,53878,257,PIMA,53878,202.154175228000014,11947.318299900000056,8805835.872940000146627,0
4017,4018,53879,386,PIMA,53879,26.045829150399999,5356.572580770000059,1134556.317790000000969,1
4018,4019,53880,386,PIMA,53880,34.923788703800000,5811.843957600000067,1521280.235940000042319,1
4019,4020,53881,386,PIMA,53881,16.298046585400002,4478.902495569999701,709942.909260999993421,1
4020,4021,53882,316,PIMA,53882,842.419483410999987,26355.915461299999151,36695792.697400003671646,0
4021,4022,53883,607,PIMA,53883,32.206090182200001,5883.304237870000179,1402897.288339999970049,1
4022,4023,53884,640,PIMA,53884,413.353801251999982,23136.444100799999433,18005691.582600001245737,1
4023,4024,53885,592,PIMA,53885,16.382873760799999,3753.219735159999800,713637.981019000057131,1
4024,4025,53886,583,PIMA,53886,18.401568410500001,3600.501811149999867,801572.319963000016287,1
4025,4026,53887,384,PIMA,53887,5.841459975380000,1993.262811099999908,254453.996527999988757,1
4026,4027,53888,384,PIMA,53888,5.427607650940000,1986.332978520000097,236426.589275000005728,1
4027,4028,53889,551,PIMA,53889,6.401780133640000,2160.414474679999785,278861.542620999971405,1
4028,4029,53890,164,PIMA,53890,31.478701310000002,5499.142219590000423,1371212.229060000041500,0
4029,4030,53891,164,PIMA,53891,36.058170009400001,5570.942710919999627,1570693.885609999997541,0
4030,4031,53892,66,PIMA,53892,538.298432209999987,20955.580485400001635,23448279.707100000232458,0
4031,4032,53893,262,PIMA,53893,625.197817697000005,21361.594402300001093,27233616.938900001347065,0
4032,4033,53894,1031,PIMA,53894,34.124302162600003,5736.335181299999931,1486454.602200000081211,0
4033,4034,53895,720,PIMA,53895,11.788888431700000,3024.990769399999863,513523.980083999980707,0
4034,4035,53896,1031,PIMA,53896,69.406399952499996,8602.115492259999883,3023342.781930000055581,0
4035,4036,53897,353,PIMA,53897,31.146235586200000,5102.894248200000220,1356730.022140000015497,1
4036,4037,53898,353,PIMA,53898,29.101949580199999,5433.370451869999670,1267680.923710000002757,1
4037,4038,53899,389,PIMA,53899,14.786269487900000,3608.506767339999897,644089.898890999960713,0
4038,4039,53900,389,PIMA,53900,44.780314391499999,5587.262242839999999,1950630.494889999972656,0
4039,4040,53901,394,PIMA,53901,39.341512293500003,5188.075601159999678,1713716.275499999988824,1
4040,4041,53902,394,PIMA,53902,10.954525035400000,3176.793647280000187,477179.110542999987956,1
4041,4042,53903,583,PIMA,53903,8.509878472570000,2455.444439979999970,370690.306265000021085,1
4042,4043,53904,583,PIMA,53904,10.585545906200000,2812.459687900000063,461106.379673000017647,1
4043,4044,53905,583,PIMA,53905,11.750728171700001,3036.579157329999816,511861.719158000021707,1
4044,4045,53906,777,PIMA,53906,213.259808940999989,12695.415243800000098,9289597.277480000630021,0
4045,4046,53907,587,PIMA,53907,9.156054292489999,2742.740801389999888,398837.724981000006665,1
4046,4047,53908,587,PIMA,53908,47.238314915300002,6934.851883870000165,2057700.997710000025108,1
4047,4048,53909,587,PIMA,53909,30.025546443000000,5553.433783530000255,1307912.803060000063851,1
4048,4049,53910,587,PIMA,53910,16.149277339600001,3582.897641850000127,703462.520910999970511,1
4049,4050,53911,563,PIMA,53911,13.088240979200000,3403.696116489999895,570123.777053000056185,1
4050,4051,53912,374,PIMA,53912,10.717626673300000,2757.656228570000167,466859.817890000005718,1
4051,4052,53913,369,PIMA,53913,11.509582538000000,2827.732550679999804,501357.415355000004638,0
4052,4053,53914,369,PIMA,53914,12.041938431500000,2888.720407719999912,524546.838073999970220,0
4053,4054,53915,372,PIMA,53915,9.904032650330000,2634.393454420000126,431419.662247999978717,1
4054,4055,53916,372,PIMA,53916,12.235897249700001,2891.019684219999817,532995.684198000002652,1
4055,4056,53917,373,PIMA,53917,7.734785363420000,2362.274097340000026,336927.250430000014603,1
4056,4057,53918,373,PIMA,53918,10.294677261000000,2684.496645719999833,448436.141486999986228,1
4057,4058,53919,405,PIMA,53919,20.101149694200000,3958.628591289999804,875606.080677999998443,1
4058,4059,53920,405,PIMA,53920,9.944995665100000,2621.965336469999784,433204.011172000027727,1
4059,4060,53921,405,PIMA,53921,10.141291762500000,2655.226873109999815,441754.669173999980558,1
4060,4061,53922,428,PIMA,53922,9.429885566639999,2643.857221050000135,410765.815283000003546,1
4061,4062,53923,428,PIMA,53923,10.308131946700000,2681.128013389999978,449022.227598999976180,0
4062,4063,53924,403,PIMA,53924,14.875418520200000,3295.826363099999980,647973.230740000028163,1
4063,4064,53925,403,PIMA,53925,14.938796805799999,3290.610930540000027,650733.988860000041313,1
4064,4065,53926,403,PIMA,53926,17.677372774799998,3644.927569699999822,770026.358070999966003,1
4065,4066,53927,403,PIMA,53927,10.191093775300001,2642.959588170000188,443924.044852000020910,1
4066,4067,53928,345,PIMA,53928,20.404575434700000,4008.545716690000063,888823.305937999975868,1
4067,4068,53929,345,PIMA,53929,9.768930862530000,2615.176934699999947,425534.628372000006493,1
4068,4069,53930,361,PIMA,53930,9.950532113700000,2628.279340990000037,433445.178873000026215,1
4069,4070,53931,361,PIMA,53931,20.188831288999999,3969.317107389999819,879425.490947999991477,1
4070,4071,53932,371,PIMA,53932,9.962032242970000,2635.930955060000088,433946.124504000006709,1
4071,4072,53933,285,PIMA,53933,9.201094427119999,2616.437451239999973,400799.673245000012685,0
4072,4073,53934,285,PIMA,53934,4.933003800840000,1976.131817559999945,214881.645565000013448,0
4073,4074,53935,287,PIMA,53935,8.998636670700000,2538.235655380000026,391980.613376000022981,1
4074,4075,53936,285,PIMA,53936,4.179465564620000,1835.557184179999922,182057.519995000009658,0
4075,4076,53937,285,PIMA,53937,4.424667423100000,1958.482613859999901,192738.512950000003912,0
4076,4077,53938,274,PIMA,53938,4.838667121120000,1974.312947789999953,210772.339795999985654,0
4077,4078,53939,405,PIMA,53939,14.388421286900000,3217.702807010000015,626759.631256000022404,1
4078,4079,53940,373,PIMA,53940,3.021053546700000,1452.765004800000042,131597.092494000011357,1
4079,4080,53941,564,PIMA,53941,27.736688953100000,4530.862527749999572,1208210.170799999963492,1
4080,4081,53942,556,PIMA,53942,16.365395120300001,3395.789503900000000,712876.611439000000246,1
4081,4082,53943,556,PIMA,53943,35.575702407800001,5267.531521550000434,1549677.596880000084639,1
4082,4083,53944,17,PIMA,53944,4.058322018730000,1663.332027480000079,176780.507136000000173,1
4083,4084,53945,462,PIMA,53945,20.423290987300000,3977.440914880000037,889638.555407000007108,0
4084,4085,53946,462,PIMA,53946,15.977528613700001,3430.080251849999968,695981.146411000052467,0
4085,4086,53947,442,PIMA,53947,29.757364022000001,5257.970382329999666,1296230.776800000108778,0
4086,4087,53948,440,PIMA,53948,39.922471112499998,5279.929158789999747,1739022.841659999918193,0
4087,4088,53949,422,PIMA,53949,19.995926214400001,3946.595560260000184,871022.545899000018835,0
4088,4089,53950,481,PIMA,53950,10.402319282400001,2690.905357220000042,453125.027943000022788,0
4089,4090,53951,481,PIMA,53951,16.998718022999999,3458.611023670000122,740464.157083999947645,1
4090,4091,53952,427,PIMA,53952,16.851124415600001,3544.190067389999967,734034.979546000016853,0
4091,4092,53953,404,PIMA,53953,10.444176964700000,2712.323412719999851,454948.348584000021219,1
4092,4093,53954,404,PIMA,53954,8.892473281799999,2467.152317420000145,387356.136155000014696,1
4093,4094,53955,388,PIMA,53955,6.665700528810000,2248.850579880000168,290357.915035000012722,1
4094,4095,53956,388,PIMA,53956,4.952230719090000,1862.337148470000102,215719.170123999996576,1
4095,4096,53957,399,PIMA,53957,9.931032122630000,2630.720174919999863,432595.759261999977753,1
4096,4097,53958,388,PIMA,53958,19.706168332800001,3744.972107359999882,858400.692576000001281,1
4097,4098,53959,313,PIMA,53959,19.857124337300000,3945.893223550000130,864976.336132999975234,0
4098,4099,53960,358,PIMA,53960,29.877549484999999,5248.773824439999771,1301466.055560000007972,0
4099,4100,53961,377,PIMA,53961,13.138392690700000,3050.526076439999997,572308.385606999974698,0
4100,4101,53962,377,PIMA,53962,12.847109815500000,3016.037530999999944,559620.103563999990001,0
4101,4102,53963,377,PIMA,53963,17.388044846600000,3633.354385040000125,757423.233516999986023,1
4102,4103,53964,303,PIMA,53964,13.715732181200000,3115.971699109999918,597457.293814999982715,0
4103,4104,53965,319,PIMA,53965,11.562621351400001,2848.365227759999925,503667.786067000008188,1
4104,4105,53966,325,PIMA,53966,5.083632140350000,1992.981009520000043,221443.016034000000218,0
4105,4106,53967,325,PIMA,53967,6.432033788210000,2158.284801090000201,280179.391813999973238,0
4106,4107,53968,40,PIMA,53968,9.057025697420000,2737.362123790000169,394524.039379999972880,1
4107,4108,53969,40,PIMA,53969,9.555088976690000,2633.502835469999809,416219.675824999983888,1
4108,4109,53970,40,PIMA,53970,7.203442202520000,2591.891840679999859,313781.942342000023928,1
4109,4110,53971,447,PIMA,53971,29.217914818800001,4564.661047650000000,1272732.369510000105947,0
4110,4111,53972,372,PIMA,53972,5.718388040350000,1997.769685980000077,249092.983038000005763,1
4111,4112,53973,372,PIMA,53973,14.683269688599999,3257.660076879999906,639603.227634000009857,1
4112,4113,53974,446,PIMA,53974,13.074738025300000,3255.783884429999944,569535.588381999987178,0
4113,4114,53975,446,PIMA,53975,2.890621973430000,1714.121803120000095,125915.493161999998847,0
4114,4115,53976,399,PIMA,53976,12.590086630200000,3575.971452830000089,548424.173609000048600,1
4115,4116,53977,376,PIMA,53977,14.270897564600000,3196.165003499999784,621640.297915000002831,1
4116,4117,53978,369,PIMA,53978,10.377659650900000,2693.455679610000061,452050.854394000023603,0
4117,4118,53979,564,PIMA,53979,20.232321806900000,3791.638263289999941,881319.937908999971114,1
4118,4119,53980,564,PIMA,53980,9.382366023479999,3136.958199319999949,408695.863982999988366,1
4119,4120,53981,305,PIMA,53981,14.008789907500001,3274.145184389999940,610222.888370999949984,0
4120,4121,53982,305,PIMA,53982,7.291813885310000,2274.379267110000001,317631.412843999976758,0
4121,4122,53983,247,PIMA,53983,30.515072736000000,4603.586095169999680,1329236.568380000069737,0
4122,4123,53984,247,PIMA,53984,12.229857118000000,3068.764773289999994,532732.576060999999754,0
4123,4124,53985,247,PIMA,53985,43.195014989500002,5748.122837429999890,1881574.852939999895170,0
4124,4125,53986,306,PIMA,53986,30.212383209399999,5282.690773299999819,1316051.412599999923259,1
4125,4126,53987,256,PIMA,53987,5.657216611900000,2037.216387209999994,246428.355614000000060,0
4126,4127,53988,256,PIMA,53988,12.088767785900000,2928.114699469999778,526586.724752999958582,0
4127,4128,53989,235,PIMA,53989,17.518114837599999,3992.576833050000005,763089.082326999981888,0
4128,4129,53990,232,PIMA,53990,14.678049023900000,3371.260563740000180,639375.815482000005431,0
4129,4130,53991,232,PIMA,53991,18.580324763499998,3667.186427459999777,809358.946698999963701,0
4130,4131,53992,54,PIMA,53992,4.253616363250000,1724.209281769999961,185287.528782999987016,1
4131,4132,53993,517,PIMA,53993,10.235285351000000,2659.203804679999848,445849.029888999997638,1
4132,4133,53994,518,PIMA,53994,10.070017018300000,2650.611384450000060,438649.941318999975920,1
4133,4134,53995,517,PIMA,53995,5.439803892760000,2044.295006399999920,236957.857569000014337,1
4134,4135,53996,500,PIMA,53996,10.138925036000000,2653.634824639999806,441651.574566999974195,1
4135,4136,53997,518,PIMA,53997,10.071092821500001,2649.381598810000014,438696.803302999993321,1
4136,4137,53998,518,PIMA,53998,9.348293281640000,2554.871333460000187,407211.655348000000231,1
4137,4138,53999,501,PIMA,53999,11.494492911200000,2835.696544079999967,500700.111213999975007,1
4138,4139,54000,501,PIMA,54000,10.935128619600000,2773.877822179999839,476334.202670000027865,1
4139,4140,54001,533,PIMA,54001,9.851407821560000,2608.310175699999945,429127.324706999992486,1
4140,4141,54002,533,PIMA,54002,5.008811916020000,1959.673540969999976,218183.847061999986181,1
4141,4142,54003,533,PIMA,54003,16.380901442100001,3743.305418899999950,713552.066816000035033,1
4142,4143,54004,533,PIMA,54004,9.614804194310000,2597.011772289999954,418820.870704000000842,1
4143,4144,54005,519,PIMA,54005,18.724861553499998,3935.158862700000100,815654.969272000016645,1
4144,4145,54006,502,PIMA,54006,9.915428244350000,2629.393536690000019,431916.054324000026099,1
4145,4146,54007,502,PIMA,54007,9.796562105480000,2580.557959390000178,426738.245315000007395,1
4146,4147,54008,502,PIMA,54008,11.635803643499999,2864.648160140000073,506855.606710000021849,1
4147,4148,54009,482,PIMA,54009,13.912841412700001,3566.088022500000079,606043.371936999959871,1
4148,4149,54010,50,PIMA,54010,4.029687865920000,1686.134267489999957,175533.203439000004437,0
4149,4150,54011,459,PIMA,54011,40.202133674199999,5289.011461050000435,1751204.942849999992177,0
4150,4151,54012,321,PIMA,54012,11.999842979400000,2911.165830609999830,522713.160183999978472,0
4151,4152,54013,282,PIMA,54013,22.441666126699999,4122.383761670000240,977558.976478999946266,0
4152,4153,54014,256,PIMA,54014,12.727940616200000,3016.685607930000060,554429.093239999958314,0
4153,4154,54015,256,PIMA,54015,12.735970072200001,3020.408819360000052,554778.856343999970704,0
4154,4155,54016,256,PIMA,54016,52.383168338700003,6270.749838409999938,2281810.812830000184476,0
4155,4156,54017,256,PIMA,54017,13.141131380699999,3168.910517660000096,572427.682945000007749,0
4156,4157,54018,256,PIMA,54018,8.053454878189999,2372.681144589999803,350808.494493999984115,0
4157,4158,54019,248,PIMA,54019,11.370763619400000,2879.996607160000167,495310.463262000004761,0
4158,4159,54020,291,PIMA,54020,5.530196094130000,2133.374113599999873,240895.341860999993514,1
4159,4160,54021,287,PIMA,54021,7.208286551630000,2256.946336510000037,313992.962188999983482,0
4160,4161,54022,287,PIMA,54022,6.049777710000000,2099.778815889999805,263528.317047999997158,0
4161,4162,54023,568,PIMA,54023,11.937174245500000,3410.356122440000036,519983.310133000020869,1
4162,4163,54024,54,PIMA,54024,4.411895019610000,1760.507857260000037,192182.147054000000935,1
4163,4164,54025,50,PIMA,54025,3.896968844300000,1660.920076099999960,169751.962858000013512,1
4164,4165,54026,501,PIMA,54026,11.320534437799999,2808.906642399999782,493122.480112000019290,1
4165,4166,54027,459,PIMA,54027,9.958104736990000,2654.822148279999965,433775.042343000008259,0
4166,4167,54028,312,PIMA,54028,33.357593111900002,4955.224257910000233,1453056.755959999980405,0
4167,4168,54029,337,PIMA,54029,13.104197063899999,3018.055594049999854,570818.824102999991737,1
4168,4169,54030,291,PIMA,54030,5.230102644390000,2072.955373599999803,227823.271189999999478,1
4169,4170,54031,278,PIMA,54031,5.157228504560000,2019.524437990000024,224648.873657999996794,1
4170,4171,54032,278,PIMA,54032,21.537226557000000,4251.914728370000375,938161.588823999976739,1
4171,4172,54033,338,PIMA,54033,9.311797182919999,2632.627591790000224,405621.885287999990396,1
4172,4173,54034,387,PIMA,54034,73.496200335899999,7336.838910280000164,3201494.486630000174046,0
4173,4174,54035,318,PIMA,54035,14.864662107499999,3309.586261840000134,647504.681402000016533,1
4174,4175,54036,340,PIMA,54036,23.169797362800001,4193.644034269999793,1009276.373120000003837,1
4175,4176,54037,996,PIMA,54037,129.433329439000005,10663.163996100000077,5638115.830360000021756,1
4176,4177,54038,997,PIMA,54038,78.619413674399993,7455.519602330000453,3424661.659659999888390,1
4177,4178,54039,997,PIMA,54039,37.463352139500003,6077.896635760000208,1631903.619200000073761,1
4178,4179,54040,1020,PIMA,54040,316.840270411999995,15781.699870000000374,13801562.179099999368191,0
4179,4180,54041,1018,PIMA,54041,206.087467473999993,12025.936927400000059,8977170.083149999380112,0
4180,4181,54042,319,PIMA,54042,5.530888089450000,2076.783728240000073,240925.485175999987405,1
4181,4182,54043,319,PIMA,54043,18.692344254500000,3444.071414380000078,814238.515724999946542,1
4182,4183,54044,319,PIMA,54044,11.066258579299999,2828.564630249999936,482046.223715999978594,1
4183,4184,54045,320,PIMA,54045,9.700649191509999,2773.773659250000037,422560.278782000008505,1
4184,4185,54046,278,PIMA,54046,10.232350651699999,2669.281992329999866,445721.194388000003528,1
4185,4186,54047,286,PIMA,54047,5.490317557930000,2310.377315860000181,239158.232824000006076,0
4186,4187,54048,298,PIMA,54048,314.460508721999986,16025.531537900000330,13697899.759999999776483,1
4187,4188,54049,332,PIMA,54049,292.415768731000014,15206.639071300000069,12737630.885900000110269,1
4188,4189,54050,720,PIMA,54050,16.213101060600000,3546.154742560000159,706242.682201000046916,0
4189,4190,54051,299,PIMA,54051,320.481531238000002,16151.534444299999450,13960175.500700000673532,1
4190,4191,54052,334,PIMA,54052,299.461526376999984,15322.284901200000604,13044544.088999999687076,1
4191,4192,54053,1016,PIMA,54053,108.679865569000000,8884.633655400000862,4734094.944199999794364,1
4192,4193,54054,633,PIMA,54054,226.566045330000009,12916.950231200000417,9869216.934580000117421,0
4193,4194,54055,670,PIMA,54055,174.852014919999988,15347.354606999999305,7616553.769919999875128,0
4194,4195,54056,1007,PIMA,54056,20.372434854100000,3813.247462880000057,887423.262244999990799,0
4195,4196,54057,571,PIMA,54057,57.674429831799998,8090.786082409999835,2512298.163470000028610,1
4196,4197,54058,650,PIMA,54058,7291.888278159999572,78228.722565499992925,317634653.397000014781952,1
4197,4198,54059,1004,PIMA,54059,17.903045342799999,4227.256388410000000,779856.655132999992929,1
4198,4199,54060,1005,PIMA,54060,249.548034268999999,13640.637107299999116,10870312.372700000181794,1
4199,4200,54061,1005,PIMA,54061,463.960644903000002,19441.117530300001818,20210125.692000001668930,1
4200,4201,54062,1005,PIMA,54062,152.072135586999991,13290.503832899999907,6624262.226180000230670,1
4201,4202,54063,1005,PIMA,54063,190.099739733999996,13444.071268300000156,8280744.662809999659657,1
4202,4203,54064,867,PIMA,54064,43.270578474099999,6823.136049220000132,1884866.398329999996349,1
4203,4204,54065,869,PIMA,54065,328.628173634000007,19757.890994000001228,14315043.243499999865890,1
4204,4205,54066,996,PIMA,54066,25.008059549500000,6139.618037989999721,1089351.073980000102893,1
4205,4206,54067,996,PIMA,54067,33.824945467299997,4944.886979259999862,1473414.624559999909252,1
4206,4207,54068,1002,PIMA,54068,54.535143503500002,7062.974130900000091,2375550.851009999867529,1
4207,4208,54069,1002,PIMA,54069,24.657868236599999,4282.791654970000309,1074096.740389999933541,1
4208,4209,54070,1002,PIMA,54070,15.361717988500001,3348.691562800000156,669156.435581000056118,1
4209,4210,54071,1002,PIMA,54071,16.960978996300000,3965.088484519999838,738820.245080000022426,1
4210,4211,54072,1002,PIMA,54072,24.239891780000001,4047.085185370000090,1055889.685939999995753,1
4211,4212,54073,1003,PIMA,54073,16.020855454399999,4293.252043960000265,697868.463593999971636,1
4212,4213,54074,1003,PIMA,54074,8.461423096230000,2624.485663599999953,368579.590071999991778,1
4213,4214,54075,1004,PIMA,54075,72.821878059400007,7474.795870889999605,3172121.008270000107586,1
4214,4215,54076,1004,PIMA,54076,25.527748313400000,4550.577834669999902,1111988.716530000092462,1
4215,4216,54077,610,PIMA,54077,15.564327894400000,3592.938279150000199,677982.123080000048503,1
4216,4217,54078,610,PIMA,54078,17.197964721000002,3628.362839609999810,749143.343247000011615,1
4217,4218,54079,610,PIMA,54079,8.669080421389999,2932.540492539999832,377625.143156000005547,1
4218,4219,54080,610,PIMA,54080,47.140717785900002,5726.627786609999930,2053449.666750000091270,1
4219,4220,54081,1012,PIMA,54081,32.057649308099997,5439.262551779999740,1396431.203860000008717,1
4220,4221,54082,1012,PIMA,54082,9.522469818899999,2575.219832759999917,414798.785311000014190,1
4221,4222,54083,1009,PIMA,54083,46.912190150500003,6174.062009129999751,2043495.002950000111014,1
4222,4223,54084,630,PIMA,54084,65.696255854800000,7785.959594320000178,2861728.905030000023544,0
4223,4224,54085,630,PIMA,54085,77.551430640600003,7831.592190669999582,3378140.318700000178069,0
4224,4225,54086,630,PIMA,54086,44.557250988900002,5580.939904629999546,1940913.853080000029877,0
4225,4226,54087,630,PIMA,54087,343.958861109999987,16366.393039000000499,14982847.990000000223517,0
4226,4227,54088,70,PIMA,54088,16.861646770800000,3977.225088300000152,734493.333333999966271,0
4227,4228,54089,1011,PIMA,54089,4.862006823950000,1923.437518729999965,211789.017251000012038,1
4228,4229,54090,589,PIMA,54090,62.451745185599997,8087.929417950000243,2720398.020279999822378,1
4229,4230,54091,589,PIMA,54091,59.510053579000001,6574.826562350000131,2592257.933900000061840,1
4230,4231,54092,588,PIMA,54092,19.271995494300000,3776.952590989999862,839488.123732000007294,1
4231,4232,54093,495,PIMA,54093,2564.636174069999925,54263.679658599998220,111715551.741999998688698,0
4232,4233,54094,600,PIMA,54094,27.712598142099999,4912.831427930000245,1207160.775069999974221,1
4233,4234,54095,610,PIMA,54095,63.262170396999998,6828.414390009999806,2755700.142489999998361,1
4234,4235,54096,610,PIMA,54096,19.207839312699999,3866.148182039999938,836693.480462000006810,1
4235,4236,54097,916,PIMA,54097,641.758444014000020,21152.591215399999783,27954997.821199998259544,0
4236,4237,54098,916,PIMA,54098,724.623773393999954,26796.435762699999032,31564611.569099999964237,0
4237,4238,54099,916,PIMA,54099,580.854419950999954,20643.437077599999611,25302018.533100001513958,0
4238,4239,54100,916,PIMA,54100,622.511780933999944,20858.923567199999525,27116613.177499998360872,0
4239,4240,54101,1010,PIMA,54101,50.364771790900001,7969.794923639999979,2193889.459210000000894,0
4240,4241,54102,1010,PIMA,54102,39.463661411399997,5283.858408009999948,1719037.091079999925569,0
4241,4242,54103,600,PIMA,54103,16.268048113799999,3370.350093309999920,708636.175839000032283,1
4242,4243,54104,545,PIMA,54104,15.591348332300001,3473.018114349999905,679159.133355999947526,1
4243,4244,54105,630,PIMA,54105,296.234338390000005,16809.031201599998894,12903967.780300000682473,0
4244,4245,54106,998,PIMA,54106,119.421494691999996,10378.005979999999909,5202000.308770000003278,0
4245,4246,54107,998,PIMA,54107,141.302669016999999,10128.787530499999775,6155144.262389999814332,0
4246,4247,54108,998,PIMA,54108,118.797230714999998,9506.651953799999319,5174807.369920000433922,0
4247,4248,54109,998,PIMA,54109,149.927545758000008,12151.497409999999945,6530843.893219999969006,0
4248,4249,54110,998,PIMA,54110,172.341234108999998,10974.331380699999499,7507184.157780000008643,0
4249,4250,54111,597,PIMA,54111,30.461683438400001,5009.808448509999835,1326910.930579999927431,1
4250,4251,54112,610,PIMA,54112,101.547816393999994,8535.301474010000675,4423422.882120000198483,1
4251,4252,54113,610,PIMA,54113,27.966020839700001,4512.437552639999922,1218199.867779999971390,1
4252,4253,54114,610,PIMA,54114,207.816286171000002,13833.665316599999642,9052477.425589999184012,1
4253,4254,54115,610,PIMA,54115,209.243623692000000,14918.089836099999957,9114652.248020000755787,1
4254,4255,54116,567,PIMA,54116,23.693242279500002,4173.152488239999911,1032077.633690000046045,1
4255,4256,54117,580,PIMA,54117,27.429853852499999,4763.268574290000288,1194844.433810000075027,1
4256,4257,54118,580,PIMA,54118,22.146119264599999,4090.097037730000011,964684.955166000057943,1
4257,4258,54119,596,PIMA,54119,26.956545674600001,4899.502466240000103,1174227.129590000025928,1
4258,4259,54120,585,PIMA,54120,24.396014370900001,4247.778269530000216,1062690.385999999940395,1
4259,4260,54121,585,PIMA,54121,56.776943342000003,7361.529218730000139,2473203.651980000082403,1
4260,4261,54122,64,PIMA,54122,142.799258022000004,13574.015696000000389,6220335.679460000246763,1
4261,4262,54123,479,PIMA,54123,1442.114328859999887,36130.137484300001233,62818500.164999999105930,0
4262,4263,54124,479,PIMA,54124,273.963790808999988,17295.917767099999764,11933862.727600000798702,0
4263,4264,54125,869,PIMA,54125,319.304711272000020,15859.464137499999197,13908913.222999999299645,1
4264,4265,54126,869,PIMA,54126,320.784909163000009,15880.678900000000795,13973390.643100000917912,1
4265,4266,54127,1004,PIMA,54127,33.617982944100000,4873.011803239999608,1464399.337049999972805,1
4266,4267,54128,1004,PIMA,54128,31.325397192200001,5091.963642720000280,1364534.301690000109375,1
4267,4268,54129,1004,PIMA,54129,23.368669831900000,4263.842690440000297,1017939.257880000048317,1
4268,4269,54130,1004,PIMA,54130,19.048121974499999,3980.590462080000179,829736.193209000048228,1
4269,4270,54131,1004,PIMA,54131,22.586384735700001,4961.341954010000336,983862.919087999965996,1
4270,4271,54132,567,PIMA,54132,35.066855098799998,4935.992536970000401,1527512.208110000006855,1
4271,4272,54133,567,PIMA,54133,10.123856166500000,2655.160997880000195,440995.174610999994911,1
4272,4273,54134,567,PIMA,54134,9.623064978570000,2591.574133579999852,419180.710466000018641,1
4273,4274,54135,597,PIMA,54135,16.066128284800001,3601.819881859999896,699840.548086000024341,1
4274,4275,54136,550,PIMA,54136,30.370502241400001,6271.491511399999581,1322939.077640000032261,1
4275,4276,54137,550,PIMA,54137,38.821817060500003,5698.495085769999605,1691078.351150000002235,1
4276,4277,54138,596,PIMA,54138,71.307301845500007,7214.902863799999977,3106146.068390000145882,1
4277,4278,54139,596,PIMA,54139,47.906696105599998,6757.550236029999724,2086815.682359999977052,1
4278,4279,54140,596,PIMA,54140,32.953561141999998,6152.352622440000232,1435457.123350000008941,1
4279,4280,54141,545,PIMA,54141,17.006313731300001,3563.472366450000209,740795.026136999949813,1
4280,4281,54142,545,PIMA,54142,25.771786268600000,4425.623327889999928,1122619.009860000107437,1
4281,4282,54143,589,PIMA,54143,10.791419528100000,2833.876473960000112,470074.234645000018645,1
4282,4283,54144,589,PIMA,54144,16.975029705000001,3829.157660790000136,739432.293950999970548,1
4283,4284,54145,589,PIMA,54145,35.338941579599997,5319.581721790000302,1539364.295209999894723,1
4284,4285,54146,526,PIMA,54146,23.958313158300001,4254.839946760000203,1043624.121180000016466,1
4285,4286,54147,526,PIMA,54147,21.640994254700001,3908.441512039999907,942681.709733000025153,1
4286,4287,54148,526,PIMA,54148,5.474132392260000,2997.172181179999825,238453.207006999989972,1
4287,4288,54149,507,PIMA,54149,15.927194154200000,5451.996567799999866,693788.577354999957606,1
4288,4289,54150,507,PIMA,54150,5.572937432240000,2647.920789629999945,242757.154547999991337,1
4289,4290,54151,507,PIMA,54151,20.146580373700001,3876.705003890000171,877585.041076999972574,1
4290,4291,54152,507,PIMA,54152,8.951291496470001,2961.870402630000171,389918.257586000021547,1
4291,4292,54153,524,PIMA,54153,7.299543502250000,3630.061950280000019,317968.114958000020124,1
4292,4293,54154,524,PIMA,54154,20.701577608000001,3879.170639219999885,901760.720606000046246,1
4293,4294,54155,431,PIMA,54155,10.039015797599999,3280.699231330000202,437299.528144999989308,1
4294,4295,54156,57,PIMA,54156,5.063916696070000,1975.233548550000023,220584.211280999996234,0
4295,4296,54157,457,PIMA,54157,4.825061749990000,2161.790366079999785,210179.689829000009922,1
4296,4297,54158,450,PIMA,54158,7.331685129920000,2369.362879650000195,319368.204259000020102,1
4297,4298,54159,466,PIMA,54159,40.958905162999997,6666.673136039999918,1784169.908899999922141,1
4298,4299,54160,451,PIMA,54160,178.663388709999992,12472.249038399999336,7782577.212220000103116,0
4299,4300,54161,392,PIMA,54161,10.029398109500001,2661.751045189999786,436880.581647999992128,1
4300,4301,54162,392,PIMA,54162,3.705259802850000,1785.462415469999996,161401.117012000002433,1
4301,4302,54163,392,PIMA,54163,12.934432617400001,3229.105782139999974,563423.884811999974772,1
4302,4303,54164,392,PIMA,54164,20.894318608100001,4746.570061950000309,910156.518569999956526,1
4303,4304,54165,391,PIMA,54165,10.489995994299999,2704.115007739999783,456944.225512999983039,1
4304,4305,54166,438,PIMA,54166,30.983869629400001,6676.342993369999931,1349657.361049999948591,1
4305,4306,54167,438,PIMA,54167,56.423903298200003,7168.730023279999841,2457825.227669999934733,1
4306,4307,54168,467,PIMA,54168,30.226583122000001,5642.611022369999773,1316669.960789999924600,1
4307,4308,54169,414,PIMA,54169,3.443967253740000,1563.976127200000064,150019.213572999986354,0
4308,4309,54170,451,PIMA,54170,31.840900362799999,5877.754540220000308,1386989.619799999985844,0
4309,4310,54171,451,PIMA,54171,18.576380115500001,4211.508596499999840,809187.117830000002868,0
4310,4311,54172,962,PIMA,54172,63.415738622799999,8604.912970819999828,2762389.574409999884665,0
4311,4312,54173,451,PIMA,54173,98.104726105300003,8390.793281009999191,4273441.869149999693036,0
4312,4313,54174,451,PIMA,54174,36.604458308600002,7062.426222699999926,1594490.203919999999925,0
4313,4314,54175,999,PIMA,54175,54.039081062900003,7221.577304180000283,2353942.371100000105798,0
4314,4315,54176,509,PIMA,54176,14.705483794199999,3315.970386309999867,640570.874075000057928,1
4315,4316,54177,509,PIMA,54177,6.482113980960000,2340.191534099999899,282360.885010999976657,1
4316,4317,54178,432,PIMA,54178,41.982392253699999,6780.763010259999646,1828753.006569999968633,1
4317,4318,54179,432,PIMA,54179,24.347233664800001,4387.211747979999927,1060565.498439999995753,1
4318,4319,54180,432,PIMA,54180,41.370900957499998,6103.198641169999973,1802116.445710000116378,1
4319,4320,54181,450,PIMA,54181,21.282954369900001,4285.206880339999771,927085.492351999972016,1
4320,4321,54182,480,PIMA,54182,24.567833906299999,5310.913559779999559,1070174.844959999900311,1
4321,4322,54183,528,PIMA,54183,13.311491296100000,3122.152701859999979,579848.560857999953441,1
4322,4323,54184,528,PIMA,54184,2.514362275850000,1688.385332159999962,109525.620735999997123,1
4323,4324,54185,473,PIMA,54185,14.075707578899999,3663.571748029999981,613137.822138000046834,1
4324,4325,54186,397,PIMA,54186,22.563051990400002,4284.006948420000299,982846.544700999977067,1
4325,4326,54187,491,PIMA,54187,16.179037915999999,3368.109324070000184,704758.891623000032268,1
4326,4327,54188,522,PIMA,54188,8.063258049990001,2674.833037079999940,351235.520657000015490,1
4327,4328,54189,488,PIMA,54189,28.237216910299999,5686.328559399999904,1230013.168610000051558,1
4328,4329,54190,313,PIMA,54190,5.112807278900000,1996.019951170000013,222713.885069000010844,1
4329,4330,54191,313,PIMA,54191,5.123391073360000,1993.651102929999979,223174.915154999995138,0
4330,4331,54192,313,PIMA,54192,5.067178427230000,1995.919745859999921,220726.292290000012144,1
4331,4332,54193,313,PIMA,54193,5.086983209090000,1993.506616420000000,221588.988588000007439,0
4332,4333,54194,313,PIMA,54194,10.274955922900000,3330.484196599999905,447577.080003999988548,0
4333,4334,54195,313,PIMA,54195,5.028878997170000,1982.214260989999957,219057.969117000000551,0
4334,4335,54196,313,PIMA,54196,4.987378785530000,1978.369040920000089,217250.219898000010289,0
4335,4336,54197,313,PIMA,54197,19.817317567000000,3946.837190459999874,863242.353218000032939,0
4336,4337,54198,45,PIMA,54198,9.214978654279999,2702.345772789999955,401404.470180000003893,0
4337,4338,54199,42,PIMA,54199,3.195324254290000,1675.375355249999984,139188.324517000000924,0
4338,4339,54200,306,PIMA,54200,5.177904646890000,2007.362021330000061,225549.526419000001624,1
4339,4340,54201,306,PIMA,54201,4.881093661810000,1965.432123159999946,212620.439909000007901,1
4340,4341,54202,306,PIMA,54202,4.890975863570000,1965.548932930000092,213050.908617000008235,1
4341,4342,54203,306,PIMA,54203,4.987917297960000,1978.076892840000028,217273.677499000012176,1
4342,4343,54204,306,PIMA,54204,4.991699661030000,1974.808670780000057,217438.437234999990324,1
4343,4344,54205,306,PIMA,54205,5.211625081750000,2012.937361159999909,227018.388560999999754,1
4344,4345,54206,306,PIMA,54206,4.894719995130000,1963.144806750000043,213214.002987999992911,1
4345,4346,54207,306,PIMA,54207,5.002699205120000,1983.259252349999997,217917.577374999993481,1
4346,4347,54208,306,PIMA,54208,5.221761971390000,2011.889207819999910,227459.951474000001326,1
4347,4348,54209,306,PIMA,54209,5.147648907370000,2000.011394800000062,224231.586405000009108,1
4348,4349,54210,306,PIMA,54210,4.948088658060000,1976.346744070000113,215538.741944999987027,1
4349,4350,54211,306,PIMA,54211,5.048316501680000,1985.568883749999941,219904.666812999988906,1
4350,4351,54212,306,PIMA,54212,19.716563405799999,3929.845519330000116,858853.501957000000402,1
4351,4352,54213,291,PIMA,54213,4.996813989930000,1983.195636330000070,217661.217402000009315,1
4352,4353,54214,291,PIMA,54214,5.424349188240000,2109.575798719999966,236284.650640000007115,1
4353,4354,54215,291,PIMA,54215,5.492831605190000,2123.253217659999791,239267.744722000003094,1
4354,4355,54216,291,PIMA,54216,5.607568024940000,2132.899337100000139,244265.663166999991518,1
4355,4356,54217,291,PIMA,54217,5.731836626480000,2146.237279959999796,249678.803448999999091,1
4356,4357,54218,291,PIMA,54218,5.603631448880000,2135.005029809999996,244094.185912999993889,1
4357,4358,54219,277,PIMA,54219,10.249689323000000,2684.910438689999864,446476.466908000002149,1
4358,4359,54220,277,PIMA,54220,19.025554731300002,3943.974231400000008,828753.164094000007026,1
4359,4360,54221,277,PIMA,54221,3.804518622550000,2040.764486499999975,165724.831197999999858,1
4360,4361,54222,277,PIMA,54222,16.946964189399999,3509.598455670000021,738209.760091000003740,1
4361,4362,54223,277,PIMA,54223,23.353056690900001,4083.692004479999923,1017259.149450000026263,1
4362,4363,54224,277,PIMA,54224,9.357531235360000,2607.036868289999802,407614.060612000001129,1
4363,4364,54225,264,PIMA,54225,6.410147151400000,2204.992692490000081,279226.009915000002366,1
4364,4365,54226,264,PIMA,54226,8.810743293390001,2527.499466669999947,383795.977859999984503,1
4365,4366,54227,264,PIMA,54227,6.304397720240000,2084.828614879999805,274619.564694000000600,1
4366,4367,54228,255,PIMA,54228,13.545132385900001,3131.968760000000202,590025.966729999985546,1
4367,4368,54229,255,PIMA,54229,8.641283168910000,2506.558508890000212,376414.294837999972515,1
4368,4369,54230,255,PIMA,54230,8.324884311929999,2579.750914910000120,362631.960627999971621,1
4369,4370,54231,424,PIMA,54231,13.803474195900000,3396.797822640000049,601279.335972000029869,0
4370,4371,54232,424,PIMA,54232,31.827909293200001,4710.997651210000186,1386423.728810000000522,0
4371,4372,54233,443,PIMA,54233,4.861783061200000,1886.441612950000035,211779.270145999995293,0
4372,4373,54234,443,PIMA,54234,11.249792918100001,2797.966505079999934,490040.979511999990791,0
4373,4374,54235,443,PIMA,54235,10.643728950300000,2994.780906550000054,463640.833073000016157,0
4374,4375,54236,1042,PIMA,54236,10.003482175100000,2641.838083449999885,435751.683546999993268,0
4375,4376,54237,1042,PIMA,54237,30.529777897399999,5309.904344329999731,1329877.125209999969229,0
4376,4377,54238,1042,PIMA,54238,21.009859399400000,4891.860768059999828,915189.475438000052236,0
4377,4378,54239,467,PIMA,54239,17.334000313600001,3696.259037259999786,755069.053660999983549,1
4378,4379,54240,467,PIMA,54240,9.323225001999999,2548.262613190000138,406119.681087000004482,1
4379,4380,54241,465,PIMA,54241,13.893719704000000,3170.512274690000140,605210.430307999951765,1
4380,4381,54242,465,PIMA,54242,10.468743565400001,2700.442755789999865,456018.469707000011113,1
4381,4382,54243,467,PIMA,54243,9.209770172380001,2517.284537290000117,401177.588708999974187,1
4382,4383,54244,467,PIMA,54244,8.937769407950000,2566.960045830000126,389329.235410000022966,1
4383,4384,54245,467,PIMA,54245,9.625382059890001,2591.451897720000034,419281.642529000004288,1
4384,4385,54246,547,PIMA,54246,6.786964572730000,3288.323930040000050,295640.176787999982480,1
4385,4386,54247,547,PIMA,54247,5.823119638340000,2140.713875169999937,253655.091446000005817,1
4386,4387,54248,999,PIMA,54248,20.944296461499999,4019.010886959999880,912333.553864000015892,0
4387,4388,54249,999,PIMA,54249,16.880860494699998,3749.758153530000072,735330.283148000016809,0
4388,4389,54250,999,PIMA,54250,17.972304653799998,4003.476580869999907,782873.590717999963090,0
4389,4390,54251,999,PIMA,54251,13.031114490000000,3374.891270250000161,567635.347185999969952,0
4390,4391,54252,999,PIMA,54252,9.792544359470000,2664.819694750000053,426563.232299000024796,0
4391,4392,54253,1006,PIMA,54253,103.620112707999994,8844.822342740000749,4513692.109559999778867,0
4392,4393,54254,1006,PIMA,54254,40.736619718900002,5328.605473450000318,1774487.154959999956191,0
4393,4394,54255,1006,PIMA,54255,39.690236033200001,5260.473627649999798,1728906.681600000010803,0
4394,4395,54256,1006,PIMA,54256,81.598661290400003,7957.862710940000397,3554437.685810000170022,0
4395,4396,54257,1006,PIMA,54257,161.069049694999990,10591.405974299999798,7016167.804720000363886,0
4396,4397,54258,1006,PIMA,54258,151.239975253000011,10204.633320400000230,6588013.322010000236332,0
4397,4398,54259,633,PIMA,54259,23.554559638099999,4214.142833060000157,1026036.617839999962598,0
4398,4399,54260,633,PIMA,54260,114.226729707999993,8871.313606629999413,4975716.346079999580979,0
4399,4400,54261,633,PIMA,54261,128.151655710999989,10581.933966500000679,5582286.122790000401437,0
4400,4401,54262,633,PIMA,54262,153.446852761000002,10341.810798799999247,6684144.906270000152290,0
4401,4402,54263,633,PIMA,54263,43.622038826400001,7206.194655020000027,1900176.011279999976978,0
4402,4403,54264,633,PIMA,54264,140.109492663999987,10089.103652399999191,6103169.500450000166893,0
4403,4404,54265,633,PIMA,54265,52.532261722699999,7070.417755950000355,2288305.320640000049025,0
4404,4405,54266,596,PIMA,54266,25.636666634800001,5036.117865930000335,1116733.198610000079498,1
4405,4406,54267,596,PIMA,54267,37.019294066199997,5282.217232500000136,1612560.449520000023767,1
4406,4407,54268,617,PIMA,54268,21.444131452000001,4122.086519649999900,934106.366048999945633,0
4407,4408,54269,617,PIMA,54269,30.760492012099999,4996.006251370000427,1339927.032050000037998,0
4408,4409,54270,617,PIMA,54270,19.946166310999999,3928.809151290000045,868855.004505999968387,0
4409,4410,54271,583,PIMA,54271,7.803278513640000,2390.339829460000146,339910.812053999979980,1
4410,4411,54272,583,PIMA,54272,8.236953986880000,2816.395492090000062,358801.715667999989819,1
4411,4412,54273,611,PIMA,54273,18.107690637299999,3785.044365950000156,788771.004160000011325,1
4412,4413,54274,611,PIMA,54274,11.011170362300000,2829.309596619999866,479646.580982999992557,1
4413,4414,54275,803,PIMA,54275,146.153745111000006,10144.615342200000669,6366457.137050000019372,0
4414,4415,54276,583,PIMA,54276,7.042691278280000,2758.693478329999834,306779.632082000025548,1
4415,4416,54277,583,PIMA,54277,8.043447187020000,2497.443018750000192,350372.559467000013683,1
4416,4417,54278,583,PIMA,54278,11.930797515600000,3201.271135779999895,519705.539778999984264,1
4417,4418,54279,583,PIMA,54279,9.010283763960000,2775.989720040000066,392487.960757999971975,1
4418,4419,54280,583,PIMA,54280,14.541439732000001,3185.346284809999815,633425.114724999992177,1
4419,4420,54281,555,PIMA,54281,8.445484962109999,3204.247484749999785,367885.324949999980163,1
4420,4421,54282,555,PIMA,54282,7.954394272020000,2367.323330570000053,346493.414488999987952,1
4421,4422,54283,555,PIMA,54283,14.915336869100001,3215.629162910000105,649712.074017000035383,1
4422,4423,54284,546,PIMA,54284,14.390052997800000,3393.368698339999810,626830.708582999999635,1
4423,4424,54285,563,PIMA,54285,19.155987791600001,5646.705767260000357,834434.828200999996625,1
4424,4425,54286,563,PIMA,54286,3.539607226280000,1630.063930490000075,154185.290776999987429,1
4425,4426,54287,563,PIMA,54287,9.842303896680001,3062.347990039999786,428730.757739000022411,1
4426,4427,54288,563,PIMA,54288,11.505121165500000,3074.365847200000189,501163.077968999976292,1
4427,4428,54289,762,PIMA,54289,35.947296272199999,4855.807223640000302,1565864.225619999924675,0
4428,4429,54290,762,PIMA,54290,58.737070722600002,9661.280718359999810,2558586.800679999869317,0
4429,4430,54291,762,PIMA,54291,44.379032745200000,6769.510214750000159,1933150.666380000067875,0
4430,4431,54292,754,PIMA,54292,105.300282156999998,8961.567248519999339,4586880.290780000388622,0
4431,4432,54293,748,PIMA,54293,27.304179850400001,4900.017894890000207,1189370.074289999902248,0
4432,4433,54294,748,PIMA,54294,25.768922008400001,5027.691373849999763,1122494.242689999984577,0
4433,4434,54295,42,PIMA,54295,4.211425690440000,1980.207884800000102,183449.703076000005240,0
4434,4435,54296,24,PIMA,54296,23.482752391700000,5150.272606120000091,1022908.694179999991320,1
4435,4436,54297,449,PIMA,54297,25.439920797599999,4253.024937029999819,1108162.949939999962226,0
4436,4437,54298,559,PIMA,54298,10.422495172500000,2712.271415440000055,454003.889714999997523,1
4437,4438,54299,543,PIMA,54299,8.608439601310000,2479.640088050000031,374983.629032999975607,1
4438,4439,54300,594,PIMA,54300,20.631912820400000,3818.387733579999804,898726.122457999968901,1
4439,4440,54301,595,PIMA,54301,36.023207465799999,5367.129498319999584,1569170.917210000101477,1
4440,4441,54302,14,PIMA,54302,11.225303446700000,3245.555722430000060,488974.218137999996543,0
4441,4442,54303,14,PIMA,54303,7.610396603170000,2332.801579160000074,331508.876034000015352,0
4442,4443,54304,35,PIMA,54304,27.093170802100001,5007.128773329999603,1180178.520139999920502,1
4443,4444,54305,56,PIMA,54305,7.107837124420000,2505.781321290000051,309617.385140000027604,0
4444,4445,54306,503,PIMA,54306,13.882149718799999,3151.624474520000149,604706.441748999990523,1
4445,4446,54307,503,PIMA,54307,14.304537630300000,3196.870096659999945,623105.659176000044681,1
4446,4447,54308,503,PIMA,54308,13.274259569500000,3079.734940299999835,578226.746847999980673,1
4447,4448,54309,1018,PIMA,54309,205.473817064000002,12024.482326999999714,8950439.471330000087619,0
4448,4449,54310,582,PIMA,54310,34.824014376599997,6465.247512969999661,1516934.066240000072867,1
4449,4450,54311,532,PIMA,54311,5.607359462330000,2205.832395439999800,244256.578179000003729,1
4450,4451,54312,532,PIMA,54312,12.992121070100000,4289.073221130000093,565936.793811999959871,1
4451,4452,54313,606,PIMA,54313,25.206664002299998,4590.317254790000334,1098002.283939999993891,1
4452,4453,54314,508,PIMA,54314,23.015463441600001,4162.133080970000265,1002553.587519999942742,1
4453,4454,54315,474,PIMA,54315,27.995942411500000,5505.359126000000288,1219503.251450000097975,1
4454,4455,54316,511,PIMA,54316,20.667192576900000,5055.469052149999698,900262.908651000005193,1
4455,4456,54317,494,PIMA,54317,32.462873377699999,4801.461518340000111,1414082.764329999918118,1
4456,4457,54318,505,PIMA,54318,11.307542730000000,2794.418160230000012,492556.561318000021856,1
4457,4458,54319,505,PIMA,54319,21.457515682499999,4896.740938609999830,934689.383129999972880,1
4458,4459,54320,505,PIMA,54320,21.329568000700000,4087.587074260000009,929115.982108999975026,1
4459,4460,54321,526,PIMA,54321,27.757241369300001,4822.888524850000067,1209105.434039999963716,1
4460,4461,54322,532,PIMA,54322,21.023553049299998,3964.721236200000021,915785.970827999990433,1
4461,4462,54323,532,PIMA,54323,11.470987978300000,3412.367625939999925,499676.236333000008017,1
4462,4463,54324,507,PIMA,54324,30.051265772699999,5100.333713859999989,1309033.137060000095516,1
4463,4464,54325,579,PIMA,54325,66.211379756499994,7412.649416319999546,2884167.702190000098199,1
4464,4465,54326,562,PIMA,54326,15.351583865600000,3315.220294090000152,668714.993184000020847,1
4465,4466,54327,562,PIMA,54327,36.704529819900003,5106.822778429999744,1598849.318960000062361,1
4466,4467,54328,561,PIMA,54328,55.634070603700003,6727.927126960000351,2423420.115499999839813,1
4467,4468,54329,27,PIMA,54329,9.830434445950001,2827.293608479999875,428213.724465999985114,1
4468,4469,54330,15,PIMA,54330,8.572457411049999,2488.078590069999791,373416.244825000001583,1
4469,4470,54331,20,PIMA,54331,8.334332755089999,2455.684017300000050,363043.534811999998055,0
4470,4471,54332,389,PIMA,54332,158.232379546000004,10483.986750899999606,6892602.453019999898970,0
4471,4472,54333,736,PIMA,54333,18.645083851199999,3630.751499590000094,812179.852558000013232,1
4472,4473,54334,922,PIMA,54334,10183.041787199999817,98563.146193900000071,443573300.249000012874603,0
4473,4474,54335,1047,PIMA,54335,19.764111309200000,4211.550202469999931,860924.688627999974415,0
4474,4475,54336,1069,PIMA,54336,55.578119187500000,6721.210161920000246,2420982.871809999924153,0
4475,4476,54337,1046,PIMA,54337,72.604219839699994,7260.730577239999548,3162639.816219999920577,0
4476,4477,54338,1060,PIMA,54338,36.225294192699998,6032.562588220000180,1577973.815040000015870,0
4477,4478,54339,620,PIMA,54339,24.469106576000001,4298.959107769999719,1065874.282450000056997,0
4478,4479,54340,639,PIMA,54340,46.946623485800004,6391.888637390000440,2044994.919040000066161,0
4479,4480,54341,639,PIMA,54341,33.957474048700000,5328.013401999999587,1479187.569559999974445,0
4480,4481,54342,1051,PIMA,54342,40.566926868199999,5306.848414000000048,1767095.334379999898374,1
4481,4482,54343,1051,PIMA,54343,42.897473661799999,5487.200791190000018,1868613.952710000099614,1
4482,4483,54344,1051,PIMA,54344,19.207799383000001,3911.750548550000076,836691.741123000043444,1
4483,4484,54345,1058,PIMA,54345,61.319277167499997,10150.619734300000346,2671067.713409999851137,0
4484,4485,54346,1056,PIMA,54346,14.185828294900000,3282.577565200000208,617934.680527999997139,1
4485,4486,54347,1056,PIMA,54347,29.460655297100001,5491.875204510000003,1283306.144739999901503,1
4486,4487,54348,1056,PIMA,54348,9.752495373060000,2630.986668160000136,424818.698450999974739,1
4487,4488,54349,1056,PIMA,54349,15.345673527000001,3380.831955430000107,668457.538837000029162,1
4488,4489,54350,1057,PIMA,54350,22.315770305299999,4175.455080810000254,972074.954496999969706,1
4489,4490,54351,1055,PIMA,54351,21.849477144600002,4325.102924120000353,951763.224417999968864,0
4490,4491,54352,1055,PIMA,54352,171.390444567999992,11400.446440600000642,7465767.765370000153780,0
4491,4492,54353,730,PIMA,54353,10.088443217200000,3879.238747849999982,439452.586538999981713,1
4492,4493,54354,730,PIMA,54354,10.834309338300001,2971.334245139999894,471942.514778000011574,1
4493,4494,54355,730,PIMA,54355,16.444633474800000,3655.520680220000031,716328.234163000015542,1
4494,4495,54356,25,PIMA,54356,6.579009648980000,2169.648630010000034,286581.660310000006575,1
4495,4496,54357,25,PIMA,54357,11.226189092700000,3131.112764070000139,489012.796876000007614,1
4496,4497,54358,25,PIMA,54358,5.478252698950000,2006.054804630000035,238632.687566000007791,1
4497,4498,54359,25,PIMA,54359,13.152078384099999,3109.448948329999894,572904.534412999986671,1
4498,4499,54360,632,PIMA,54360,11.215016167500000,2950.783420100000058,488526.104257999977563,1
4499,4500,54361,632,PIMA,54361,43.653233829300000,6028.278960050000023,1901534.865609999978915,1
4500,4501,54362,620,PIMA,54362,55.615464404400001,6492.976311510000414,2422609.629459999967366,0
4501,4502,54363,620,PIMA,54363,32.422992917400002,4853.445374799999627,1412345.571479999925941,0
4502,4503,54364,1071,PIMA,54364,19.414503473400000,4006.784234400000059,845695.771300000022165,0
4503,4504,54365,1071,PIMA,54365,116.197506876999995,10448.904418399999486,5061563.399570000357926,0
4504,4505,54366,598,PIMA,54366,59.294925917800001,7847.279416870000205,2582886.972980000078678,1
4505,4506,54367,591,PIMA,54367,12.914493193400000,2980.426846150000074,562555.323504999978468,1
4506,4507,54368,1065,PIMA,54368,19.998480569900000,5478.330094019999706,871133.813625999959186,0
4507,4508,54369,1064,PIMA,54369,11.625046041599999,2931.468698849999782,506387.005574000009801,0
4508,4509,54370,551,PIMA,54370,3.240998099930000,1515.925490589999981,141177.877233000006527,1
4509,4510,54371,551,PIMA,54371,4.101698126580000,1842.306254560000070,178669.970394000003580,1
4510,4511,54372,605,PIMA,54372,15.157487430500000,3628.241214390000096,660260.152471999987029,1
4511,4512,54373,605,PIMA,54373,12.054680302500000,3037.014340969999921,525101.873977000010200,1
4512,4513,54374,605,PIMA,54374,11.857893702100000,2925.948012240000025,516529.849662999971770,1
4513,4514,54375,605,PIMA,54375,15.500274117100000,3177.086671560000013,675191.940539999981411,1
4514,4515,54376,591,PIMA,54376,14.106808191400001,3567.192292470000211,614492.564818999962881,1
4515,4516,54377,591,PIMA,54377,10.175451209200000,2676.122708549999970,443242.654671000025701,1
4516,4517,54378,591,PIMA,54378,19.758350735099999,3933.838448120000066,860673.758022999973036,1
4517,4518,54379,591,PIMA,54379,9.813886572300000,2616.812293659999796,427492.899090000020806,1
4518,4519,54380,591,PIMA,54380,10.797129830399999,2781.444568549999985,470322.975411000021268,1
4519,4520,54381,591,PIMA,54381,9.449450113710000,2565.403770639999948,411618.046953000011854,1
4520,4521,54382,1064,PIMA,54382,8.769768216119999,2462.700646849999885,382011.103493999980856,0
4521,4522,54383,1064,PIMA,54383,9.610956618600000,2600.538039990000016,418653.270306000020355,0
4522,4523,54384,1064,PIMA,54384,8.956156202000001,2464.515306560000226,390130.164158999978099,0
4523,4524,54385,577,PIMA,54385,36.692616887900002,5266.502616650000164,1598330.391640000045300,0
4524,4525,54386,577,PIMA,54386,35.427410088199998,5989.847911879999629,1543217.983440000098199,0
4525,4526,54387,539,PIMA,54387,15.991025165300000,3784.070456649999869,696569.056198999984190,0
4526,4527,54388,539,PIMA,54388,4.518412188530000,2007.618025680000073,196822.034932000009576,0
4527,4528,54389,745,PIMA,54389,116.730744352000002,9171.963325590000750,5084791.223960000090301,0
4528,4529,54390,705,PIMA,54390,114.021257801000004,9662.948013440000068,4966765.989799999631941,0
4529,4530,54391,587,PIMA,54391,11.812746067200001,3015.130137810000178,514563.218689000001177,1
4530,4531,54392,540,PIMA,54392,19.970524726800001,4126.772190380000211,869916.057099999976344,0
4531,4532,54393,684,PIMA,54393,39.317430241700002,5245.686445700000149,1712667.261329999892041,0
4532,4533,54394,1064,PIMA,54394,26.386594818399999,4690.766761449999649,1149400.070289999945089,0
4533,4534,54395,1062,PIMA,54395,17.394576488700000,3603.563672010000118,757707.751848999992944,0
4534,4535,54396,926,PIMA,54396,5111.685238199999731,73776.928554900005111,222665008.976000010967255,0
4535,4536,54397,926,PIMA,54397,3588.321043960000225,50932.649366999998165,156307264.675000011920929,0
4536,4537,54398,486,PIMA,54398,23.414676710599998,4115.205628069999875,1019943.317509999964386,1
4537,4538,54399,486,PIMA,54399,21.111045348099999,4243.741765230000055,919597.135363999987021,1
4538,4539,54400,484,PIMA,54400,13.022822324400000,3031.988643220000085,567274.140449000056833,1
4539,4540,54401,484,PIMA,54401,13.007310695199999,3013.430262190000121,566598.453883999958634,1
4540,4541,54402,484,PIMA,54402,10.067938655700001,3297.973684919999869,438559.407839999999851,1
4541,4542,54403,520,PIMA,54403,12.365277814600001,2964.889026429999831,538631.501606000005268,1
4542,4543,54404,520,PIMA,54404,20.647876565099999,4048.396241169999939,899421.503176999976858,1
4543,4544,54405,521,PIMA,54405,10.187381643900000,2664.157541519999995,443762.344409000012092,1
4544,4545,54406,537,PIMA,54406,11.586846141200001,2882.688742230000116,504723.017912000010256,1
4545,4546,54407,460,PIMA,54407,10.387367240400000,2685.004761679999774,452473.716993000009097,0
4546,4547,54408,460,PIMA,54408,10.106032857200001,2667.341073279999819,440218.791258000012022,0
4547,4548,54409,389,PIMA,54409,12.550762686900001,2971.533544939999956,546711.222640000050887,0
4548,4549,54410,383,PIMA,54410,21.318366511099999,4140.275333710000268,928628.045222999993712,1
4549,4550,54411,556,PIMA,54411,12.808597012200000,3210.579944820000037,557942.485852999961935,1
4550,4551,54412,556,PIMA,54412,13.744502657400000,3166.058446900000035,598710.535755999968387,1
4551,4552,54413,383,PIMA,54413,9.327631998439999,3149.428710929999852,406311.649852000002284,0
4552,4553,54414,383,PIMA,54414,14.398698318999999,4378.356819470000119,627207.298776000039652,1
4553,4554,54415,532,PIMA,54415,11.579900831500000,3398.823254689999885,504420.480219000019133,1
4554,4555,54416,505,PIMA,54416,13.793094241900000,3861.270447089999834,600827.185178000014275,1
4555,4556,54417,472,PIMA,54417,8.744045253010000,2448.777382090000174,380890.611221000028308,1
4556,4557,54418,1008,PIMA,54418,18.537042368700000,3920.354721409999911,807473.565580000053160,1
4557,4558,54419,1008,PIMA,54419,38.185584372599997,5130.973022090000086,1663364.055269999895245,1
4558,4559,54420,1008,PIMA,54420,8.993459276259999,2478.808858819999841,391755.086073999991640,1
4559,4560,54421,1008,PIMA,54421,38.408264648200003,5156.640950580000208,1673064.008080000057817,1
4560,4561,54422,499,PIMA,54422,4.055676307960000,1702.722195430000056,176665.259974999993574,1
4561,4562,54423,696,PIMA,54423,33.402509094800003,5059.792778439999893,1455013.296169999986887,0
4562,4563,54424,528,PIMA,54424,6.682566133330000,2181.578896810000060,291092.580767999985255,1
4563,4564,54425,561,PIMA,54425,43.541641769599998,6543.949569059999703,1896673.915490000043064,1
4564,4565,54426,625,PIMA,54426,22.137180308800001,4151.338292080000429,964295.574249999946915,0
4565,4566,54427,1029,PIMA,54427,16.078242020099999,3566.540348460000132,700368.222396999946795,0
4566,4567,54428,380,PIMA,54428,24.035607000599999,4493.853573440000218,1046991.040950000053272,0
4567,4568,54429,380,PIMA,54429,17.043218915400001,3463.212880680000126,742402.615956000052392,0
4568,4569,54430,1030,PIMA,54430,35.828260283600002,6024.222076549999656,1560679.017950000008568,0
4569,4570,54431,391,PIMA,54431,10.370302451500001,2671.168349460000172,451730.374788000015542,1
4570,4571,54432,391,PIMA,54432,10.169986820700000,2724.367597049999858,443004.625907999987248,1
4571,4572,54433,391,PIMA,54433,10.410995435200000,2699.900795659999858,453502.961156999983359,1
4572,4573,54434,414,PIMA,54434,15.532316861700000,3507.617074469999807,676587.722497000009753,0
4573,4574,54435,355,PIMA,54435,9.817972103300001,2811.491282739999860,427670.864820000017062,1
4574,4575,54436,419,PIMA,54436,4.833120275910000,1937.683542660000057,210530.719218000012916,0
4575,4576,54437,419,PIMA,54437,5.252068154340000,2031.658665789999986,228780.088802999991458,0
4576,4577,54438,420,PIMA,54438,8.620063110120000,2450.768065650000153,375489.949077000026591,0
4577,4578,54439,735,PIMA,54439,2219.698155909999969,53365.852753999999550,96690051.671599999070168,0
4578,4579,54440,733,PIMA,54440,301.152507146000005,15188.308033400000568,13118203.211300000548363,0
4579,4580,54441,683,PIMA,54441,59.805188420500002,7379.100337169999875,2605114.007590000052005,0
4580,4581,54442,683,PIMA,54442,24.260505171300000,4161.986599810000371,1056787.605260000098497,0
4581,4582,54443,743,PIMA,54443,68.197825016500005,8082.754292370000258,2970697.257720000110567,0
4582,4583,54444,733,PIMA,54444,128.226917837000002,11446.976650900000095,5585564.540980000048876,0
4583,4584,54445,58,PIMA,54445,9.649260302320000,2716.177709219999997,420321.778769000025932,0
4584,4585,54446,59,PIMA,54446,10.558764984000000,2876.071550499999830,459939.802704999980051,0
4585,4586,54447,59,PIMA,54447,4.713773415230000,1816.456987810000101,205331.969967000011820,1
4586,4587,54448,59,PIMA,54448,8.290664899659999,2469.071032480000213,361141.363029000000097,0
4587,4588,54449,59,PIMA,54449,4.782460054450000,1827.100646319999896,208323.959972000011476,0
4588,4589,54450,59,PIMA,54450,10.594517785900001,2879.780778859999828,461497.194752999988850,0
4589,4590,54451,59,PIMA,54451,9.913433048640000,2764.067888659999880,431829.143599000002723,0
4590,4591,54452,1069,PIMA,54452,33.566297960299998,5893.479446170000301,1462147.939149999991059,0
4591,4592,54453,146,PIMA,54453,18.900744294500001,4093.890397350000057,823316.421469999942929,0
4592,4593,54454,146,PIMA,54454,16.042008650100001,3442.333256119999987,698789.896795999957249,0
4593,4594,54455,130,PIMA,54455,33.974463394399997,5403.715807689999565,1479927.625460000010207,0
4594,4595,54456,130,PIMA,54456,13.881562571700000,3414.817823809999936,604680.865624999976717,0
4595,4596,54457,130,PIMA,54457,17.873811556900002,3950.417262970000138,778583.231416000053287,0
4596,4597,54458,707,PIMA,54458,68.320236764800001,7841.426350699999603,2976029.513480000197887,0
4597,4598,54459,707,PIMA,54459,55.265054661199997,7223.232970349999960,2407345.781039999797940,0
4598,4599,54460,766,PIMA,54460,442.319217746999982,21295.220791600000666,19267425.125100001692772,0
4599,4600,54461,747,PIMA,54461,81.689804030399998,7930.544658920000074,3558407.863559999968857,0
4600,4601,54462,748,PIMA,54462,91.579569989199996,8357.390698450000855,3989206.068729999940842,0
4601,4602,54463,713,PIMA,54463,120.139587956000000,10283.205359600000520,5233280.451360000297427,0
4602,4603,54464,709,PIMA,54464,37.251797778700002,5017.682743760000449,1622688.311239999951795,0
4603,4604,54465,708,PIMA,54465,154.190381432000009,10991.327201500000228,6716533.015200000256300,0
4604,4605,54466,683,PIMA,54466,18.334095422400001,3861.940485550000176,798633.196601000032388,0
4605,4606,54467,688,PIMA,54467,163.118200414999990,11098.403498699999545,7105428.810069999657571,0
4606,4607,54468,688,PIMA,54468,142.469083162000004,10347.002017500000875,6205953.262520000338554,0
4607,4608,54469,688,PIMA,54469,40.436020147699999,5707.849650060000386,1761393.037639999995008,0
4608,4609,54470,1060,PIMA,54470,6.150554273740000,2125.063429350000206,267918.144163999997545,0
4609,4610,54471,1060,PIMA,54471,12.766235041500000,3446.252539030000207,556097.198406000039540,0
4610,4611,54472,729,PIMA,54472,18.618786505799999,3464.096183399999973,811034.340193000040017,0
4611,4612,54473,694,PIMA,54473,117.055588119000006,11007.231645500000013,5098941.418469999916852,0
4612,4613,54474,684,PIMA,54474,67.475259270199999,7522.226836310000181,2939222.293810000177473,0
4613,4614,54475,120,PIMA,54475,51.827197587199997,6056.250137600000016,2257592.726900000125170,0
4614,4615,54476,120,PIMA,54476,47.708394195799997,5784.724285909999708,2078177.651169999968261,0
4615,4616,54477,120,PIMA,54477,39.326191232699998,5235.696437749999859,1713048.890099999960512,0
4616,4617,54478,989,PIMA,54478,1054.831682360000059,39578.924223499998334,45948468.083499997854233,0
4617,4618,54479,687,PIMA,54479,1951.456836889999977,39810.906159500002104,85005459.814999997615814,0
4618,4619,54480,687,PIMA,54480,10447.589975000000777,101653.495834000001196,455097019.311999976634979,0
4619,4620,54481,687,PIMA,54481,49.021740588999997,8275.752484110000296,2135387.020060000009835,0
4620,4621,54482,687,PIMA,54482,18817.539806799999496,128683.343020999993314,819692033.981999993324280,0
4621,4622,54483,739,PIMA,54483,18.483195600599998,4036.987936250000075,805128.000362999970093,0
4622,4623,54484,719,PIMA,54484,106.158461318999997,8812.551573900000221,4624262.575050000101328,0
4623,4624,54485,722,PIMA,54485,80.105306574699995,7901.348562789999960,3489387.154399999883026,0
4624,4625,54486,722,PIMA,54486,108.321019761000002,8871.004970010000761,4718463.620790000073612,0
4625,4626,54487,1040,PIMA,54487,158.386154425999990,10508.447923199999423,6899300.886819999665022,0
4626,4627,54488,1039,PIMA,54488,163.428281886000008,10657.919277200000579,7118935.958960000425577,0
4627,4628,54489,720,PIMA,54489,39.353563929700002,5242.140003440000328,1714241.244780000066385,0
4628,4629,54490,720,PIMA,54490,165.244420673999997,10550.759317000000010,7198046.964560000225902,0
4629,4630,54491,720,PIMA,54491,143.975830846000008,10156.291429999999309,6271587.191660000011325,0
4630,4631,54492,727,PIMA,54492,1119.397906980000016,29068.500437999999122,48760972.827799998223782,0
4631,4632,54493,716,PIMA,54493,1619.002861369999891,35127.946283099998254,70523764.641299992799759,0
4632,4633,54494,1060,PIMA,54494,43.564564668199999,5607.027901649999876,1897672.436950000002980,0
4633,4634,54495,729,PIMA,54495,29.190446555099999,4818.553758840000228,1271535.851939999964088,0
4634,4635,54496,729,PIMA,54496,38.720060119099998,5906.611695800000234,1686645.818789999932051,0
4635,4636,54497,1056,PIMA,54497,19.973299440200002,3965.448332790000222,870036.923614999977872,1
4636,4637,54498,691,PIMA,54498,86.382781095100000,9948.375855520000187,3762833.944500000216067,0
4637,4638,54499,1054,PIMA,54499,125.824521212999997,10935.822752800000671,5480916.144039999693632,0
4638,4639,54500,1054,PIMA,54500,149.934733789000006,10451.432735300000786,6531157.003859999589622,0
4639,4640,54501,700,PIMA,54501,13.821761388400001,3355.670795009999892,602075.926078999997117,0
4640,4641,54502,1053,PIMA,54502,151.340670872999993,12047.059810500000822,6592399.623220000416040,0
4641,4642,54503,1053,PIMA,54503,64.204274930699995,6940.270259769999939,2796738.215979999862611,0
4642,4643,54504,1053,PIMA,54504,36.382464619300002,5290.264323610000247,1584820.158820000011474,0
4643,4644,54505,1055,PIMA,54505,142.977627812999998,11067.772342099999150,6228105.467509999871254,0
4644,4645,54506,1056,PIMA,54506,30.154246234700000,4665.353734600000280,1313518.965980000095442,1
4645,4646,54507,1057,PIMA,54507,41.271995172700002,5450.222230260000288,1797808.109720000065863,1
4646,4647,54508,1059,PIMA,54508,20.635960603299999,4229.630496660000063,898902.443879000027664,0
4647,4648,54509,1059,PIMA,54509,108.284792812000006,10903.483766999999716,4716885.574880000203848,0
4648,4649,54510,1059,PIMA,54510,158.887181147999996,10506.198227900000347,6921125.610790000297129,0
4649,4650,54511,1038,PIMA,54511,29.257591459099999,4643.822344809999777,1274460.683960000053048,0
4650,4651,54512,1048,PIMA,54512,81.872698881600002,8062.716171089999989,3566374.763280000071973,0
4651,4652,54513,1047,PIMA,54513,41.909882614200001,5505.962319010000101,1825594.486680000089109,0
4652,4653,54514,1047,PIMA,54514,54.704124843499997,6492.408092929999839,2382911.678179999813437,0
4653,4654,54515,1047,PIMA,54515,24.248055036200000,4245.485796050000317,1056245.277380000101402,0
4654,4655,54516,701,PIMA,54516,8.860543643080000,2489.011097940000127,385965.281092000019271,0
4655,4656,54517,701,PIMA,54517,12.841188023899999,3037.357800650000172,559362.150322000030428,0
4656,4657,54518,703,PIMA,54518,11.550002555300001,2912.970488519999890,503118.111311000015121,0
4657,4658,54519,703,PIMA,54519,13.223031106000001,3069.304969880000044,575995.234978000051342,0
4658,4659,54520,736,PIMA,54520,24.442426996700000,4270.778173540000353,1064712.119979999959469,1
4659,4660,54521,736,PIMA,54521,17.626750749500001,3529.058619899999940,767821.262650000047870,1
4660,4661,54522,736,PIMA,54522,24.506285875400000,4277.572858489999817,1067493.812729999888688,1
4661,4662,54523,460,PIMA,54523,12.866808354300000,3121.354632359999869,560478.171911000041291,0
4662,4663,54524,536,PIMA,54524,16.397271877800002,3517.869969219999803,714265.162999000051059,1
4663,4664,54525,536,PIMA,54525,5.799706790360000,2225.446976660000018,252635.227787999989232,1
4664,4665,54526,577,PIMA,54526,15.215841453900000,4234.826682830000209,662802.053731000050902,0
4665,4666,54527,575,PIMA,54527,8.286063712540001,2407.445291210000050,360940.935317999974359,1
4666,4667,54528,575,PIMA,54528,19.308801245600002,3871.103697649999958,841091.382257999968715,1
4667,4668,54529,573,PIMA,54529,5.518139439680000,2106.671438670000043,240370.153993000014452,1
4668,4669,54530,573,PIMA,54530,4.474663783530000,1825.870537739999918,194916.354411000007531,1
4669,4670,54531,573,PIMA,54531,16.774581631499998,3579.888614450000205,730700.775866999989375,1
4670,4671,54532,520,PIMA,54532,2.945287374780000,1668.551789030000009,128296.718045999994501,1
4671,4672,54533,441,PIMA,54533,29.692558481199999,5218.672598350000044,1293407.847439999924973,0
4672,4673,54534,441,PIMA,54534,6.523455822590000,2276.856594379999933,284161.735632000025362,0
4673,4674,54535,441,PIMA,54535,9.970768510050000,2643.476676700000098,434326.676297999976669,0
4674,4675,54536,441,PIMA,54536,29.651785313300000,5328.420743890000267,1291631.768249999964610,0
4675,4676,54537,441,PIMA,54537,10.126234735900001,2650.704139739999846,441098.785093999991659,0
4676,4677,54538,1042,PIMA,54538,46.160255121399999,6719.547897649999868,2010740.713089999975637,0
4677,4678,54539,712,PIMA,54539,232.456512089999990,14024.920701700000791,10125805.666699999943376,0
4678,4679,54540,712,PIMA,54540,160.802630483999991,10557.503957299999456,7004562.583870000205934,0
4679,4680,54541,696,PIMA,54541,44.756831294100003,6633.085365079999974,1949607.571169999893755,0
4680,4681,54542,292,PIMA,54542,4.926119286870000,2005.973487850000083,214581.756136000010883,1
4681,4682,54543,292,PIMA,54543,4.913489182040000,1973.170655690000103,214031.588768999994500,1
4682,4683,54544,292,PIMA,54544,4.787579881150000,1948.195065440000008,208546.979622999991989,1
4683,4684,54545,292,PIMA,54545,10.236944194699999,3301.217018750000079,445921.289120999979787,1
4684,4685,54546,292,PIMA,54546,14.858799000799999,3278.370574449999822,647249.284474999993108,1
4685,4686,54547,292,PIMA,54547,19.772011640999999,3959.332964780000111,861268.827083999989554,1
4686,4687,54548,279,PIMA,54548,25.921991806400001,4677.193396270000449,1129161.963089999975637,1
4687,4688,54549,599,PIMA,54549,14.513970252900000,3404.512099730000045,632228.544216000009328,1
4688,4689,54550,599,PIMA,54550,17.866567387700002,3832.070457010000155,778267.675405999994837,1
4689,4690,54551,599,PIMA,54551,29.724960684100001,5115.052013550000083,1294819.287400000030175,1
4690,4691,54552,599,PIMA,54552,27.144134978699999,5095.472579109999970,1182398.519670000066981,1
4691,4692,54553,599,PIMA,54553,29.348020830100001,4823.306999919999726,1278399.787359999958426,1
4692,4693,54554,599,PIMA,54554,28.234289973199999,5140.736712259999877,1229885.671229999978095,1
4693,4694,54555,599,PIMA,54555,19.805073584399999,6291.406584289999955,862709.005336000001989,1
4694,4695,54556,535,PIMA,54556,19.326901538800001,3676.489621849999821,841879.831032000016421,1
4695,4696,54557,535,PIMA,54557,8.709186105270000,2608.914582869999776,379372.146744999976363,1
4696,4697,54558,535,PIMA,54558,9.038504006320000,2651.626865619999990,393717.234515000018291,1
4697,4698,54559,535,PIMA,54559,10.110622640600001,2670.525320300000203,440418.722225999983493,1
4698,4699,54560,535,PIMA,54560,6.940260764330000,2882.081569510000008,302317.758894000027794,1
4699,4700,54561,502,PIMA,54561,5.772459736210000,2095.794633359999807,251448.346109000005526,1
4700,4701,54562,483,PIMA,54562,8.660019006950000,2645.888732720000007,377230.427942999987863,1
4701,4702,54563,573,PIMA,54563,8.381327489980000,2782.181253759999890,365090.625462999974843,1
4702,4703,54564,443,PIMA,54564,127.120488111000000,9634.068897740000466,5537368.462120000272989,0
4703,4704,54565,443,PIMA,54565,20.819485070599999,3856.207287520000136,906896.769675999996252,0
4704,4705,54566,443,PIMA,54566,114.019635088000001,12742.828571100000772,4966695.304419999942183,0
4705,4706,54567,443,PIMA,54567,10.477705650500001,2799.282779680000203,456408.858135999995284,0
4706,4707,54568,537,PIMA,54568,19.059981153599999,3924.170841610000025,830252.779051000019535,1
4707,4708,54569,970,PIMA,54569,33.431311119500002,6423.944476779999604,1456267.912370000034571,0
4708,4709,54570,970,PIMA,54570,176.221597859000013,12268.970549400000891,7676212.802749999798834,0
4709,4710,54571,686,PIMA,54571,122.468133284000004,12324.873014700000567,5334711.885870000347495,0
4710,4711,54572,686,PIMA,54572,77.721973703100005,10851.331644300000335,3385569.174509999807924,0
4711,4712,54573,696,PIMA,54573,28.645362291200001,5089.137573820000398,1247791.981399999931455,0
4712,4713,54574,712,PIMA,54574,158.812395404000000,10630.364245099999607,6917867.943789999932051,0
4713,4714,54575,715,PIMA,54575,249.104176760000001,17523.570631400001730,10850977.939699999988079,0
4714,4715,54576,715,PIMA,54576,101.822075182000006,8324.983058690000689,4435369.594929999671876,0
4715,4716,54577,682,PIMA,54577,54.769604606000001,6896.520755710000230,2385763.976640000008047,0
4716,4717,54578,691,PIMA,54578,36.057000156199997,5821.608222269999715,1570642.926800000015646,0
4717,4718,54579,691,PIMA,54579,17.743120632600000,4176.174925670000448,772890.334755999967456,0
4718,4719,54580,59,PIMA,54580,10.475241181099999,2870.104350640000121,456301.505848000000697,0
4719,4720,54581,59,PIMA,54581,5.183386062360000,1900.682223960000101,225788.296876999986125,0
4720,4721,54582,279,PIMA,54582,10.360284888000001,2706.477114719999918,451294.009722999995574,1
4721,4722,54583,279,PIMA,54583,9.999446095070001,2639.456179459999930,435575.871900999976788,1
4722,4723,54584,279,PIMA,54584,9.916341383280001,2628.558362799999941,431955.830656000005547,1
4723,4724,54585,279,PIMA,54585,10.064505134399999,2639.630501879999883,438409.843653000018094,1
4724,4725,54586,709,PIMA,54586,33.649185438799996,4944.056807519999893,1465758.517710000043735,0
4725,4726,54587,709,PIMA,54587,13.715840015600000,3333.716223320000154,597461.991080999956466,0
4726,4727,54588,991,PIMA,54588,574.705846770999983,21753.554828299998917,25034186.685300000011921,0
4727,4728,54589,991,PIMA,54589,273.163863194999976,15397.625428800000009,11899017.880799999460578,0
4728,4729,54590,988,PIMA,54590,73.121482928000006,7064.294082510000408,3185171.796339999884367,0
4729,4730,54591,988,PIMA,54591,74.492790358700006,8130.753339220000271,3244905.948020000010729,0
4730,4731,54592,1095,PIMA,54592,110.244232154000002,8837.296715820000827,4802238.752620000392199,0
4731,4732,54593,122,PIMA,54593,314.542438101000016,15724.694711000000098,13701468.603700000792742,0
4732,4733,54594,82,PIMA,54594,523.656277789999990,24656.927799699999014,22810467.460499998182058,0
4733,4734,54595,1092,PIMA,54595,569.560239852999985,29167.733000899999752,24810044.048000000417233,0
4734,4735,54596,73,PIMA,54596,4.890039017300000,1901.078812449999987,213010.099593999999342,0
4735,4736,54597,222,PIMA,54597,751.914208314999996,23851.876255800001672,32753382.914200000464916,0
4736,4737,54598,906,PIMA,54598,739.922655412000040,23093.296887600001355,32231030.869699999690056,0
4737,4738,54599,910,PIMA,54599,758.502830294999967,23454.666936900001019,33040383.287700001150370,0
4738,4739,54600,175,PIMA,54600,836.312335369000039,24341.338974999998754,36429765.328699998557568,0
4739,4740,54601,121,PIMA,54601,24.509102680700000,4273.231563420000384,1067616.512769999913871,0
4740,4741,54602,115,PIMA,54602,427.033398569999974,18536.459004500000447,18601574.841699998825788,0
4741,4742,54603,101,PIMA,54603,205.680780994000003,12260.340549799999280,8959454.820080000907183,0
4742,4743,54604,154,PIMA,54604,54.889678855299998,6320.090720199999851,2390994.410939999856055,0
4743,4744,54605,135,PIMA,54605,240.810746324999997,13200.242223400000512,10489716.109899999573827,0
4744,4745,54606,142,PIMA,54606,27.130606936900001,4431.213799850000214,1181809.238170000026003,0
4745,4746,54607,142,PIMA,54607,27.632832575900000,4782.734848590000183,1203686.187009999994189,0
4746,4747,54608,142,PIMA,54608,44.043135703600001,6652.284878980000030,1918518.991249999962747,0
4747,4748,54609,153,PIMA,54609,768.839280345000020,25494.999402900000860,33490639.051800001412630,0
4748,4749,54610,81,PIMA,54610,248.358437049000003,20814.258421899998211,10818493.517899999395013,0
4749,4750,54611,89,PIMA,54611,425.130099024999993,18457.461533599998802,18518667.113499999046326,0
4750,4751,54612,121,PIMA,54612,109.247273172000007,8907.478698099999747,4758811.219349999912083,0
4751,4752,54613,117,PIMA,54613,327.004719668999996,19730.546963600001618,14244325.588800000026822,0
4752,4753,54614,92,PIMA,54614,277.260950965000006,16820.020499300000665,12077487.024100000038743,0
4753,4754,54615,121,PIMA,54615,21.723492756599999,3998.224030760000005,946275.344477999955416,0
4754,4755,54616,188,PIMA,54616,86.597033887099997,8278.083695990000706,3772166.796120000071824,0
4755,4756,54617,188,PIMA,54617,50.261085903999998,7557.350097980000101,2189372.901980000082403,0
4756,4757,54618,188,PIMA,54618,45.976170582800002,5880.893018849999862,2002721.990590000059456,0
4757,4758,54619,841,PIMA,54619,140.072595677999999,13265.261766499999794,6101562.267730000428855,0
4758,4759,54620,296,PIMA,54620,605.386778347000018,20579.624927400000161,26370648.064800001680851,1
4759,4760,54621,316,PIMA,54621,646.273087075000035,21195.884483800000453,28151655.673000000417233,0
4760,4761,54622,67,PIMA,54622,38.064139500099998,6069.187620609999612,1658073.916630000108853,0
4761,4762,54623,67,PIMA,54623,209.871235998000003,12842.605590200000734,9141991.040069999173284,0
4762,4763,54624,137,PIMA,54624,21.913203929900000,5175.374662189999981,954539.163183999946341,0
4763,4764,54625,137,PIMA,54625,99.055949844099999,9286.933629110000766,4314877.175210000015795,0
4764,4765,54626,708,PIMA,54626,28.422238727700002,5103.423681780000152,1238072.718979999888688,0
4765,4766,54627,709,PIMA,54627,26.178149427099999,4213.348342590000357,1140320.189049999928102,0
4766,4767,54628,1069,PIMA,54628,18.084232779400001,3913.445110680000198,787749.179869999992661,0
4767,4768,54629,1069,PIMA,54629,13.925039698899999,3596.555534619999889,606574.729281999985687,0
4768,4769,54630,1069,PIMA,54630,24.058802386800000,4206.377098879999721,1048001.431970000034198,0
4769,4770,54631,1070,PIMA,54631,153.240317874999988,13128.651838899999348,6675148.246650000102818,0
4770,4771,54632,966,PIMA,54632,81.339944107899996,7828.654232720000437,3543167.965340000111610,0
4771,4772,54633,966,PIMA,54633,132.952594306000009,10871.394393200000195,5791415.007960000075400,0
4772,4773,54634,748,PIMA,54634,61.662764056000000,6606.918115569999827,2686030.002280000131577,0
4773,4774,54635,748,PIMA,54635,44.914281276700002,6235.932345309999619,1956466.092410000041127,0
4774,4775,54636,539,PIMA,54636,11.891983736600000,3012.045530819999840,518014.811568000004627,0
4775,4776,54637,688,PIMA,54637,210.436320838000000,13502.312529299999369,9166606.135709999129176,0
4776,4777,54638,130,PIMA,54638,10.019366446199999,2692.277280490000066,436443.602398000017274,0
4777,4778,54639,130,PIMA,54639,9.738283843530001,2561.209515130000000,424199.644223999988753,0
4778,4779,54640,701,PIMA,54640,82.031578185000001,8225.616733880000538,3573295.545739999972284,0
4779,4780,54641,701,PIMA,54641,205.678644480000003,13429.001947599999767,8959361.753550000488758,0
4780,4781,54642,773,PIMA,54642,14.239766596400001,3154.129580410000017,620284.232940000016242,0
4781,4782,54643,772,PIMA,54643,41.060990371099997,5670.692869339999561,1788616.740569999907166,0
4782,4783,54644,731,PIMA,54644,36.251473545499998,5113.869327880000128,1579114.187639999901876,0
4783,4784,54645,731,PIMA,54645,20.187404221500000,3997.743936440000198,879363.327888999949209,0
4784,4785,54646,688,PIMA,54646,54.074083670400000,6488.390426429999934,2355467.084679999854416,0
4785,4786,54647,688,PIMA,54647,118.100046315000000,11654.501613700000235,5144438.017500000074506,0
4786,4787,54648,688,PIMA,54648,67.796611328400004,7274.382696829999986,2953220.389469999819994,0
4787,4788,54649,1037,PIMA,54649,19.851512935999999,3831.970848779999869,864731.903493999969214,0
4788,4789,54650,1037,PIMA,54650,22.700165362900002,4206.605993770000168,988819.203207000042312,0
4789,4790,54651,1037,PIMA,54651,15.529080748500000,3491.198726189999888,676446.757405000040308,0
4790,4791,54652,1037,PIMA,54652,22.144641289700001,4603.012931340000250,964620.574579000007361,0
4791,4792,54653,1037,PIMA,54653,18.054137519899999,3640.215391639999780,786438.230364999966696,0
4792,4793,54654,1037,PIMA,54654,13.923949169200000,3117.715744390000054,606527.225810999982059,0
4793,4794,54655,631,PIMA,54655,278.345430974000010,15342.331606499999907,12124726.973200000822544,0
4794,4795,54656,631,PIMA,54656,151.420069235000000,11676.916278099999545,6595858.215870000422001,0
4795,4796,54657,746,PIMA,54657,194.406184773999996,22249.730814400001691,8468333.408740000799298,0
4796,4797,54658,627,PIMA,54658,180.075888999999989,12491.207724600000802,7844105.724840000271797,0
4797,4798,54659,623,PIMA,54659,147.533634027000005,10169.371993099999600,6426565.098220000043511,0
4798,4799,54660,1066,PIMA,54660,649.592654106000055,23952.666337099999510,28296256.012899998575449,0
4799,4800,54661,745,PIMA,54661,191.677035353999997,11786.232162000000244,8349451.660000000149012,0
4800,4801,54662,756,PIMA,54662,124.290277563000004,10476.931550200000856,5414084.490629999898374,0
4801,4802,54663,624,PIMA,54663,150.838388860000009,10671.601743400000487,6570520.218729999847710,0
4802,4803,54664,624,PIMA,54664,182.168168215999998,11831.219817600000169,7935245.407479999586940,0
4803,4804,54665,638,PIMA,54665,134.922595682999997,10361.755581800000073,5877228.267959999851882,0
4804,4805,54666,623,PIMA,54666,66.726575517699999,7386.690512340000168,2906609.629550000187010,0
4805,4806,54667,623,PIMA,54667,148.579382482999989,10289.337093599999207,6472117.900980000384152,0
4806,4807,54668,1066,PIMA,54668,387.866149736000011,22639.709324999999808,16895449.482500001788139,0
4807,4808,54669,1066,PIMA,54669,455.224171824999985,20632.711476500000572,19829564.924699999392033,0
4808,4809,54670,1066,PIMA,54670,570.672053163999976,19929.371889699999883,24858474.635800000280142,0
4809,4810,54671,1044,PIMA,54671,82.174221752999998,8303.099927729999763,3579509.099560000002384,0
4810,4811,54672,1044,PIMA,54672,130.845612552999995,11210.702041599999575,5699634.882819999940693,0
4811,4812,54673,1044,PIMA,54673,52.133759346399998,8574.882799990000422,2270946.557130000088364,0
4812,4813,54674,1043,PIMA,54674,202.885248923000006,15028.243500299999141,8837681.443089999258518,0
4813,4814,54675,957,PIMA,54675,129.931976560000010,10041.696946300000491,5659836.898939999751747,0
4814,4815,54676,632,PIMA,54676,35.960392307200003,5138.058586379999724,1566434.688899999950081,1
4815,4816,54677,615,PIMA,54677,18.749491185000000,3596.278983499999867,816727.836017000023276,0
4816,4817,54678,622,PIMA,54678,529.310466922000046,22454.600240600000689,23056763.939100001007318,0
4817,4818,54679,730,PIMA,54679,45.834730981800000,6247.571398039999622,1996560.881569999968633,1
4818,4819,54680,616,PIMA,54680,73.131862225199995,7709.350272069999846,3185623.918529999908060,1
4819,4820,54681,609,PIMA,54681,26.243113995100000,4652.081854189999831,1143150.045630000066012,1
4820,4821,54682,609,PIMA,54682,35.878758528500001,5686.778533429999698,1562878.721499999985099,1
4821,4822,54683,605,PIMA,54683,24.139264005000001,4571.991232420000415,1051506.340060000075027,1
4822,4823,54684,1070,PIMA,54684,157.425275889000005,10422.980158799999117,6857445.017710000276566,0
4823,4824,54685,578,PIMA,54685,9.728143265090001,2604.061119540000163,423757.920626999984961,0
4824,4825,54686,1062,PIMA,54686,15.344290801100000,3461.621405930000037,668397.307295999955386,0
4825,4826,54687,578,PIMA,54687,39.006379864600000,5612.257466609999938,1699117.906900000059977,0
4826,4827,54688,1072,PIMA,54688,92.737091878100003,8876.715342789999340,4039627.722209999803454,0
4827,4828,54689,756,PIMA,54689,385.863257073000000,22409.736878799998522,16808203.478100001811981,0
4828,4829,54690,1076,PIMA,54690,8.567105522749999,2516.913246890000210,373183.116571000020485,0
4829,4830,54691,1076,PIMA,54691,124.056936637000007,10604.482437200000277,5403920.159909999929368,0
4830,4831,54692,540,PIMA,54692,34.819696571599998,4797.897475910000139,1516745.982659999979660,0
4831,4832,54693,540,PIMA,54693,24.744233649300000,4431.981666069999847,1077858.817760000005364,0
4832,4833,54694,540,PIMA,54694,18.773384133499999,3878.537586209999972,817768.612856999970973,0
4833,4834,54695,28,PIMA,54695,7.875539690890000,2397.283414559999983,343058.508934999990743,1
4834,4835,54696,28,PIMA,54696,10.204754920599999,2822.911702190000142,444519.124343000003137,1
4835,4836,54697,28,PIMA,54697,7.529789643700000,2290.951221979999900,327997.636880000005476,1
4836,4837,54698,28,PIMA,54698,7.973178704460000,2414.487330380000003,347311.664365999982692,1
4837,4838,54699,28,PIMA,54699,10.247399606900000,2841.058001750000130,446376.726878000015859,1
4838,4839,54700,29,PIMA,54700,20.480876418000001,3790.200249819999954,892146.976768000051379,1
4839,4840,54701,487,PIMA,54701,12.884630151500000,3095.396429479999824,561254.489397999946959,0
4840,4841,54702,487,PIMA,54702,67.592336916500003,8027.248896879999847,2944322.196080000139773,0
4841,4842,54703,487,PIMA,54703,168.312821371000013,12239.751782100000128,7331706.498929999768734,0
4842,4843,54704,487,PIMA,54704,127.659831495000006,10442.692124200000762,5560862.259940000250936,0
4843,4844,54705,1083,PIMA,54705,265.346415153000009,13598.321698600000673,11558489.844100000336766,0
4844,4845,54706,105,PIMA,54706,169.444881199999998,11545.004923000000417,7381019.025089999660850,0
4845,4846,54707,924,PIMA,54707,4227.954550569999810,63395.159466099998099,184169700.222999989986420,0
4846,4847,54708,923,PIMA,54708,37068.091479599999730,162431.279001999995671,1614686064.849999904632568,0
4847,4848,54709,923,PIMA,54709,33720.506479199997557,172314.534630000009201,1468865262.230000019073486,0
4848,4849,54710,923,PIMA,54710,11690.114101600000140,103175.784459000002244,509221370.264999985694885,0
4849,4850,54711,920,PIMA,54711,5734.679270349999570,65171.309052800002974,249802629.016000002622604,0
4850,4851,54712,925,PIMA,54712,4430.015400090000185,72732.431305299993255,192971470.828000009059906,0
4851,4852,54713,1042,PIMA,54713,29.215175630200001,5265.877680399999917,1272613.050449999980628,0
4852,4853,54714,558,PIMA,54714,14.984998904299999,3610.313798610000049,652746.552269999985583,1
4853,4854,54715,558,PIMA,54715,16.287154519100000,3669.919353029999911,709468.450850000022911,1
4854,4855,54716,521,PIMA,54716,8.160491082049999,2417.082179970000197,355470.991533999971580,1
4855,4856,54717,486,PIMA,54717,9.480013448190000,2590.654748370000107,412949.385803000011947,1
4856,4857,54718,538,PIMA,54718,7.969520235030000,2553.107342610000160,347152.301437999994960,1
4857,4858,54719,538,PIMA,54719,2.662293064950000,1383.268663529999912,115969.485908999995445,1
4858,4859,54720,576,PIMA,54720,10.371665302600000,2648.981023029999960,451789.740579999983311,1
4859,4860,54721,576,PIMA,54721,17.831481597500002,3657.984823969999979,776739.338389000040479,1
4860,4861,54722,576,PIMA,54722,15.457251425800001,3291.365479269999923,673317.872109999996610,1
4861,4862,54723,1064,PIMA,54723,8.146275346179999,2356.718287499999860,354851.754079999984242,0
4862,4863,54724,485,PIMA,54724,26.339924585900000,5504.875967840000158,1147367.114959999918938,0
4863,4864,54725,485,PIMA,54725,13.803911795900000,3689.479147810000086,601298.397829000023194,0
4864,4865,54726,487,PIMA,54726,168.451365226999997,11692.298499399999855,7337741.469299999997020,0
4865,4866,54727,487,PIMA,54727,107.776262665999994,10000.552860699999655,4694734.001720000058413,0
4866,4867,54728,444,PIMA,54728,20.006059375100001,3899.167396379999900,871463.946378999971785,0
4867,4868,54729,990,PIMA,54729,61.028715617099998,6662.449815210000452,2658410.852280000224710,0
4868,4869,54730,922,PIMA,54730,6852.786662409999735,84025.383946999994805,298507387.014999985694885,0
4869,4870,54731,573,PIMA,54731,17.874719683300000,3580.962128029999803,778622.789403000031598,1
4870,4871,54732,558,PIMA,54732,22.635211275400000,4093.463698739999927,985989.803155999979936,1
4871,4872,54733,557,PIMA,54733,12.581250874200000,3168.727116970000225,548039.288078999961726,1
4872,4873,54734,599,PIMA,54734,13.346098881400000,3129.125727510000161,581356.067272000014782,1
4873,4874,54735,599,PIMA,54735,43.091769180100002,7770.802821059999587,1877077.465490000089630,1
4874,4875,54736,551,PIMA,54736,19.900235557500000,3932.155851110000185,866854.260882999980822,1
4875,4876,54737,552,PIMA,54737,9.305931702360001,2563.250945889999912,405366.384955000015907,1
4876,4877,54738,552,PIMA,54738,9.186860623999999,2527.504655490000005,400179.648780999996234,1
4877,4878,54739,534,PIMA,54739,8.577459108959999,2451.394904279999992,373634.118786000006367,1
4878,4879,54740,534,PIMA,54740,5.116921371710000,2000.427872519999937,222893.094952000014018,1
4879,4880,54741,702,PIMA,54741,122.285501662000001,11269.182701899999302,5326756.452390000224113,0
4880,4881,54742,73,PIMA,54742,257.324008983999988,14430.094976500000485,11209033.831299999728799,0
4881,4882,54743,114,PIMA,54743,162.828495344999993,10638.758591800000431,7092809.257210000418127,0
4882,4883,54744,110,PIMA,54744,157.079723035999990,10465.527175200000784,6842392.735439999960363,0
4883,4884,54745,88,PIMA,54745,132.412048050000010,12206.246733500000119,5767868.813040000386536,0
4884,4885,54746,1091,PIMA,54746,562.984980721000056,21561.944387100000313,24523625.760200001299381,0
4885,4886,54747,78,PIMA,54747,991.876048766000054,29878.623027199999342,43206120.684299997985363,0
4886,4887,54748,78,PIMA,54748,614.676126004000025,23962.578376299999945,26775292.048700001090765,0
4887,4888,54749,720,PIMA,54749,61.831391744500003,7628.635381449999841,2693375.424389999825507,0
4888,4889,54750,720,PIMA,54750,30.435733581200001,4754.230645159999767,1325780.554800000041723,0
4889,4890,54751,705,PIMA,54751,152.415510111999993,10089.609331600000587,6639219.620459999889135,0
4890,4891,54752,706,PIMA,54752,68.818439576800003,7204.219988699999703,2997731.227969999890774,0
4891,4892,54753,706,PIMA,54753,89.083796251199999,8803.498048479999852,3880490.164700000081211,0
4892,4893,54754,72,PIMA,54754,204.051463627000004,12204.478410199999416,8888481.755570000037551,0
4893,4894,54755,72,PIMA,54755,377.601973901000008,17822.617030299999897,16448341.983100000768900,0
4894,4895,54756,72,PIMA,54756,141.708480455999990,11721.225272100000439,6172821.408660000190139,0
4895,4896,54757,930,PIMA,54757,24527.045066300001054,188462.173268000013195,1068398083.090000033378601,0
4896,4897,54758,950,PIMA,54758,1454.315298409999968,32096.616280300000653,63349974.398599997162819,0
4897,4898,54759,948,PIMA,54759,1388.181822369999963,31241.365713999999571,60469200.182499997317791,0
4898,4899,54760,949,PIMA,54760,1345.214112509999950,30763.966419500000484,58597526.740800000727177,0
4899,4900,54761,917,PIMA,54761,881.878063153999960,25648.230492499998945,38414608.431000001728535,0
4900,4901,54762,914,PIMA,54762,969.138721073000056,26604.287062399998831,42215682.689900003373623,0
4901,4902,54763,915,PIMA,54763,948.981494879000024,26573.515744299998914,41337633.916900001466274,0
4902,4903,54764,106,PIMA,54764,913.988186634000044,25756.190303700001095,39813325.409800000488758,0
4903,4904,54765,268,PIMA,54765,914.166101659999981,25796.280409399998462,39821075.388300001621246,0
4904,4905,54766,156,PIMA,54766,908.529036221999945,25580.679837700001372,39575524.817800000309944,0
4905,4906,54767,158,PIMA,54767,882.113378140000009,25952.833546800000477,38424858.751800000667572,0
4906,4907,54768,190,PIMA,54768,844.967109168999968,24465.118892599999526,36806767.275399997830391,0
4907,4908,54769,189,PIMA,54769,631.779037631000051,21930.591366000000562,27520294.879200000315905,0
4908,4909,54770,272,PIMA,54770,1315.849372919999951,31555.618762800000695,57318398.684199996292591,0
4909,4910,54771,137,PIMA,54771,49.518269999799998,7211.236951599999884,2157015.841190000064671,0
4910,4911,54772,173,PIMA,54772,26.118617228700000,4505.333444589999999,1137726.966479999944568,0
4911,4912,54773,173,PIMA,54773,26.973472373000000,4891.649719680000089,1174964.456569999922067,0
4912,4913,54774,177,PIMA,54774,31.074117961500001,4802.623680409999906,1353588.578399999998510,0
4913,4914,54775,177,PIMA,54775,33.432387258500000,4888.953817960000379,1456314.788979999953881,0
4914,4915,54776,169,PIMA,54776,9.518466763850000,2572.043868010000097,414624.412232999980915,0
4915,4916,54777,177,PIMA,54777,20.586689961800001,3923.801792220000152,896756.214736999943852,0
4916,4917,54778,177,PIMA,54778,14.790293303000000,3281.927250189999995,644265.176277999999002,0
4917,4918,54779,160,PIMA,54779,31.213662290199998,5991.882143079999878,1359667.129359999904409,0
4918,4919,54780,160,PIMA,54780,111.402320579999994,9889.292668509999203,4852685.084470000118017,0
4919,4920,54781,203,PIMA,54781,42.069048370799997,5511.060834689999865,1832527.747029999969527,0
4920,4921,54782,203,PIMA,54782,50.200039993300003,6377.067498819999855,2186713.742109999991953,0
4921,4922,54783,203,PIMA,54783,29.188798166700000,5305.389797519999775,1271464.048140000086278,0
4922,4923,54784,182,PIMA,54784,20.895124237299999,4053.526202370000192,910191.611777000012808,1
4923,4924,54785,182,PIMA,54785,81.744772988199998,8359.688835700000709,3560802.311369999777526,1
4924,4925,54786,167,PIMA,54786,10.795005684800000,2756.945482499999798,470230.447632000024896,0
4925,4926,54787,145,PIMA,54787,6.835604324040000,2597.167202449999877,297758.924355000024661,0
4926,4927,54788,145,PIMA,54788,41.371573984299999,5538.038966449999862,1802145.762749999994412,0
4927,4928,54789,180,PIMA,54789,3.989359854000000,1754.066269760000068,173776.515240000007907,1
4928,4929,54790,180,PIMA,54790,5.270866880960000,2306.179054220000125,229598.961333999992348,1
4929,4930,54791,177,PIMA,54791,21.140126972499999,3876.818307259999983,920863.930922999978065,0
4930,4931,54792,177,PIMA,54792,16.295423764700001,3591.881357430000207,709828.659189000027254,0
4931,4932,54793,177,PIMA,54793,18.652439914700000,3672.713905659999909,812500.282682999968529,0
4932,4933,54794,177,PIMA,54794,20.485222560800000,4671.700263630000336,892336.294750000000931,0
4933,4934,54795,177,PIMA,54795,16.707129677499999,4036.309633689999828,727762.568752999999560,0
4934,4935,54796,177,PIMA,54796,20.218006003799999,4008.324694479999835,880696.341523000039160,0
4935,4936,54797,177,PIMA,54797,14.576959310700000,3240.450563010000224,634972.347573000006378,0
4936,4937,54798,179,PIMA,54798,26.972432994300000,4694.204868370000440,1174919.181229999987409,1
4937,4938,54799,179,PIMA,54799,35.498992427200001,5496.724232839999786,1546336.110129999928176,1
4938,4939,54800,139,PIMA,54800,137.622103906000007,10845.191639399999985,5994818.846160000190139,0
4939,4940,54801,139,PIMA,54801,70.355975949899999,7481.507576519999930,3064706.312380000017583,0
4940,4941,54802,172,PIMA,54802,36.817785851300002,5064.206782180000118,1603782.751679999986663,0
4941,4942,54803,135,PIMA,54803,50.045008869100002,6751.574081009999645,2179960.586339999921620,0
4942,4943,54804,157,PIMA,54804,69.175203630799999,6995.038059309999880,3013271.870159999933094,0
4943,4944,54805,157,PIMA,54805,18.061141581400001,3539.017554510000082,786743.327286000014283,0
4944,4945,54806,157,PIMA,54806,44.821566988699999,5646.445861449999938,1952427.458030000096187,0
4945,4946,54807,157,PIMA,54807,30.602357837000000,5247.524835690000145,1333038.707380000036210,0
4946,4947,54808,67,PIMA,54808,61.708105225200001,6692.932894659999874,2688005.063610000070184,0
4947,4948,54809,833,PIMA,54809,207.988659735999988,12319.507389799999146,9059986.018079999834299,0
4948,4949,54810,938,PIMA,54810,123.460986633999994,9892.059690789999877,5377960.577759999781847,0
4949,4950,54811,934,PIMA,54811,827.283971862000044,29182.852783999998792,36036489.814300000667572,0
4950,4951,54812,945,PIMA,54812,88.047892238599999,7798.488858679999794,3835366.185910000000149,0
4951,4952,54813,644,PIMA,54813,26.813075015900001,4252.380642039999657,1167977.547689999919385,0
4952,4953,54814,655,PIMA,54814,317.032826310000019,15335.273914699999295,13809949.914100000634789,0
4953,4954,54815,280,PIMA,54815,61.076571144399999,7916.652154770000379,2660495.439050000160933,0
4954,4955,54816,280,PIMA,54816,32.421743488899999,4665.577981659999750,1412291.146380000049248,0
4955,4956,54817,916,PIMA,54817,532.617582835999997,19152.095763900000748,23200821.908300001174212,0
4956,4957,54818,869,PIMA,54818,164.390105766000005,10708.839793400000417,7160833.007170000113547,1
4957,4958,54819,869,PIMA,54819,151.904673194999987,10543.110556800000268,6616967.564349999651313,1
4958,4959,54820,393,PIMA,54820,23.911923244200000,4391.650283560000389,1041603.376520000048913,0
4959,4960,54821,561,PIMA,54821,22.883359701000000,4377.748360990000037,996799.148573999991640,1
4960,4961,54822,583,PIMA,54822,4.666174419960000,2246.250376030000098,203258.557734000001801,1
4961,4962,54823,760,PIMA,54823,5.260024658190000,1937.165256810000074,229126.674111000000266,0
4962,4963,54824,1044,PIMA,54824,110.241905043000003,10577.909773100000166,4802137.383689999580383,0
4963,4964,54825,889,PIMA,54825,1950.015122900000051,37863.805592500000785,84942658.753299996256828,1
4964,4965,54826,162,PIMA,54826,34.049013977400001,5481.692177369999627,1483175.048859999980778,0
4965,4966,54827,875,PIMA,54827,841.673071062999952,28588.133118300000206,36663278.975500002503395,0
4966,4967,54828,709,PIMA,54828,103.594583982000003,10102.396482699999979,4512580.078250000253320,0
4967,4968,54829,303,PIMA,54829,6.366771954360000,2153.439480670000194,277336.586331999977119,0
4968,4969,54830,305,PIMA,54830,12.580148866300000,3178.327352480000172,547991.284616000019014,0
4969,4970,54831,305,PIMA,54831,11.296116796500000,2846.079990230000021,492058.847654999990482,0
4970,4971,54832,305,PIMA,54832,9.213870142090000,2528.049071179999828,401356.183389000012539,0
4971,4972,54833,321,PIMA,54833,10.143143214700000,2673.930395410000074,441835.318429999984801,0
4972,4973,54834,321,PIMA,54834,7.620099170890000,2351.904509020000205,331931.519884000008460,0
4973,4974,54835,312,PIMA,54835,11.095192872700000,2816.167183600000044,483306.601536999980453,0
4974,4975,54836,343,PIMA,54836,6.960224077670000,2234.559889459999795,303187.360823000024538,0
4975,4976,54837,343,PIMA,54837,22.716941809500000,4336.634261330000299,989549.985223000054248,0
4976,4977,54838,343,PIMA,54838,11.784485770300000,2936.967048110000178,513332.200153000012506,0
4977,4978,54839,356,PIMA,54839,10.134113738100000,2653.775857680000172,441441.994431999977678,0
4978,4979,54840,356,PIMA,54840,4.978763869570000,1973.974396990000059,216874.954158000007737,1
4979,4980,54841,356,PIMA,54841,9.978473482449999,2636.632659119999971,434662.304895000008401,0
4980,4981,54842,356,PIMA,54842,9.947851490070001,2634.133205610000005,433328.410907000012230,0
4981,4982,54843,356,PIMA,54843,5.175481270330000,2008.349495270000034,225443.964135999995051,0
4982,4983,54844,356,PIMA,54844,10.039218349500000,2644.135188360000029,437308.351304000010714,0
4983,4984,54845,356,PIMA,54845,29.823754388899999,5267.165217890000349,1299122.741179999895394,0
4984,4985,54846,356,PIMA,54846,30.313098609499999,5325.839622399999826,1320438.575429999968037,0
4985,4986,54847,358,PIMA,54847,9.795558893360001,2617.363109689999874,426694.545395000022836,1
4986,4987,54848,358,PIMA,54848,9.013416280860000,2524.212431500000093,392624.413194000022486,0
4987,4988,54849,400,PIMA,54849,3.846470424670000,1667.407272160000048,167552.251698999985820,0
4988,4989,54850,400,PIMA,54850,3.260578352330000,1549.063134799999943,142030.793027000006987,0
4989,4990,54851,400,PIMA,54851,9.251351876859999,2637.589386950000062,402988.887755999981891,0
4990,4991,54852,400,PIMA,54852,13.667040789400000,3280.659851209999943,595336.296788000036031,0
4991,4992,54853,400,PIMA,54853,10.004854658699999,2663.920141980000153,435811.468931999988854,0
4992,4993,54854,400,PIMA,54854,13.548948796800000,3664.249033250000139,590192.209589999984019,0
4993,4994,54855,400,PIMA,54855,10.260690460899999,2702.234079010000187,446955.676475999993272,0
4994,4995,54856,419,PIMA,54856,5.654809391030000,2134.985147549999965,246323.497073000005912,0
4995,4996,54857,419,PIMA,54857,10.796914022099999,3381.032839460000105,470313.574801000009757,0
4996,4997,54858,179,PIMA,54858,25.723612851199999,4603.261969250000220,1120520.575799999991432,1
4997,4998,54859,178,PIMA,54859,22.525426004900002,4262.097889489999943,981207.556772000039928,0
4998,4999,54860,178,PIMA,54860,17.166307289599999,4017.755265960000088,747764.345535999978893,0
4999,5000,54861,178,PIMA,54861,19.953729643700001,3826.840951239999868,869184.463281000033021,0
5000,5001,54862,141,PIMA,54862,10.334863154300001,2681.509609549999823,450186.638999000017066,0
5001,5002,54863,140,PIMA,54863,22.809569985900001,4498.946099830000094,993584.868584000039846,0
5002,5003,54864,179,PIMA,54864,45.096927121999997,6098.467378029999963,1964422.145430000033230,1
5003,5004,54865,206,PIMA,54865,7.639937309600000,2326.051904899999954,332795.669205999991391,0
5004,5005,54866,206,PIMA,54866,19.781968686799999,3964.347533789999943,861702.555997999967076,0
5005,5006,54867,201,PIMA,54867,29.872372174999999,4540.795405279999613,1301240.531939999898896,1
5006,5007,54868,201,PIMA,54868,40.138835183200001,5237.804628830000183,1748447.660579999908805,0
5007,5008,54869,241,PIMA,54869,77.957686530000004,7680.408565490000001,3395836.825250000227243,0
5008,5009,54870,193,PIMA,54870,21.939068003599999,4307.152957350000179,955665.802235999959521,1
5009,5010,54871,193,PIMA,54871,31.504631948099998,4790.652495999999701,1372341.767659999895841,1
5010,5011,54872,193,PIMA,54872,29.495709356199999,5134.299887639999724,1284833.099560000002384,1
5011,5012,54873,197,PIMA,54873,45.962780271500002,6040.829500720000397,2002138.708630000008270,1
5012,5013,54874,171,PIMA,54874,8.812593093440000,2493.709732299999814,383876.555149999971036,0
5013,5014,54875,216,PIMA,54875,23.066298280900000,4216.326137459999700,1004767.953119999961928,0
5014,5015,54876,199,PIMA,54876,29.483059427600001,5116.101074600000175,1284282.068660000106320,1
5015,5016,54877,185,PIMA,54877,15.856696568600000,3495.542204599999877,690717.702530000009574,1
5016,5017,54878,185,PIMA,54878,8.837453507330000,2955.542778070000168,384959.474778999981936,1
5017,5018,54879,185,PIMA,54879,18.796514540000000,3837.123956639999960,818776.173361000022851,1
5018,5019,54880,185,PIMA,54880,16.878506592299999,3759.491624440000123,735227.747159000020474,1
5019,5020,54881,185,PIMA,54881,10.051632857000000,2717.695463649999965,437849.127251000027172,1
5020,5021,54882,170,PIMA,54882,11.914954015099999,2951.396932799999831,519015.396898999984842,0
5021,5022,54883,167,PIMA,54883,10.962147529199999,2853.612509470000077,477511.146374000003561,0
5022,5023,54884,232,PIMA,54884,8.160086490570000,2503.206284979999964,355453.367528999981005,0
5023,5024,54885,232,PIMA,54885,19.735463933999998,3722.392050680000011,859676.808963999967091,0
5024,5025,54886,217,PIMA,54886,7.764887545670000,2327.122174789999917,338238.501489999995101,0
5025,5026,54887,217,PIMA,54887,24.605850949099999,4306.717848530000083,1071830.867340000113472,0
5026,5027,54888,217,PIMA,54888,14.294582783399999,3210.063371209999787,622672.026045999955386,0
5027,5028,54889,196,PIMA,54889,26.945314111799998,4593.197918629999549,1173737.882710000034422,0
5028,5029,54890,196,PIMA,54890,16.554586863800001,3402.052437729999838,721117.803788000019267,0
5029,5030,54891,196,PIMA,54891,26.502382233700001,4555.364152889999787,1154443.770100000081584,0
5030,5031,54892,196,PIMA,54892,10.031950010499999,2663.583038889999898,436991.742454999999609,0
5031,5032,54893,215,PIMA,54893,23.855153447700001,4141.191021650000039,1039130.484180000028573,0
5032,5033,54894,215,PIMA,54894,28.558602240999999,5121.822168460000285,1244012.713620000053197,0
5033,5034,54895,231,PIMA,54895,39.750901605300001,5851.684831300000042,1731549.273929999908432,0
5034,5035,54896,225,PIMA,54896,39.788272740899998,5817.764058529999602,1733177.160589999984950,1
5035,5036,54897,236,PIMA,54897,17.837870665200001,3602.039463449999857,777017.646175000001676,0
5036,5037,54898,248,PIMA,54898,9.711110578740000,2642.501953290000074,423015.976810000021942,0
5037,5038,54899,170,PIMA,54899,12.208865843900000,3053.993573069999911,531818.196161000058055,0
5038,5039,54900,170,PIMA,54900,43.545229747400001,5488.929068569999799,1896830.207799999974668,0
5039,5040,54901,170,PIMA,54901,42.314709585000003,5295.640640960000383,1843228.749520000070333,0
5040,5041,54902,159,PIMA,54902,14.922952887299999,3274.121635479999895,650043.827770999982022,0
5041,5042,54903,159,PIMA,54903,13.217027449000000,3106.181986640000105,575733.715678000007756,0
5042,5043,54904,159,PIMA,54904,31.985923567400000,5521.067969239999911,1393306.830589999910444,0
5043,5044,54905,159,PIMA,54905,5.737242084470000,2201.657184470000175,249914.265199999994365,0
5044,5045,54906,159,PIMA,54906,34.425375908200003,4963.427389120000043,1499569.374559999909252,0
5045,5046,54907,159,PIMA,54907,24.984683893400000,4588.298434549999911,1088332.830400000093505,0
5046,5047,54908,198,PIMA,54908,8.149794574220000,2390.329704159999892,355005.051653000002261,1
5047,5048,54909,198,PIMA,54909,6.818895689360000,2232.257868910000070,297031.096228000009432,1
5048,5049,54910,198,PIMA,54910,12.388293730699999,3088.091038630000185,539634.074908999959007,1
5049,5050,54911,198,PIMA,54911,8.057460215090000,2390.728732839999793,350982.966969000000972,1
5050,5051,54912,198,PIMA,54912,5.503437654490000,2053.631646570000157,239729.744230000011157,1
5051,5052,54913,198,PIMA,54913,10.480562094300000,2806.492966589999924,456533.284828000003472,1
5052,5053,54914,198,PIMA,54914,8.590819144879999,2616.775348180000037,374216.081950999971014,1
5053,5054,54915,170,PIMA,54915,21.161409806300000,4303.940213050000239,921791.011161000002176,0
5054,5055,54916,136,PIMA,54916,172.928258469000014,12930.694644499999413,7532754.938889999873936,0
5055,5056,54917,984,PIMA,54917,194.953146559999993,11912.363914100000329,8492159.064169999212027,0
5056,5057,54918,990,PIMA,54918,235.832325359999999,14946.643038199999864,10272856.092700000852346,0
5057,5058,54919,445,PIMA,54919,4.601396613650000,1794.269994100000076,200436.836490999994567,0
5058,5059,54920,445,PIMA,54920,4.422948872520000,1757.573376540000027,192663.652887000003830,0
5059,5060,54921,445,PIMA,54921,5.010862400300000,2237.491218210000170,218273.166156999999657,0
5060,5061,54922,171,PIMA,54922,18.211217383899999,3731.764480679999906,793280.629243999952450,0
5061,5062,54923,171,PIMA,54923,5.651463061000000,2038.068510950000018,246177.730936999985715,0
5062,5063,54924,167,PIMA,54924,6.148101610880000,2075.665434449999793,267811.306169999996200,0
5063,5064,54925,167,PIMA,54925,8.096012815040000,2442.817884609999965,352662.318222999980208,0
5064,5065,54926,253,PIMA,54926,20.005485242799999,3795.173935950000214,871438.937174999970011,1
5065,5066,54927,253,PIMA,54927,12.418841360400000,3172.682273209999948,540964.729660999961197,1
5066,5067,54928,253,PIMA,54928,16.891967862500000,4086.144420579999860,735814.120088999974541,1
5067,5068,54929,253,PIMA,54929,12.231846168600001,2930.708609320000051,532819.219106000033207,1
5068,5069,54930,161,PIMA,54930,362.995532201000003,18832.140409200001159,15812085.382699999958277,0
5069,5070,54931,161,PIMA,54931,101.918102289999993,9114.033034789999874,4439552.535769999958575,0
5070,5071,54932,253,PIMA,54932,8.406345575640000,3153.527887719999853,366180.413274999998976,1
5071,5072,54933,253,PIMA,54933,8.542797177490000,3247.532736000000114,372124.245051999983843,1
5072,5073,54934,279,PIMA,54934,20.475423992500001,3994.301089210000100,891909.469113999977708,1
5073,5074,54935,279,PIMA,54935,11.601768162899999,2887.244620479999867,505373.021173999994062,1
5074,5075,54936,292,PIMA,54936,20.027138366199999,3957.880492270000104,872382.147233000025153,1
5075,5076,54937,282,PIMA,54937,17.964380104499998,3679.283302150000054,782528.397351999999955,0
5076,5077,54938,282,PIMA,54938,66.149388818299997,6939.403300619999754,2881467.376920000184327,0
5077,5078,54939,68,PIMA,54939,17.299076253900001,4059.045233140000164,753547.761618999997154,1
5078,5079,54940,68,PIMA,54940,8.798733532829999,3292.175796470000023,383272.832690000010189,1
5079,5080,54941,68,PIMA,54941,12.870744126100000,3688.550234440000168,560649.614131000009365,1
5080,5081,54942,132,PIMA,54942,58.947448266999999,7538.461681769999814,2567750.846510000061244,0
5081,5082,54943,131,PIMA,54943,42.284815287199997,5432.619371959999626,1841926.553910000016913,0
5082,5083,54944,131,PIMA,54944,31.695980950199999,5408.948167429999557,1380676.930189999984577,0
5083,5084,54945,144,PIMA,54945,17.910611688500001,3713.835142169999926,780186.245151999988593,0
5084,5085,54946,130,PIMA,54946,27.670173579600000,4892.545918560000246,1205312.761129999998957,0
5085,5086,54947,146,PIMA,54947,12.886243593700000,3252.343075400000089,561324.770941999973729,0
5086,5087,54948,146,PIMA,54948,22.348140296200000,4232.674810229999821,973484.991301000001840,0
5087,5088,54949,159,PIMA,54949,8.708658425270000,2488.580090559999917,379349.161005000001751,0
5088,5089,54950,144,PIMA,54950,34.865471070799998,5568.800112400000216,1518739.919840000104159,0
5089,5090,54951,144,PIMA,54951,14.860399781300000,3265.402153850000104,647319.014471999951638,0
5090,5091,54952,120,PIMA,54952,181.098359824999989,11913.130147899999429,7888644.553980000317097,0
5091,5092,54953,144,PIMA,54953,4.480009525500000,1951.717691970000033,195149.214930999994976,0
5092,5093,54954,159,PIMA,54954,5.752651676270000,2163.832595079999919,250585.507018000003882,0
5093,5094,54955,159,PIMA,54955,25.570049913700000,4157.903568230000019,1113831.374240000033751,0
5094,5095,54956,171,PIMA,54956,13.970766785700000,3363.769097270000202,608566.601185000035912,0
5095,5096,54957,206,PIMA,54957,38.687674777200002,5192.549126160000014,1685235.113300000084564,0
5096,5097,54958,199,PIMA,54958,10.584926155600000,2727.136258850000104,461079.383336999977473,1
5097,5098,54959,133,PIMA,54959,23.275959415100001,4310.159395190000396,1013900.792119999998249,0
5098,5099,54960,133,PIMA,54960,27.725799344999999,4473.122967219999737,1207735.819469999987632,0
5099,5100,54961,133,PIMA,54961,21.204149480600002,4041.303492519999963,923652.751377000007778,0
5100,5101,54962,140,PIMA,54962,48.322786188700000,6800.580908830000226,2104940.566380000207573,0
5101,5102,54963,683,PIMA,54963,176.652211700000009,16354.536575399999492,7694970.341669999994338,0
5102,5103,54964,351,PIMA,54964,916.704121217999955,25614.983826499999850,39931631.520199999213219,0
5103,5104,54965,85,PIMA,54965,191.518909326999989,11676.139386499999091,8342563.690259999595582,0
5104,5105,54966,135,PIMA,54966,17.894755881500000,3687.763623220000227,779495.566197999985889,0
5105,5106,54967,161,PIMA,54967,63.521041775999997,7800.628336130000207,2766976.579760000109673,0
5106,5107,54968,161,PIMA,54968,264.897024792000025,14941.618697800000518,11538914.400000000372529,0
5107,5108,54969,94,PIMA,54969,406.809855850000019,21122.364629700001387,17720637.320799998939037,0
5108,5109,54970,147,PIMA,54970,49.836978536899998,5918.132660080000278,2170898.785070000216365,0
5109,5110,54971,147,PIMA,54971,38.568071021999998,5226.480123090000234,1680025.173720000078902,0
5110,5111,54972,171,PIMA,54972,37.267971156900003,5210.622843969999849,1623392.823600000003353,0
5111,5112,54973,171,PIMA,54973,8.847732363420000,2487.180605139999898,385407.221750000026077,0
5112,5113,54974,1103,PIMA,54974,51.900128728799999,6146.131070950000321,2260769.607429999858141,0
5113,5114,54975,310,PIMA,54975,45.433376377899997,5613.743654550000429,1979077.875019999919459,0
5114,5115,54976,309,PIMA,54976,22.266481517999999,4135.829514559999552,969927.934923999942839,0
5115,5116,54977,309,PIMA,54977,31.239583466100001,5211.636088989999735,1360796.255780000006780,0
5116,5117,54978,927,PIMA,54978,2700.241921870000169,46717.979456200002460,117622538.116999998688698,0
5117,5118,54979,831,PIMA,54979,1268.005120779999970,31635.752252900001622,55234303.061200000345707,0
5118,5119,54980,244,PIMA,54980,46.361770669700000,5785.245471530000032,2019518.730370000004768,0
5119,5120,54981,923,PIMA,54981,41464.251440899999579,185788.651539999991655,1806182792.759999990463257,0
5120,5121,54982,706,PIMA,54982,6.123049107960000,2067.061044080000102,266720.019143000012264,0
5121,5122,54983,203,PIMA,54983,7.737465930670000,2725.354502820000107,337044.015940000012051,0
5122,5123,54984,141,PIMA,54984,19.831573518900001,3946.476540870000008,863863.342483000014909,0
5123,5124,54985,1055,PIMA,54985,8.950908388149999,2499.689473179999823,389901.569388000003528,0
5124,5125,54986,363,PIMA,54986,3.332867789760000,1535.851378820000036,145179.720922000007704,0
5125,5126,54987,363,PIMA,54987,26.026320044199998,4333.520915029999742,1133706.501119999913499,0
5126,5127,54988,628,PIMA,54988,91.151548124700000,14226.459965399999419,3970561.436309999786317,1
5127,5128,54989,1074,PIMA,54989,43.925095537799997,5539.557373689999622,1913377.161629999987781,0
5128,5129,54990,972,PIMA,54990,81.609373741300004,8418.005823560000863,3554904.320170000195503,0
5129,5130,54991,690,PIMA,54991,59.669055031100001,7302.828544809999585,2599184.037159999832511,0
5130,5131,54992,690,PIMA,54992,46.069854045900001,5848.706795799999782,2006802.842239999910817,0
5131,5132,54993,690,PIMA,54993,70.927198758000003,7362.747388550000323,3089588.777900000102818,0
5132,5133,54994,35,PIMA,54994,21.710869706299999,3820.074530779999805,945725.484408000018448,1
5133,5134,54995,35,PIMA,54995,21.668106251400001,3987.420685030000186,943862.708311000023969,1
5134,5135,54996,35,PIMA,54996,14.123849402399999,3853.442684990000089,615234.879970000009052,1
5135,5136,54997,172,PIMA,54997,40.745848760000001,5908.304142809999576,1774889.171980000101030,0
5136,5137,54998,135,PIMA,54998,34.889821615899997,4959.275821600000199,1519800.629590000025928,0
5137,5138,54999,939,PIMA,54999,17.869241315600000,3896.166452330000084,778384.151708999997936,1
5138,5139,55000,280,PIMA,55000,122.544603391999999,10924.251550000000861,5338042.923750000074506,0
5139,5140,55001,626,PIMA,55001,126.995284205999994,10009.362418099999559,5531914.580009999684989,0
5140,5141,55002,601,PIMA,55002,38.384316433599999,5165.325981169999977,1672020.823850000044331,1
5141,5142,55003,511,PIMA,55003,43.799961971999998,6103.364446139999927,1907926.343499999959022,1
5142,5143,55004,1032,PIMA,55004,333.531181740000022,16125.235494200000176,14528618.276599999517202,0
5143,5144,55005,1038,PIMA,55005,120.648260329999999,9275.027913050000279,5255438.219979999586940,0
5144,5145,55006,179,PIMA,55006,61.493251678900002,7026.958610120000230,2678646.043130000121891,1
5145,5146,55007,45,PIMA,55007,7.691599589650000,2618.710657980000178,335046.078125000000000,0
5146,5147,55008,706,PIMA,55008,145.404344444999992,10789.810769899999286,6333813.244029999710619,0
5147,5148,55009,303,PIMA,55009,11.808766740299999,3223.461311609999939,514389.879208999976981,0
5148,5149,55010,44,PIMA,55010,3.556829046050000,1574.621075499999961,154935.473246000008658,0
5149,5150,55011,144,PIMA,55011,20.592095467499998,3917.130019310000080,896991.678563000052236,0
5150,5151,55012,144,PIMA,55012,39.780339247699999,5804.065057529999649,1732831.577629999956116,0
5151,5152,55013,212,PIMA,55013,33.989028574999999,5920.187342670000362,1480562.084730000002310,1
5152,5153,55014,216,PIMA,55014,9.105868443800000,2524.928726409999854,396651.629412000009324,0
5153,5154,55015,217,PIMA,55015,9.231981734130001,2549.618297269999857,402145.124338999972679,0
5154,5155,58013,771,PIMA,58013,14.462130457000001,3286.560181800000009,629970.402708000037819,0
5155,5156,55017,415,PIMA,55017,40.304895760599997,5297.245800890000282,1755681.259330000029877,0
5156,5157,55018,195,PIMA,55018,47.744137293500003,6530.227284720000171,2079734.620510000037029,1
5157,5158,55019,506,PIMA,55019,24.424594773799999,4284.188440150000133,1063935.348350000102073,1
5158,5159,55020,743,PIMA,55020,146.226183724999999,11690.905854500000714,6369612.563059999607503,0
5159,5160,55021,36,PIMA,55021,51.961476353300000,6664.717416649999905,2263441.909949999768287,0
5160,5161,55022,36,PIMA,55022,5.107056313150000,1889.645595669999921,222463.373000999999931,0
5161,5162,55023,198,PIMA,55023,10.249472424400000,2675.557186420000107,446467.018808000022545,1
5162,5163,55024,178,PIMA,55024,13.898336649999999,3186.181739069999821,605411.544471999979578,0
5163,5164,55025,739,PIMA,55025,23.542418595800001,4012.333268450000105,1025507.754029999952763,0
5164,5165,55026,168,PIMA,55026,35.027215608600002,4971.739249549999840,1525785.511909999884665,0
5165,5166,55027,322,PIMA,55027,12.051774000200000,2902.589153309999801,524975.275448999949731,0
5166,5167,55028,322,PIMA,55028,20.087602598400000,4898.235911429999760,875015.969185999943875,0
5167,5168,55029,573,PIMA,55029,9.819165363270001,2912.641758230000050,427722.843224000011105,1
5168,5169,55030,537,PIMA,55030,7.262996898660000,2273.185543460000190,316376.144906000001356,1
5169,5170,55031,537,PIMA,55031,6.501857123420000,2137.048533149999912,283220.896295999991708,1
5170,5171,55032,35,PIMA,55032,20.199068828000001,4411.535994040000332,879871.438146000029519,1
5171,5172,55033,1071,PIMA,55033,113.235537976000003,9357.663976410000032,4932540.034239999949932,0
5172,5173,55034,537,PIMA,55034,16.300272010000000,3403.538847700000133,710039.848756000050344,1
5173,5174,55035,1096,PIMA,55035,634.475067630000012,21001.816392900000210,27637733.945900000631809,0
5174,5175,55036,343,PIMA,55036,5.058331747850000,1991.994610940000030,220340.930935999989742,0
5175,5176,55037,143,PIMA,55037,79.110896945199997,8769.330163540000285,3446070.670940000098199,0
5176,5177,55038,59,PIMA,55038,6.985950903530000,2276.796579649999785,304308.021357999998145,0
5177,5178,55039,209,PIMA,55039,17.090506745100001,3497.494168329999866,744462.473817000049166,0
5178,5179,55040,586,PIMA,55040,8.416487258769999,2460.715332690000196,366622.184991999994963,1
5179,5180,55041,1048,PIMA,55041,81.793733282900007,8007.555981030000112,3562935.021800000220537,0
5180,5181,55042,747,PIMA,55042,148.702381274000004,10477.034863799999584,6477475.728289999999106,0
5181,5182,55043,701,PIMA,55043,28.787674512399999,4472.720040090000111,1253991.101759999990463,0
5182,5183,55044,3,PIMA,55044,1.190453531700000,1107.429487090000066,51856.155840599996736,0
5183,5184,55045,56,PIMA,55045,13.793726546600000,3115.884067210000012,600854.728368000010960,0
5184,5185,55046,95,PIMA,55046,190.976725020000003,11406.772648100000879,8318946.141859999857843,0
5185,5186,55047,59,PIMA,55047,5.838960314340000,2021.459671529999923,254345.111292999994475,0
5186,5187,55048,59,PIMA,55048,4.630086194790000,1799.682189970000081,201686.554644999996526,0
5187,5188,55049,171,PIMA,55049,5.864988990210000,2202.137232510000104,255478.920413000014378,0
5188,5189,55050,1040,PIMA,55050,80.494066283300000,8341.587227609999900,3506321.527300000190735,0
5189,5190,55051,551,PIMA,55051,5.168337689250000,2034.923285240000041,225132.789744000008795,1
5190,5191,55052,483,PIMA,55052,10.762785731199999,3020.237022169999818,468826.946452000003774,1
5191,5192,55053,483,PIMA,55053,7.565671395590000,2353.852464779999991,329560.645992000005208,1
5192,5193,55054,483,PIMA,55054,8.077953046419999,2467.724236949999977,351875.634702000010293,1
5193,5194,55055,483,PIMA,55055,8.475657634010000,2585.547042239999882,369199.646537000022363,1
5194,5195,55056,485,PIMA,55056,15.905353169900000,3377.728289059999952,692837.184080000035465,0
5195,5196,55057,972,PIMA,55057,183.956750532000001,12816.594570900000690,8013156.053179999813437,0
5196,5197,55058,139,PIMA,55058,50.370206516000003,5938.785944780000136,2194126.195840000174940,0
5197,5198,55059,139,PIMA,55059,45.991764700099999,6909.313756790000298,2003401.270329999970272,0
5198,5199,55060,139,PIMA,55060,34.354520222700003,5126.777608489999693,1496482.900900000007823,0
5199,5200,55061,139,PIMA,55061,25.310619152299999,4461.518047499999739,1102530.570270000025630,0
5200,5201,55062,157,PIMA,55062,27.354095905699999,4678.177945110000110,1191544.417649999959394,0
5201,5202,55063,157,PIMA,55063,5.849234836860000,2099.626564870000038,254792.669492999993963,0
5202,5203,55064,188,PIMA,55064,66.885634143399997,6848.346761030000380,2913538.223290000110865,0
5203,5204,55065,188,PIMA,55065,10.850450324100001,2759.599313079999774,472645.616115999990143,0
5204,5205,55066,240,PIMA,55066,188.260971745999996,16091.924992399999610,8200647.929240000434220,0
5205,5206,55067,220,PIMA,55067,320.899831545999973,15524.182842500000334,13978396.662100000306964,0
5206,5207,55068,188,PIMA,55068,111.027845740999993,13111.466326399999161,4836372.960490000434220,0
5207,5208,55069,154,PIMA,55069,52.180832520199999,6555.160037970000303,2272997.064580000005662,0
5208,5209,55070,835,PIMA,55070,4688.543375420000302,64201.726027099997737,204232949.432999998331070,1
5209,5210,55071,938,PIMA,55071,28.417670410100001,5393.748358759999974,1237873.723059999989346,0
5210,5211,55072,775,PIMA,55072,76.420976328600005,9719.796861290000379,3328897.728870000224560,0
5211,5212,55073,684,PIMA,55073,236.040864535999987,13135.862537799999700,10281940.059200000017881,0
5212,5213,55074,1035,PIMA,55074,532.456270691999975,20750.829983999999968,23193795.151299998164177,0
5213,5214,55075,400,PIMA,55075,31.098767080999998,5120.385342460000174,1354662.294049999909475,0
5214,5215,55076,400,PIMA,55076,17.710404182700000,3672.166205569999875,771465.206200000015087,0
5215,5216,55077,445,PIMA,55077,3.599368110190000,1639.417304970000032,156788.474879999994300,0
5216,5217,55078,423,PIMA,55078,8.679916300910000,2610.376205839999784,378097.154067999974359,0
5217,5218,55079,423,PIMA,55079,17.199334332199999,3424.256189860000177,749203.003508999943733,0
5218,5219,55080,423,PIMA,55080,4.967792818750000,1858.045144220000111,216397.055185000004712,0
5219,5220,55081,423,PIMA,55081,23.355369253900001,4898.988188430000264,1017359.884700000053272,0
5220,5221,55082,445,PIMA,55082,4.664049774470000,1802.154228030000013,203166.008176000003004,0
5221,5222,55083,445,PIMA,55083,10.000679628000000,2777.852471990000140,435629.604593999974895,0
5222,5223,55084,772,PIMA,55084,23.228276069800000,4239.617321519999678,1011823.705599999986589,0
5223,5224,55085,22,PIMA,55085,5.156776309240000,1884.049479269999892,224629.176030000002356,0
5224,5225,55086,23,PIMA,55086,7.901382791870000,2833.865376749999996,344184.234414000005927,0
5225,5226,55087,23,PIMA,55087,23.279629675700001,4330.411402130000170,1014060.668680000002496,1
5226,5227,55088,56,PIMA,55088,24.289353704800000,4221.902658140000312,1058044.247380000073463,0
5227,5228,55089,398,PIMA,55089,27.648629131500002,4543.469468749999578,1204374.284969999920577,0
5228,5229,55090,256,PIMA,55090,10.548756960200000,2691.624598939999942,459503.853186999971513,0
5229,5230,55091,739,PIMA,55091,26.726581000400000,4651.491006340000240,1164209.868380000116304,0
5230,5231,55092,369,PIMA,55092,9.662248788819999,2589.037137220000204,420887.557241000002250,0
5231,5232,55093,208,PIMA,55093,250.344764833999989,13399.183910600000672,10905017.956199999898672,0
5232,5233,55094,706,PIMA,55094,50.614256279899998,5986.657015669999964,2204757.003550000023097,0
5233,5234,55095,208,PIMA,55095,281.597816885999976,16556.101623999998992,12266400.903599999845028,0
5234,5235,55096,165,PIMA,55096,357.613453181000011,16859.898299600001337,15577642.020600000396371,0
5235,5236,55097,151,PIMA,55097,449.581399663000013,20106.942237899998872,19583765.769299998879433,0
5236,5237,55098,835,PIMA,55098,1524.772284639999953,44886.523921100000734,66419080.719099998474121,1
5237,5238,55099,936,PIMA,55099,173.613817414000010,11120.668060899999546,7562617.886540000326931,0
5238,5239,55100,936,PIMA,55100,88.900615739200006,7900.615346710000267,3872510.821599999908358,0
5239,5240,55101,945,PIMA,55101,84.651782377200007,8211.937576410000474,3687431.640350000001490,0
5240,5241,55102,945,PIMA,55102,65.656833280100003,7693.172427520000383,2860011.657680000178516,0
5241,5242,55103,311,PIMA,55103,47.202789582599998,6798.706551340000260,2056153.514220000011846,0
5242,5243,55104,166,PIMA,55104,330.372283514000003,17292.559208200000285,14391016.669900000095367,0
5243,5244,55105,154,PIMA,55105,40.813478114100000,5843.144602180000220,1777835.106649999972433,0
5244,5245,55106,936,PIMA,55106,10.975857289600000,2993.061969200000021,478108.343536000000313,0
5245,5246,55107,936,PIMA,55107,4.393663830620000,1806.131910719999951,191387.996462000010069,0
5246,5247,55108,661,PIMA,55108,2330.731762960000196,40046.911508700002742,101526675.593999996781349,0
5247,5248,55109,945,PIMA,55109,59.000184195199999,6856.552783109999837,2570048.023539999965578,0
5248,5249,55110,945,PIMA,55110,46.950407495400000,6636.797987320000175,2045159.750500000081956,0
5249,5250,55111,945,PIMA,55111,101.760529574000003,9206.124122679999346,4432688.668259999714792,0
5250,5251,55112,645,PIMA,55112,49.713679585000001,11463.499767200000861,2165527.882720000110567,0
5251,5252,55113,645,PIMA,55113,7.570045367810000,2396.113804590000200,329751.176221999980044,0
5252,5253,55114,645,PIMA,55114,24.067086784200001,5054.955150069999945,1048362.300320000038482,0
5253,5254,55115,645,PIMA,55115,5.758580872790000,2012.056628920000094,250843.782818999985466,0
5254,5255,55116,647,PIMA,55116,93.717485659999994,8961.030035539999517,4082333.675350000150502,0
5255,5256,55117,647,PIMA,55117,72.067178510800005,10520.729713900000206,3139246.295930000022054,0
5256,5257,55118,647,PIMA,55118,130.834043073999993,11886.194317100000262,5699130.916290000081062,0
5257,5258,55119,647,PIMA,55119,67.740299868600005,7148.079242589999922,2950767.462280000094324,0
5258,5259,55120,647,PIMA,55120,51.608676445400000,6065.309834190000402,2248073.945960000157356,0
5259,5260,55121,647,PIMA,55121,50.400900369399999,5957.508796119999715,2195463.220089999958873,0
5260,5261,55122,647,PIMA,55122,43.957819299000001,5697.319632910000109,1914802.608659999910742,0
5261,5262,55123,647,PIMA,55123,28.353064992499998,4879.745625649999965,1235059.511070000007749,0
5262,5263,55124,647,PIMA,55124,78.798252927099995,8148.760485609999705,3432451.897499999962747,0
5263,5264,55125,647,PIMA,55125,39.400101346100001,5221.946457170000031,1716268.414630000013858,0
5264,5265,55126,641,PIMA,55126,275.015290474999972,14962.049674899999445,11979666.053099999204278,0
5265,5266,55127,280,PIMA,55127,30.219401258900000,5300.637711649999801,1316357.118839999893680,0
5266,5267,55128,280,PIMA,55128,30.543159004200000,5311.779693340000449,1330460.006220000097528,0
5267,5268,55129,280,PIMA,55129,37.690335103599999,5717.493073810000169,1641790.997110000113025,0
5268,5269,55130,280,PIMA,55130,21.738853925899999,4699.157282750000377,946944.477013000054285,0
5269,5270,55131,280,PIMA,55131,28.739193871900000,5043.333957009999722,1251879.285059999907389,0
5270,5271,55132,280,PIMA,55132,23.948833962799998,4179.988142060000428,1043211.207419999991544,0
5271,5272,55133,311,PIMA,55133,20.538766075700000,4046.521576470000127,894668.650255999993533,0
5272,5273,55134,172,PIMA,55134,48.387927765999997,5718.513628229999995,2107778.133489999920130,0
5273,5274,55135,172,PIMA,55135,24.180902075900001,4186.871876250000241,1053320.094430000055581,0
5274,5275,55136,172,PIMA,55136,36.066674027900000,5270.714817240000230,1571064.320649999892339,0
5275,5276,55137,172,PIMA,55137,35.584220057300001,5282.322088269999767,1550048.625699999975041,0
5276,5277,55138,172,PIMA,55138,320.106393163999996,16982.043093500000396,13943834.486199999228120,0
5277,5278,55139,196,PIMA,55139,23.092178590000000,4503.426507279999896,1005895.299379999982193,0
5278,5279,55140,231,PIMA,55140,10.127928802900000,2661.819988159999866,441172.578653000004124,0
5279,5280,55141,860,PIMA,55141,1268.153036120000024,31820.641523099999176,55240746.253499999642372,1
5280,5281,55142,864,PIMA,55142,641.383115262000047,21582.579888500000379,27938648.500799998641014,1
5281,5282,55143,311,PIMA,55143,20.075272741300001,3990.447018060000119,874478.880612000008114,0
5282,5283,55144,311,PIMA,55144,19.383910494300000,3822.532445979999920,844363.141131000011228,0
5283,5284,55145,311,PIMA,55145,50.573160937499999,6315.463041250000060,2202966.890440000221133,0
5284,5285,55146,311,PIMA,55146,32.330866020999999,4802.803909659999590,1408332.523869999917224,0
5285,5286,55147,846,PIMA,55147,519.375472264999985,19123.079608399999415,22623995.571899998933077,1
5286,5287,55148,842,PIMA,55148,161.501704961000002,10609.253664800000479,7035014.268120000138879,0
5287,5288,55149,1001,PIMA,55149,80.613649987700001,7888.231129730000248,3511530.593460000120103,0
5288,5289,55150,889,PIMA,55150,498.766965372000016,21349.546581200000219,21726289.011599998921156,1
5289,5290,55151,889,PIMA,55151,309.338327677999985,15599.608578699999271,13474777.553600000217557,1
5290,5291,55152,889,PIMA,55152,700.772555420000003,23843.731301100000564,30525652.514100000262260,1
5291,5292,55153,22,PIMA,55153,20.903924595500001,3827.414148400000158,910574.955380999948829,1
5292,5293,55154,23,PIMA,55154,20.797196529099999,3904.260424279999825,905925.880805999971926,1
5293,5294,55155,22,PIMA,55155,20.664922942800001,3785.990656680000029,900164.043385999975726,0
5294,5295,55156,353,PIMA,55156,21.039011187800000,4522.894495649999953,916459.327340999967419,1
5295,5296,55157,869,PIMA,55157,14.365770232899999,3286.434063979999792,625772.951343000051565,1
5296,5297,55158,994,PIMA,55158,323.953647429000000,15911.811480099999244,14111420.881999999284744,1
5297,5298,55159,994,PIMA,55159,48.912330754300001,5877.941062480000255,2130621.127660000231117,1
5298,5299,55160,994,PIMA,55160,52.527792127399998,6082.696656549999716,2288110.625070000067353,1
5299,5300,55161,994,PIMA,55161,14.373003561499999,3200.880807919999825,626088.035138000035658,1
5300,5301,55162,994,PIMA,55162,46.195114337299998,5770.689941489999910,2012259.180530000012368,1
5301,5302,55163,994,PIMA,55163,40.157323194500002,5307.067799260000356,1749252.998350000008941,1
5302,5303,55164,994,PIMA,55164,37.626037164899998,5126.567873320000217,1638990.178899999940768,1
5303,5304,55165,994,PIMA,55165,36.409106344800001,5037.817823979999957,1585980.672379999887198,1
5304,5305,55166,611,PIMA,55166,9.516818892830001,2576.961679170000025,414552.630972000013571,1
5305,5306,55167,611,PIMA,55167,42.876272991000000,6573.729277849999562,1867690.451489999890327,1
5306,5307,55168,791,PIMA,55168,2765.106219140000121,45723.050656300001720,120448026.906000003218651,0
5307,5308,55169,23,PIMA,55169,14.516673349100000,3833.841069080000125,632346.291088999947533,1
5308,5309,55170,35,PIMA,55170,27.377666684699999,5019.685091420000390,1192571.160790000110865,1
5309,5310,55171,57,PIMA,55171,19.929551361500000,4185.609090250000008,868131.257305999984965,0
5310,5311,55172,57,PIMA,55172,22.223146876400001,4121.809840679999979,968040.277935000020079,0
5311,5312,55173,34,PIMA,55173,10.194827418399999,3406.436544350000077,444086.682345999986865,0
5312,5313,55174,303,PIMA,55174,5.959717572160000,2111.106771790000039,259605.297442999988561,0
5313,5314,55175,231,PIMA,55175,32.586881996700001,5416.724370390000331,1419484.579769999952987,0
5314,5315,55176,231,PIMA,55176,24.532283792499999,4954.633818629999951,1068626.281999999890104,0
5315,5316,55177,961,PIMA,55177,569.626287082999966,19939.665149500000553,24812921.065299998968840,1
5316,5317,55178,835,PIMA,55178,135.569896846999995,10108.257182499999544,5905424.706650000065565,1
5317,5318,55179,835,PIMA,55179,89.813572368500004,8238.383316019999256,3912279.212369999848306,1
5318,5319,55180,835,PIMA,55180,310.634400449999987,18814.575906199999736,13531234.483599999919534,1
5319,5320,55181,760,PIMA,55181,31.029593315500001,4781.865290849999838,1351649.084819999989122,0
5320,5321,55182,748,PIMA,55182,41.717684066899999,5696.408080170000176,1817222.317950000055134,0
5321,5322,55183,611,PIMA,55183,24.854955258800000,4222.017470800000410,1082681.851070000091568,1
5322,5323,55184,888,PIMA,55184,325.547982721999972,15971.429509499999767,14180870.127399999648333,1
5323,5324,55185,888,PIMA,55185,39.711475154399999,5241.151333189999605,1729831.857730000047013,1
5324,5325,55186,888,PIMA,55186,310.770585251999989,15549.253716600000189,13537166.693600000813603,1
5325,5326,55187,829,PIMA,55187,35515.284531400000560,166802.512664999987464,1547045794.190000057220459,1
5326,5327,55188,883,PIMA,55188,5338.221904310000355,61202.516679400003341,232532946.152000010013580,1
5327,5328,55189,883,PIMA,55189,1271.888168559999940,31450.982139600000664,55403448.622599996626377,1
5328,5329,55190,231,PIMA,55190,35.418449104600001,5433.475295080000251,1542827.642999999923632,0
5329,5330,55191,231,PIMA,55191,20.336512936100000,3910.928222720000122,885858.503497999976389,0
5330,5331,55192,252,PIMA,55192,37.642314989600003,5080.171137989999806,1639699.240950000006706,0
5331,5332,55193,154,PIMA,55193,55.786905922700001,6983.551633690000017,2430077.621989999897778,0
5332,5333,55194,154,PIMA,55194,17.821962068800001,4200.814739360000203,776324.667717000003904,0
5333,5334,55195,154,PIMA,55195,23.724189088199999,4684.559416520000013,1033425.676680000033230,0
5334,5335,55196,117,PIMA,55196,118.530667167999994,9194.252060770000753,5163195.861849999986589,0
5335,5336,55197,890,PIMA,55197,577.657341071000019,20177.317825400001311,25162753.777100000530481,0
5336,5337,55198,890,PIMA,55198,453.769703621000019,18138.169257800000196,19766208.289700001478195,0
5337,5338,55199,863,PIMA,55199,493.403241025999989,19121.139494200000627,21492645.179099999368191,1
5338,5339,55200,863,PIMA,55200,228.227131340999989,17484.079026899999008,9941573.841229999437928,1
5339,5340,55201,861,PIMA,55201,643.692025323000053,21218.269939400001022,28039224.623100001364946,1
5340,5341,55202,835,PIMA,55202,2027.873611819999951,45368.236172999997507,88334174.530699998140335,1
5341,5342,55203,936,PIMA,55203,43.442845702500001,5749.821086509999986,1892370.358800000045449,0
5342,5343,55204,656,PIMA,55204,576.711157508000042,24527.880231099999946,25121538.021099999547005,0
5343,5344,55205,315,PIMA,55205,70.600342300799994,8578.957141889999548,3075350.910620000213385,0
5344,5345,55206,138,PIMA,55206,258.136754348000011,18130.260660700001608,11244437.019400000572205,0
5345,5346,55207,956,PIMA,55207,976.007197066999993,30149.796036499999900,42514873.504199996590614,0
5346,5347,55208,162,PIMA,55208,173.386724831999999,11679.000966300000073,7552725.733690000139177,0
5347,5348,55209,162,PIMA,55209,96.255183414699999,9113.499839320000319,4192875.789539999794215,0
5348,5349,55210,162,PIMA,55210,118.449068287000003,9289.794154490000437,5159641.414599999785423,0
5349,5350,55211,122,PIMA,55211,295.959699252999997,14955.384306699999797,12892004.499500000849366,0
5350,5351,55212,104,PIMA,55212,220.654404381999996,14622.027103700000225,9611705.854900000616908,0
5351,5352,55213,141,PIMA,55213,9.542324834240000,2581.917179109999779,415663.669779999996535,0
5352,5353,55214,140,PIMA,55214,60.433477271400001,7494.300528640000266,2632482.269940000027418,0
5353,5354,55215,308,PIMA,55215,10.851022836300000,2752.600481200000104,472670.554747999995016,0
5354,5355,55216,244,PIMA,55216,22.019975163900000,3929.353094210000108,959190.118140000035055,0
5355,5356,55217,195,PIMA,55217,9.407872403120001,2599.460318219999863,409806.921879999979865,1
5356,5357,55218,195,PIMA,55218,19.648691382100001,3946.801795779999793,855896.996602999977767,1
5357,5358,55219,168,PIMA,55219,58.221623699600002,6982.521793810000418,2536133.928350000176579,0
5358,5359,55220,586,PIMA,55220,23.368348903400001,4461.827774770000360,1017925.278230000054464,1
5359,5360,55221,586,PIMA,55221,25.607741544700001,4326.459794139999758,1115473.221690000034869,1
5360,5361,55222,347,PIMA,55222,9.760145111969999,2609.701965050000126,425151.921077999984846,0
5361,5362,55223,310,PIMA,55223,5.383584859010000,2177.405799390000084,234508.956458000000566,0
5362,5363,55224,214,PIMA,55224,40.154641085100003,5272.222298859999682,1749136.165670000016689,0
5363,5364,55225,609,PIMA,55225,13.853957810400001,3360.568548509999800,603478.402221999946050,1
5364,5365,55226,252,PIMA,55226,11.372321776600000,2942.753183429999808,495378.336588000005577,0
5365,5366,55227,252,PIMA,55227,7.818473733270000,2364.271858760000214,340572.715820999990683,0
5366,5367,55228,252,PIMA,55228,6.809135469570000,2238.096765889999915,296605.941055000002962,0
5367,5368,55229,252,PIMA,55229,17.176100688999998,3569.190073339999799,748190.946012999978848,0
5368,5369,55230,252,PIMA,55230,10.089346475899999,2649.486687820000043,439491.932490999985021,0
5369,5370,55231,827,PIMA,55231,250.068383441000009,14001.852026099999421,10892978.782700000330806,1
5370,5371,55232,827,PIMA,55232,150.186202847000004,10235.309399399999165,6542110.996000000275671,1
5371,5372,55233,828,PIMA,55233,1962.390718220000053,41859.760991299997841,85481739.685699999332428,0
5372,5373,55234,828,PIMA,55234,4077.335575760000211,55508.894426400001976,177608737.680000007152557,0
5373,5374,55235,315,PIMA,55235,46.168189353199999,6839.926736450000135,2011086.328230000101030,0
5374,5375,55236,353,PIMA,55236,22.666790283200001,4939.131562110000232,987365.384736999985762,1
5375,5376,55237,353,PIMA,55237,41.177141979500000,5357.019527550000021,1793676.304629999911413,1
5376,5377,55238,230,PIMA,55238,36.066250641000003,5066.208482130000448,1571045.877920000115409,0
5377,5378,55239,230,PIMA,55239,15.373129810100000,3630.389668150000034,669653.534528000047430,0
5378,5379,55240,230,PIMA,55240,23.956035207900001,4261.227871209999648,1043524.893649999983609,0
5379,5380,55241,230,PIMA,55241,27.259924963700001,4494.312572030000410,1187442.331419999944046,0
5380,5381,55242,604,PIMA,55242,25.938680757899998,4361.171957720000137,1129888.933819999918342,1
5381,5382,55243,583,PIMA,55243,8.758352402420000,2583.030717359999926,381513.830649000010453,1
5382,5383,55244,805,PIMA,55244,108.547942281999994,8867.333794379999745,4728348.365819999948144,0
5383,5384,55245,805,PIMA,55245,66.081891429899997,7549.066776730000129,2878527.190690000075847,0
5384,5385,55246,59,PIMA,55246,5.958555274980000,2040.616156320000073,259554.667778000002727,0
5385,5386,55247,59,PIMA,55247,4.718992682000000,1816.752816169999960,205559.321227999986149,0
5386,5387,55248,144,PIMA,55248,25.952239079000002,5367.584607640000286,1130479.534280000021681,0
5387,5388,55249,171,PIMA,55249,32.527845433400003,4926.765206359999866,1416912.947080000070855,0
5388,5389,55250,171,PIMA,55250,28.021253459400000,4526.705524650000370,1220605.800689999945462,0
5389,5390,55251,171,PIMA,55251,28.657796153800000,4770.265871700000389,1248333.600460000103340,0
5390,5391,55252,167,PIMA,55252,28.802168126300000,4421.116005840000071,1254622.443579999962822,0
5391,5392,55253,169,PIMA,55253,10.061802386500000,2650.180183380000017,438292.111956999986432,0
5392,5393,55254,140,PIMA,55254,90.963565293499997,9507.445640609999828,3962372.904180000070482,0
5393,5394,55255,1040,PIMA,55255,49.366884994800003,7472.958116179999706,2150421.510369999799877,0
5394,5395,55256,1040,PIMA,55256,156.804307142999988,10452.809673199999452,6830395.619129999540746,0
5395,5396,55257,711,PIMA,55257,200.128249694999994,14361.334977500000605,8717586.556709999218583,0
5396,5397,55258,201,PIMA,55258,18.154701198600002,3675.192943510000077,790818.784209999954328,1
5397,5398,55259,201,PIMA,55259,19.991497216599999,3970.012579509999796,870829.618755999952555,1
5398,5399,55260,346,PIMA,55260,2.997129864480000,1727.028546450000022,130554.976897000000463,0
5399,5400,55261,308,PIMA,55261,6.658681203710000,2230.516683110000031,290052.153234000026714,0
5400,5401,55262,308,PIMA,55262,9.051354377999999,2571.197171610000169,394276.996706000005361,0
5401,5402,55263,293,PIMA,55263,8.035738333619999,2534.912348240000028,350036.761813000019174,1
5402,5403,55264,293,PIMA,55264,5.378134448240000,2161.518299570000181,234271.536564999987604,1
5403,5404,55265,422,PIMA,55265,19.649810600599999,3926.648723350000182,855945.749761000042781,0
5404,5405,55266,422,PIMA,55266,10.419591403900000,2702.351326259999951,453877.401553999981843,0
5405,5406,55267,422,PIMA,55267,20.019731989499999,3946.607943219999925,872059.525461000041105,0
5406,5407,55268,649,PIMA,55268,70.968049847800003,7446.682344150000063,3091368.251370000187308,0
5407,5408,55269,649,PIMA,55269,73.487189597699995,7149.340611210000134,3201101.978879999835044,0
5408,5409,55270,805,PIMA,55270,41.661982154100002,5432.102862230000028,1814795.942629999946803,0
5409,5410,55271,805,PIMA,55271,49.965102053700001,6894.224868080000306,2176479.845459999982268,0
5410,5411,55272,804,PIMA,55272,89.077423463599999,8706.118573399999150,3880212.566079999785870,0
5411,5412,55273,303,PIMA,55273,11.575499924900001,2937.315477029999784,504228.776728999975603,0
5412,5413,55274,395,PIMA,55274,7.362673933580000,2311.778516289999970,320718.076546999975108,0
5413,5414,55275,395,PIMA,55275,15.539448333399999,3794.292105999999876,676898.369402999989688,0
5414,5415,55276,464,PIMA,55276,14.328006796800000,3158.025183469999774,624127.976067999959923,0
5415,5416,55277,464,PIMA,55277,15.531312005300000,3315.180421829999887,676543.950951999984682,0
5416,5417,55278,462,PIMA,55278,9.667632536339999,3291.317865569999867,421122.073282999976072,0
5417,5418,55279,369,PIMA,55279,18.224570681300001,4056.605803439999818,793862.298878000001423,0
5418,5419,55280,443,PIMA,55280,10.091668286999999,2660.463262220000161,439593.070581000007223,0
5419,5420,55281,981,PIMA,55281,25.136891531700002,4711.957842810000329,1094962.995120000094175,1
5420,5421,55282,981,PIMA,55282,15.316794261500000,3596.131259790000058,667199.558030999964103,1
5421,5422,55283,349,PIMA,55283,45.314328960399997,6569.613385509999716,1973892.169519999995828,1
5422,5423,55284,379,PIMA,55284,26.544602206699999,4377.567794929999764,1156282.872119999956340,1
5423,5424,55285,383,PIMA,55285,14.974193047400000,3582.644339980000041,652275.849143999977969,1
5424,5425,55286,381,PIMA,55286,9.587235659150000,2547.434441630000038,417619.985312999982852,0
5425,5426,55287,381,PIMA,55287,8.951509590500001,2940.346478370000114,389927.757762000022922,0
5426,5427,55288,390,PIMA,55288,15.908216141400001,3281.147579729999961,692961.895120000001043,1
5427,5428,55289,390,PIMA,55289,14.013108710399999,4256.890851090000069,610411.015425999998115,1
5428,5429,55290,390,PIMA,55290,9.002292835000000,2459.506160490000184,392139.875892999989446,1
5429,5430,55291,390,PIMA,55291,7.575250686340000,2314.866658370000096,329977.919897000014316,1
5430,5431,55292,494,PIMA,55292,15.762017511300000,3641.949245499999961,686593.482791000045836,1
5431,5432,55293,494,PIMA,55293,17.572705285500000,3880.613951519999773,765467.042234999942593,1
5432,5433,55294,472,PIMA,55294,19.534504535300002,3875.487389760000042,850923.017557000042871,1
5433,5434,55295,472,PIMA,55295,19.078669707100001,3864.325477079999928,831066.852442999952473,1
5434,5435,55296,436,PIMA,55296,15.605020458000000,3383.592628989999866,679754.691148999962024,1
5435,5436,55297,1008,PIMA,55297,57.381068195899999,8989.915749739999228,2499519.330610000062734,1
5436,5437,55298,1008,PIMA,55298,21.879193220600001,4095.336810480000167,953057.656690999981947,1
5437,5438,55299,1008,PIMA,55299,35.446006822000001,5903.451691539999956,1544028.057169999927282,1
5438,5439,55300,561,PIMA,55300,37.870493660400001,5371.336116860000402,1649638.703849999932572,1
5439,5440,55301,625,PIMA,55301,219.123946558000000,13080.273060299999997,9545039.112059999257326,0
5440,5441,55302,717,PIMA,55302,39.876410494300004,5272.211067340000227,1737016.441129999933764,0
5441,5442,55303,717,PIMA,55303,32.748204138900000,4790.143083310000293,1426511.772289999993518,0
5442,5443,55304,717,PIMA,55304,39.801464942700001,5277.549380010000277,1733751.812900000018999,0
5443,5444,55305,717,PIMA,55305,34.250965707399999,4894.677470980000180,1491972.066219999920577,0
5444,5445,55306,717,PIMA,55306,20.913537555000001,4018.370476709999821,910993.695896000019275,0
5445,5446,55307,717,PIMA,55307,17.624064402199998,3601.919951719999972,767704.245359999942593,0
5446,5447,55308,717,PIMA,55308,50.329318150699997,6822.904573820000223,2192345.098639999981970,0
5447,5448,55309,717,PIMA,55309,19.313411785200000,3878.489071630000126,841292.217363000032492,0
5448,5449,55310,717,PIMA,55310,37.392358480699997,5645.283968720000303,1628811.135419999947771,0
5449,5450,55311,717,PIMA,55311,118.700285143000002,9199.386709930000507,5170584.420810000039637,0
5450,5451,55312,722,PIMA,55312,80.511843016800000,7998.530125610000141,3507095.881810000166297,0
5451,5452,55313,733,PIMA,55313,192.951214155000002,13257.876840400000219,8404954.888599999248981,0
5452,5453,55314,420,PIMA,55314,7.159652565050000,2555.362934320000022,311874.465733000019100,0
5453,5454,55315,420,PIMA,55315,24.829450374299999,4565.544020430000273,1081570.858310000039637,0
5454,5455,55316,739,PIMA,55316,22.671057751599999,4444.669025860000147,987551.275658000027761,0
5455,5456,55317,739,PIMA,55317,11.646602073600000,3061.304176029999780,507325.986327000020538,0
5456,5457,55318,739,PIMA,55318,34.679283052700001,4950.280533180000020,1510629.569769999943674,0
5457,5458,55319,739,PIMA,55319,18.886312244500001,3834.871559860000161,822687.761371999979019,0
5458,5459,55320,1060,PIMA,55320,57.734387121499999,7067.848966839999775,2514909.903010000009090,0
5459,5460,55321,1055,PIMA,55321,4.855853843360000,1891.334675459999971,211520.993416999990586,0
5460,5461,55322,252,PIMA,55322,13.559202437500000,3104.292714700000033,590638.858175999950618,0
5461,5462,55323,252,PIMA,55323,33.363778683400000,4975.058512700000392,1453326.199449999956414,0
5462,5463,55324,104,PIMA,55324,289.373662186999979,16729.494669899999280,12605116.724899999797344,0
5463,5464,55325,722,PIMA,55325,79.470154988499999,7888.064796030000252,3461719.951299999840558,0
5464,5465,55326,59,PIMA,55326,7.336149551240000,2302.788294569999834,319562.674452000006568,0
5465,5466,55327,35,PIMA,55327,5.651197971910000,1987.528601040000012,246166.183656000008341,1
5466,5467,55328,178,PIMA,55328,17.075844227000001,4052.788884550000148,743823.774529000045732,0
5467,5468,55329,1040,PIMA,55329,73.354162557300000,7547.197049209999932,3195307.320999999996275,0
5468,5469,55330,711,PIMA,55330,334.376761787000021,18760.203503100001399,14565451.743400000035763,0
5469,5470,55331,250,PIMA,55331,14.869103012600000,3453.719318070000099,647698.127228999976069,0
5470,5471,55332,1055,PIMA,55332,5.563947584860000,2071.393749389999812,242365.556796999997459,0
5471,5472,55333,703,PIMA,55333,135.901080799999988,10375.779788899999403,5919851.079649999737740,0
5472,5473,55334,703,PIMA,55334,39.038646067000002,6585.663414569999986,1700523.422680000076070,0
5473,5474,55335,703,PIMA,55335,78.354559248300006,7892.076819390000310,3413124.600850000046194,0
5474,5475,55336,703,PIMA,55336,78.016539990200002,8003.570524920000025,3398400.481970000080764,0
5475,5476,55337,703,PIMA,55337,79.649715859200001,7891.658656460000202,3469541.622820000164211,0
5476,5477,55338,703,PIMA,55338,2.607882040350000,1475.261530819999962,113599.341677999997046,0
5477,5478,55339,703,PIMA,55339,3.589694851990000,1595.325996730000043,156367.107752999989316,0
5478,5479,55340,698,PIMA,55340,5.743115892900000,2029.980339420000064,250170.128295000002254,0
5479,5480,55341,698,PIMA,55341,7.540472178060000,2397.826072700000168,328462.968075999990106,0
5480,5481,55342,703,PIMA,55342,78.861993529299994,7859.613307980000172,3435228.438130000140518,0
5481,5482,55343,315,PIMA,55343,36.922172664700000,5543.306114979999620,1608329.841280000051484,0
5482,5483,55344,315,PIMA,55344,69.104189371600000,7875.137930560000314,3010178.489029999822378,0
5483,5484,55345,315,PIMA,55345,59.693399940500001,6579.398456599999918,2600244.501410000026226,0
5484,5485,55346,315,PIMA,55346,49.385968193899998,7206.917052830000102,2151252.774530000053346,0
5485,5486,55347,315,PIMA,55347,80.335908282800006,7749.320618220000142,3499432.164799999911338,0
5486,5487,55348,349,PIMA,55348,20.611183952000001,3835.980337760000111,897823.172949000028893,1
5487,5488,55349,349,PIMA,55349,16.952841448699999,3673.721973910000088,738465.773504000040703,1
5488,5489,55350,349,PIMA,55350,13.776448179100001,4468.654691089999687,600102.082680999999866,1
5489,5490,55351,349,PIMA,55351,13.149021396300000,3028.370118389999789,572771.372022000025027,1
5490,5491,55352,349,PIMA,55352,13.584100357600001,3030.239481739999974,591723.411578999948688,1
5491,5492,55353,349,PIMA,55353,43.486951453099998,5661.474143589999585,1894291.605299999937415,1
5492,5493,55354,349,PIMA,55354,25.766366088500000,4502.547483569999713,1122382.906810000073165,1
5493,5494,55355,349,PIMA,55355,12.357084477400001,3215.096625040000163,538274.599833999993280,1
5494,5495,55356,378,PIMA,55356,155.703390014000007,10416.791727499999979,6782439.668999999761581,0
5495,5496,55357,198,PIMA,55357,5.089760619700000,1957.489514589999999,221709.972593999991659,1
5496,5497,55358,198,PIMA,55358,3.470996023300000,1563.693252389999998,151196.586775000003399,1
5497,5498,55359,56,PIMA,55359,6.280996500810000,2417.955315990000145,273600.207575000007637,0
5498,5499,55360,56,PIMA,55360,5.366815302980000,2054.733094369999890,233778.474598000000697,0
5499,5500,55361,56,PIMA,55361,3.495907630390000,1574.687488860000030,152281.736379999987548,0
5500,5501,55362,56,PIMA,55362,3.691875702010000,1622.743853830000035,160818.105580000003101,0
5501,5502,55363,56,PIMA,55363,3.538826730380000,1580.470286360000046,154151.292374999989988,0
5502,5503,55364,225,PIMA,55364,6.546815336930000,2436.026984640000137,285179.276077000016812,1
5503,5504,55365,180,PIMA,55365,2.275932806370000,1260.631048389999933,99139.633045700000366,1
5504,5505,55366,216,PIMA,55366,24.527464855500000,4865.539903969999614,1068416.369110000086948,0
5505,5506,55367,216,PIMA,55367,23.220736130199999,4421.608860219999769,1011495.265830000047572,0
5506,5507,55368,232,PIMA,55368,17.051370052700001,3816.628456190000179,742757.679496999946423,0
5507,5508,55369,206,PIMA,55369,24.787429315400001,4306.833267770000020,1079740.420979999937117,0
5508,5509,55370,217,PIMA,55370,4.175405278040000,1743.625514889999977,181880.653911000001244,0
5509,5510,55371,217,PIMA,55371,8.137974553570000,2411.090155920000143,354490.171554000000469,0
5510,5511,55372,233,PIMA,55372,29.971314484699999,4654.883565879999878,1305550.458959999959916,0
5511,5512,55373,203,PIMA,55373,26.136945932400000,4619.614048399999774,1138525.364820000017062,0
5512,5513,55374,177,PIMA,55374,10.502127870300001,2708.231659529999888,457472.690032000013161,0
5513,5514,55375,177,PIMA,55375,25.402446679699999,4271.406848380000156,1106530.577370000071824,0
5514,5515,55376,177,PIMA,55376,25.685874371299999,4603.324200320000273,1118876.687609999906272,0
5515,5516,55377,177,PIMA,55377,29.616380433000000,4644.197469620000447,1290089.531660000095144,0
5516,5517,55378,178,PIMA,55378,9.841157750660001,2615.708278810000138,428680.831619000004139,0
5517,5518,55379,178,PIMA,55379,7.609042953500000,2319.056512699999985,331449.911054000025615,0
5518,5519,55380,178,PIMA,55380,110.044438090000000,9136.099656029999096,4793535.723199999891222,0
5519,5520,55381,141,PIMA,55381,22.607365946500000,4758.561458670000320,984776.860629000002518,0
5520,5521,55382,715,PIMA,55382,7.056452624040000,2259.092575010000019,307379.076302999979816,0
5521,5522,55383,252,PIMA,55383,19.418023098999999,3896.548021460000200,845849.086191999958828,0
5522,5523,55384,252,PIMA,55384,26.285092929800001,4677.344446549999702,1144978.648019999964163,0
5523,5524,55385,415,PIMA,55385,19.510662450400002,3912.272288959999969,849884.456337000010535,0
5524,5525,55386,929,PIMA,55386,592.630234892999965,21170.147523799998453,25814973.031899999827147,0
5525,5526,55387,722,PIMA,55387,78.887356067200002,7827.335581299999831,3436333.230289999861270,0
5526,5527,55388,722,PIMA,55388,78.188502478700002,7834.462858380000398,3405891.167969999834895,0
5527,5528,55389,734,PIMA,55389,159.637323030999994,10548.986924400000134,6953801.791220000013709,0
5528,5529,55390,734,PIMA,55390,149.525784536999993,10175.210666400000264,6513343.174429999664426,0
5529,5530,55391,734,PIMA,55391,144.927163344999997,10089.513973999999507,6313027.235310000367463,0
5530,5531,55392,743,PIMA,55392,114.281661864000000,10701.162274399999660,4978109.190799999982119,0
5531,5532,55393,741,PIMA,55393,26.094618044800001,4240.687576219999755,1136681.562029999913648,0
5532,5533,55394,718,PIMA,55394,161.034194377999995,13161.061062299999321,7014649.507109999656677,0
5533,5534,55395,419,PIMA,55395,10.348246320399999,2682.573184620000120,450769.609717999992426,0
5534,5535,55396,396,PIMA,55396,33.666332462800000,4846.348949219999668,1466505.442079999949783,0
5535,5536,55397,194,PIMA,55397,14.644682753600000,3227.482238649999999,637922.380745999980718,1
5536,5537,55398,167,PIMA,55398,23.235410165400001,4506.892397749999873,1012134.466800000052899,0
5537,5538,55399,250,PIMA,55399,42.386987401299997,5477.278961820000404,1846377.171199999982491,0
5538,5539,55400,250,PIMA,55400,35.687551249599998,5152.109053680000216,1554549.732430000090972,0
5539,5540,55401,254,PIMA,55401,20.815557732599999,4194.088119369999731,906725.694830999942496,0
5540,5541,55402,254,PIMA,55402,12.739014241500000,3383.989394019999963,554911.460361000034027,0
5541,5542,55403,534,PIMA,55403,5.040297416610000,2006.759685539999964,219555.355467999994289,1
5542,5543,55404,483,PIMA,55404,5.483793215780000,2046.955837629999905,238874.032478999986779,1
5543,5544,55405,483,PIMA,55405,28.747722493500000,5082.072793219999767,1252250.791819999925792,1
5544,5545,55406,483,PIMA,55406,30.178718368100000,4599.043211600000177,1314584.972109999973327,1
5545,5546,55407,483,PIMA,55407,23.497314068200001,4049.408639069999936,1023543.000809999997728,1
5546,5547,55408,459,PIMA,55408,19.528215382999999,3917.797937809999894,850649.062082999967970,0
5547,5548,55409,459,PIMA,55409,9.812783529730000,2630.609199080000053,427444.850555000011809,0
5548,5549,55410,557,PIMA,55410,10.059699534300000,2656.263047190000179,438200.511713000014424,1
5549,5550,55411,443,PIMA,55411,17.229249228299999,3889.260863999999856,750506.096387000055984,0
5550,5551,55412,443,PIMA,55412,11.578019258899999,3023.335503610000160,504338.518916999979410,0
5551,5552,55413,443,PIMA,55413,21.044436133100000,4209.302472940000371,916695.637958999956027,0
5552,5553,55414,537,PIMA,55414,8.151839596660000,2524.820418090000203,355094.132830000016838,1
5553,5554,55415,718,PIMA,55415,144.364328964000009,12022.696639899999354,6288510.169669999741018,0
5554,5555,55416,696,PIMA,55416,9.399102542300000,2729.758737409999867,409424.906743000028655,0
5555,5556,55417,696,PIMA,55417,13.921607324100000,3138.404174379999859,606425.215039000031538,0
5556,5557,55418,696,PIMA,55418,31.530750203099998,4590.356209200000194,1373479.478850000072271,0
5557,5558,55419,696,PIMA,55419,21.750362779100001,4829.078241899999739,947445.802658000029624,0
5558,5559,55420,706,PIMA,55420,40.908933979799997,5910.441957840000214,1781993.164159999927506,0
5559,5560,55421,696,PIMA,55421,56.043930288699997,7478.079207830000087,2441273.603380000218749,0
5560,5561,55422,692,PIMA,55422,315.884641398999975,15390.787813499999174,13759934.979399999603629,0
5561,5562,55423,692,PIMA,55423,5.279156054320000,2316.495378990000063,229960.037726000009570,0
5562,5563,55424,252,PIMA,55424,22.491123790000000,4276.371968139999808,979713.352290999959223,0
5563,5564,55425,67,PIMA,55425,56.907555819099997,7878.131068699999560,2478893.131479999981821,0
5564,5565,55426,67,PIMA,55426,26.909449848200001,4896.105770539999867,1172175.635389999952167,0
5565,5566,55427,692,PIMA,55427,20.980709553299999,3991.254841309999847,913919.708143000025302,0
5566,5567,55428,692,PIMA,55428,52.177801107199997,7270.805818030000410,2272865.016230000182986,0
5567,5568,55429,684,PIMA,55429,69.977213573900002,8314.925351699999737,3048207.423280000220984,0
5568,5569,55430,694,PIMA,55430,412.861621323999998,17829.653669700001046,17984252.224899999797344,0
5569,5570,55431,691,PIMA,55431,43.715030167899997,6869.630356949999623,1904226.714110000059009,0
5570,5571,55432,691,PIMA,55432,279.110660327999994,15944.385611499999868,12158060.363900000229478,0
5571,5572,55433,691,PIMA,55433,23.214102736400001,4468.504038150000270,1011206.315199999953620,0
5572,5573,55434,691,PIMA,55434,7.316256012250000,2265.584318979999807,318696.111893999972381,0
5573,5574,55435,691,PIMA,55435,57.224284462200004,7370.839854400000149,2492689.831170000135899,0
5574,5575,55436,681,PIMA,55436,67.280991085599993,7466.217793900000288,2930759.971690000034869,0
5575,5576,55437,681,PIMA,55437,29.083339760699999,4564.134249030000319,1266870.279980000108480,0
5576,5577,55438,680,PIMA,55438,527.019415717000015,24331.915561000001617,22956965.748599998652935,0
5577,5578,55439,254,PIMA,55439,16.702251103100000,3797.180843040000127,727550.058052000007592,0
5578,5579,55440,254,PIMA,55440,12.800338963000000,3319.844740500000171,557582.765230000019073,0
5579,5580,55441,254,PIMA,55441,22.342063572699999,4005.572586180000144,973220.289228999987245,0
5580,5581,55442,251,PIMA,55442,9.615488969910000,2649.136486160000004,418850.699528999975882,0
5581,5582,55443,251,PIMA,55443,10.699204225900001,3062.354549560000123,466057.336080999986734,0
5582,5583,55444,251,PIMA,55444,10.194140051800000,3111.163843419999921,444056.740656999987550,0
5583,5584,55445,252,PIMA,55445,36.351418519200003,4973.311359070000435,1583467.790700000012293,0
5584,5585,55446,67,PIMA,55446,31.998807147400001,5241.055572410000423,1393868.039339999901131,0
5585,5586,55447,67,PIMA,55447,34.955970893699998,5516.137588720000167,1522682.092130000004545,0
5586,5587,55448,67,PIMA,55448,27.069552544800001,7505.774801100000332,1179149.708850000053644,0
5587,5588,55449,67,PIMA,55449,65.956471938099995,8691.053023180000309,2873063.917619999963790,0
5588,5589,55450,668,PIMA,55450,581.855475559999945,24003.287346699999034,25345624.515399999916553,1
5589,5590,55451,1028,PIMA,55451,162.868173952000006,11322.011854799999128,7094537.657329999841750,1
5590,5591,55452,65,PIMA,55452,497.596814960000017,18870.461058400000184,21675317.259599998593330,1
5591,5592,55453,61,PIMA,55453,111.323214414000006,9897.304086550000648,4849239.219859999604523,1
5592,5593,55454,60,PIMA,55454,413.115550063000001,17984.085981200001697,17995313.360800001770258,1
5593,5594,55456,70,PIMA,55456,20.015780305700002,3838.801249969999844,871887.390114999958314,0
5594,5595,55457,70,PIMA,55457,46.683191780999998,5560.041242209999837,2033519.833980000112206,0
5595,5596,55458,70,PIMA,55458,22.845021352900002,4136.177735350000148,995129.130131999962032,0
5596,5597,55459,70,PIMA,55459,33.111275105499999,5005.732496210000136,1442327.143600000068545,0
5597,5598,55460,70,PIMA,55460,28.450351681400001,4852.881192060000103,1239297.319240000098944,0
5598,5599,55461,672,PIMA,55461,29.216930255899999,4442.053692540000156,1272689.481949999928474,0
5599,5600,55462,673,PIMA,55462,629.919763623999984,35824.749811699999555,27439304.903499998152256,0
5600,5601,55463,673,PIMA,55463,145.581547193000006,11468.445668500000465,6341532.195749999955297,0
5601,5602,55464,677,PIMA,55464,312.609672375000002,18157.562090600000374,13617277.328700000420213,0
5602,5603,55465,677,PIMA,55465,20.536601057199999,3974.886235250000027,894574.342051999992691,0
5603,5604,55466,676,PIMA,55466,177.554535108000010,12861.931833200000256,7734275.549309999682009,0
5604,5605,55467,675,PIMA,55467,383.835527145000015,21591.681474699998944,16719875.562400000169873,0
5605,5606,55468,678,PIMA,55468,174.881409544999997,12789.610943800000314,7617834.199789999984205,0
5606,5607,55469,677,PIMA,55469,168.095359849999994,12751.359534999999596,7322233.875079999677837,0
5607,5608,55470,682,PIMA,55470,68.418034416899999,7254.884652110000388,2980289.579200000036508,0
5608,5609,55471,682,PIMA,55471,71.796156756000002,7630.207398550000107,3127440.588289999868721,0
5609,5610,55472,682,PIMA,55472,39.223748422400000,5990.591183149999779,1708586.481279999949038,0
5610,5611,55473,682,PIMA,55473,46.147376145899997,6177.611138690000189,2010179.704910000087693,0
5611,5612,55474,682,PIMA,55474,7.817691059250000,2611.770949469999778,340538.622541000018828,0
5612,5613,55475,682,PIMA,55475,8.349070630340000,2407.062731470000017,363685.516658000007737,0
5613,5614,55476,682,PIMA,55476,44.858317936500001,5611.170134490000237,1954028.329309999942780,0
5614,5615,55477,682,PIMA,55477,31.438117043700000,4724.755619970000225,1369444.378419999964535,0
5615,5616,55478,682,PIMA,55478,48.370048767000000,5703.269490779999614,2106999.324289999902248,0
5616,5617,55479,682,PIMA,55479,29.170945950099998,4596.723080210000262,1270686.405580000020564,0
5617,5618,55480,682,PIMA,55480,42.698161654300002,6143.200362720000157,1859931.921659999992698,0
5618,5619,55481,682,PIMA,55481,11.937815893700000,3002.309487590000117,520011.260330000019167,0
5619,5620,55482,1075,PIMA,55482,118.633750051999996,10512.058904999999868,5167686.152259999886155,0
5620,5621,55483,1085,PIMA,55483,15.263323047000000,3394.458545750000212,664870.351927999989130,0
5621,5622,55484,1075,PIMA,55484,54.157079983899997,7130.934775839999929,2359082.404099999926984,0
5622,5623,55485,1075,PIMA,55485,46.433591889900001,6053.591706309999608,2022647.262719999998808,0
5623,5624,55486,1075,PIMA,55486,43.896827053300001,5475.658764120000342,1912145.786439999938011,0
5624,5625,55487,1075,PIMA,55487,63.500961692700002,7493.141086100000393,2766101.891330000013113,0
5625,5626,55488,1085,PIMA,55488,76.266875706899995,8192.118511750000835,3322185.105789999943227,0
5626,5627,55489,1085,PIMA,55489,91.046614519700000,9375.118105139999898,3965990.528479999862611,0
5627,5628,55490,679,PIMA,55490,189.842761394999997,11808.027000899999621,8269550.686379999853671,0
5628,5629,55491,1087,PIMA,55491,37.693825924000002,5118.874378950000391,1641943.057250000070781,0
5629,5630,55492,1087,PIMA,55492,52.342025747199997,7981.854534109999804,2280018.641549999825656,0
5630,5631,55493,679,PIMA,55493,81.532959691800002,7960.114894569999706,3551575.724169999826699,0
5631,5632,55494,679,PIMA,55494,29.228969355499999,4960.169961669999793,1273213.905120000010356,0
5632,5633,55495,1087,PIMA,55495,24.777023275499999,4380.114398880000408,1079287.133880000095814,0
5633,5634,55496,1087,PIMA,55496,47.233690553499997,5834.266001770000003,2057499.560509999981150,0
5634,5635,55497,1087,PIMA,55497,18.271476583599998,3565.512255759999789,795905.519981999997981,0
5635,5636,55498,1087,PIMA,55498,53.764374405799998,6300.035155640000085,2341976.149120000191033,0
5636,5637,55499,679,PIMA,55499,42.618930447799997,7037.553690599999754,1856480.610309999901801,0
5637,5638,55500,679,PIMA,55500,102.556599508999994,8776.194216570000208,4467365.474589999765158,0
5638,5639,55501,679,PIMA,55501,178.283383793000013,14054.558908999999403,7766024.198010000400245,0
5639,5640,55502,679,PIMA,55502,155.067898469999989,11556.328809500000716,6754757.657349999994040,0
5640,5641,55503,685,PIMA,55503,1993.922653339999897,44990.674858500002301,86855270.779499992728233,0
5641,5642,55504,893,PIMA,55504,24.589817240700000,5365.430284899999606,1071132.439000000013039,1
5642,5643,55505,897,PIMA,55505,238.819720644000000,12846.911909399999786,10402987.031199999153614,0
5643,5644,55506,897,PIMA,55506,638.085854319999953,24467.064460900000995,27795019.814199998974800,0
5644,5645,55507,897,PIMA,55507,318.290951445000019,16150.656907599999613,13864753.845000000670552,0
5645,5646,55508,897,PIMA,55508,178.595709480000011,11178.366853499999706,7779629.104949999600649,0
5646,5647,55509,1089,PIMA,55509,200.896788283000006,13227.455014600000140,8751064.097599999979138,1
5647,5648,55510,893,PIMA,55510,121.458480864999999,9604.938515480000206,5290731.426479999907315,1
5648,5649,55511,893,PIMA,55511,99.245659752099996,8507.902829479999127,4323140.938799999654293,1
5649,5650,55512,893,PIMA,55512,75.037044183700004,7543.756152160000056,3268613.644640000071377,1
5650,5651,55513,894,PIMA,55513,94.606358826900006,7954.314559440000266,4121052.990499999839813,1
5651,5652,55514,894,PIMA,55514,84.194595884400002,8094.818150209999658,3667516.596719999797642,1
5652,5653,55515,894,PIMA,55515,84.900824796199998,9291.613738039999589,3698279.928119999822229,1
5653,5654,55516,696,PIMA,55516,25.746879459500001,5310.608237520000330,1121534.069249999942258,0
5654,5655,55517,894,PIMA,55517,72.141443564699998,8953.420755799999824,3142481.281680000014603,1
5655,5656,55518,894,PIMA,55518,41.817519434799998,8275.195290400000886,1821571.146579999942333,1
5656,5657,55519,894,PIMA,55519,108.206365835000000,8715.465908989999662,4713469.295789999887347,1
5657,5658,55520,894,PIMA,55520,96.515180431100006,11127.594389699999738,4204201.259580000303686,1
5658,5659,55521,680,PIMA,55521,34.981983994499998,5608.889103890000115,1523815.222800000105053,0
5659,5660,55522,680,PIMA,55522,22.249398639399999,5287.149348969999664,969183.804732999997213,0
5660,5661,55523,680,PIMA,55523,5.781624777160000,2116.055464269999902,251847.575293000001693,0
5661,5662,55524,680,PIMA,55524,11.850695694400001,3936.352965089999998,516216.304446999973152,0
5662,5663,55525,680,PIMA,55525,27.110187984000000,5242.783051549999982,1180919.788579999934882,0
5663,5664,55526,680,PIMA,55526,37.604909098500002,5543.446847729999718,1638069.840330000035465,0
5664,5665,55527,680,PIMA,55527,3.137552634030000,1500.185706559999971,136671.792737999989185,0
5665,5666,55528,680,PIMA,55528,45.320540147999999,5600.092896350000046,1974162.728850000072271,0
5666,5667,55529,896,PIMA,55529,18.104799680500001,3549.137579119999828,788645.074083999963477,1
5667,5668,55530,895,PIMA,55530,21.557797727699999,3895.876616120000108,939057.669018000015058,1
5668,5669,55531,895,PIMA,55531,45.294264767900003,6577.427996119999989,1973018.173290000064299,1
5669,5670,55532,896,PIMA,55532,102.946133720999995,8470.828500559999156,4484333.584900000132620,1
5670,5671,55533,1089,PIMA,55533,58.941233906000001,7177.608377479999945,2567480.148949999827892,1
5671,5672,55534,784,PIMA,55534,1197.488040330000103,40063.066830399999162,52162579.036600001156330,0
5672,5673,55535,723,PIMA,55535,6845.725017460000345,156004.618707999994513,298199781.760999977588654,0
5673,5674,55536,753,PIMA,55536,99.232015568600005,9817.713030569999319,4322546.598170000128448,0
5674,5675,55537,396,PIMA,55537,17.864807383500001,3868.394960430000083,778191.009626999963075,0
5675,5676,55538,357,PIMA,55538,10.625056619000000,2718.481061899999986,462827.466322999971453,1
5676,5677,55539,357,PIMA,55539,20.326588398300000,3997.560474859999886,885426.190631999983452,1
5677,5678,55540,357,PIMA,55540,12.661292432800000,3136.119223719999809,551525.898372999974526,1
5678,5679,55541,357,PIMA,55541,52.371956115600000,6452.140347599999586,2281322.408400000073016,1
5679,5680,55542,357,PIMA,55542,32.989266756600003,5658.158217279999917,1437012.459920000052080,1
5680,5681,55543,357,PIMA,55543,5.530274173000000,2070.264489499999854,240898.742976000008639,1
5681,5682,55544,357,PIMA,55544,20.241176030300000,4011.729578649999894,881705.627878000028431,1
5682,5683,55545,357,PIMA,55545,5.423765874500000,2053.751053649999903,236259.241493000008631,1
5683,5684,55546,303,PIMA,55546,11.466762925499999,2918.197082709999904,499492.193035000003874,0
5684,5685,55547,695,PIMA,55547,2512.116978380000091,47045.409440800001903,109427815.577999994158745,0
5685,5686,55548,250,PIMA,55548,29.244863417700000,4797.069607739999810,1273906.250470000086352,0
5686,5687,55549,250,PIMA,55549,73.212580178600007,8481.611980409999887,3189139.992579999845475,0
5687,5688,55550,753,PIMA,55550,129.321641489999990,10964.142681299999822,5633250.703309999778867,0
5688,5689,55551,719,PIMA,55551,150.811637657999995,12892.313939400000891,6569354.936359999701381,0
5689,5690,55552,719,PIMA,55552,129.936901457999994,12308.455429100000401,5660051.427529999986291,0
5690,5691,55553,783,PIMA,55553,920.911447164000037,30154.481995699999970,40114902.638400003314018,0
5691,5692,55554,784,PIMA,55554,348.144373809999990,19708.158470999998826,15165168.923200000077486,0
5692,5693,55555,784,PIMA,55555,149.726750208999988,11089.665911199999755,6522097.239110000431538,0
5693,5694,55556,752,PIMA,55556,534.340885923999963,21110.804438200000732,23275888.990899998694658,0
5694,5695,55557,303,PIMA,55557,6.129954189110000,2161.348273919999883,267020.804477999976370,0
5695,5696,55558,303,PIMA,55558,12.216637079700000,3014.133800279999832,532156.711193999974057,0
5696,5697,55559,419,PIMA,55559,4.144387984960000,1770.170156200000065,180529.540624999994179,0
5697,5698,55560,431,PIMA,55560,4.941256941290000,1963.366029170000047,215241.152361999993445,0
5698,5699,55561,431,PIMA,55561,10.600504102300000,3339.468780520000109,461757.958694999979343,0
5699,5700,55562,419,PIMA,55562,5.265931901440000,2049.601997960000062,229383.993626999988919,0
5700,5701,55563,357,PIMA,55563,10.312196619200000,2678.903827799999817,449199.284732999978587,1
5701,5702,55564,312,PIMA,55564,5.493690282930000,2052.605326779999814,239305.148723999998765,0
5702,5703,55565,415,PIMA,55565,19.791660759900001,3944.283301720000054,862124.742700999951921,0
5703,5704,55566,34,PIMA,55566,11.692161689000001,3021.726261799999975,509310.563171999994665,1
5704,5705,55567,34,PIMA,55567,3.725420593390000,1620.972671020000007,162279.321048000012524,1
5705,5706,55568,34,PIMA,55568,5.748059827600000,2129.393661290000182,250385.486089999991236,1
5706,5707,55569,34,PIMA,55569,5.625658220720000,2020.965663160000076,245053.672094999987166,1
5707,5708,55570,34,PIMA,55570,9.519182761090001,3127.871019929999875,414655.601072999997996,1
5708,5709,55571,34,PIMA,55571,3.554796535450000,1604.321887419999939,154846.937084000004688,1
5709,5710,55572,34,PIMA,55572,2.594618084920000,1319.881575990000101,113021.563779000003706,1
5710,5711,55573,419,PIMA,55573,5.673322989120000,2111.613389709999865,247129.949405999999726,1
5711,5712,55574,419,PIMA,55574,5.022087107610000,1953.234730540000101,218762.114406999986386,1
5712,5713,55575,419,PIMA,55575,5.655101494880000,2101.799325899999985,246336.221117000008235,1
5713,5714,55576,419,PIMA,55576,4.863351380240000,1939.268945170000052,211847.586122999986401,0
5714,5715,55577,419,PIMA,55577,9.657265407970000,3308.461706359999880,420670.481170999992173,0
5715,5716,55578,419,PIMA,55578,5.393707742120000,2094.283413059999930,234949.909247000003234,0
5716,5717,55579,419,PIMA,55579,4.479098383140000,1830.057487269999910,195109.525569999997970,0
5717,5718,55580,431,PIMA,55580,5.258888825310000,2040.968201610000051,229077.197230999998283,0
5718,5719,55581,431,PIMA,55581,4.963967372910000,1971.819984519999934,216230.418764000001829,0
5719,5720,55582,34,PIMA,55582,4.088540723110000,1782.248873609999919,178096.833898999990197,0
5720,5721,55583,34,PIMA,55583,5.278533657450000,2058.916441960000157,229932.926119000010658,0
5721,5722,55584,431,PIMA,55584,5.183916236290000,2028.288790820000031,225811.391253000008874,0
5722,5723,55585,431,PIMA,55585,4.939764642550000,1970.270824239999911,215176.147828999994090,0
5723,5724,55586,57,PIMA,55586,14.949148540800000,3254.187704810000014,651184.910434999968857,0
5724,5725,55587,57,PIMA,55587,10.552673188300000,2941.205168789999789,459674.444083000009414,0
5725,5726,55588,57,PIMA,55588,3.315793734560000,1567.185981769999898,144435.975077999988571,0
5726,5727,55589,57,PIMA,55589,4.969940818920000,1861.561506139999892,216490.622071999998298,0
5727,5728,55590,57,PIMA,55590,5.146295659790000,1900.892586120000033,224172.638940000004368,0
5728,5729,55591,57,PIMA,55591,4.914537725460000,1851.765063779999991,214077.263321000005817,0
5729,5730,55592,57,PIMA,55592,2.736730267820000,1381.818923089999998,119211.970465999998851,0
5730,5731,55593,57,PIMA,55593,8.509106398600000,3223.107269030000225,370656.674722999974620,0
5731,5732,55594,57,PIMA,55594,5.363067465150000,2073.213063409999904,233615.218782000010833,0
5732,5733,55595,57,PIMA,55595,2.789108192330000,1393.431012719999899,121493.552857999995467,0
5733,5734,55596,431,PIMA,55596,9.698408811020000,3284.740247749999980,422462.687808000016958,0
5734,5735,55597,34,PIMA,55597,4.306698347030000,2084.597437190000164,187599.779997000005096,1
5735,5736,55598,419,PIMA,55598,4.740280634060000,1905.774017389999926,206486.624420000007376,0
5736,5737,55599,419,PIMA,55599,3.513542317640000,1734.181886759999998,153049.903355999995256,0
5737,5738,55600,419,PIMA,55600,5.770197887860000,2045.717139319999887,251349.819994999998016,0
5738,5739,55601,420,PIMA,55601,7.975747093500000,2401.633270799999991,347423.543393000029027,0
5739,5740,55602,420,PIMA,55602,4.379990613390000,1815.907062830000086,190792.391119000007166,0
5740,5741,55603,420,PIMA,55603,4.785481328080000,1800.506253980000110,208455.566651000001002,0
5741,5742,55604,420,PIMA,55604,3.119117036710000,1496.735374000000093,135868.738118999986909,0
5742,5743,55605,385,PIMA,55605,7.806028494230000,2367.702160230000118,340030.601208999985829,0
5743,5744,55606,385,PIMA,55606,7.679680045440000,2340.270987719999994,334526.862779000017326,0
5744,5745,55607,357,PIMA,55607,5.089919431460000,2024.260938509999960,221716.890434000000823,1
5745,5746,55608,357,PIMA,55608,5.122141657940000,2010.460957580000013,223120.490619999996852,1
5746,5747,55609,357,PIMA,55609,5.390822471280000,2038.257861569999932,234824.226848999998765,1
5747,5748,55610,357,PIMA,55610,4.988696050940000,1972.806039220000002,217307.599978999991436,1
5748,5749,55611,357,PIMA,55611,5.125734647330000,2010.596190109999952,223277.001237999997102,1
5749,5750,55612,357,PIMA,55612,5.397636040150000,2042.559478910000053,235121.025908999989042,1
5750,5751,55613,357,PIMA,55613,8.095917071140001,2398.244187419999889,352658.147618999995757,1
5751,5752,55614,357,PIMA,55614,9.047333612679999,2519.502941449999980,394101.852168000012171,1
5752,5753,55615,433,PIMA,55615,7.784497140520000,2331.204207159999896,339092.695440999988932,1
5753,5754,55616,433,PIMA,55616,7.745088319680000,2324.650895010000113,337376.047205000009853,1
5754,5755,55617,458,PIMA,55617,14.881903514899999,3611.353270760000214,648255.717107999953441,1
5755,5756,55618,426,PIMA,55618,4.486187862700000,1770.909489890000032,195418.343299000000115,0
5756,5757,55619,344,PIMA,55619,10.018967292399999,2644.716279669999949,436426.215259000018705,1
5757,5758,55620,344,PIMA,55620,11.970767398600000,3043.338311080000040,521446.627882000000682,1
5758,5759,55621,344,PIMA,55621,8.989431623440000,2583.699829340000178,391579.641516999981832,1
5759,5760,55622,344,PIMA,55622,2.714180668810000,1375.854721910000080,118229.709933000005549,0
5760,5761,55623,344,PIMA,55623,15.513880646200001,3364.134970590000194,675784.640949000022374,0
5761,5762,55624,344,PIMA,55624,5.507050884880000,2100.268922469999779,239887.136544999986654,0
5762,5763,55625,344,PIMA,55625,4.952717010010000,1993.930472839999993,215740.352955999987898,0
5763,5764,55626,344,PIMA,55626,3.207927174050000,1497.130320729999994,139737.307701999990968,0
5764,5765,55627,344,PIMA,55627,5.245169824750000,2017.787102819999973,228479.597566000011284,0
5765,5766,55628,344,PIMA,55628,10.845940458699999,2749.527358389999790,472449.166382000024896,0
5766,5767,55629,344,PIMA,55629,5.515182667450000,2089.204240659999869,240241.356994000001578,0
5767,5768,55630,344,PIMA,55630,10.386473255100000,2691.586775459999899,452434.774993000028189,0
5768,5769,55631,344,PIMA,55631,5.154210492550000,2032.385005359999923,224517.409054999996442,0
5769,5770,55632,344,PIMA,55632,5.491505679250000,2082.551593260000118,239209.987388000008650,0
5770,5771,55633,344,PIMA,55633,14.922222262200000,3283.384824599999774,650012.001740999985486,0
5771,5772,55634,344,PIMA,55634,3.990460056730000,1693.060115960000076,173824.440070999989985,1
5772,5773,55635,344,PIMA,55635,4.110034988510000,1749.566911500000060,179033.124099999986356,0
5773,5774,55636,325,PIMA,55636,5.197824019430000,1970.944908680000026,226417.214286000002176,0
5774,5775,55637,325,PIMA,55637,6.395724028030000,2154.722346689999995,278597.738660999981221,1
5775,5776,55638,419,PIMA,55638,6.720254812720000,2482.833687689999806,292734.299641999998130,0
5776,5777,55639,420,PIMA,55639,7.343051427090000,2356.423953309999888,319863.320163999975193,0
5777,5778,55640,420,PIMA,55640,10.244251765500000,2952.509807949999868,446239.606904999993276,0
5778,5779,55641,419,PIMA,55641,4.989050915430000,1946.162746060000018,217323.057876000006218,0
5779,5780,55642,419,PIMA,55642,4.944781322380000,1991.558331929999895,215394.674403000011807,0
5780,5781,55643,419,PIMA,55643,4.963893071300000,1920.260030460000053,216227.182185999990907,1
5781,5782,55644,420,PIMA,55644,9.567588332000000,2725.423404969999865,416764.147742000001017,0
5782,5783,55645,420,PIMA,55645,13.833502682100001,3737.452088300000014,602587.376833999995142,0
5783,5784,55646,357,PIMA,55646,7.153263482620000,2671.699851240000044,311596.157302999985404,1
5784,5785,55647,357,PIMA,55647,20.441213848299999,4018.158294419999947,890419.275231000036001,1
5785,5786,55648,357,PIMA,55648,10.233468389400000,2671.110971399999926,445769.883044000016525,1
5786,5787,55649,357,PIMA,55649,20.334647086699999,4001.561690779999935,885777.227095999987796,1
5787,5788,55650,357,PIMA,55650,10.291600059100000,2678.541435390000061,448302.098574000003282,1
5788,5789,55651,337,PIMA,55651,18.253558585899999,3704.373072469999897,795125.011999999987893,1
5789,5790,55652,337,PIMA,55652,10.423916695100001,2698.235775889999786,454065.811240000010002,1
5790,5791,55653,337,PIMA,55653,11.115572057400000,2846.452084640000066,484194.318820999993477,1
5791,5792,55654,339,PIMA,55654,7.520457791150000,2307.493467809999856,327591.141383000009228,1
5792,5793,55655,339,PIMA,55655,8.701735298290000,2466.523686349999934,379047.589594000019133,1
5793,5794,55656,339,PIMA,55656,8.537097008750001,2443.299157030000060,371875.945700999989640,1
5794,5795,55657,339,PIMA,55657,6.699865699730000,2203.775261960000080,291846.149879999982659,1
5795,5796,55658,339,PIMA,55658,6.806167364840000,2211.048139219999939,296476.650412000017241,1
5796,5797,55659,339,PIMA,55659,30.571399345600000,4676.259049299999788,1331690.155490000033751,1
5797,5798,55660,339,PIMA,55660,4.412583483260000,1787.743598860000020,192212.136530999996467,1
5798,5799,55661,339,PIMA,55661,9.215561106559999,2554.080799249999927,401429.841802000009920,1
5799,5800,55662,339,PIMA,55662,6.319499275070000,2142.641876959999991,275277.388421999989077,1
5800,5801,55663,338,PIMA,55663,9.363103650610000,3255.474714580000182,407856.795021000027191,1
5801,5802,55664,338,PIMA,55664,8.898034191880001,3265.680438760000015,387598.369399000017438,1
5802,5803,55665,338,PIMA,55665,5.521394935760000,1974.534690010000077,240511.963401999993948,1
5803,5804,55666,338,PIMA,55666,11.333864929200001,2854.964206439999998,493703.156316999986302,1
5804,5805,55667,338,PIMA,55667,15.633753386500000,3314.510406870000224,681006.297513999976218,1
5805,5806,55668,320,PIMA,55668,11.062077076900000,2776.108017760000166,481864.077470000018366,1
5806,5807,55669,320,PIMA,55669,11.389755994200000,3077.456850949999989,496137.771107000007760,1
5807,5808,55670,320,PIMA,55670,8.354034490009999,3105.462832990000152,363901.742384999990463,1
5808,5809,55671,320,PIMA,55671,14.394563838700000,3184.833788779999850,627027.200813999981619,1
5809,5810,55672,320,PIMA,55672,10.284720062600000,4115.798788750000313,448002.405929000000469,1
5810,5811,55673,320,PIMA,55673,10.922078898300001,2817.665802120000080,475765.756810999999288,1
5811,5812,55674,320,PIMA,55674,17.614043501200001,3850.304000130000077,767267.734912000014447,1
5812,5813,55675,320,PIMA,55675,10.311902530799999,2930.763380320000124,449186.474241000018083,1
5813,5814,55676,304,PIMA,55676,10.253720865700000,2676.951513569999861,446652.080911999975797,1
5814,5815,55677,304,PIMA,55677,14.500737117000000,3395.799349460000030,631652.108818999957293,1
5815,5816,55678,304,PIMA,55678,3.409881149680000,1529.293884369999887,148534.422879999998258,1
5816,5817,55679,304,PIMA,55679,5.278837135860000,1955.905472189999955,229946.145637999987230,1
5817,5818,55680,304,PIMA,55680,6.983796642860000,2392.234685979999995,304214.181762999971397,1
5818,5819,55681,304,PIMA,55681,3.476846586560000,1560.699866980000024,151451.437310999986948,1
5819,5820,55682,304,PIMA,55682,14.457771038100001,3383.373924429999988,629780.506417999975383,1
5820,5821,55683,304,PIMA,55683,19.440683059500000,3946.213773940000010,846836.154070000047795,1
5821,5822,55684,285,PIMA,55684,3.940268987100000,1802.453647289999935,171638.117078000010224,0
5822,5823,55685,324,PIMA,55685,22.224032438900000,4704.956434650000119,968078.853039999958128,0
5823,5824,55686,324,PIMA,55686,6.356361869360000,2424.341758909999953,276883.123030000017025,0
5824,5825,55687,324,PIMA,55687,4.211828467050000,1868.313784239999904,183467.248025000008056,0
5825,5826,55688,291,PIMA,55688,20.189409904700000,3979.585189400000218,879450.695449999999255,1
5826,5827,55689,291,PIMA,55689,5.072190935300000,1991.843591809999907,220944.637141999992309,1
5827,5828,55690,291,PIMA,55690,4.963347353530000,1979.042436830000042,216203.410720000014408,1
5828,5829,55691,291,PIMA,55691,5.068396819850000,1985.646769819999918,220779.365473000012571,1
5829,5830,55692,291,PIMA,55692,5.079861876970000,1993.049451200000021,221278.783361000008881,1
5830,5831,55693,291,PIMA,55693,5.060877579960000,1990.033131910000066,220451.827382999996189,1
5831,5832,55694,291,PIMA,55694,20.032192518700001,3965.261479239999971,872602.306115000043064,1
5832,5833,55695,291,PIMA,55695,20.020819735000000,3976.559464160000061,872106.907657000003383,1
5833,5834,55696,291,PIMA,55696,14.969418205300000,3291.667012930000055,652067.857022000011057,1
5834,5835,55697,278,PIMA,55697,5.291629389900000,2040.386218319999898,230503.376224000006914,1
5835,5836,55698,278,PIMA,55698,4.798558945770000,1973.905255879999913,209025.227677999995649,1
5836,5837,55699,278,PIMA,55699,8.168937815620000,2367.802348430000166,355838.931248000008054,1
5837,5838,55700,278,PIMA,55700,20.298255391100000,4011.852003429999968,884192.004837000044063,1
5838,5839,55701,278,PIMA,55701,20.473654314200001,3982.944066839999778,891832.381926000001840,1
5839,5840,55702,278,PIMA,55702,10.302929447400000,2678.886204830000224,448795.606726999976672,1
5840,5841,55703,278,PIMA,55703,5.096431638230000,2029.931837670000050,222000.562161000008928,1
5841,5842,55704,278,PIMA,55704,5.025195570450000,1978.844734109999990,218897.519048999994993,1
5842,5843,55705,256,PIMA,55705,12.506743040300000,3021.920536099999936,544793.726833999971859,0
5843,5844,55706,256,PIMA,55706,4.234956523540000,1772.359781650000059,184474.706165000010515,0
5844,5845,55707,256,PIMA,55707,4.351696467010000,1800.803783079999903,189559.898103000014089,0
5845,5846,55708,256,PIMA,55708,7.478747177870000,2285.531354749999991,325774.227068000007421,0
5846,5847,55709,256,PIMA,55709,9.280463262960000,2656.070897250000144,404256.979735000000801,0
5847,5848,55710,256,PIMA,55710,4.209784198030000,1720.363517430000002,183378.199666000000434,0
5848,5849,55711,248,PIMA,55711,5.427803068890000,2224.451022879999982,236435.101681000000099,0
5849,5850,55712,248,PIMA,55712,25.084611728700001,4331.632214680000288,1092685.686900000087917,0
5850,5851,55713,248,PIMA,55713,7.782408489740000,2384.329288960000213,339001.713813000009395,0
5851,5852,55714,248,PIMA,55714,13.787145350399999,3683.420114749999811,600568.051463000010699,0
5852,5853,55715,248,PIMA,55715,4.015010491270000,1961.374145389999967,174893.856999999989057,0
5853,5854,55716,248,PIMA,55716,4.489743106670000,1923.177073430000064,195573.209726000000956,0
5854,5855,55717,248,PIMA,55717,1.361698406300000,994.845095907999962,59315.582578299996385,0
5855,5856,55718,236,PIMA,55718,5.961601936280000,2041.605745329999991,259687.380344000004698,0
5856,5857,55719,236,PIMA,55719,9.474048413520000,2655.167738420000205,412689.548892999999225,0
5857,5858,55720,237,PIMA,55720,6.389707949110000,2131.034476379999887,278335.678262999979779,0
5858,5859,55721,237,PIMA,55721,10.504538944700000,2864.218923769999947,457577.716429000021890,0
5859,5860,55722,237,PIMA,55722,6.360527267510000,2204.790679369999907,277064.567772999987938,0
5860,5861,55723,225,PIMA,55723,4.242871880320000,1721.319568220000065,184819.499107000010554,1
5861,5862,55724,225,PIMA,55724,5.007535872140000,1982.297022429999970,218128.262589999998454,1
5862,5863,55725,225,PIMA,55725,7.908347201580000,2448.120269019999796,344487.604101000004448,1
5863,5864,55726,225,PIMA,55726,29.080845259600000,5638.556866150000133,1266761.619510000105947,1
5864,5865,55727,225,PIMA,55727,3.718939637270000,1700.629825449999998,161997.010600000008708,1
5865,5866,55728,213,PIMA,55728,5.528663391150000,1982.834670310000092,240828.577319000003627,1
5866,5867,55729,194,PIMA,55729,4.002023542580000,1720.812349560000030,174328.145515000011073,1
5867,5868,55730,194,PIMA,55730,10.450834596000000,2768.004201520000152,455238.355003000004217,1
5868,5869,55731,194,PIMA,55731,9.796082849530000,2869.248777920000066,426717.368925000017043,1
5869,5870,55732,194,PIMA,55732,9.554520876510001,2626.849953819999882,416194.929380999994464,1
5870,5871,55733,225,PIMA,55733,2.646562094220000,1415.896790430000010,115284.244823999993969,1
5871,5872,55734,186,PIMA,55734,10.314581866599999,2667.079146949999995,449303.186109000002034,1
5872,5873,55735,187,PIMA,55735,15.890419172800000,3366.797265830000015,692186.659167999983765,0
5873,5874,55736,187,PIMA,55736,17.163244886699999,3705.445955099999992,747630.947262999950908,0
5874,5875,55737,187,PIMA,55737,8.408390829880000,2643.799231670000154,366269.504550000012387,0
5875,5876,55738,187,PIMA,55738,5.025593225130000,2024.741992739999887,218914.840886999998474,0
5876,5877,55739,186,PIMA,55739,14.641217534700001,3251.300950790000115,637771.435811999952421,0
5877,5878,55740,171,PIMA,55740,35.354258589899999,5309.966195500000140,1540031.504179999930784,0
5878,5879,55741,171,PIMA,55741,9.234638473510000,2541.187731949999943,402260.851905999996234,0
5879,5880,55742,159,PIMA,55742,20.715382446500001,4051.960715990000153,902362.059370000031777,0
5880,5881,55743,159,PIMA,55743,8.397379059490000,2419.217390939999859,365789.831830999988597,0
5881,5882,55744,159,PIMA,55744,10.964924236000000,2764.863571060000140,477632.099719999998342,0
5882,5883,55745,159,PIMA,55745,8.703282821369999,2485.734147180000036,379114.999698999978136,0
5883,5884,55746,159,PIMA,55746,16.188586049300000,3464.012608449999789,705174.808308999985456,0
5884,5885,55747,180,PIMA,55747,3.384275035770000,1641.317107470000110,147419.020557999989251,1
5885,5886,55748,415,PIMA,55748,19.501625827700000,3934.434987610000007,849490.821055999957025,0
5886,5887,55749,395,PIMA,55749,10.940449425900001,2732.973340080000071,476565.976991000003181,0
5887,5888,55750,395,PIMA,55750,17.327013576300001,3878.330234829999881,754764.711386000039056,0
5888,5889,55751,395,PIMA,55751,35.685513870000001,5660.098094940000010,1554460.984179999912158,0
5889,5890,55752,337,PIMA,55752,15.721752093299999,3341.319198459999825,684839.521185999969020,1
5890,5891,55753,339,PIMA,55753,9.029271790139999,2525.949290460000157,393315.079178999993019,1
5891,5892,55754,287,PIMA,55754,5.859182726660000,2148.914859550000074,255225.999573000008240,0
5892,5893,55755,287,PIMA,55755,10.766331177700000,2714.481763859999774,468981.386103000026196,0
5893,5894,55756,287,PIMA,55756,21.287644260600000,4328.870140240000183,927289.783991000032984,0
5894,5895,55757,287,PIMA,55757,21.120938603900001,3903.682944959999986,920028.085586000001058,0
5895,5896,55758,287,PIMA,55758,26.011566766400001,4575.491531300000133,1133063.848350000102073,0
5896,5897,55759,287,PIMA,55759,19.773606783700000,4110.341591929999595,861338.311497000046074,0
5897,5898,55760,287,PIMA,55760,27.087902315400001,4460.157186980000006,1179949.024860000004992,1
5898,5899,55761,287,PIMA,55761,7.677184756280000,2392.449519639999835,334418.167982999992091,1
5899,5900,55762,287,PIMA,55762,7.813962602390000,2471.724724960000003,340376.210959999996703,1
5900,5901,55763,287,PIMA,55763,16.150055187100001,3681.064389199999823,703496.403948000050150,0
5901,5902,55764,287,PIMA,55764,18.311138309600000,3636.956040739999935,797633.184767000027932,1
5902,5903,55765,287,PIMA,55765,15.292615168499999,3584.078816570000072,666146.316740000038408,1
5903,5904,55766,287,PIMA,55766,15.350501910200000,3601.058456170000227,668667.863206999958493,0
5904,5905,55767,287,PIMA,55767,10.550453309700000,3063.572357510000074,459577.746168999990914,1
5905,5906,55768,287,PIMA,55768,8.358210238340000,2646.993704749999779,364083.637982000014745,1
5906,5907,55769,287,PIMA,55769,25.249790323799999,4331.740693660000034,1099880.866500000003725,1
5907,5908,55770,287,PIMA,55770,29.063557692100002,5836.806116110000403,1266008.573069999925792,1
5908,5909,55771,287,PIMA,55771,21.972774619100001,4124.134959080000044,957134.062405999982730,1
5909,5910,55772,287,PIMA,55772,50.983490400299999,6952.035993030000100,2220840.841839999891818,0
5910,5911,55773,287,PIMA,55773,40.002080599800003,5968.168761199999608,1742490.630929999984801,0
5911,5912,55774,290,PIMA,55774,20.206018769700002,3942.863633949999894,880174.177609000005759,0
5912,5913,55775,290,PIMA,55775,18.086585237400001,3655.754263989999799,787851.652941999956965,0
5913,5914,55776,290,PIMA,55776,15.238535749000000,3341.140925789999983,663790.617225000052713,0
5914,5915,55777,533,PIMA,55777,7.584303309760000,2305.537568040000224,330372.252173000015318,1
5915,5916,55778,553,PIMA,55778,10.240390176500000,2671.821935659999781,446071.396088999987114,1
5916,5917,55779,553,PIMA,55779,4.367810682650000,1747.960337049999907,190261.833336000010604,1
5917,5918,55780,574,PIMA,55780,20.493769121700002,4001.485371889999897,892708.582939999992959,1
5918,5919,55781,574,PIMA,55781,13.114752101000001,3100.929520529999991,571278.601521000033244,1
5919,5920,55782,574,PIMA,55782,10.255130036300001,3334.436473780000142,446713.464381999976467,1
5920,5921,55783,574,PIMA,55783,10.439449054100001,3341.793554020000101,454742.400794000015594,1
5921,5922,55784,574,PIMA,55784,11.294250308100001,3728.434012340000208,491977.543418999994174,1
5922,5923,55785,450,PIMA,55785,14.146038084900001,3353.943236909999996,616201.418977999943309,1
5923,5924,55786,450,PIMA,55786,9.965978791570000,3423.699779839999792,434118.036161000025459,1
5924,5925,55787,450,PIMA,55787,9.110129670610000,3188.330838779999794,396837.248452000028919,1
5925,5926,55788,457,PIMA,55788,7.368955804040000,2413.843406720000075,320991.714824000024237,1
5926,5927,55789,457,PIMA,55789,5.604759286950000,2024.404334170000084,244143.314539999992121,1
5927,5928,55790,457,PIMA,55790,5.557857548640000,2006.491735150000068,242100.274819000012940,1
5928,5929,55791,457,PIMA,55791,5.752416524840000,2050.051952480000182,250575.263822000008076,1
5929,5930,55792,457,PIMA,55792,14.001883595800001,3093.117998180000086,609922.049432000028901,1
5930,5931,55793,457,PIMA,55793,11.377039729200000,2838.798496899999918,495583.850602000020444,1
5931,5932,55794,457,PIMA,55794,20.799809458500000,8141.049269219999587,906039.700013000052422,1
5932,5933,55795,476,PIMA,55795,147.638547748000008,10536.877252399999634,6431135.139910000376403,1
5933,5934,55796,469,PIMA,55796,8.208210483060000,2456.699020099999871,357549.648641999985557,1
5934,5935,55797,469,PIMA,55797,14.029535152999999,3128.759178109999993,611126.551265000016429,1
5935,5936,55798,469,PIMA,55798,8.320842213310000,2500.772243760000038,362455.886812000011560,1
5936,5937,55799,469,PIMA,55799,6.941459450420000,2357.474875450000127,302369.973660000017844,1
5937,5938,55800,469,PIMA,55800,4.125585754390000,1707.388170469999977,179710.515461000002688,1
5938,5939,55801,522,PIMA,55801,3.950771934420000,1696.257345259999965,172095.625463000003947,1
5939,5940,55802,541,PIMA,55802,17.909021163599999,4294.955708849999610,780116.961889000027440,1
5940,5941,55803,541,PIMA,55803,16.294665863999999,3933.997314619999997,709795.645037999958731,1
5941,5942,55804,541,PIMA,55804,11.754358006900000,3120.679805469999792,512019.834780999983195,1
5942,5943,55805,541,PIMA,55805,10.742178436200000,3025.344382060000044,467929.292680000013206,1
5943,5944,55806,541,PIMA,55806,7.709089801020000,2373.259374039999784,335807.951731999986805,1
5944,5945,55807,541,PIMA,55807,7.373329883510000,2580.981209550000131,321182.249726000009105,1
5945,5946,55808,541,PIMA,55808,7.829108643250000,2825.044574410000223,341035.972499999974389,1
5946,5947,55809,541,PIMA,55809,8.072241296400000,2437.166533199999776,351626.830871000012849,1
5947,5948,55810,541,PIMA,55810,8.253338155570001,2453.848949709999943,359515.410055999993347,1
5948,5949,55811,541,PIMA,55811,8.011536335680001,2429.570443279999836,348982.522782000014558,1
5949,5950,55812,522,PIMA,55812,5.045395816560000,1941.041099669999994,219777.441768999997294,1
5950,5951,55813,522,PIMA,55813,4.143596111440000,1692.139760779999961,180495.046613999991678,1
5951,5952,55814,522,PIMA,55814,6.104141100880000,2203.177645910000138,265896.386354000016581,1
5952,5953,55815,248,PIMA,55815,8.762778024970000,2579.221522249999907,381706.610768000013195,0
5953,5954,55816,248,PIMA,55816,2.583592951310000,1398.917043310000054,112541.308959000001778,0
5954,5955,55817,237,PIMA,55817,46.540309424699998,6132.673090059999595,2027295.878539999946952,0
5955,5956,55818,180,PIMA,55818,6.533619022060000,2114.686379849999867,284604.444600999995600,1
5956,5957,55819,426,PIMA,55819,7.779663467140000,2448.158883390000028,338882.140628999972250,0
5957,5958,55820,426,PIMA,55820,10.929262592100001,2841.053250349999871,476078.678513000020757,0
5958,5959,55821,426,PIMA,55821,5.741208013280000,2006.625823520000040,250087.021058000012999,0
5959,5960,55822,426,PIMA,55822,5.121996689370000,1876.419582219999938,223114.175789000000805,0
5960,5961,55823,426,PIMA,55823,4.013420570140000,1681.461253449999958,174824.600035000010394,0
5961,5962,55824,426,PIMA,55824,7.666035184290000,2422.277015959999972,333932.492627999978140,0
5962,5963,55825,426,PIMA,55825,4.435270424740000,1759.193658670000104,193200.379702000005636,0
5963,5964,55826,426,PIMA,55826,15.636623386800000,3321.847823120000157,681131.314728999976069,0
5964,5965,55827,426,PIMA,55827,17.521685573900001,3494.055062590000034,763244.623600000049919,0
5965,5966,55828,426,PIMA,55828,14.766957585000000,3213.898313099999996,643248.672401000047103,0
5966,5967,55829,401,PIMA,55829,10.110069732199999,2660.690599059999840,440394.637534999987110,0
5967,5968,55830,401,PIMA,55830,19.766011052900001,3952.757814239999789,861007.441465000039898,0
5968,5969,55831,401,PIMA,55831,9.968485234599999,2633.071840990000055,434227.216819000022952,0
5969,5970,55832,401,PIMA,55832,9.750776203530000,2589.802735060000032,424743.811425999971107,1
5970,5971,55833,401,PIMA,55833,9.811286778810000,2619.466804979999779,427379.652085000008810,0
5971,5972,55834,401,PIMA,55834,19.604523728299998,3932.293285849999847,853973.053604000015184,0
5972,5973,55835,404,PIMA,55835,20.713942257999999,3978.918317610000031,902299.324757999973372,1
5973,5974,55836,401,PIMA,55836,9.683742556129999,2599.768738069999927,421823.825744999980088,0
5974,5975,55837,401,PIMA,55837,9.839066456579999,2621.411502899999959,428589.734849000000395,0
5975,5976,55838,401,PIMA,55838,20.048494637200001,3955.197687549999955,873312.426396999973804,0
5976,5977,55839,401,PIMA,55839,20.080827634799999,3968.571923689999949,874720.851770999957807,0
5977,5978,55840,401,PIMA,55840,19.915150850400000,3946.017840250000063,867503.971041999990121,0
5978,5979,55841,377,PIMA,55841,7.075881848320000,2257.853493799999796,308225.413312999997288,0
5979,5980,55842,377,PIMA,55842,7.093784269400000,2252.271520780000174,309005.242774999991525,0
5980,5981,55843,358,PIMA,55843,8.331805866730001,2716.044070089999877,362933.463555000023916,0
5981,5982,55844,358,PIMA,55844,21.257715584000000,4231.679527790000066,925986.090837999945506,0
5982,5983,55845,358,PIMA,55845,11.379753955300000,3541.113502510000217,495702.082294000021648,0
5983,5984,55846,358,PIMA,55846,19.642578767100002,3918.663626730000033,855630.731094000046141,0
5984,5985,55847,344,PIMA,55847,9.810999479930000,2606.859604620000027,427367.137346000003163,1
5985,5986,55848,263,PIMA,55848,9.328738809900001,2656.252572270000201,406359.862558999971952,0
5986,5987,55849,263,PIMA,55849,5.763025958100000,2004.424926809999988,251037.410735000012210,0
5987,5988,55850,263,PIMA,55850,6.079873832180000,2114.416684989999794,264839.304130000004079,0
5988,5989,55851,263,PIMA,55851,7.678691867090000,2357.984803230000125,334483.817730000009760,0
5989,5990,55852,263,PIMA,55852,7.169699922500000,2230.677129260000129,312312.128624000004493,0
5990,5991,55853,263,PIMA,55853,17.419993736300000,3771.433952320000117,758814.927154000033624,0
5991,5992,55854,263,PIMA,55854,14.391787457200000,3315.054882630000066,626906.261638000025414,0
5992,5993,55855,263,PIMA,55855,6.469920154130000,2492.974240630000168,281829.721913999994285,0
5993,5994,55856,263,PIMA,55856,10.546047319400000,2734.687548609999794,459385.821234999981243,0
5994,5995,55857,263,PIMA,55857,28.447067355200002,4972.440880150000339,1239154.253990000113845,0
5995,5996,55858,263,PIMA,55858,28.449402920000001,4570.991719499999817,1239255.991200000047684,0
5996,5997,55859,263,PIMA,55859,17.357750314699999,3702.532082530000025,756103.603710000053979,0
5997,5998,55860,263,PIMA,55860,13.177556666299999,3170.807100779999928,574014.368382000015117,0
5998,5999,55861,325,PIMA,55861,5.548533033610000,2041.280692629999976,241694.098943999997573,0
5999,6000,55862,325,PIMA,55862,5.384308455570000,2037.794214600000032,234540.476323999988381,0
6000,6001,55863,325,PIMA,55863,5.743189741040000,2063.826486529999784,250173.345120000012685,0
6001,6002,55864,68,PIMA,55864,10.886738688800000,3076.360731289999876,474226.337286000023596,1
6002,6003,55865,68,PIMA,55865,6.612104089780000,2486.113914359999853,288023.254151000001002,1
6003,6004,55866,160,PIMA,55866,19.820637567500000,3968.681967340000028,863386.972440000041388,0
6004,6005,55867,160,PIMA,55867,18.624382625399999,3847.750622550000116,811278.107161000021733,0
6005,6006,55868,160,PIMA,55868,72.931259699700007,7749.560535270000400,3176885.672520000021905,0
6006,6007,55869,160,PIMA,55869,32.394477250400001,4916.345530630000212,1411103.429029999999329,0
6007,6008,55870,160,PIMA,55870,6.749598176230000,2230.511307939999824,294012.496556000027340,0
6008,6009,55871,210,PIMA,55871,52.247313089000002,6827.646517389999644,2275892.958159999921918,0
6009,6010,55872,206,PIMA,55872,2.824745082900000,1407.900759529999959,123045.895810999994865,0
6010,6011,55873,206,PIMA,55873,19.117454802400001,3834.865240499999800,832756.331190999946557,0
6011,6012,55874,206,PIMA,55874,33.901585588200000,5701.068718350000381,1476753.068220000015572,0
6012,6013,55875,206,PIMA,55875,9.919838903750000,2650.681965260000197,432108.182647000008728,0
6013,6014,55876,206,PIMA,55876,7.788430773010000,2729.364901569999802,339264.044472999987192,0
6014,6015,55877,37,PIMA,55877,6.668740238990000,2169.785170969999854,290490.324810000020079,0
6015,6016,55878,37,PIMA,55878,5.312240442440000,1924.624943309999935,231401.193673000001581,0
6016,6017,55879,37,PIMA,55879,5.059332125380000,1878.303846230000090,220384.507381000003079,0
6017,6018,55880,37,PIMA,55880,5.301910058170000,1924.676625789999889,230951.202133999991929,0
6018,6019,55881,37,PIMA,55881,4.948286197920000,1855.820477590000110,215547.346782000007806,0
6019,6020,55882,37,PIMA,55882,5.247328597760000,1912.299948580000091,228573.633717999997316,0
6020,6021,55883,41,PIMA,55883,4.263403491780000,1750.737547749999976,185713.856101999990642,0
6021,6022,55884,41,PIMA,55884,2.538565696890000,1407.825276190000068,110579.921757000003709,0
6022,6023,55885,556,PIMA,55885,11.060836304300000,2987.800887070000044,481810.029416000004858,1
6023,6024,55886,556,PIMA,55886,4.805637755870000,2367.563696440000058,209333.580645999987610,1
6024,6025,55887,556,PIMA,55887,14.989873285900000,3705.420045050000226,652958.880331999971531,1
6025,6026,55888,556,PIMA,55888,1.557300339340000,1074.157676280000032,67836.002781500006677,1
6026,6027,55889,556,PIMA,55889,6.652587489790000,2180.666619980000178,289786.711055000021588,1
6027,6028,55890,556,PIMA,55890,6.935158414750000,2320.111030160000155,302095.500546000024769,1
6028,6029,55891,52,PIMA,55891,3.921318602110000,1680.868729889999940,170812.638307999994140,1
6029,6030,55892,52,PIMA,55892,5.218323771850000,1901.065941820000035,227310.183501999999862,1
6030,6031,55893,52,PIMA,55893,4.863240964760000,1857.453460610000093,211842.776424999989104,1
6031,6032,55894,51,PIMA,55894,13.957358979900000,3531.688603510000121,607982.557163999998011,0
6032,6033,55895,51,PIMA,55895,5.213239539730000,1906.286253069999930,227088.714351000002353,0
6033,6034,55896,51,PIMA,55896,5.147871354290000,1892.286462949999986,224241.276192999997875,0
6034,6035,55897,51,PIMA,55897,5.132567148200000,1891.493172709999953,223574.624975999991875,0
6035,6036,55898,51,PIMA,55898,3.889044109070000,1660.063069159999941,169406.761391000007279,1
6036,6037,55899,51,PIMA,55899,5.161256685680000,1893.403129219999983,224824.341228000004776,0
6037,6038,55900,51,PIMA,55900,5.286952206120000,1919.910854850000078,230299.638099000003422,1
6038,6039,55901,51,PIMA,55901,5.236138060270000,1911.411921970000094,228086.173905000003288,0
6039,6040,55902,51,PIMA,55902,5.095977308850000,1884.934591060000002,221980.771573000005446,0
6040,6041,55903,51,PIMA,55903,3.931728313850000,1673.394652879999967,171266.085350999986986,1
6041,6042,55904,51,PIMA,55904,9.154818141830001,2627.031242540000221,398783.878258000011556,0
6042,6043,55905,51,PIMA,55905,18.223606335600000,3568.989413509999849,793820.291976999957114,0
6043,6044,55906,319,PIMA,55906,8.767292885870001,2477.368764150000061,381903.278109000006225,1
6044,6045,55907,319,PIMA,55907,10.113230113100000,2674.808022489999985,440532.303728000028059,1
6045,6046,55908,319,PIMA,55908,8.365225198710000,2450.104503189999832,364389.209656000020914,1
6046,6047,55909,304,PIMA,55909,3.627190013290000,1792.627775780000093,158000.396979000011925,1
6047,6048,55910,415,PIMA,55910,20.594408068900002,3994.708984790000159,897092.415479999966919,0
6048,6049,55911,304,PIMA,55911,13.382110194499999,3070.164772470000116,582924.720071000047028,1
6049,6050,55912,285,PIMA,55912,5.369834614230000,1963.089498240000012,233909.995796000002883,0
6050,6051,55913,285,PIMA,55913,6.379487082830000,2115.727694919999976,277890.457327999989502,0
6051,6052,55914,285,PIMA,55914,8.685052537400001,2454.812823759999901,378320.888528999988921,0
6052,6053,55915,274,PIMA,55915,4.702998697470000,1908.365142419999984,204862.623262000008253,0
6053,6054,55916,274,PIMA,55916,5.418996436350000,2076.697673000000123,236051.484767999994801,0
6054,6055,55917,274,PIMA,55917,13.943250925499999,3514.566027649999796,607368.010313999955542,0
6055,6056,55918,274,PIMA,55918,8.243175251400000,2395.570104599999922,359072.713951000012457,0
6056,6057,55919,274,PIMA,55919,8.463208008900001,3003.607425380000223,368657.340867999999318,0
6057,6058,55920,274,PIMA,55920,7.924717824920000,2979.920345689999976,345200.708452999999281,0
6058,6059,55921,274,PIMA,55921,5.861464811900000,2330.131470849999914,255325.407206000003498,0
6059,6060,55922,274,PIMA,55922,5.436583707360000,2258.894334860000072,236817.586293000000296,0
6060,6061,55923,274,PIMA,55923,13.110169037600000,4837.554721579999750,571078.963277000002563,0
6061,6062,55924,312,PIMA,55924,4.911147942170000,1904.177402089999987,213929.604361000005156,0
6062,6063,55925,312,PIMA,55925,4.594299148840000,2065.099156260000200,200127.670922999997856,0
6063,6064,55926,321,PIMA,55926,8.552184248770001,2445.811129619999974,372533.145875999995042,0
6064,6065,55927,321,PIMA,55927,2.607893943500000,1384.212779779999892,113599.860178999995696,0
6065,6066,55928,312,PIMA,55928,12.236311441700000,2915.349072080000042,533013.726398000027984,0
6066,6067,55929,321,PIMA,55929,11.495473337600000,2974.021415640000214,500742.818583999993280,0
6067,6068,55930,321,PIMA,55930,9.839955142619999,2628.505911719999858,428628.446011999971233,0
6068,6069,55931,321,PIMA,55931,9.046946753600000,2615.050896109999940,394085.000586999987718,0
6069,6070,55932,321,PIMA,55932,1.750644589000000,1105.818191889999980,76258.078296699997736,0
6070,6071,55933,325,PIMA,55933,4.988157729990000,1957.237673399999949,217284.150718999997480,0
6071,6072,55934,343,PIMA,55934,9.706889013260000,2640.741998320000221,422832.085418000002392,0
6072,6073,55935,343,PIMA,55935,10.635906345500000,2772.313176210000165,463300.080407999979798,0
6073,6074,55936,343,PIMA,55936,9.345626410050000,2841.797868669999843,407095.486421999987215,0
6074,6075,55937,343,PIMA,55937,5.294036620020000,2021.883784280000100,230608.235168000013800,1
6075,6076,55938,343,PIMA,55938,20.001765995200000,3959.505890800000088,871276.926748999976553,0
6076,6077,55939,343,PIMA,55939,4.824935809060000,1948.206311019999930,210174.203842999995686,0
6077,6078,55940,343,PIMA,55940,4.034922748090000,1764.732844679999971,175761.234907000005478,0
6078,6079,55941,343,PIMA,55941,25.365914215899998,4267.966077449999830,1104939.223239999962971,0
6079,6080,55942,343,PIMA,55942,6.059008734190000,2044.075707920000013,263930.420461000001524,0
6080,6081,55943,356,PIMA,55943,5.434701672450000,2030.872458340000094,236735.604851999989478,1
6081,6082,55944,356,PIMA,55944,5.295587133000000,2040.204600329999948,230675.775513000000501,1
6082,6083,55945,356,PIMA,55945,4.881289027270000,1964.420123800000056,212628.950027999992017,1
6083,6084,55946,356,PIMA,55946,4.899650857300000,1994.950651610000023,213428.791343999997480,0
6084,6085,55947,356,PIMA,55947,4.669319959680000,1942.719131179999977,203395.577442999987397,0
6085,6086,55948,358,PIMA,55948,3.479466501680000,1588.455486920000112,151565.560812999989139,0
6086,6087,55949,398,PIMA,55949,10.175114555700000,2667.674307939999835,443227.990048000006936,0
6087,6088,55950,398,PIMA,55950,19.996141941800001,3728.725564930000019,871031.942982999957167,0
6088,6089,55951,398,PIMA,55951,7.506378826030000,2686.860117369999898,326977.861662000010256,0
6089,6090,55952,387,PIMA,55952,9.424496643530000,3158.260616539999774,410531.073792000010144,0
6090,6091,55953,387,PIMA,55953,4.602931207890000,1924.290639589999955,200503.683416000014404,0
6091,6092,55954,398,PIMA,55954,25.286525025600000,4240.802646260000074,1101481.030109999934211,0
6092,6093,55955,398,PIMA,55955,10.911805778300000,2792.084208509999826,475318.259704999974929,0
6093,6094,55956,398,PIMA,55956,6.742530266000000,2192.799056949999795,293704.618386999994982,0
6094,6095,55957,398,PIMA,55957,10.776030634600000,3068.606403260000207,469403.894443999975920,0
6095,6096,55958,398,PIMA,55958,11.484522502700001,2863.009639849999985,500265.800217000010889,0
6096,6097,55959,398,PIMA,55959,8.684636766490000,2515.572970879999957,378302.777547999983653,0
6097,6098,55960,398,PIMA,55960,7.076658862430000,2247.649041709999892,308259.260048000025563,0
6098,6099,55961,396,PIMA,55961,14.315788552900001,3534.050369179999961,623595.749363000039011,0
6099,6100,55962,396,PIMA,55962,30.685648496799999,5367.071967490000134,1336666.848519999999553,0
6100,6101,55963,419,PIMA,55963,4.911624480280000,1976.771749530000079,213950.362361000006786,0
6101,6102,55964,419,PIMA,55964,4.804090040510000,1942.019417890000113,209266.162164999986999,0
6102,6103,55965,419,PIMA,55965,5.234565397670000,2049.222113960000115,228017.668723000009777,0
6103,6104,55966,419,PIMA,55966,4.800641651260000,1918.236715089999961,209115.950329000013880,0
6104,6105,55967,419,PIMA,55967,5.445429736180000,2083.954221179999877,237202.919308000011370,0
6105,6106,55968,433,PIMA,55968,26.333435448300001,5209.119891469999857,1147084.448129999917001,1
6106,6107,55969,433,PIMA,55969,10.394418023600000,2855.498302439999861,452780.849106999987271,1
6107,6108,55970,433,PIMA,55970,26.813504640200001,5526.312316999999894,1167996.262129999930039,1
6108,6109,55971,433,PIMA,55971,8.657721207800000,2573.564078530000188,377130.335811999975704,1
6109,6110,55972,433,PIMA,55972,14.008979453000000,3216.585096400000111,610231.144973000045866,1
6110,6111,55973,433,PIMA,55973,18.832841352300001,4061.482410040000104,820358.569305000011809,1
6111,6112,55974,433,PIMA,55974,24.915060029700001,4495.325487359999897,1085300.014889999991283,1
6112,6113,55975,433,PIMA,55975,16.945675014500001,3430.290580289999980,738153.603631000034511,1
6113,6114,55976,433,PIMA,55976,17.315154141299999,3815.159045859999878,754248.114394000032917,1
6114,6115,55977,397,PIMA,55977,13.689966390600000,3115.311241660000178,596334.935976000037044,1
6115,6116,55978,397,PIMA,55978,9.388801205580000,2551.769462430000203,408976.180515000014566,1
6116,6117,55979,397,PIMA,55979,14.105419972600000,3126.151296470000034,614432.094004999962635,1
6117,6118,55980,397,PIMA,55980,4.555395222700000,1932.597357749999901,198433.015901000006124,1
6118,6119,55981,397,PIMA,55981,4.580975038430000,1942.041397030000098,199547.272674000007100,1
6119,6120,55982,248,PIMA,55982,16.914395397300002,3596.647543699999915,736791.063504999969155,0
6120,6121,55983,248,PIMA,55983,18.409350397899999,4381.208202310000161,801911.303333000047132,0
6121,6122,55984,248,PIMA,55984,6.175117132670000,2084.059847670000181,268988.102299000020139,0
6122,6123,55985,237,PIMA,55985,17.854421318000000,3851.122823289999815,777738.592611999949440,0
6123,6124,55986,236,PIMA,55986,69.778524282899994,6880.711834159999853,3039552.517760000191629,0
6124,6125,55987,213,PIMA,55987,21.487644610299999,3990.469369460000053,936001.799225999973714,1
6125,6126,55988,213,PIMA,55988,13.240101740100000,3174.714713509999910,576738.831798000028357,1
6126,6127,55989,213,PIMA,55989,6.139455559270000,2069.259397090000220,267434.684162000019569,1
6127,6128,55990,213,PIMA,55990,10.100106469400000,2678.458485260000089,439960.637808999978006,1
6128,6129,55991,213,PIMA,55991,7.038529845770000,2278.811130399999911,306598.360082000028342,1
6129,6130,55992,213,PIMA,55992,11.357509238500000,2892.250511929999902,494733.102428000012878,1
6130,6131,55993,213,PIMA,55993,6.594967622620000,2168.348417289999816,287276.789640999981202,1
6131,6132,55994,213,PIMA,55994,16.057854788299998,3330.394493559999773,699480.154576999950223,1
6132,6133,55995,225,PIMA,55995,9.857576486130000,2623.776048830000036,429396.031735999975353,1
6133,6134,55996,225,PIMA,55996,15.341865140399999,3379.780157480000071,668291.645515999989584,1
6134,6135,55997,225,PIMA,55997,31.196028962100002,4806.287928529999590,1358899.021590000018477,1
6135,6136,55998,225,PIMA,55998,14.546277446300000,3139.199871719999919,633635.845560000045225,1
6136,6137,55999,225,PIMA,55999,8.829843798630000,2536.373165450000215,384627.995868000027258,1
6137,6138,56000,198,PIMA,56000,6.401521786540000,2568.890683669999817,278850.289021999982651,1
6138,6139,56001,186,PIMA,56001,28.000909867400001,5132.901809459999640,1219719.633820000104606,1
6139,6140,56002,194,PIMA,56002,11.473796525799999,2921.741269250000187,499798.576666000008117,1
6140,6141,56003,194,PIMA,56003,8.255055439880000,2408.969578249999813,359590.214961000019684,1
6141,6142,56004,194,PIMA,56004,15.709029413800000,3649.810521979999976,684285.321266000042669,1
6142,6143,56005,194,PIMA,56005,7.938613625830000,2356.584270889999971,345806.009541000006720,1
6143,6144,56006,194,PIMA,56006,15.242677691400001,3401.332609210000101,663971.040235999971628,1
6144,6145,56007,186,PIMA,56007,34.946456612200002,5410.577031480000187,1522267.650029999902472,0
6145,6146,56008,187,PIMA,56008,3.403453046550000,1564.117675550000058,148254.414707999996608,0
6146,6147,56009,187,PIMA,56009,5.220755118320000,1998.901728659999890,227416.092953999992460,0
6147,6148,56010,187,PIMA,56010,4.818044311350000,1947.540188709999939,209874.010202000004938,0
6148,6149,56011,186,PIMA,56011,14.061899150400000,3684.165310660000159,612536.326990999979898,0
6149,6150,56012,186,PIMA,56012,9.873321935260000,2869.464850029999980,430081.903500000014901,0
6150,6151,56013,187,PIMA,56013,13.660927938600000,3341.741694480000206,595070.021004999987781,0
6151,6152,56014,187,PIMA,56014,18.851137892200001,4017.192156019999857,821155.566584000014700,0
6152,6153,56015,186,PIMA,56015,31.609904192100000,5005.019694970000273,1376927.426609999965876,0
6153,6154,56016,185,PIMA,56016,31.299499312100000,5021.297064239999600,1363406.190040000015870,1
6154,6155,56017,185,PIMA,56017,19.724256413500001,4202.491005240000050,859188.609373999992386,1
6155,6156,56018,185,PIMA,56018,14.940238287300000,3487.060849559999951,650796.779794999980368,1
6156,6157,56019,56,PIMA,56019,3.447416359810000,1561.124361129999897,150169.456632999994326,0
6157,6158,56020,56,PIMA,56020,3.211586228660000,1500.899221559999887,139896.696120000007795,0
6158,6159,56021,56,PIMA,56021,7.339858406180000,2530.219515530000081,319724.232172999996692,0
6159,6160,56022,56,PIMA,56022,7.236380660650000,2889.294229199999791,315216.741578000015579,0
6160,6161,56023,56,PIMA,56023,10.888685888600000,2812.102900620000128,474311.157308000023477,0
6161,6162,56024,35,PIMA,56024,8.087475312600001,2747.948565419999795,352290.424616999982391,0
6162,6163,56025,56,PIMA,56025,6.627748185150000,2216.277003600000171,288704.710944999998901,0
6163,6164,56026,183,PIMA,56026,6.790154884550000,2730.024328389999937,295779.146770999999717,1
6164,6165,56027,183,PIMA,56027,4.800182414660000,2039.289231620000010,209095.945983000012347,1
6165,6166,56028,183,PIMA,56028,33.996055942700004,5066.516272019999633,1480868.196870000101626,1
6166,6167,56029,183,PIMA,56029,12.654624110900000,3391.912962750000133,551235.426270000054501,1
6167,6168,56030,160,PIMA,56030,10.035220760100000,2649.693804649999947,437134.216310999996495,0
6168,6169,56031,169,PIMA,56031,32.744174370000003,5746.272889539999596,1426336.235559999942780,0
6169,6170,56032,234,PIMA,56032,7.020575026370000,2279.731763830000091,305816.248148999991827,0
6170,6171,56033,234,PIMA,56033,17.967200111400000,4272.176307329999872,782651.236852000001818,0
6171,6172,56034,445,PIMA,56034,5.004786526670000,1868.243236340000067,218008.501102000009269,0
6172,6173,56035,445,PIMA,56035,4.796648288750000,1829.753557389999969,208941.999458000005689,0
6173,6174,56036,445,PIMA,56036,4.959990750220000,1859.504670210000086,216057.197079000005033,0
6174,6175,56037,445,PIMA,56037,4.856368590620000,1840.351216620000059,211543.415807000012137,0
6175,6176,56038,448,PIMA,56038,4.822280864070000,1834.183363899999904,210058.554438999999547,0
6176,6177,56039,448,PIMA,56039,4.754326342480000,1821.721744469999976,207098.455477999988943,0
6177,6178,56040,448,PIMA,56040,9.453943236220001,2714.613821559999906,411813.767370000015944,0
6178,6179,56041,448,PIMA,56041,4.109189157090000,1693.437061269999958,178996.279683000000659,0
6179,6180,56042,448,PIMA,56042,4.339582624060000,1740.334097879999945,189032.219103999988874,0
6180,6181,56043,448,PIMA,56043,8.725549995870001,2652.425287160000153,380084.957820000010543,0
6181,6182,56044,448,PIMA,56044,4.352129700910000,1742.242293069999960,189578.769771999999648,0
6182,6183,56045,448,PIMA,56045,7.681479793580000,2396.025855079999928,334605.259808000002522,0
6183,6184,56046,448,PIMA,56046,8.757256549850000,2611.043931900000189,381466.095311000011861,0
6184,6185,56047,44,PIMA,56047,7.110611887010000,2285.227079570000114,309738.253797999990638,0
6185,6186,56048,45,PIMA,56048,13.994820491200000,3203.431805570000051,609614.380594999995083,0
6186,6187,56049,45,PIMA,56049,5.335193030240000,1921.308979500000078,232401.008396999997785,0
6187,6188,56050,45,PIMA,56050,7.527459152450000,2507.673106870000083,327896.120681000000332,0
6188,6189,56051,45,PIMA,56051,2.527375591150000,1386.560061859999905,110092.480750999995507,0
6189,6190,56052,43,PIMA,56052,8.332859070720000,2567.708876400000008,362979.341119999997318,0
6190,6191,56053,43,PIMA,56053,4.101360011750000,1745.156163050000032,178655.242112000007182,0
6191,6192,56054,43,PIMA,56054,8.367171776939999,2604.307422719999977,364474.002603999979328,0
6192,6193,56055,43,PIMA,56055,4.303904840820000,1735.266879439999911,187478.094865999999456,0
6193,6194,56056,48,PIMA,56056,10.291853784700001,2808.778016329999900,448313.150864000024740,0
6194,6195,56057,48,PIMA,56057,4.197239364410000,1723.968236720000050,182831.746714000008069,0
6195,6196,56058,48,PIMA,56058,5.173341442310000,1899.304904769999894,225350.753227000008337,0
6196,6197,56059,48,PIMA,56059,8.087489742980001,2687.889200000000073,352291.053203999996185,0
6197,6198,56060,48,PIMA,56060,6.964221982350000,2280.871337219999987,303361.509551000024658,0
6198,6199,56061,48,PIMA,56061,4.358460451690000,1754.601395290000028,189854.537275999988196,0
6199,6200,56062,49,PIMA,56062,6.232006412980000,2198.976553689999946,271466.199349000002258,0
6200,6201,56063,48,PIMA,56063,9.239970955790000,2641.343734049999966,402493.134834000025876,0
6201,6202,56064,49,PIMA,56064,6.185129908200000,2203.618339650000053,269424.258801000018138,0
6202,6203,56065,49,PIMA,56065,7.987143766190000,2431.232091909999781,347919.982454999990296,0
6203,6204,56066,49,PIMA,56066,11.255808106800000,3264.223208869999780,490303.001132000004873,0
6204,6205,56067,48,PIMA,56067,15.196608199400000,3706.818296580000151,661964.253166000009514,0
6205,6206,56068,449,PIMA,56068,4.708853347760000,1811.628825530000086,205117.651829000009457,0
6206,6207,56069,449,PIMA,56069,4.980024958310000,1864.244189439999900,216929.887183999991976,0
6207,6208,56070,449,PIMA,56070,4.317620634300000,1735.298643220000031,188075.554830000008224,0
6208,6209,56071,449,PIMA,56071,7.691366887180000,2417.161767070000224,335035.941606000007596,0
6209,6210,56072,449,PIMA,56072,4.380841122270000,1748.500774820000061,190829.439286000007996,0
6210,6211,56073,449,PIMA,56073,15.431199706299999,3295.637890680000055,672183.059207999962382,0
6211,6212,56074,449,PIMA,56074,7.647142382770000,2386.279465680000158,333109.522193000011612,0
6212,6213,56075,449,PIMA,56075,7.818459175320000,2394.982988700000078,340572.081676999980118,0
6213,6214,56076,449,PIMA,56076,25.372599160400000,4254.785258849999991,1105230.419430000009015,0
6214,6215,56077,426,PIMA,56077,4.607280472460000,1792.089012850000017,200693.137380000000121,0
6215,6216,56078,426,PIMA,56078,4.666060723340000,1803.464307620000000,203253.605108999996446,0
6216,6217,56079,426,PIMA,56079,4.252716037990000,1721.349095779999971,185248.310614999994868,0
6217,6218,56080,426,PIMA,56080,8.801480659930000,2667.367835840000225,383392.497545999998692,0
6218,6219,56081,447,PIMA,56081,11.185015673700001,2855.845836789999794,487219.282744000025559,0
6219,6220,56082,447,PIMA,56082,11.012430892699999,2792.948599110000032,479701.489686999993864,0
6220,6221,56083,397,PIMA,56083,13.258004610700000,3049.002992690000156,577518.680842999950983,1
6221,6222,56084,397,PIMA,56084,22.084432409900000,4249.148030850000396,961997.875775999971665,1
6222,6223,56085,397,PIMA,56085,9.523549923099999,2577.638687069999833,414845.834649999975227,1
6223,6224,56086,397,PIMA,56086,9.408889533720000,2560.982023699999900,409851.228088999981992,1
6224,6225,56087,408,PIMA,56087,10.950790339799999,2803.096562470000208,477016.427200999984052,1
6225,6226,56088,408,PIMA,56088,12.266379796800001,3066.121475580000151,534323.503948000026867,1
6226,6227,56089,408,PIMA,56089,8.379399398180000,2439.328449480000018,365006.637785000028089,1
6227,6228,56090,408,PIMA,56090,11.705635834700001,2987.865032820000124,509897.496958000003360,1
6228,6229,56091,408,PIMA,56091,10.046810432399999,2935.366511449999962,437639.062435000028927,1
6229,6230,56092,408,PIMA,56092,11.924430091400000,2971.781298150000111,519428.174780000001192,1
6230,6231,56093,408,PIMA,56093,20.972175959099999,4278.322436700000253,913547.984780000057071,1
6231,6232,56094,384,PIMA,56094,9.050479288549999,3110.858890590000101,394238.877809000026900,1
6232,6233,56095,384,PIMA,56095,6.121513308670000,2329.142519389999961,266653.119726000004448,1
6233,6234,56096,384,PIMA,56096,9.533288484030001,3456.513241579999885,415270.046364000008907,1
6234,6235,56097,384,PIMA,56097,22.583928243900001,4030.055053059999864,983755.914304999983869,1
6235,6236,56098,384,PIMA,56098,26.650785358099998,4560.478363459999855,1160908.210200000088662,1
6236,6237,56099,384,PIMA,56099,15.747018467300000,3473.070342460000120,685940.124438000028022,1
6237,6238,56100,354,PIMA,56100,10.331942160100001,2839.555675869999959,450059.400492999993730,1
6238,6239,56101,354,PIMA,56101,7.907402209770000,2361.307662300000175,344446.440257999987807,1
6239,6240,56102,354,PIMA,56102,7.540211996110000,2345.056963009999890,328451.634550000017043,1
6240,6241,56103,355,PIMA,56103,13.259924766799999,3061.594711459999871,577602.322842999943532,1
6241,6242,56104,355,PIMA,56104,10.616103992699999,2707.370005950000177,462437.489920999971218,1
6242,6243,56105,355,PIMA,56105,23.692677247100001,4125.010390180000286,1032053.020879999967292,1
6243,6244,56106,355,PIMA,56106,12.749226737700001,3292.085199300000113,555356.316695000045002,1
6244,6245,56107,324,PIMA,56107,4.747070720960000,1947.131710419999990,206782.400605000002543,0
6245,6246,56108,324,PIMA,56108,2.596189927920000,1344.164143219999914,113090.033259999996517,0
6246,6247,56109,324,PIMA,56109,2.385122321310000,1302.123403439999947,103895.928316000004997,0
6247,6248,56110,324,PIMA,56110,24.300063613500001,4911.405806470000243,1058510.770999999949709,0
6248,6249,56111,324,PIMA,56111,23.613911177700000,4310.867827320000288,1028621.970899999956600,0
6249,6250,56112,286,PIMA,56112,10.873877656700000,2870.408035980000022,473666.110726999992039,0
6250,6251,56113,286,PIMA,56113,16.387892931100001,3727.373224039999968,713856.616079999948852,0
6251,6252,56114,197,PIMA,56114,2.154813771960000,1437.886227360000021,93863.687906499995734,1
6252,6253,56115,211,PIMA,56115,9.744730018780000,2793.573239089999788,424480.439618000003975,1
6253,6254,56116,211,PIMA,56116,26.224705622900000,4319.853584280000177,1142348.176930000074208,1
6254,6255,56117,211,PIMA,56117,9.128511247240001,3765.314109330000065,397637.949930000002496,1
6255,6256,56118,216,PIMA,56118,16.744747360000002,3665.256717169999774,729401.194999999948777,0
6256,6257,56119,232,PIMA,56119,11.649392932100000,3200.598461239999779,507447.556120000022929,0
6257,6258,56120,232,PIMA,56120,6.984339786210000,2818.875209530000120,304237.841086999978870,0
6258,6259,56121,232,PIMA,56121,9.119274224030001,2644.571886029999860,397235.585199000022840,0
6259,6260,56122,235,PIMA,56122,6.108667187010000,2064.870955939999931,266093.542666000023019,0
6260,6261,56123,235,PIMA,56123,5.958298443720000,2163.419752180000160,259543.480207999993581,0
6261,6262,56124,235,PIMA,56124,19.106684155800000,4357.362809659999584,832287.161828999989666,0
6262,6263,56125,235,PIMA,56125,4.352352665040000,2122.029816990000199,189588.482088999997359,0
6263,6264,56126,235,PIMA,56126,8.347164116280000,2466.607971530000214,363602.468905000016093,0
6264,6265,56127,235,PIMA,56127,18.853630816199999,4066.903027679999923,821264.158352999947965,0
6265,6266,56128,235,PIMA,56128,16.536521625300001,3538.560997479999969,720330.881997999968007,0
6266,6267,56129,247,PIMA,56129,17.652616587499999,4022.775026459999935,768947.978552000015043,0
6267,6268,56130,247,PIMA,56130,10.757479762499999,2980.843173560000196,468595.818452999985311,0
6268,6269,56131,247,PIMA,56131,4.454253715780000,1778.443075169999929,194027.291858999989927,0
6269,6270,56132,247,PIMA,56132,23.520350191399999,4131.222491939999600,1024546.454340000054799,0
6270,6271,56133,247,PIMA,56133,34.896962236199997,5230.825568500000372,1520111.675009999889880,0
6271,6272,56134,247,PIMA,56134,6.421777520990000,2148.512727069999983,279732.628813999996055,0
6272,6273,56135,263,PIMA,56135,4.416292236210000,1744.499903709999899,192373.689809000003152,0
6273,6274,56136,263,PIMA,56136,21.719258760799999,3986.597133790000044,946090.911620000028051,0
6274,6275,56137,263,PIMA,56137,12.253464064199999,2966.019772139999986,533760.894638000056148,0
6275,6276,56138,206,PIMA,56138,12.455563991900000,2921.225865360000171,542564.367485000053421,0
6276,6277,56139,217,PIMA,56139,23.483380210800000,4335.594382229999610,1022936.041979999979958,0
6277,6278,56140,217,PIMA,56140,20.144272020900001,3979.643115140000191,877484.489232999971136,0
6278,6279,56141,217,PIMA,56141,19.795490720600000,3923.814615690000210,862291.575790000031702,0
6279,6280,56142,217,PIMA,56142,16.324104453899999,3685.191375660000176,711077.990009999950416,0
6280,6281,56143,233,PIMA,56143,5.890875370730000,2097.174138729999868,256606.531148999987636,0
6281,6282,56144,233,PIMA,56144,24.630762741500000,4769.853260459999547,1072916.025020000059158,0
6282,6283,56145,233,PIMA,56145,8.915328028670000,2557.707705299999816,388351.688928999996278,0
6283,6284,56146,233,PIMA,56146,15.100338589500000,3363.055730980000135,657770.748959999997169,0
6284,6285,56147,233,PIMA,56147,7.980307218380000,2579.770026770000186,347622.182433000009041,0
6285,6286,56148,233,PIMA,56148,8.344654548799999,2406.215168059999996,363493.152146000007633,0
6286,6287,56149,233,PIMA,56149,26.494121749800001,5376.025767009999981,1154083.943419999908656,0
6287,6288,56150,233,PIMA,56150,9.479096744260000,2564.475169050000204,412909.454180000000633,0
6288,6289,56151,199,PIMA,56151,12.233000318700000,3165.232463729999836,532869.493881999980658,1
6289,6290,56152,199,PIMA,56152,10.826951322499999,2864.620955389999835,471621.999607999983709,1
6290,6291,56153,199,PIMA,56153,5.111868400150000,1961.785628130000077,222672.987510000006296,1
6291,6292,56154,199,PIMA,56154,7.029728136040000,2213.653429020000203,306214.957606000010855,1
6292,6293,56155,199,PIMA,56155,7.796235922460000,2330.605415030000131,339604.036782999988645,1
6293,6294,56156,199,PIMA,56156,13.928533196300000,3413.581871169999886,606726.906031999969855,1
6294,6295,56157,199,PIMA,56157,20.671665181900000,3999.857290330000069,900457.735325000016019,1
6295,6296,56158,199,PIMA,56158,5.765680983350000,2774.479830820000188,251153.063634999998612,1
6296,6297,56159,199,PIMA,56159,27.528142249700000,5019.186884359999567,1199125.876399999950081,1
6297,6298,56160,181,PIMA,56160,20.799127367899999,4115.848997349999991,906009.988143999944441,1
6298,6299,56161,181,PIMA,56161,10.528184953500000,2812.403846549999798,458607.736577000003308,1
6299,6300,56162,181,PIMA,56162,8.991370704960000,2522.702610490000097,391664.107908000005409,1
6300,6301,56163,181,PIMA,56163,28.034264497799999,4766.662066619999678,1221172.561519999988377,1
6301,6302,56164,203,PIMA,56164,6.698183073970000,2163.487302250000084,291772.854701999982353,0
6302,6303,56165,203,PIMA,56165,3.111109305930000,1558.379054219999944,135519.921365999995032,0
6303,6304,56166,203,PIMA,56166,24.379064115900000,5261.642219719999957,1061952.032889999914914,0
6304,6305,56167,203,PIMA,56167,39.988691598400003,5833.280633860000307,1741907.406029999954626,0
6305,6306,56168,203,PIMA,56168,17.818236193699999,3897.717690439999842,776162.368597000022419,0
6306,6307,56169,203,PIMA,56169,15.640642776900000,3617.465458900000158,681306.399360000039451,0
6307,6308,56170,177,PIMA,56170,16.651076482800001,3415.391173940000044,725320.891590000013821,0
6308,6309,56171,177,PIMA,56171,17.911706381700000,3482.596573259999786,780233.929988999967463,0
6309,6310,56172,177,PIMA,56172,12.282098242100000,2907.587490389999857,535008.199428000021726,0
6310,6311,56173,178,PIMA,56173,47.403037045600001,6315.398930309999741,2064876.293710000114515,0
6311,6312,56174,178,PIMA,56174,41.476641104099997,5804.580737190000036,1806722.486490000039339,0
6312,6313,56175,141,PIMA,56175,20.746167739200001,4068.784884080000211,903703.066721000010148,0
6313,6314,56176,141,PIMA,56176,23.438151069400000,4271.222595960000035,1020965.860590000054799,0
6314,6315,56177,141,PIMA,56177,18.949231319199999,3804.598769879999963,825428.516264999983832,0
6315,6316,56178,140,PIMA,56178,39.740917568100002,5574.458587189999889,1731114.369269999908283,0
6316,6317,56179,1040,PIMA,56179,36.883759650800002,5971.498428480000257,1606656.570390000008047,0
6317,6318,56180,686,PIMA,56180,5.525437977710000,1984.682563119999941,240688.078309000004083,0
6318,6319,56181,691,PIMA,56181,11.186736805800001,3347.079885569999988,487294.255261000012979,0
6319,6320,56182,691,PIMA,56182,33.633357628100001,5237.316668700000264,1465069.058279999997467,0
6320,6321,56183,686,PIMA,56183,62.354558085900003,6938.954484439999760,2716164.550220000091940,0
6321,6322,56184,686,PIMA,56184,32.065778991300000,5087.528302869999607,1396785.332859999965876,0
6322,6323,56185,201,PIMA,56185,13.375804520299999,3148.331295299999965,582650.044904000009410,1
6323,6324,56186,361,PIMA,56186,9.853683701490001,2622.671734219999962,429226.462036999990232,1
6324,6325,56187,361,PIMA,56187,10.178511633899999,2658.797790770000120,443375.966773999971338,1
6325,6326,56188,361,PIMA,56188,9.862040515420000,2626.342917469999975,429590.484852000023238,1
6326,6327,56189,708,PIMA,56189,18.775866478800001,3695.106348419999904,817876.743815999943763,0
6327,6328,56190,698,PIMA,56190,17.777357998900001,3863.355837489999885,774381.714433999964967,0
6328,6329,56191,698,PIMA,56191,33.832578885799997,5232.489323589999913,1473747.136269999900833,0
6329,6330,56192,698,PIMA,56192,21.606342392999998,3914.200910179999937,941172.274638999952003,0
6330,6331,56193,703,PIMA,56193,39.590272745800000,5247.676065949999611,1724552.280809999909252,0
6331,6332,56194,726,PIMA,56194,44.298498345900001,5577.955175099999906,1929642.587950000073761,1
6332,6333,56195,728,PIMA,56195,37.121241382199997,5645.128701579999870,1617001.274609999964014,1
6333,6334,56196,730,PIMA,56196,11.771803063900000,3152.702131670000199,512779.741465000028256,1
6334,6335,56197,730,PIMA,56197,6.181636018610000,2117.120962410000175,269272.064971000014339,1
6335,6336,56198,730,PIMA,56198,12.870181186400000,2996.178413220000039,560625.092480999999680,1
6336,6337,56199,726,PIMA,56199,34.757303598400000,5241.739277200000288,1514028.144739999901503,1
6337,6338,56200,725,PIMA,56200,11.645961063000000,2948.344866580000144,507298.063905999995768,1
6338,6339,56201,725,PIMA,56201,36.395024603200000,7760.475129700000252,1585367.271720000077039,1
6339,6340,56202,725,PIMA,56202,3.460960958750000,1705.478905400000031,150759.459363000001758,1
6340,6341,56203,726,PIMA,56203,39.605669695300001,5389.394616479999968,1725222.971929999999702,1
6341,6342,56204,726,PIMA,56204,29.412933520900001,4555.905534700000317,1281227.384169999975711,1
6342,6343,56205,726,PIMA,56205,24.191689492999998,4445.615372449999995,1053789.994309999980032,1
6343,6344,56206,726,PIMA,56206,21.361094622300001,4032.737304109999968,930489.281748999957927,1
6344,6345,56207,726,PIMA,56207,12.636017265700000,3056.641048089999913,550424.912094000028446,1
6345,6346,56208,1051,PIMA,56208,34.279280146700003,5029.247894780000024,1493205.443190000019968,1
6346,6347,56209,1051,PIMA,56209,39.668087001700002,5238.387189469999612,1727941.869789999909699,1
6347,6348,56210,1051,PIMA,56210,27.937714626199998,4575.464331739999579,1216966.849119999911636,1
6348,6349,56211,25,PIMA,56211,3.140722804130000,1497.153110030000107,136809.885348000010708,1
6349,6350,56212,25,PIMA,56212,4.393822100810000,1808.587591590000102,191394.890710999985458,1
6350,6351,56213,25,PIMA,56213,2.992706117670000,1433.759716730000036,130362.278485000002547,1
6351,6352,56214,25,PIMA,56214,3.033962041610000,1461.185232690000021,132159.386532000004081,1
6352,6353,56215,25,PIMA,56215,2.719687877620000,1378.095422699999972,118469.603948999996646,1
6353,6354,56216,21,PIMA,56216,1.971449111670000,1417.419599829999925,85876.323304499994265,1
6354,6355,56217,21,PIMA,56217,4.239838296460000,1721.076186629999938,184687.356193999992684,1
6355,6356,56218,21,PIMA,56218,5.153754524100000,1903.399775469999895,224497.547070000000531,1
6356,6357,56219,21,PIMA,56219,5.701180939540000,2006.681002900000067,248343.441725999990012,1
6357,6358,56220,21,PIMA,56220,3.325683482970000,1550.664560100000017,144866.772518000012496,1
6358,6359,56221,21,PIMA,56221,2.634834496900000,1402.568562969999903,114773.390685000005760,0
6359,6360,56222,21,PIMA,56222,3.559185776890000,1604.444618940000055,155038.132440999994287,0
6360,6361,56223,21,PIMA,56223,2.035898892570000,1205.360434780000105,88683.755760300002294,0
6361,6362,56224,19,PIMA,56224,5.048066761640000,1908.897423879999906,219893.788136999995913,0
6362,6363,56225,19,PIMA,56225,5.853302118720000,2170.500901020000128,254969.840292000008048,0
6363,6364,56226,19,PIMA,56226,5.927082580410000,2101.589013920000070,258183.717203000007430,0
6364,6365,56227,18,PIMA,56227,12.159384237499999,2967.087434200000189,529662.777384000015445,1
6365,6366,56228,18,PIMA,56228,5.199468031070000,1887.258106309999903,226488.827432999998564,1
6366,6367,56229,6,PIMA,56229,1.516159421540000,1047.370522080000001,66043.904402500003926,0
6367,6368,56230,16,PIMA,56230,4.067273012120000,1707.352508080000007,177170.412408000003779,0
6368,6369,56231,17,PIMA,56231,17.491764938900001,3844.636057180000080,761941.280737999943085,1
6369,6370,56232,17,PIMA,56232,11.795654671799999,2876.556299530000160,513818.717502999992575,1
6370,6371,56233,17,PIMA,56233,4.100072850420000,1866.536662179999894,178599.173363999987487,1
6371,6372,56234,17,PIMA,56234,14.037827033399999,3449.231269370000064,611487.745573000051081,1
6372,6373,56235,17,PIMA,56235,4.565950735720000,1835.033331330000010,198892.814048000000184,1
6373,6374,56236,17,PIMA,56236,3.542056270920000,1580.298196270000062,154291.971160999994026,1
6374,6375,56237,17,PIMA,56237,3.553511231800000,1663.627169350000031,154790.949257000000216,1
6375,6376,56238,15,PIMA,56238,7.860502884910000,2464.909724810000171,342403.505667000019457,1
6376,6377,56239,15,PIMA,56239,6.237608051040000,2118.006485410000096,271710.206703000003472,1
6377,6378,56240,15,PIMA,56240,3.784240155810000,1612.304813010000089,164841.501186999987112,1
6378,6379,56241,15,PIMA,56241,2.940366941510000,1462.665279880000071,128082.383971999995993,1
6379,6380,56242,15,PIMA,56242,2.485696955540000,1611.637198010000020,108276.959382999993977,1
6380,6381,56243,15,PIMA,56243,4.163063456470000,1739.836398010000039,181343.044163999991724,1
6381,6382,56244,15,PIMA,56244,1.892266748460000,1199.501556590000064,82427.139563000004273,1
6382,6383,56245,15,PIMA,56245,0.915499827543000,862.448483860000010,39879.172487800002273,1
6383,6384,56246,15,PIMA,56246,0.830086600692000,770.139660689000038,36158.572326200002863,1
6384,6385,56247,15,PIMA,56247,1.852576110600000,1226.516095539999924,80698.215377600005013,1
6385,6386,56248,12,PIMA,56248,2.632356869400000,1422.371850409999979,114665.465230999994674,0
6386,6387,56249,12,PIMA,56249,1.341613565740000,1009.929543579999972,58440.686923699999170,1
6387,6388,56250,1,PIMA,56250,3.815993759850000,1902.725947160000032,166224.688178999989759,0
6388,6389,56251,40,PIMA,56251,8.669721705090000,2423.492871079999986,377653.077473999990616,1
6389,6390,56252,40,PIMA,56252,14.055892202100001,3202.970336909999787,612274.664323000004515,1
6390,6391,56253,39,PIMA,56253,6.753674919520000,2249.261349970000083,294190.079494000005070,1
6391,6392,56254,39,PIMA,56254,5.137417156950000,1952.294819080000025,223785.891356999985874,1
6392,6393,56255,39,PIMA,56255,1.659697135390000,1272.283323339999924,72296.407217800006038,1
6393,6394,56256,39,PIMA,56256,6.933068771140000,2213.880971779999982,302004.475671000021975,1
6394,6395,56257,39,PIMA,56257,5.267967634100000,1916.239533469999969,229472.670141999988118,1
6395,6396,56258,39,PIMA,56258,10.263438396700000,2686.023914890000015,447075.376558999996632,1
6396,6397,56259,39,PIMA,56259,7.827998286880000,2384.175499190000210,340987.605376999999862,1
6397,6398,56260,39,PIMA,56260,7.956656367300000,2394.651422389999880,346591.951358999998774,1
6398,6399,56261,39,PIMA,56261,9.134072452490001,3112.745371269999850,397880.196030999999493,1
6399,6400,56262,39,PIMA,56262,6.853415929220000,2459.121934109999984,298534.797877000004519,1
6400,6401,56263,39,PIMA,56263,5.171392451640000,1898.973417870000048,225265.855192999995779,1
6401,6402,56264,39,PIMA,56264,5.290923440360000,1920.471208140000044,230472.625062000006437,1
6402,6403,56265,39,PIMA,56265,5.176633988210000,1899.880713519999972,225494.176525999995647,1
6403,6404,56266,39,PIMA,56266,9.953951148440000,2645.320442910000111,433594.112025999987964,1
6404,6405,56267,39,PIMA,56267,7.682567939540000,2367.607977650000066,334652.659446000005119,1
6405,6406,56268,39,PIMA,56268,7.742481214100000,2373.446783609999784,337262.481686000013724,1
6406,6407,56269,39,PIMA,56269,7.580563836540000,2354.404649200000222,330209.360719999996945,1
6407,6408,56270,39,PIMA,56270,5.136071543440000,1892.080886290000080,223727.276432000013301,1
6408,6409,56271,38,PIMA,56271,6.649335363840000,2168.275500350000129,289645.048448999994434,0
6409,6410,56272,38,PIMA,56272,5.370557944660000,1930.381892399999970,233941.504068999987794,0
6410,6411,56273,38,PIMA,56273,5.170377263020000,1903.289815849999968,225221.633577000000514,0
6411,6412,56274,38,PIMA,56274,5.199973721880000,1905.562829810000039,226510.855325000011362,0
6412,6413,56275,38,PIMA,56275,5.168480062580000,1898.115953149999996,225138.991525999997975,0
6413,6414,56276,38,PIMA,56276,6.571684150060000,2162.285128150000219,286262.561577000014950,0
6414,6415,56277,38,PIMA,56277,5.097031212060000,1884.909495390000075,222026.679597000009380,0
6415,6416,56278,38,PIMA,56278,5.169708417030000,1898.370211160000053,225192.498645999992732,0
6416,6417,56279,38,PIMA,56279,5.307142614640000,1923.368021400000089,231179.132294000010006,0
6417,6418,56280,38,PIMA,56280,5.070159964310000,1880.018567390000044,220856.168044999998529,0
6418,6419,56281,38,PIMA,56281,5.178484838380000,1899.973933929999930,225574.799560000014026,0
6419,6420,56282,38,PIMA,56282,6.625028433410000,2166.559728019999966,288586.238559000019450,0
6420,6421,56283,38,PIMA,56283,5.137604116700000,1892.771471790000078,223794.035322999989148,0
6421,6422,56284,38,PIMA,56284,5.044332437870000,1875.307174960000111,219731.120993999997154,0
6422,6423,56285,38,PIMA,56285,5.195248599830000,1903.089748370000052,226305.029008000012254,0
6423,6424,56286,38,PIMA,56286,5.153868891350000,1895.484622050000098,224502.528906999999890,0
6424,6425,56287,38,PIMA,56287,5.267404314440000,1916.261848990000090,229448.131936999998288,0
6425,6426,56288,38,PIMA,56288,6.641849764860000,2167.750764419999996,289318.975756999978330,0
6426,6427,56289,38,PIMA,56289,5.164832124300000,1897.195222849999936,224980.087334000010742,0
6427,6428,56290,38,PIMA,56290,5.119535072120000,1887.394849499999964,223006.947741999989375,0
6428,6429,56291,38,PIMA,56291,5.207941077330000,1905.290473450000036,226857.913327999995090,0
6429,6430,56292,38,PIMA,56292,5.158280066780000,1894.767758629999889,224694.679708999989089,0
6430,6431,56293,38,PIMA,56293,5.116543666590000,1888.563282979999940,222876.642116000002716,0
6431,6432,56294,37,PIMA,56294,6.684469956960000,2175.536676249999800,291175.511325000028592,0
6432,6433,56295,37,PIMA,56295,5.315289268780000,1925.548628069999950,231534.000548000010895,0
6433,6434,56296,37,PIMA,56296,5.324645195350000,1926.614628949999997,231941.544709999987390,0
6434,6435,56297,37,PIMA,56297,5.280299652010000,1918.501891569999998,230009.852841999992961,0
6435,6436,56298,37,PIMA,56298,5.235015297050000,1910.742406130000063,228037.266338999994332,0
6436,6437,56299,37,PIMA,56299,6.506021361170000,2145.470697730000211,283402.290493000007700,0
6437,6438,56300,37,PIMA,56300,5.186581319250000,1901.454535139999962,225927.482267000013962,0
6438,6439,56301,37,PIMA,56301,5.192186382800000,1902.413983830000006,226171.638834999990650,0
6439,6440,56302,37,PIMA,56302,5.152440037530000,1898.934599279999929,224440.288035000005038,0
6440,6441,56303,37,PIMA,56303,2.538233092060000,1458.970218149999937,110565.433489999995800,0
6441,6442,56304,37,PIMA,56304,5.103407909700000,1886.061522279999963,222304.448545999999624,0
6442,6443,56305,37,PIMA,56305,6.531690130420000,2150.910262549999970,284520.422080999996979,0
6443,6444,56306,37,PIMA,56306,5.256418391950000,1914.817917070000021,228969.585152999992715,0
6444,6445,56307,37,PIMA,56307,5.173795123730000,1899.271589230000018,225370.515589999995427,0
6445,6446,56308,37,PIMA,56308,5.164963769040000,1897.441604130000087,224985.821778999990784,0
6446,6447,56309,37,PIMA,56309,5.153811650310000,1895.380609540000023,224500.035487999994075,0
6447,6448,56310,37,PIMA,56310,5.182458587340000,1900.737352099999953,225747.896065000008093,0
6448,6449,56311,47,PIMA,56311,5.100103589270000,1899.709694440000021,222160.512348999996902,1
6449,6450,56312,47,PIMA,56312,5.003271515910000,1867.704617950000056,217942.507233000011183,0
6450,6451,56313,47,PIMA,56313,4.631703476270000,1801.586583949999977,201757.003426000010222,0
6451,6452,56314,47,PIMA,56314,4.263519642370000,1732.441053560000000,185718.915622000000440,0
6452,6453,56315,47,PIMA,56315,5.802661087070000,2016.794839890000048,252763.916953000007197,0
6453,6454,56316,47,PIMA,56316,3.862753843110000,1656.572765310000023,168261.557406000007177,0
6454,6455,56317,47,PIMA,56317,7.409487130920000,2502.019184239999959,322757.259422999981325,0
6455,6456,56318,47,PIMA,56318,7.844092120150000,2493.336285049999788,341688.652753999980632,0
6456,6457,56319,47,PIMA,56319,17.722514644299999,3544.631057160000182,771992.737903999979608,0
6457,6458,56320,47,PIMA,56320,7.757925401140000,2399.916175610000209,337935.230473999981768,0
6458,6459,56321,47,PIMA,56321,7.350556346140000,2448.969959760000165,320190.234438000014052,1
6459,6460,56322,47,PIMA,56322,11.580031719699999,3441.750685559999965,504426.181710999982897,0
6460,6461,56323,47,PIMA,56323,7.137220685660000,2421.462978510000084,310897.333067999978084,1
6461,6462,56324,47,PIMA,56324,7.434161242600000,2505.071815880000031,323832.063727999979164,0
6462,6463,56325,53,PIMA,56325,8.369495150150000,2489.636134679999941,364575.208739999972750,1
6463,6464,56326,53,PIMA,56326,4.252187683410000,1727.864079709999942,185225.295489000011003,1
6464,6465,56327,53,PIMA,56327,3.493775732510000,1567.346057100000053,152188.870908000011696,1
6465,6466,56328,53,PIMA,56328,4.283026352730000,1735.122640779999983,186568.627925000007963,1
6466,6467,56329,53,PIMA,56329,4.441120204100000,1767.807579419999911,193455.196090000012191,1
6467,6468,56330,53,PIMA,56330,4.229024038380000,1726.807152090000045,184216.287111999990884,1
6468,6469,56331,53,PIMA,56331,4.282324756700000,1735.032680139999911,186538.066401999996742,1
6469,6470,56332,53,PIMA,56332,4.300927792380000,1738.924714219999942,187348.414636000001337,1
6470,6471,56333,53,PIMA,56333,4.281998831240000,1736.119829750000008,186523.869089000014355,1
6471,6472,56334,53,PIMA,56334,4.258986586400000,1729.128897459999962,185521.455703999992693,1
6472,6473,56335,53,PIMA,56335,4.271502920620000,1733.483707619999905,186066.667221999989124,1
6473,6474,56336,53,PIMA,56336,4.330646069380000,1743.068596630000002,188642.942781999998260,1
6474,6475,56337,53,PIMA,56337,4.323655534860000,1743.851919129999942,188338.435097999987192,1
6475,6476,56338,53,PIMA,56338,4.245936997680000,1727.504924229999915,184953.015619000012521,1
6476,6477,56339,53,PIMA,56339,4.288235040860000,1735.306746449999991,186795.518379999994067,1
6477,6478,56340,53,PIMA,56340,4.167914246490000,1700.891798059999928,181554.344577000010759,1
6478,6479,56341,53,PIMA,56341,4.345339483850000,1758.218046380000033,189282.987916000012774,1
6479,6480,56342,53,PIMA,56342,4.324145728650000,1744.201470590000099,188359.787940000009257,1
6480,6481,56343,53,PIMA,56343,4.263636319690000,1730.761504000000059,185723.998086000006879,1
6481,6482,56344,53,PIMA,56344,4.270586601090000,1732.667064689999961,186026.752344000007724,1
6482,6483,56345,53,PIMA,56345,4.287489702130000,1732.588942379999935,186763.051425000012387,1
6483,6484,56346,53,PIMA,56346,4.348231318000000,1748.425264199999901,189408.956211999990046,1
6484,6485,56347,53,PIMA,56347,4.304899620070000,1739.460969409999961,187521.427449999988312,1
6485,6486,56348,53,PIMA,56348,4.578158348780000,1795.954428100000086,199424.577672999992501,1
6486,6487,56349,53,PIMA,56349,4.138751606740000,1702.978258599999890,180284.019990000000689,1
6487,6488,56350,53,PIMA,56350,4.324824498130000,1744.137892330000113,188389.355138999992050,1
6488,6489,56351,53,PIMA,56351,4.306866270370000,1740.167838399999937,187607.094737000006717,1
6489,6490,56352,53,PIMA,56352,4.276974303910000,1734.530654930000082,186305.000678000011249,1
6490,6491,56353,53,PIMA,56353,4.297828932750000,1738.774022300000070,187213.428310999996029,1
6491,6492,56354,53,PIMA,56354,4.327045930350000,1749.435457880000058,188486.120725999993738,1
6492,6493,56355,53,PIMA,56355,4.346163495840000,1746.621125990000110,189318.881878999993205,1
6493,6494,56356,53,PIMA,56356,4.281930994150000,1735.875394129999904,186520.914105000003474,1
6494,6495,56357,53,PIMA,56357,4.240967953220000,1719.214663089999931,184736.564042000012705,1
6495,6496,56358,54,PIMA,56358,4.232366448190000,1727.560885500000040,184361.882482999993954,1
6496,6497,56359,54,PIMA,56359,4.233299197800000,1725.137183060000098,184402.513055999996141,1
6497,6498,56360,54,PIMA,56360,4.195718666130000,1719.991365110000061,182765.505096000008052,1
6498,6499,56361,54,PIMA,56361,4.351123083530000,1750.920029950000071,189534.921517999988282,1
6499,6500,56362,54,PIMA,56362,4.102032894590000,1702.379742470000110,178684.552889000013238,1
6500,6501,56363,54,PIMA,56363,4.054960259650000,1694.965441479999981,176634.068910000001779,1
6501,6502,56364,54,PIMA,56364,8.675876063770000,2529.629675019999922,377921.161337999976240,1
6502,6503,56365,54,PIMA,56365,4.289798428380000,1735.322856969999975,186863.619540000014240,1
6503,6504,56366,54,PIMA,56366,4.379103609280000,1752.750283179999997,190753.753220000013243,1
6504,6505,56367,54,PIMA,56367,4.226485050100000,1723.179274690000057,184105.688782000011997,1
6505,6506,56368,55,PIMA,56368,22.903747440099998,3925.593118230000073,997687.238491000025533,1
6506,6507,56369,55,PIMA,56369,4.101136158540000,1705.453026709999904,178645.491065999987768,1
6507,6508,56370,55,PIMA,56370,3.950031882590000,1667.860168370000110,172063.388806000002660,1
6508,6509,56371,55,PIMA,56371,4.059573066490000,1694.620529569999917,176835.002776000008453,1
6509,6510,56372,55,PIMA,56372,4.036389794620000,1692.556126440000071,175825.139453999989200,1
6510,6511,56373,55,PIMA,56373,6.633211526970000,2197.557744189999994,288942.694115000020247,1
6511,6512,56374,55,PIMA,56374,13.235643053100000,3112.385850900000150,576544.611394000006840,1
6512,6513,56375,55,PIMA,56375,5.476221518630000,2169.954863550000027,238544.209350999997696,1
6513,6514,56376,55,PIMA,56376,3.818453996080000,1641.016019740000047,166331.856069000001298,1
6514,6515,56377,55,PIMA,56377,24.314468451200000,4429.045409090000248,1059138.245730000082403,1
6515,6516,56378,55,PIMA,56378,4.097000466350000,1703.381374929999993,178465.340314000000944,1
6516,6517,56379,55,PIMA,56379,4.106096832710000,1700.514080429999922,178861.578032999997959,1
6517,6518,56380,55,PIMA,56380,16.068070306199999,3372.773574620000090,699925.142538000014611,1
6518,6519,56381,55,PIMA,56381,16.352088403200000,3399.252576339999905,712296.970842999988236,1
6519,6520,56382,55,PIMA,56382,21.301693219899999,3857.870730990000084,927901.756658999947831,1
6520,6521,56383,55,PIMA,56383,16.001978004400002,3371.981723060000149,697046.161873999983072,1
6521,6522,56384,55,PIMA,56384,16.324904254500002,3399.824783600000046,711112.829325000056997,1
6522,6523,56385,481,PIMA,56385,6.636654742350000,2245.829326600000059,289092.680577000021003,1
6523,6524,56386,481,PIMA,56386,1.814869327880000,1178.921343590000106,79055.707922400004463,1
6524,6525,56387,481,PIMA,56387,9.668709415780000,2862.117111519999980,421168.982151000003796,1
6525,6526,56388,481,PIMA,56388,11.778005309499999,2874.471370400000069,513049.911281000007875,0
6526,6527,56389,481,PIMA,56389,11.200484536799999,2807.496162779999850,487893.106422999990173,0
6527,6528,56390,481,PIMA,56390,12.000630768500001,2869.974934599999870,522747.476275000022724,0
6528,6529,56391,481,PIMA,56391,11.224643028099999,2802.136890279999989,488945.450306000013370,0
6529,6530,56392,481,PIMA,56392,9.789830325100001,2624.877981910000017,426445.008961000014096,0
6530,6531,56393,481,PIMA,56393,10.065569167100000,2651.765672630000154,438456.192918999993708,0
6531,6532,56394,481,PIMA,56394,9.550958535279999,2567.716236709999976,416039.753796999983024,0
6532,6533,56395,481,PIMA,56395,3.953533780970000,1998.545617949999951,172215.931498999998439,1
6533,6534,56396,481,PIMA,56396,13.962411155500000,3345.440490659999796,608202.629932999960147,1
6534,6535,56397,481,PIMA,56397,3.266070457950000,1751.384476330000098,142270.029148000001442,1
6535,6536,56398,481,PIMA,56398,15.207478376599999,3614.270468019999953,662437.758085999987088,1
6536,6537,56399,481,PIMA,56399,2.953999018710000,1563.478861110000025,128676.197255000006407,1
6537,6538,56400,464,PIMA,56400,9.955470527539999,2625.519450159999906,433660.296180000004824,0
6538,6539,56401,464,PIMA,56401,9.869484522770000,2626.428328930000134,429914.745812000008300,0
6539,6540,56402,464,PIMA,56402,2.947273089430000,1735.066090580000036,128383.215775000004214,0
6540,6541,56403,464,PIMA,56403,3.395395271740000,1870.054533389999960,147903.418036999995820,0
6541,6542,56404,464,PIMA,56404,3.230394425980000,1707.000180830000090,140715.981196000007913,0
6542,6543,56405,464,PIMA,56405,3.947336931990000,1846.608411180000076,171945.996756999986246,0
6543,6544,56406,464,PIMA,56406,6.739778663690000,2213.708526620000157,293584.758589999983087,0
6544,6545,56407,464,PIMA,56407,8.579339344499999,2544.342190490000121,373716.021846999996342,0
6545,6546,56408,464,PIMA,56408,5.771287576560000,2249.303791920000094,251397.286835000006249,0
6546,6547,56409,464,PIMA,56409,5.315778027160000,1926.302653060000011,231555.290863000001991,0
6547,6548,56410,446,PIMA,56410,10.172461736200001,2665.178573149999920,443112.433230000024196,0
6548,6549,56411,446,PIMA,56411,3.053462656340000,1733.441383789999918,133008.833309999987250,0
6549,6550,56412,446,PIMA,56412,2.949416982610000,1695.818030189999945,128476.603763000006438,0
6550,6551,56413,446,PIMA,56413,6.125183760630000,2647.389708059999975,266813.004613000026438,0
6551,6552,56414,446,PIMA,56414,5.181715137340000,2093.166703949999828,225715.511383000004571,0
6552,6553,56415,446,PIMA,56415,4.287069599720000,2041.624298330000101,186744.751763999985997,0
6553,6554,56416,446,PIMA,56416,7.267871091620000,2714.487718079999922,316588.464750999992248,0
6554,6555,56417,446,PIMA,56417,10.945890213100000,2584.395024989999911,476802.977682999975514,0
6555,6556,56418,446,PIMA,56418,3.049334387950000,1769.606945530000075,132829.005938999995124,0
6556,6557,56419,446,PIMA,56419,16.787125302300002,3563.414395090000198,731247.178166999947280,0
6557,6558,56420,446,PIMA,56420,14.807033356400000,3290.525061899999855,644994.373004999943078,0
6558,6559,56421,446,PIMA,56421,4.908824722950000,1959.516219630000023,213828.404932000004919,0
6559,6560,56422,446,PIMA,56422,12.724016071499999,2989.378257809999923,554258.140075000002980,0
6560,6561,56423,604,PIMA,56423,19.857624757499998,3954.711757309999939,864998.134435000014491,1
6561,6562,56424,604,PIMA,56424,14.378044329900000,3373.044813250000061,626307.611011000000872,1
6562,6563,56425,604,PIMA,56425,17.442261258100000,3822.820959340000172,759784.900401000049897,1
6563,6564,56426,570,PIMA,56426,23.515571315700001,4221.707035110000106,1024338.286510000005364,1
6564,6565,56427,593,PIMA,56427,85.400715556600005,10052.587532300000021,3720055.169650000054389,0
6565,6566,56428,593,PIMA,56428,50.628346571100003,6231.898782379999830,2205370.776639999821782,0
6566,6567,56429,593,PIMA,56429,591.792045138000049,25070.119548800001212,25778461.486200001090765,0
6567,6568,56430,748,PIMA,56430,30.156314406300002,4804.068701260000125,1313609.055540000088513,0
6568,6569,56431,748,PIMA,56431,37.015284498100002,5576.426461400000335,1612385.792739999946207,0
6569,6570,56432,746,PIMA,56432,81.867305073899999,8807.196617949999563,3566139.809020000044256,0
6570,6571,56433,746,PIMA,56433,30.163054024800001,5903.553247949999786,1313902.633320000022650,0
6571,6572,56434,745,PIMA,56434,98.007276881699994,9025.849124020000090,4269196.980969999916852,0
6572,6573,56435,581,PIMA,56435,18.169383748300000,3510.078607800000100,791458.356077000033110,1
6573,6574,56436,581,PIMA,56436,33.275275953399998,6376.993526580000434,1449471.020530000096187,1
6574,6575,56437,581,PIMA,56437,17.815733949399998,4048.087115410000024,776053.370833999942988,1
6575,6576,56438,564,PIMA,56438,8.399319963370001,2426.985247470000104,365874.377603999979328,1
6576,6577,56439,564,PIMA,56439,8.025400707030000,2363.889955189999910,349586.454797999991570,1
6577,6578,56440,564,PIMA,56440,8.532201241319999,2444.301597969999875,371662.686072000011336,1
6578,6579,56441,564,PIMA,56441,7.996821911390000,2360.783282119999967,348341.562459999986459,1
6579,6580,56442,592,PIMA,56442,11.827569911599999,3207.555269469999985,515208.945347999979276,1
6580,6581,56443,592,PIMA,56443,10.033364217400001,2703.253046799999993,437053.345308999996632,1
6581,6582,56444,592,PIMA,56444,5.830062613210000,2086.749471619999895,253957.527430999994976,1
6582,6583,56445,592,PIMA,56445,34.268542496700000,5478.628646350000054,1492737.711159999947995,1
6583,6584,56446,592,PIMA,56446,17.866636596999999,3716.578421319999961,778270.690164000028744,1
6584,6585,56447,592,PIMA,56447,10.654934528000000,2700.197075130000030,464128.948039999988396,1
6585,6586,56448,592,PIMA,56448,14.494972785300000,3175.851775399999951,631401.014529000036418,1
6586,6587,56449,592,PIMA,56449,17.775100894000001,3600.445662659999925,774283.394944000057876,1
6587,6588,56450,592,PIMA,56450,12.321069182000000,2930.811856239999997,536705.773566000047140,1
6588,6589,56451,592,PIMA,56451,17.583509153700000,3579.064475799999855,765937.658736999961548,1
6589,6590,56452,592,PIMA,56452,12.614630813300000,2965.639075680000133,549493.318228999967687,1
6590,6591,56453,607,PIMA,56453,21.036143359400000,4640.598806340000010,916334.404737000004388,1
6591,6592,56454,607,PIMA,56454,41.717766036000000,5311.750595470000007,1817225.888530000112951,1
6592,6593,56455,607,PIMA,56455,30.458037018399999,5334.874771509999846,1326752.092519999947399,1
6593,6594,56456,607,PIMA,56456,16.395673199299999,3519.308245950000128,714195.524562999955378,1
6594,6595,56457,607,PIMA,56457,5.719428723020000,2178.052773559999878,249138.315174999996088,1
6595,6596,56458,607,PIMA,56458,13.510338298500001,3375.698232950000147,588510.336281999945641,1
6596,6597,56459,607,PIMA,56459,16.537924826000001,4106.092157920000318,720392.005421999958344,1
6597,6598,56460,607,PIMA,56460,16.511257696200001,3667.666341159999774,719230.385245000012219,1
6598,6599,56461,55,PIMA,56461,8.133816733010001,2439.852194099999906,354309.056890000007115,1
6599,6600,56462,55,PIMA,56462,8.012144273030000,2423.097540759999902,349009.004532999999356,1
6600,6601,56463,55,PIMA,56463,12.409354882900001,3620.933288979999816,540551.498698999988846,1
6601,6602,56464,55,PIMA,56464,12.558084799500000,3651.333611990000009,547030.173868000041693,1
6602,6603,56465,50,PIMA,56465,3.976462599270000,1674.987990189999891,173214.710824000008870,1
6603,6604,56466,50,PIMA,56466,4.016124817380000,1682.647539229999893,174942.397044999990612,1
6604,6605,56467,50,PIMA,56467,4.001230501180000,1679.976189349999913,174293.600631000008434,1
6605,6606,56468,50,PIMA,56468,3.278825421980000,1511.741410520000045,142825.635381000000052,1
6606,6607,56469,50,PIMA,56469,3.287372715080000,1513.786425580000014,143197.955469000007724,1
6607,6608,56470,50,PIMA,56470,3.290575279940000,1514.490226930000063,143337.459193999995477,1
6608,6609,56471,50,PIMA,56471,3.286576501490000,1513.556953719999910,143163.272404999996070,1
6609,6610,56472,50,PIMA,56472,3.931709238630000,1663.142729330000066,171265.254435000009835,0
6610,6611,56473,50,PIMA,56473,3.902532370710000,1657.653677219999963,169994.310067999991588,0
6611,6612,56474,50,PIMA,56474,3.663523125570000,1600.699846960000059,159583.067349999997532,0
6612,6613,56475,50,PIMA,56475,3.686591424240000,1606.273456749999923,160587.922439999994822,0
6613,6614,56476,50,PIMA,56476,8.889480923670000,2776.674610919999850,387225.789035000023432,1
6614,6615,56477,50,PIMA,56477,3.595051149420000,1585.840992370000095,156600.428068999986863,0
6615,6616,56478,50,PIMA,56478,3.965645103610000,1670.532258700000057,172743.500712999986717,0
6616,6617,56479,50,PIMA,56479,4.047427728600000,1689.252693850000014,176305.951857999985805,0
6617,6618,56480,50,PIMA,56480,3.992267764010000,1675.585590899999943,173903.183799999998882,0
6618,6619,56481,50,PIMA,56481,9.548301088870000,2926.973755909999909,415923.995431000017561,1
6619,6620,56482,50,PIMA,56482,3.671675429820000,1601.979548960000102,159938.181722999986960,0
6620,6621,56483,50,PIMA,56483,3.988566664350000,1677.930185189999975,173741.963898999994854,0
6621,6622,56484,50,PIMA,56484,3.903390243270000,1657.911040380000031,170031.678997000009986,0
6622,6623,56485,50,PIMA,56485,5.254811169910000,1938.402816349999966,228899.574560999986716,1
6623,6624,56486,50,PIMA,56486,3.590278262310000,1584.777401909999980,156392.521106000000145,0
6624,6625,56487,48,PIMA,56487,47.305079937099997,6021.668272029999571,2060609.282060000114143,0
6625,6626,56488,464,PIMA,56488,12.262154484900000,2935.117494569999963,534139.449360999977216,0
6626,6627,56489,49,PIMA,56489,3.970085931070000,1672.095714289999933,172936.943157000001520,0
6627,6628,56490,49,PIMA,56490,6.369586361800000,2239.724824200000057,277459.181920000002719,0
6628,6629,56491,49,PIMA,56491,3.180309427490000,1489.014619349999975,138534.278660999989370,0
6629,6630,56492,49,PIMA,56492,11.236454221200001,3105.772748949999823,489459.945874000026379,0
6630,6631,56493,49,PIMA,56493,4.511871915330000,1778.106501029999890,196537.140631999995094,0
6631,6632,56494,49,PIMA,56494,6.347847949950000,2246.269613840000147,276512.256700000027195,0
6632,6633,56495,49,PIMA,56495,3.154484552030000,1482.828566679999994,137409.347087000001920,0
6633,6634,56496,49,PIMA,56496,3.170958195360000,1486.743203380000068,138126.938989999995101,0
6634,6635,56497,595,PIMA,56497,17.934356322900001,3831.159029970000120,781220.561424999963492,1
6635,6636,56498,595,PIMA,56498,19.126992706100001,3641.053264919999947,833171.802277000038885,1
6636,6637,56499,595,PIMA,56499,14.646990508800000,3218.499336509999921,638022.906563999946229,1
6637,6638,56500,595,PIMA,56500,28.482920562499999,4791.446805960000347,1240716.019700000062585,1
6638,6639,56501,595,PIMA,56501,15.070919036899999,3376.885766970000077,656489.233246000017971,1
6639,6640,56502,595,PIMA,56502,7.872092808390000,2342.180840890000127,342908.362733000016306,1
6640,6641,56503,595,PIMA,56503,16.890091981200001,4281.272722280000380,735732.406701999949291,1
6641,6642,56504,595,PIMA,56504,31.187297669800000,5105.902467009999782,1358518.686500000068918,1
6642,6643,56505,595,PIMA,56505,13.423706557799999,3624.760043230000065,584736.657657000003383,1
6643,6644,56506,548,PIMA,56506,32.948601329399999,5363.827827629999774,1435241.073910000035539,1
6644,6645,56507,548,PIMA,56507,7.322001464040000,2265.041062790000069,318946.383773999987170,1
6645,6646,56508,436,PIMA,56508,34.605667327600003,5915.806267509999998,1507422.868789999978617,1
6646,6647,56509,436,PIMA,56509,35.361011455899998,5961.862203570000020,1540325.659019999904558,1
6647,6648,56510,416,PIMA,56510,19.271635114700000,3855.813206389999777,839472.425596000044607,1
6648,6649,56511,416,PIMA,56511,9.972080797160000,2664.561128169999847,434383.839524000009988,1
6649,6650,56512,416,PIMA,56512,9.736124086700000,2605.432822579999993,424105.565216000017244,1
6650,6651,56513,416,PIMA,56513,14.338598255200001,3263.795016999999916,624589.339996000053361,1
6651,6652,56514,438,PIMA,56514,26.326948672600000,4430.497150639999745,1146801.884180000051856,1
6652,6653,56515,438,PIMA,56515,18.058365685300000,3959.053074160000051,786622.409253000048921,1
6653,6654,56516,506,PIMA,56516,18.611073992700000,3866.133877130000201,810698.383124000043608,1
6654,6655,56517,506,PIMA,56517,19.351079744500002,3957.590981159999956,842933.033671000041068,1
6655,6656,56518,529,PIMA,56518,23.426765339300001,4198.044200719999935,1020469.898180000018328,1
6656,6657,56519,529,PIMA,56519,25.528869638300002,4496.001959410000381,1112037.561440000077710,1
6657,6658,56520,529,PIMA,56520,24.072639624400001,4141.861195249999582,1048604.182040000101551,1
6658,6659,56521,529,PIMA,56521,16.071000487700001,3857.413403680000101,700052.781245999969542,1
6659,6660,56522,529,PIMA,56522,19.011186365800000,3850.986464049999995,828127.278092999942601,1
6660,6661,56523,529,PIMA,56523,11.930711150900001,3648.885359410000092,519701.777735000010580,1
6661,6662,56524,529,PIMA,56524,5.624990339240000,2056.751117920000070,245024.579177000006894,1
6662,6663,56525,529,PIMA,56525,15.090613428599999,3653.748791789999814,657347.120951000018977,1
6663,6664,56526,529,PIMA,56526,17.120412347900000,3802.875113919999876,745765.161877000005916,1
6664,6665,56527,1008,PIMA,56527,35.932850158299999,5316.031464450000385,1565234.952899999916553,1
6665,6666,56528,1008,PIMA,56528,20.252392816899999,4063.989078890000201,882194.231106000021100,1
6666,6667,56529,594,PIMA,56529,28.833209480699999,4643.987648780000200,1255974.604980000061914,1
6667,6668,56530,594,PIMA,56530,18.732638186199999,3831.304807500000152,815993.719388999976218,1
6668,6669,56531,594,PIMA,56531,16.630253309600000,3871.615172629999961,724413.834168000030331,1
6669,6670,56532,594,PIMA,56532,16.959251209500000,3596.689946120000059,738744.982686999952421,1
6670,6671,56533,584,PIMA,56533,41.645473666100003,6032.504230730000018,1814076.832900000037625,1
6671,6672,56534,584,PIMA,56534,20.677463759599998,4151.780088630000137,900710.321366999996826,1
6672,6673,56535,584,PIMA,56535,33.154627213700003,5770.509336179999991,1444215.561430000001565,1
6673,6674,56536,584,PIMA,56536,61.338614827999997,7535.208140550000280,2671910.061910000164062,1
6674,6675,56537,611,PIMA,56537,13.290859831500001,3578.130696350000107,578949.854260000050999,1
6675,6676,56538,611,PIMA,56538,12.454684933499999,3521.113405820000025,542526.075701999943703,1
6676,6677,56539,611,PIMA,56539,16.414666366300001,3769.859004249999998,715022.866918000043370,1
6677,6678,56540,613,PIMA,56540,39.134285827799999,6293.986099220000142,1704689.490659999893978,1
6678,6679,56541,613,PIMA,56541,40.160463294400003,7447.543760219999967,1749389.781100000021979,1
6679,6680,56542,613,PIMA,56542,36.323585120099999,4972.887470259999645,1582255.367829999886453,1
6680,6681,56543,613,PIMA,56543,17.160366499399998,4112.175606380000318,747505.564714999985881,1
6681,6682,56544,613,PIMA,56544,17.211238282600000,3609.822024090000014,749721.539589999942109,1
6682,6683,56545,613,PIMA,56545,29.648455452699999,5106.396825849999914,1291486.719520000042394,1
6683,6684,56546,613,PIMA,56546,18.618940595200002,4119.603946899999755,811041.052325000055134,1
6684,6685,56547,613,PIMA,56547,15.525291002199999,3427.091576239999995,676281.676056000054814,1
6685,6686,56548,613,PIMA,56548,45.028943672799997,5657.489152619999913,1961460.786390000022948,1
6686,6687,56549,613,PIMA,56549,19.077347906899998,3759.677914230000169,831009.274822999956086,1
6687,6688,56550,613,PIMA,56550,39.906709541600002,5278.289327159999630,1738336.267629999900237,1
6688,6689,56551,613,PIMA,56551,48.570059878499997,5900.666910410000128,2115711.808310000225902,1
6689,6690,56552,824,PIMA,56552,134.459315828999991,10349.991285500000231,5857047.797489999793470,0
6690,6691,56553,49,PIMA,56553,3.965450066220000,1671.661978769999905,172735.004883999994490,0
6691,6692,56554,49,PIMA,56554,3.965042585460000,1674.594951629999969,172717.255021999997552,0
6692,6693,56555,49,PIMA,56555,3.951392579270000,1665.886393400000088,172122.660753000003751,0
6693,6694,56556,49,PIMA,56556,3.870396503360000,1642.189891479999915,168594.471686000004411,0
6694,6695,56557,49,PIMA,56557,3.563958394030000,1549.049744489999966,155246.027643999987049,0
6695,6696,56558,49,PIMA,56558,13.851644592500000,3332.011927210000067,603377.638450999977067,0
6696,6697,56559,49,PIMA,56559,15.860610391900000,3343.645774980000169,690888.188672999967821,0
6697,6698,56560,49,PIMA,56560,15.916437291499999,3343.941076969999813,693320.008416999946348,0
6698,6699,56561,49,PIMA,56561,15.762949797099999,3332.768613199999891,686634.093160000047646,0
6699,6700,56562,49,PIMA,56562,12.312327110100000,3114.921201420000216,536324.968916999991052,0
6700,6701,56563,49,PIMA,56563,3.923205506330000,1661.761168790000056,170894.831856000004336,0
6701,6702,56564,447,PIMA,56564,23.942689759200000,4169.981774400000177,1042943.565910000004806,0
6702,6703,56565,447,PIMA,56565,17.880397936600001,3722.552889250000135,778870.134119999944232,0
6703,6704,56566,447,PIMA,56566,17.704809531599999,3519.231041749999804,771221.503198000020348,0
6704,6705,56567,427,PIMA,56567,11.930948377400000,2876.419010479999997,519712.111320999974851,0
6705,6706,56568,427,PIMA,56568,9.536174037940000,2582.839637640000092,415395.741092999989633,0
6706,6707,56569,427,PIMA,56569,16.641558187400001,3527.660250299999916,724906.274641999974847,0
6707,6708,56570,427,PIMA,56570,9.758196342100000,2607.675255310000011,425067.032661999983247,1
6708,6709,56571,427,PIMA,56571,9.685292350199999,2612.931631240000115,421891.334774999995716,0
6709,6710,56572,427,PIMA,56572,13.427826588500000,3093.729074020000098,584916.126197000034153,0
6710,6711,56573,427,PIMA,56573,13.367330215899999,3084.610751809999783,582280.904204000020400,0
6711,6712,56574,427,PIMA,56574,9.701616469190000,2605.177889930000219,422602.413398000004236,1
6712,6713,56575,427,PIMA,56575,9.799418069730001,2614.372893799999929,426862.651117999979760,1
6713,6714,56576,568,PIMA,56576,31.385172866200001,5555.440265780000118,1367138.130050000036135,1
6714,6715,56577,568,PIMA,56577,13.058813110399999,3034.420191270000032,568841.899090999970213,1
6715,6716,56578,568,PIMA,56578,4.615643930210000,1798.328379970000015,201057.449599999992643,1
6716,6717,56579,568,PIMA,56579,4.317820331440000,1740.838513870000043,188084.253637999994680,1
6717,6718,56580,568,PIMA,56580,4.758844418040000,1828.337017390000028,207295.262849999999162,1
6718,6719,56581,568,PIMA,56581,4.463491020580000,1770.982787959999996,194429.668856000003871,1
6719,6720,56582,464,PIMA,56582,12.176408057800000,2879.455968549999852,530404.334998999955133,0
6720,6721,56583,568,PIMA,56583,3.280509098870000,1517.333365299999969,142898.976346999988891,1
6721,6722,56584,568,PIMA,56584,3.234624620980000,1503.673559419999947,140900.248489999998128,1
6722,6723,56585,568,PIMA,56585,4.079126319260000,1705.289430990000028,177686.742467000003671,1
6723,6724,56586,568,PIMA,56586,4.406420657370000,1759.820846829999937,191943.683835000003455,1
6724,6725,56587,568,PIMA,56587,4.273397715100000,1733.725609509999913,186149.204469999996945,1
6725,6726,56588,568,PIMA,56588,4.209304767210000,1721.093548260000034,183357.315659000014421,1
6726,6727,56589,568,PIMA,56589,2.978663281980000,1458.061718590000055,129750.572562999994261,1
6727,6728,56590,568,PIMA,56590,3.212485418840000,1498.697198500000013,139935.864845000003697,1
6728,6729,56591,568,PIMA,56591,3.295542316150000,1519.524001949999956,143553.823291000007885,1
6729,6730,56592,568,PIMA,56592,3.213595725380000,1496.080963930000053,139984.229797999985749,1
6730,6731,56593,568,PIMA,56593,4.052056979980000,1691.662849640000104,176507.602048000000650,1
6731,6732,56594,568,PIMA,56594,4.203783859440000,1719.302480139999943,183116.824916999990819,1
6732,6733,56595,568,PIMA,56595,4.259675341290000,1730.119980839999926,185551.457866999990074,1
6733,6734,56596,568,PIMA,56596,4.145176533470000,1708.546843229999922,180563.889797999989241,1
6734,6735,56597,568,PIMA,56597,6.013220514920000,2111.630080830000225,261935.885630000004312,1
6735,6736,56598,568,PIMA,56598,7.131208059030000,3081.613961619999827,310635.423050999990664,1
6736,6737,56599,568,PIMA,56599,6.090612808450000,2106.053595930000029,265307.093936000019312,1
6737,6738,56600,568,PIMA,56600,11.869852304000000,2907.195941720000064,517050.766363999980967,1
6738,6739,56601,568,PIMA,56601,9.871021207880000,2624.328097659999912,429981.683814999996684,1
6739,6740,56602,568,PIMA,56602,10.356436070199999,2687.389787629999773,451126.355219000019133,1
6740,6741,56603,568,PIMA,56603,9.298356459150000,2535.772369629999957,405036.407361000019591,1
6741,6742,56604,568,PIMA,56604,8.873888083110000,2502.219194650000190,386546.564899999997579,1
6742,6743,56605,568,PIMA,56605,23.582403350400000,4255.918487119999554,1027249.489939999999478,1
6743,6744,56606,568,PIMA,56606,9.412688455690001,2565.848561299999801,410016.709129999973811,1
6744,6745,56607,404,PIMA,56607,9.834172476490000,2618.173849650000193,428376.553076000011060,1
6745,6746,56608,404,PIMA,56608,20.119714938500000,3759.015152160000071,876414.782722000032663,1
6746,6747,56609,404,PIMA,56609,15.188542204799999,3329.378276420000020,661612.898441000026651,1
6747,6748,56610,404,PIMA,56610,4.100140862040000,1870.118811959999903,178602.135951000003843,1
6748,6749,56611,404,PIMA,56611,2.794172591250000,1694.542837259999942,121714.158074999999371,1
6749,6750,56612,404,PIMA,56612,4.819299791690000,2165.415336860000025,209928.698926000011852,1
6750,6751,56613,404,PIMA,56613,10.637036271200000,2798.273957330000030,463349.299972000007983,1
6751,6752,56614,404,PIMA,56614,12.276165549800000,2939.736174140000003,534749.771349000046030,1
6752,6753,56615,404,PIMA,56615,5.383524372730000,2097.321286240000063,234506.321675999992294,1
6753,6754,56616,372,PIMA,56616,5.757585500810000,2080.003662550000172,250800.424414999986766,1
6754,6755,56617,372,PIMA,56617,11.258326040900000,2843.643678930000078,490412.682339999999385,1
6755,6756,56618,372,PIMA,56618,10.556332887600000,2704.633815799999866,459833.860581999993883,1
6756,6757,56619,372,PIMA,56619,10.138267302499999,2658.018578520000119,441622.923695000004955,1
6757,6758,56620,359,PIMA,56620,4.901753505330000,1939.749463379999952,213520.382692000013776,0
6758,6759,56621,359,PIMA,56621,15.935418800400001,3436.682949500000177,694146.842947000055574,0
6759,6760,56622,359,PIMA,56622,14.687462606500000,3256.796872469999926,639785.871139999944717,0
6760,6761,56623,359,PIMA,56623,14.348841067300000,3249.324968620000163,625035.516891999985091,0
6761,6762,56624,359,PIMA,56624,6.374941723940000,2181.163320180000028,277692.461494999995921,0
6762,6763,56625,359,PIMA,56625,11.497759199100001,2842.530171289999998,500842.390712000022177,0
6763,6764,56626,359,PIMA,56626,8.936354353250000,2548.500801600000159,389267.595626999973319,0
6764,6765,56627,359,PIMA,56627,7.939454966000000,2521.041865529999995,345842.658318999980111,0
6765,6766,56628,359,PIMA,56628,4.174184613170000,1708.051650110000082,181827.481750000006286,0
6766,6767,56629,359,PIMA,56629,20.576378229100001,4039.858219879999979,896307.035658000037074,0
6767,6768,56630,359,PIMA,56630,15.580554935400000,3295.823184760000004,678688.972983999992721,0
6768,6769,56631,359,PIMA,56631,14.079275094700000,3104.590430539999943,613293.223125000018626,0
6769,6770,56632,346,PIMA,56632,4.929470392490000,1971.161891470000000,214727.730297000001883,0
6770,6771,56633,346,PIMA,56633,12.842991512399999,3411.931891910000104,559440.710277999984100,0
6771,6772,56634,329,PIMA,56634,9.784916537270000,2618.963726129999941,426230.964364000014029,0
6772,6773,56635,329,PIMA,56635,9.077569941280000,2514.902564470000016,395418.946641999995336,0
6773,6774,56636,329,PIMA,56636,9.296414132410000,2552.509401889999936,404951.799607999972068,0
6774,6775,56637,329,PIMA,56637,19.485906014800001,3912.060816499999873,848806.066004000022076,0
6775,6776,56638,329,PIMA,56638,19.997495047000001,3955.200254020000102,871090.884246999979950,0
6776,6777,56639,329,PIMA,56639,9.913136336190000,2649.490854799999852,431816.218805000011344,0
6777,6778,56640,329,PIMA,56640,11.270594500400000,2792.178871030000209,490947.096437999978662,0
6778,6779,56641,329,PIMA,56641,7.244039415310000,2550.134270550000110,315550.356931000016630,0
6779,6780,56642,329,PIMA,56642,3.448787832810000,1548.223341110000092,150229.197997000010218,0
6780,6781,56643,329,PIMA,56643,14.268864260000001,3270.849672230000124,621551.727163000032306,0
6781,6782,56644,308,PIMA,56644,10.938950017100000,2764.576784410000073,476500.662743000022601,0
6782,6783,56645,302,PIMA,56645,4.390181634800000,1783.073497820000057,191236.312012000009418,1
6783,6784,56646,302,PIMA,56646,3.114031761870000,1479.772326490000069,135647.223547000001417,1
6784,6785,56647,302,PIMA,56647,4.968001411570000,2007.108301340000025,216406.141487999993842,1
6785,6786,56648,302,PIMA,56648,4.502882187620000,1903.850879540000051,196145.548092999990331,1
6786,6787,56649,302,PIMA,56649,8.219844230250001,2403.295299549999982,358056.414670000027400,1
6787,6788,56650,302,PIMA,56650,9.199176541920000,2503.115028430000166,400716.130165999988094,1
6788,6789,56651,302,PIMA,56651,5.708264770860000,2279.297031390000029,248652.013418999995338,1
6789,6790,56652,293,PIMA,56652,4.276441331620000,2159.956163740000193,186281.784405999991577,1
6790,6791,56653,293,PIMA,56653,9.738570089470000,2681.434812940000029,424212.113096999994013,1
6791,6792,56654,293,PIMA,56654,7.003977964250000,2226.888098320000154,305093.280122999974992,1
6792,6793,56655,293,PIMA,56655,24.676663467099999,4325.511809890000222,1074915.460630000103265,1
6793,6794,56656,293,PIMA,56656,13.706831211200001,3059.717195910000100,597069.567557999980636,1
6794,6795,56657,293,PIMA,56657,14.387710887600001,3579.729714789999889,626728.686265000025742,1
6795,6796,56658,293,PIMA,56658,13.628172402500001,3126.450607960000070,593643.189851999981329,1
6796,6797,56659,293,PIMA,56659,18.545340506999999,3883.193691529999796,807835.032486999989487,1
6797,6798,56660,293,PIMA,56660,9.131235450589999,2535.105693729999984,397756.616228000028059,1
6798,6799,56661,219,PIMA,56661,9.632491495560000,2662.584890510000150,419591.329547000001185,0
6799,6800,56662,219,PIMA,56662,8.370153352310000,2530.177308350000203,364603.880026000028010,0
6800,6801,56663,219,PIMA,56663,7.544288814440000,2363.025312469999790,328629.220756999973673,0
6801,6802,56664,219,PIMA,56664,6.318523871760000,2126.469145850000132,275234.899854000017513,0
6802,6803,56665,219,PIMA,56665,24.874761831000001,4568.747786529999757,1083544.625359999947250,0
6803,6804,56666,168,PIMA,56666,31.428543716800000,5870.294532230000186,1369027.364300000015646,0
6804,6805,56667,168,PIMA,56667,27.991617911100001,5623.496782000000167,1219314.876209999900311,0
6805,6806,56668,586,PIMA,56668,11.093181073600000,2856.191831160000220,483218.967564999999013,1
6806,6807,56669,586,PIMA,56669,9.708624429670000,2779.498654879999776,422907.680157000024337,1
6807,6808,56670,551,PIMA,56670,3.822580785160000,1816.598493250000047,166511.619001999992179,1
6808,6809,56671,551,PIMA,56671,10.099388156300000,2655.698640109999815,439929.348087000020314,1
6809,6810,56672,551,PIMA,56672,9.791937147500001,2610.778146640000159,426536.782145000004675,1
6810,6811,56673,552,PIMA,56673,8.916740942110000,2484.345901229999981,388413.235438000003342,1
6811,6812,56674,552,PIMA,56674,13.930988669400000,3176.106357010000011,606833.866440000012517,1
6812,6813,56675,534,PIMA,56675,8.502901031210000,2456.593762829999832,370386.368918999971356,1
6813,6814,56676,534,PIMA,56676,5.023338166770000,1965.467011830000047,218816.610543999995571,1
6814,6815,56677,534,PIMA,56677,3.875436070180000,1837.145680690000063,168813.995216999988770,1
6815,6816,56678,534,PIMA,56678,5.150666046320000,2002.284246429999939,224363.012978000013391,1
6816,6817,56679,517,PIMA,56679,10.058351974000001,2648.308031389999996,438141.811988000001293,1
6817,6818,56680,500,PIMA,56680,5.486245598710000,2041.085971689999951,238980.858279999985825,1
6818,6819,56681,500,PIMA,56681,9.963088112439999,2647.319078659999832,433992.118177999975160,1
6819,6820,56682,517,PIMA,56682,5.029714722190000,1991.545087830000057,219094.373298999998951,1
6820,6821,56683,500,PIMA,56683,6.073192110170000,2122.698768019999989,264548.248319000005722,1
6821,6822,56684,500,PIMA,56684,5.340459966530000,2025.988306449999982,232630.436141999991378,1
6822,6823,56685,500,PIMA,56685,9.976608338640000,2635.671442459999980,434581.059231000021100,1
6823,6824,56686,500,PIMA,56686,5.385147463960000,2038.579839100000072,234577.023530000005849,1
6824,6825,56687,50,PIMA,56687,7.058989002980000,2380.289035329999933,307489.560969999991357,1
6825,6826,56688,481,PIMA,56688,5.469713499240000,2069.361293269999805,238260.720027000003029,1
6826,6827,56689,446,PIMA,56689,8.142006897570001,2389.661759080000138,354665.820458000001963,0
6827,6828,56690,446,PIMA,56690,1.726665337630000,1222.274691840000060,75213.542107000001124,0
6828,6829,56691,446,PIMA,56691,0.942411655813000,819.188683944999980,41051.451727200001187,0
6829,6830,56692,428,PIMA,56692,5.818907040890000,2097.165502400000150,253471.590701000008266,1
6830,6831,56693,428,PIMA,56693,23.248566611699999,4027.146763350000128,1012707.561609999975190,1
6831,6832,56694,428,PIMA,56694,4.845747197330000,2298.636109699999906,211080.747915999992983,1
6832,6833,56695,428,PIMA,56695,5.695433932690000,1989.844890849999956,248093.102107999991858,1
6833,6834,56696,428,PIMA,56696,13.474048545400001,3066.411684530000002,586929.554639999987558,1
6834,6835,56697,428,PIMA,56697,15.194395260300000,3252.378962150000007,661867.857541000004858,1
6835,6836,56698,428,PIMA,56698,9.807060312350000,2681.096395760000178,427195.547206000017468,1
6836,6837,56699,428,PIMA,56699,13.303204611500000,3155.149069019999843,579487.592876999988221,1
6837,6838,56700,428,PIMA,56700,9.250503600740000,2574.823440820000087,402951.936847999983002,1
6838,6839,56701,428,PIMA,56701,4.140016721530000,1785.504146600000013,180339.128389999998035,1
6839,6840,56702,428,PIMA,56702,19.767983834300001,3920.135035299999799,861093.375823999987915,0
6840,6841,56703,428,PIMA,56703,10.078911661399999,2651.524227150000115,439037.391973000019789,0
6841,6842,56704,373,PIMA,56704,9.578614282829999,2588.080075530000158,417244.438160000019707,1
6842,6843,56705,373,PIMA,56705,7.116743216540000,2259.592996429999857,310005.334511999972165,1
6843,6844,56706,373,PIMA,56706,4.764294539410000,1932.379188760000034,207532.670137000008253,1
6844,6845,56707,373,PIMA,56707,5.384009094430000,2014.854597439999907,234527.436152999987826,1
6845,6846,56708,373,PIMA,56708,2.804678907500000,1401.514725250000083,122171.813211000000592,1
6846,6847,56709,362,PIMA,56709,12.169130706900001,2940.608767990000160,530087.333592999959365,0
6847,6848,56710,362,PIMA,56710,4.660301140700000,1923.560160730000007,203002.717689000011887,0
6848,6849,56711,362,PIMA,56711,7.384289573150000,2319.028698869999971,321659.653806000016630,0
6849,6850,56712,362,PIMA,56712,10.799808393199999,2740.565518549999979,470439.653608999971766,0
6850,6851,56713,362,PIMA,56713,9.939413115210000,2613.293499609999799,432960.835299000027589,0
6851,6852,56714,362,PIMA,56714,15.125353801499999,3335.217345999999907,658860.411594999954104,0
6852,6853,56715,362,PIMA,56715,9.553449676010001,2592.255298319999838,416148.267886999994516,0
6853,6854,56716,362,PIMA,56716,7.557525374950000,2321.213335219999863,329205.805333000025712,0
6854,6855,56717,362,PIMA,56717,11.968555802599999,2897.180434609999793,521350.290762000018731,0
6855,6856,56718,362,PIMA,56718,7.998328539700000,2365.181219399999918,348407.191188999975566,0
6856,6857,56719,362,PIMA,56719,10.020870198300001,2645.792718170000171,436509.105839000025298,0
6857,6858,56720,362,PIMA,56720,9.484734401000001,2570.793249050000213,413155.030507999996189,0
6858,6859,56721,347,PIMA,56721,9.867030617339999,2619.694417940000221,429807.853691000025719,0
6859,6860,56722,347,PIMA,56722,17.809150784700002,3711.155298990000119,775766.608179999981076,0
6860,6861,56723,347,PIMA,56723,19.147625100100001,3913.329111009999906,834070.549361999961548,0
6861,6862,56724,347,PIMA,56724,15.011967545999999,3301.703981929999827,653921.306303999968804,0
6862,6863,56725,347,PIMA,56725,8.197461402020000,2402.014521369999784,357081.418671999999788,0
6863,6864,56726,347,PIMA,56726,11.996830975400000,2892.352146119999816,522581.957287999975961,0
6864,6865,56727,328,PIMA,56727,15.774515812600001,3723.418396850000136,687137.908795000053942,0
6865,6866,56728,328,PIMA,56728,19.945737117699998,4014.295702309999797,868836.308845999999903,0
6866,6867,56729,310,PIMA,56729,19.410047739100001,3686.516181089999918,845501.679515999974683,0
6867,6868,56730,328,PIMA,56730,12.232861579100000,3001.292273489999843,532863.450384999974631,0
6868,6869,56731,289,PIMA,56731,58.485138557799999,6501.222837909999726,2547612.635580000001937,1
6869,6870,56732,289,PIMA,56732,22.108138686600000,4079.269495600000027,963030.521188999991864,1
6870,6871,56733,276,PIMA,56733,18.421258690199998,4841.411338240000077,802430.028547000023536,1
6871,6872,56734,276,PIMA,56734,10.296604158999999,2951.036291779999829,448520.077167999988887,1
6872,6873,56735,214,PIMA,56735,32.154090349900002,5197.344531179999649,1400632.175640000030398,0
6873,6874,56736,214,PIMA,56736,36.495904142400001,5116.718666089999715,1589761.584439999889582,0
6874,6875,56737,314,PIMA,56737,35.831936677300000,5044.818678810000165,1560839.161659999983385,0
6875,6876,56738,314,PIMA,56738,43.649308338399997,5755.042308819999562,1901363.871220000088215,0
6876,6877,56739,314,PIMA,56739,34.339510321100001,5187.947063259999595,1495829.069589999970049,0
6877,6878,56740,314,PIMA,56740,34.642256096399997,5037.042867830000432,1509016.675559999886900,0
6878,6879,56741,342,PIMA,56741,9.958602488830000,2660.560985430000073,433796.724412999988999,0
6879,6880,56742,342,PIMA,56742,18.891031924000000,3726.599319500000092,822893.350608999957331,0
6880,6881,56743,342,PIMA,56743,18.155871511899999,3816.405175700000200,790869.763059000018984,0
6881,6882,56744,342,PIMA,56744,10.767497670499999,2723.570344730000215,469032.198526000021957,0
6882,6883,56745,342,PIMA,56745,8.923994678610001,2490.266364619999877,388729.208199999993667,0
6883,6884,56746,363,PIMA,56746,21.585983199800001,4179.550130409999838,940285.428184999967925,0
6884,6885,56747,363,PIMA,56747,16.792264617600001,3773.101039470000160,731471.046742000035010,0
6885,6886,56748,363,PIMA,56748,19.038448656600000,3886.559272819999933,829314.823479000013322,0
6886,6887,56749,422,PIMA,56749,9.863477354680001,2620.135934160000033,429653.073570000007749,0
6887,6888,56750,422,PIMA,56750,7.321195355240000,2284.402778000000126,318911.269673999981023,0
6888,6889,56751,422,PIMA,56751,2.559050889530000,1642.756376399999908,111472.256747999999789,0
6889,6890,56752,422,PIMA,56752,7.301811320360000,2282.967430579999927,318066.901115000015125,0
6890,6891,56753,442,PIMA,56753,10.099971798400000,2674.203444620000027,439954.771539999986999,0
6891,6892,56754,574,PIMA,56754,6.738723220830000,2170.911184630000207,293538.783499000011943,1
6892,6893,56755,574,PIMA,56755,7.684544628030000,2323.118605329999809,334738.763997000001837,1
6893,6894,56756,574,PIMA,56756,20.913546187000001,3874.121329170000081,910994.071905000018887,1
6894,6895,56757,574,PIMA,56757,14.180704960300000,3437.641422180000063,617711.508068999974057,1
6895,6896,56758,574,PIMA,56758,23.689316416299999,4192.312536059999729,1031906.623099999967963,1
6896,6897,56759,574,PIMA,56759,35.971754568999998,5020.151112589999684,1566929.629029999952763,1
6897,6898,56760,574,PIMA,56760,10.935445671800000,3340.805651019999914,476348.013463000010233,1
6898,6899,56761,574,PIMA,56761,8.659701164519999,3206.464288690000103,377216.582725999993272,1
6899,6900,56762,574,PIMA,56762,4.492302660890000,1829.092267290000109,195684.703907999995863,1
6900,6901,56763,574,PIMA,56763,4.433318204760000,1986.697839570000042,193115.340999999985797,1
6901,6902,56764,574,PIMA,56764,8.673744841650000,2454.747999969999910,377828.325301999982912,1
6902,6903,56765,574,PIMA,56765,6.935222231740000,2327.472520509999867,302098.280414999986533,1
6903,6904,56766,440,PIMA,56766,21.391005608400000,4054.192824480000127,931792.204301999998279,0
6904,6905,56767,440,PIMA,56767,10.016065822400000,2641.292333719999988,436299.827223000000231,0
6905,6906,56768,440,PIMA,56768,20.229158354500001,3974.169175779999932,881182.137924000038765,0
6906,6907,56769,440,PIMA,56769,9.972600413329999,2636.530168610000146,434406.474005000025500,0
6907,6908,56770,440,PIMA,56770,9.928402272930001,2629.517337490000045,432481.203008999989834,0
6908,6909,56771,440,PIMA,56771,19.897813515500001,3949.603877689999990,866748.756735999952070,0
6909,6910,56772,440,PIMA,56772,10.588828485400001,2717.909955179999997,461249.368825000012293,0
6910,6911,56773,421,PIMA,56773,20.259363990200001,3965.775447619999795,882497.895413000020199,0
6911,6912,56774,421,PIMA,56774,22.372330398700001,4924.046148239999638,974538.712168000056408,0
6912,6913,56775,421,PIMA,56775,9.960449197910000,2620.099975759999779,433877.167061000014655,0
6913,6914,56776,421,PIMA,56776,9.947622009850001,2629.969419380000090,433318.414748999988660,0
6914,6915,56777,421,PIMA,56777,7.538695606630000,2318.705728110000109,328385.580625000002328,0
6915,6916,56778,421,PIMA,56778,12.121878427200000,2919.790639939999892,528029.024289999972098,0
6916,6917,56779,421,PIMA,56779,10.258354682100000,2677.590525369999796,446853.929952999984380,0
6917,6918,56780,421,PIMA,56780,14.636515046100000,3193.084904870000173,637566.595408000051975,0
6918,6919,56781,421,PIMA,56781,13.059736164000000,3023.568339200000082,568882.107305999961682,0
6919,6920,56782,421,PIMA,56782,14.379271457800000,3756.751080080000065,626361.064702000003308,0
6920,6921,56783,399,PIMA,56783,9.717134092540000,2618.213140610000210,423278.361070999992080,1
6921,6922,56784,399,PIMA,56784,4.935176491000000,1867.548671680000098,214976.287948000011966,1
6922,6923,56785,399,PIMA,56785,3.828808934370000,2264.256858270000066,166782.917180999997072,1
6923,6924,56786,399,PIMA,56786,3.403402153070000,1555.513307689999920,148252.197787999990396,1
6924,6925,56787,399,PIMA,56787,10.564241522500000,2717.138014059999932,460178.360722000012174,1
6925,6926,56788,399,PIMA,56788,8.382043739760000,2899.681237549999878,365121.825303999998141,1
6926,6927,56789,388,PIMA,56789,5.383279757330000,1946.356700649999993,234495.666228999994928,1
6927,6928,56790,388,PIMA,56790,4.896577154170000,1854.492124330000024,213294.900835999986157,1
6928,6929,56791,388,PIMA,56791,16.247834187900001,3379.548237739999877,707755.657225999981165,1
6929,6930,56792,399,PIMA,56792,9.744259347170001,2863.111410349999915,424459.937162999995053,1
6930,6931,56793,376,PIMA,56793,4.868827946880000,1846.247507170000063,212086.145366000011563,1
6931,6932,56794,341,PIMA,56794,24.796823112399998,4749.231826809999802,1080149.614779999945313,0
6932,6933,56795,609,PIMA,56795,20.071301898400002,3698.498778120000225,874305.910692999954335,1
6933,6934,56796,376,PIMA,56796,4.957532451180000,1863.820625000000064,215950.113573000009637,1
6934,6935,56797,376,PIMA,56797,4.841927725820000,1842.643618049999986,210914.371737000008579,1
6935,6936,56798,376,PIMA,56798,4.760428529270000,1825.890016359999890,207364.266735000011977,1
6936,6937,56799,369,PIMA,56799,18.084473984599999,3822.628890190000220,787759.686770000029355,0
6937,6938,56800,369,PIMA,56800,14.911378495399999,3215.592984419999993,649539.647257999982685,0
6938,6939,56801,369,PIMA,56801,30.609735710599999,5184.420429310000145,1333360.087550000054762,0
6939,6940,56802,369,PIMA,56802,40.507269763700002,5451.864557230000173,1764496.670910000102594,0
6940,6941,56803,341,PIMA,56803,12.209663877700001,3119.105652969999937,531852.958514999947511,0
6941,6942,56804,341,PIMA,56804,42.429145751400000,5473.862090689999604,1848213.588930000085384,0
6942,6943,56805,341,PIMA,56805,27.041729777699999,5114.944823619999624,1177937.749120000051335,0
6943,6944,56806,341,PIMA,56806,20.722263903999998,3938.401669410000068,902661.815657999948598,0
6944,6945,56807,341,PIMA,56807,21.329634845400001,4018.252052240000012,929118.893867000006139,0
6945,6946,56808,341,PIMA,56808,13.725529387900000,3105.709053590000167,597884.060136000043713,0
6946,6947,56809,609,PIMA,56809,19.569654686000000,4349.591910039999675,852454.158122000051662,1
6947,6948,56810,609,PIMA,56810,15.892479271499999,3464.040301659999841,692276.397065000026487,1
6948,6949,56811,590,PIMA,56811,17.743086087799998,3709.325418110000101,772888.829982999945059,1
6949,6950,56812,590,PIMA,56812,13.578142723999999,3072.861557419999826,591463.897056999965571,1
6950,6951,56813,590,PIMA,56813,14.767630276600000,3242.757237910000185,643277.974846999975853,1
6951,6952,56814,590,PIMA,56814,7.729513733900000,2399.894594509999934,336697.618248999991920,1
6952,6953,56815,590,PIMA,56815,18.198709701399999,3766.754805659999874,792735.794594999984838,1
6953,6954,56816,590,PIMA,56816,7.934623376170000,2379.925214349999806,345632.194266000005882,1
6954,6955,56817,590,PIMA,56817,7.206587318680000,2250.891989119999835,313918.943602000013925,1
6955,6956,56818,590,PIMA,56818,12.136318423900001,2905.559074780000174,528658.030545999994501,1
6956,6957,56819,573,PIMA,56819,16.196931449800001,3680.058494920000157,705538.333952000015415,1
6957,6958,56820,573,PIMA,56820,15.941780543200000,3646.374175999999807,694423.960462999995798,1
6958,6959,56821,557,PIMA,56821,12.267075236500000,2983.072399399999995,534353.797301999991760,1
6959,6960,56822,557,PIMA,56822,6.509943551480000,2145.534044770000037,283573.141102999972645,1
6960,6961,56823,557,PIMA,56823,6.290175747230000,2110.399281890000111,274000.055548999982420,1
6961,6962,56824,557,PIMA,56824,7.665537978970000,2315.981466700000055,333910.834364000009373,1
6962,6963,56825,557,PIMA,56825,25.583613776800000,4406.112176149999868,1114422.216119999997318,1
6963,6964,56826,557,PIMA,56826,10.369101485700000,2652.311599310000020,451678.060717999993358,1
6964,6965,56827,557,PIMA,56827,11.997077964000001,2906.697519710000051,522592.716111999994610,1
6965,6966,56828,557,PIMA,56828,12.230130333300000,3418.702100059999793,532744.477319000056013,1
6966,6967,56829,557,PIMA,56829,7.279076593960000,2396.649671359999957,317076.576432999980170,1
6967,6968,56830,536,PIMA,56830,8.687365873359999,2465.386554969999906,378421.657444000011310,1
6968,6969,56831,536,PIMA,56831,8.714529241339999,2471.996929989999899,379604.893753000011202,1
6969,6970,56832,536,PIMA,56832,8.934715553360000,2507.741545649999807,389196.209504000027664,1
6970,6971,56833,536,PIMA,56833,10.706778378399999,2734.477391420000004,466387.266163999971468,1
6971,6972,56834,536,PIMA,56834,3.608356232960000,1630.643035139999938,157179.997508000000380,1
6972,6973,56835,536,PIMA,56835,7.476275505890000,2274.085162330000003,325666.561036999977659,1
6973,6974,56836,536,PIMA,56836,6.192181658610000,2133.865092000000004,269731.433048999984749,1
6974,6975,56837,536,PIMA,56837,16.201578482100000,3573.148432869999851,705740.758681999985129,1
6975,6976,56838,520,PIMA,56838,16.810395422100001,3571.261476229999971,732260.824587999959476,1
6976,6977,56839,520,PIMA,56839,12.656039463600001,2973.305704230000174,551297.079034999944270,1
6977,6978,56840,520,PIMA,56840,9.697715267550000,2601.472192279999945,422432.477055000024848,1
6978,6979,56841,520,PIMA,56841,10.127209585899999,2622.782756439999957,441141.249562999990303,1
6979,6980,56842,520,PIMA,56842,9.963736949990000,2637.613869910000176,434020.381540999980643,1
6980,6981,56843,520,PIMA,56843,12.334736051500000,2931.782406050000191,537301.102404000004753,1
6981,6982,56844,520,PIMA,56844,16.586433173600000,3505.234093389999998,722505.029041999951005,1
6982,6983,56845,520,PIMA,56845,11.698196156600000,2856.987029890000031,509573.424579999991693,1
6983,6984,56846,520,PIMA,56846,19.944286569500001,4003.815616249999948,868773.122968000010587,1
6984,6985,56847,520,PIMA,56847,11.006654261900000,2788.519445460000043,479449.859646999975666,1
6985,6986,56848,484,PIMA,56848,7.918452212370000,2366.385890990000007,344927.778371000022162,1
6986,6987,56849,484,PIMA,56849,11.711867753500000,2926.893666729999950,510168.959343999973498,1
6987,6988,56850,484,PIMA,56850,2.732076015050000,1387.951538730000038,119009.231215000007069,1
6988,6989,56851,484,PIMA,56851,21.030086887700001,4525.818186829999831,916070.584828000050038,1
6989,6990,56852,484,PIMA,56852,5.576729183770000,2221.139905579999777,242922.323245000006864,1
6990,6991,56853,484,PIMA,56853,13.873301292300001,3449.786325189999843,604321.004291999968700,1
6991,6992,56854,484,PIMA,56854,11.583829677200001,2846.787346199999774,504591.620737000019290,1
6992,6993,56855,484,PIMA,56855,12.551446035700000,2965.705157100000179,546740.989314000005834,1
6993,6994,56856,1042,PIMA,56856,10.108030584800000,2653.476157049999983,440305.812274000025354,0
6994,6995,56857,1042,PIMA,56857,24.480057297999998,4542.098170709999977,1066351.295900000026450,0
6995,6996,56858,1042,PIMA,56858,21.776560707500000,4150.125806430000011,948586.984416999970563,0
6996,6997,56859,1042,PIMA,56859,18.024498379200001,4353.460995370000091,785147.149397999979556,0
6997,6998,56860,1042,PIMA,56860,24.902036452600001,4263.681117379999705,1084732.707870000042021,0
6998,6999,56861,615,PIMA,56861,34.973707923399999,6155.338781890000064,1523454.717140000080690,0
6999,7000,56862,615,PIMA,56862,24.263032613800000,4683.607427920000191,1056897.700660000089556,0
7000,7001,56863,615,PIMA,56863,15.782704597600000,3591.281862159999946,687494.612271000049077,0
7001,7002,56864,615,PIMA,56864,23.448094471899999,4257.421163590000106,1021398.995190000045113,0
7002,7003,56865,615,PIMA,56865,10.804615924200000,2956.063281889999871,470649.069656000006944,0
7003,7004,56866,591,PIMA,56866,11.018966729300001,2744.868294750000132,479986.190727000008337,1
7004,7005,56867,591,PIMA,56867,9.312365393600000,2607.675683370000115,405646.636545000015758,1
7005,7006,56868,591,PIMA,56868,7.876592718720000,2384.114872390000073,343104.378827999986243,1
7006,7007,56869,591,PIMA,56869,2.218124860990000,1244.148415110000087,96621.518944900002680,1
7007,7008,56870,591,PIMA,56870,6.330614656090000,2434.484916290000001,275761.574419000011403,1
7008,7009,56871,591,PIMA,56871,8.549087766080000,2563.742647229999875,372398.263090000022203,1
7009,7010,56872,591,PIMA,56872,9.607084332670000,2577.702399390000210,418484.593531000020448,1
7010,7011,56873,590,PIMA,56873,9.425129704290001,2598.109287669999958,410558.649918999988586,1
7011,7012,56874,575,PIMA,56874,19.449724166599999,4161.494457789999615,847229.984697000007145,1
7012,7013,56875,558,PIMA,56875,10.718881825200000,2799.179780519999895,466914.492305000021588,1
7013,7014,56876,558,PIMA,56876,14.305363224000001,3236.935265340000115,623141.622038000030443,1
7014,7015,56877,558,PIMA,56877,10.756143270600001,2742.045666479999909,468537.600864999985788,1
7015,7016,56878,558,PIMA,56878,10.061907550800001,2654.020770650000031,438296.692910999991000,1
7016,7017,56879,558,PIMA,56879,15.079335726500000,3294.232801770000151,656855.864244000054896,1
7017,7018,56880,558,PIMA,56880,13.967389490800000,3185.679506039999978,608419.486220999970101,1
7018,7019,56881,537,PIMA,56881,13.630760444000000,3129.218734839999797,593755.924940999946557,1
7019,7020,56882,537,PIMA,56882,5.597367262100000,2052.887772550000136,243821.317937000014354,1
7020,7021,56883,537,PIMA,56883,10.035122830500001,2655.540558799999872,437129.950497000012547,1
7021,7022,56884,537,PIMA,56884,10.531926280700000,3357.040547900000092,458770.708786999981385,1
7022,7023,56885,537,PIMA,56885,14.612579102700000,3238.583902989999842,636523.945714000030421,1
7023,7024,56886,521,PIMA,56886,9.753714334990001,2615.095866780000051,424871.796432000002824,1
7024,7025,56887,521,PIMA,56887,6.149128319370000,2137.468274370000017,267856.029592000006232,1
7025,7026,56888,521,PIMA,56888,21.592420985000000,4355.071499409999888,940565.858105999999680,1
7026,7027,56889,521,PIMA,56889,7.810549500890000,2350.335988310000175,340227.536259000014979,1
7027,7028,56890,521,PIMA,56890,6.538458006700000,2181.872051400000146,284815.230771999980789,1
7028,7029,56891,486,PIMA,56891,14.323884551000001,3221.126656439999806,623948.411040000035428,1
7029,7030,56892,486,PIMA,56892,5.761071620590000,2101.795419330000186,250952.279792999994243,1
7030,7031,56893,486,PIMA,56893,11.087042825299999,2780.049989990000086,482951.585468999983277,1
7031,7032,56894,486,PIMA,56894,23.147960945000001,4240.482025450000037,1008325.178760000038892,1
7032,7033,56895,560,PIMA,56895,24.551365052700000,4420.331190699999752,1069457.461700000101700,1
7033,7034,56896,577,PIMA,56896,22.773375387100000,4052.442799169999944,992008.231860000058077,0
7034,7035,56897,576,PIMA,56897,35.268340876499998,6150.560187410000253,1536288.928580000065267,1
7035,7036,56898,554,PIMA,56898,10.534667807000000,2714.176782240000193,458890.129671000002418,1
7036,7037,56899,554,PIMA,56899,16.807699654800000,3683.570258490000015,732143.396961000049487,1
7037,7038,56900,554,PIMA,56900,11.316302123400000,2820.198801879999792,492938.120496999996249,1
7038,7039,56901,554,PIMA,56901,14.585013412000000,3205.166532839999945,635323.184227999998257,1
7039,7040,56902,554,PIMA,56902,8.542770787960000,2416.030509449999954,372123.095522999996319,1
7040,7041,56903,560,PIMA,56903,13.949923251500000,4053.806891929999892,607658.656836000038311,1
7041,7042,56904,560,PIMA,56904,26.663407738600000,4268.099513340000158,1161458.041089999955148,1
7042,7043,56905,1064,PIMA,56905,16.783940594800001,3632.418723339999815,731108.452307999948971,0
7043,7044,56906,1064,PIMA,56906,28.885308728900000,4998.266501129999597,1258244.048230000073090,0
7044,7045,56907,1064,PIMA,56907,6.580852022000000,2166.705295910000132,286661.914078000001609,0
7045,7046,56908,1064,PIMA,56908,6.406860454380000,2140.123615489999793,279082.841392999980599,0
7046,7047,56909,1064,PIMA,56909,10.851213122700001,2817.195634900000186,472678.843623000022490,0
7047,7048,56910,1064,PIMA,56910,37.083313576899997,5402.214344969999729,1615349.139410000061616,0
7048,7049,56911,1065,PIMA,56911,9.751317663729999,2690.092467869999837,424767.397432000027038,0
7049,7050,56912,1065,PIMA,56912,9.923568589640000,2631.067044830000214,432270.647765000001527,0
7050,7051,56913,1065,PIMA,56913,14.866150364499999,3384.975248900000224,647569.509877000004053,0
7051,7052,56914,1065,PIMA,56914,19.728054113300001,6041.015664550000110,859354.037175999954343,0
7052,7053,56915,1065,PIMA,56915,9.713648609170001,2603.602459480000107,423126.533415000012610,0
7053,7054,56916,1065,PIMA,56916,9.441440130069999,2569.082407179999791,411269.132066000020131,0
7054,7055,56917,1065,PIMA,56917,11.916444829000000,2910.519408959999964,519080.336752999981400,0
7055,7056,56918,1065,PIMA,56918,8.421210092290000,2473.057014020000224,366827.911620000028051,0
7056,7057,56919,1065,PIMA,56919,9.392073648520000,2612.507108419999895,409118.728128999995533,0
7057,7058,56920,1065,PIMA,56920,10.938025005600000,2785.174596639999891,476460.369241999986116,0
7058,7059,56921,1062,PIMA,56921,21.475927762100000,4094.047702480000225,935491.413316000020131,0
7059,7060,56922,1062,PIMA,56922,9.371061711730000,2562.243469449999793,408203.448162999993656,0
7060,7061,56923,516,PIMA,56923,25.932384971600001,5072.259098880000238,1129614.689359999960288,0
7061,7062,56924,516,PIMA,56924,23.764253823299999,4097.610979050000424,1035170.896539999986999,0
7062,7063,56925,516,PIMA,56925,8.565399975869999,2916.823721660000047,373108.822948999993969,0
7063,7064,56926,1062,PIMA,56926,15.767814455800000,3372.343629089999922,686845.997696000034921,0
7064,7065,56927,1062,PIMA,56927,8.531289050170001,2805.515276900000117,371622.951025000016671,0
7065,7066,56928,1061,PIMA,56928,9.645002058070000,2586.664852710000105,420136.289648999983910,1
7066,7067,56929,1061,PIMA,56929,9.694726988690000,2631.006331940000109,422302.307626999972854,1
7067,7068,56930,1061,PIMA,56930,10.115723775299999,2655.305205709999882,440640.927651999983937,1
7068,7069,56931,1061,PIMA,56931,19.491571861800001,3866.227400799999941,849052.870300999958999,1
7069,7070,56932,1061,PIMA,56932,18.563521690100000,3861.848767020000196,808627.004820000031032,1
7070,7071,56933,1061,PIMA,56933,9.001419408469999,2510.850939649999873,392101.829433000006247,1
7071,7072,56934,1061,PIMA,56934,21.160905911099999,4024.257155769999827,921769.061489999992773,1
7072,7073,56935,1061,PIMA,56935,11.418316361700001,2825.434297750000042,497381.860717999981716,1
7073,7074,56936,632,PIMA,56936,19.587603338099999,3939.866160059999856,853236.001405999995768,1
7074,7075,56937,632,PIMA,56937,16.251790490600001,3719.883792120000180,707927.993769000051543,1
7075,7076,56938,628,PIMA,56938,20.238001623700001,4299.119373239999732,881567.350727000040933,1
7076,7077,56939,628,PIMA,56939,20.520887353900001,3912.116485040000043,893889.853134999983013,1
7077,7078,56940,628,PIMA,56940,20.713375558300001,4223.830612470000233,902274.639317999943160,1
7078,7079,56941,628,PIMA,56941,14.886735762600001,3328.796828359999836,648466.209819999989122,1
7079,7080,56942,628,PIMA,56942,24.755151876199999,4636.831473100000039,1078334.415730000007898,1
7080,7081,56943,639,PIMA,56943,20.896556822899999,3964.483636259999912,910254.015206999960355,0
7081,7082,56944,620,PIMA,56944,18.372911811700000,4100.287890669999797,800324.038516000029631,0
7082,7083,56945,1071,PIMA,56945,10.270324188400000,2679.274880999999823,447375.321648999990430,0
7083,7084,56946,1071,PIMA,56946,9.580462146020000,2631.957742730000064,417324.931081000017002,0
7084,7085,56947,1073,PIMA,56947,20.909263697699998,4093.526643719999811,910807.526670000050217,0
7085,7086,56949,1071,PIMA,56949,27.727704466700001,4463.238722559999587,1207818.806570000015199,0
7086,7087,56950,1070,PIMA,56950,25.432423659700000,4310.004282009999770,1107836.374619999900460,0
7087,7088,56951,1063,PIMA,56951,14.283579032100000,3196.436527949999800,622192.702638000017032,0
7088,7089,56952,1063,PIMA,56952,55.073587480599997,6592.796052229999987,2399005.470650000032037,0
7089,7090,56953,1063,PIMA,56953,14.586604044600000,3206.453517590000047,635392.472182999947108,0
7090,7091,56954,1063,PIMA,56954,26.835709870100001,4993.666492719999951,1168963.521939999889582,0
7091,7092,56955,1063,PIMA,56955,30.419869917200000,5419.939885189999586,1325089.533589999889955,0
7092,7093,56956,1072,PIMA,56956,12.071152782100000,3018.841852850000123,525819.415186000056565,0
7093,7094,56957,578,PIMA,56957,40.326647754299998,6056.004055139999764,1756628.776180000044405,0
7094,7095,56958,1072,PIMA,56958,17.220305353099999,4347.918936500000200,750116.501179000013508,0
7095,7096,56959,1072,PIMA,56959,96.509827683099999,8532.915766829999484,4203968.093879999592900,0
7096,7097,56960,1072,PIMA,56960,32.429142621499999,5106.446454249999988,1412613.452589999884367,0
7097,7098,56961,1072,PIMA,56961,86.628171757100006,8714.693601679999119,3773523.161739999894053,0
7098,7099,56962,540,PIMA,56962,10.094136207800000,2649.560840239999834,439700.573211000009906,0
7099,7100,56963,540,PIMA,56963,21.701444094100001,4262.806474480000361,945314.904739000019617,0
7100,7101,56964,430,PIMA,56964,20.950180690200000,4038.291024350000043,912589.870866999961436,0
7101,7102,56965,540,PIMA,56965,11.023582922699999,2821.346732959999827,480187.272111000027508,0
7102,7103,56966,540,PIMA,56966,17.490312426599999,3652.125395940000089,761878.009303999948315,0
7103,7104,56967,540,PIMA,56967,202.467823479000003,14182.634827300000325,8819498.390760000795126,0
7104,7105,56968,540,PIMA,56968,180.716783136999993,11099.457670399999188,7872023.073450000025332,0
7105,7106,56969,540,PIMA,56969,101.130266817999996,9076.350989299999128,4405234.422580000013113,0
7106,7107,56970,540,PIMA,56970,67.799705238399994,9574.821687280000333,2953355.160190000198781,0
7107,7108,56971,30,PIMA,56971,17.604593197000000,4139.425672989999839,766856.079661000054330,1
7108,7109,56972,29,PIMA,56972,20.780642526699999,3796.586810050000167,905204.788460999960080,1
7109,7110,56973,30,PIMA,56973,10.417987757000001,3300.853702769999927,453807.546695000026375,1
7110,7111,56974,32,PIMA,56974,21.252386413200000,4791.525540010000441,925753.952158999978565,1
7111,7112,56975,31,PIMA,56975,6.514123314950000,2147.800044829999933,283755.211598999972921,1
7112,7113,56976,31,PIMA,56976,5.535238319110000,1963.384926019999966,241114.981180000002496,1
7113,7114,56977,31,PIMA,56977,11.749986676500001,4001.459971629999927,511829.419630000018515,1
7114,7115,56978,31,PIMA,56978,5.207258145000000,1906.562269750000041,226828.164795999997295,1
7115,7116,56979,32,PIMA,56979,22.332969141100001,5038.575122039999769,972824.135786000057124,1
7116,7117,56980,32,PIMA,56980,13.853583763300000,4104.576938750000409,603462.108728999970481,1
7117,7118,56981,32,PIMA,56981,10.490831309300001,2868.100338660000034,456980.611831000016537,1
7118,7119,56982,32,PIMA,56982,19.738522236300000,3937.250148850000187,859810.028613999951631,1
7119,7120,56983,32,PIMA,56983,6.745236329560000,2202.691463180000028,293822.494515999977011,1
7120,7121,56984,32,PIMA,56984,9.938436662310000,2758.787938880000183,432918.301009999995586,1
7121,7122,56985,32,PIMA,56985,10.041421687900000,2804.812667149999925,437404.328724000020884,1
7122,7123,56986,458,PIMA,56986,24.304951242800001,4566.390986759999578,1058723.676130000036210,1
7123,7124,56987,458,PIMA,56987,9.974179334010000,2727.810151740000038,434475.251790000009350,1
7124,7125,56988,458,PIMA,56988,8.956942535830001,2743.323394779999944,390164.416861000005156,1
7125,7126,56989,439,PIMA,56989,20.836728485100000,4776.796352319999642,907647.892809999990277,1
7126,7127,56990,439,PIMA,56990,12.147716652600000,3066.829237139999805,529154.537388000055216,1
7127,7128,56991,439,PIMA,56991,8.122945837660000,2380.611935060000178,353835.520688000018708,1
7128,7129,56992,1080,PIMA,56992,33.323206663900002,5092.549804870000116,1451558.882280000019819,0
7129,7130,56993,1080,PIMA,56993,42.815317201900001,6763.126876870000160,1865035.217320000054315,0
7130,7131,56994,1080,PIMA,56994,40.931187589799997,6609.495845839999674,1782962.531410000054166,0
7131,7132,56995,1080,PIMA,56995,118.807777608999999,9203.912347550000050,5175266.792650000192225,0
7132,7133,56996,1080,PIMA,56996,30.221056417900002,5421.668922269999712,1316429.217560000019148,0
7133,7134,56997,444,PIMA,56997,8.174481121500000,2466.779116879999947,356080.397652000014205,0
7134,7135,56998,444,PIMA,56998,98.751919281699998,9800.488629049999872,4301633.603910000063479,0
7135,7136,56999,1083,PIMA,56999,22.056968033400000,3968.508187779999844,960801.527537000016309,0
7136,7137,57000,230,PIMA,57000,26.834436737899999,4410.895437510000193,1168908.064299999969080,0
7137,7138,57001,882,PIMA,57001,23358.596601699999155,156121.250801999995019,1017500467.970000028610229,1
7138,7139,57002,882,PIMA,57002,15792.981712799999514,107173.511998000001768,687942283.407999992370605,1
7139,7140,57003,882,PIMA,57003,3511.094937689999824,67098.242893500006176,152943295.486000001430511,1
7140,7141,57004,882,PIMA,57004,2702.850624329999846,44116.316254600002139,117736173.195999994874001,1
7141,7142,57005,826,PIMA,57005,63313.583302500002901,282251.173964000015985,2757939688.659999847412109,1
7142,7143,57006,826,PIMA,57006,104.743577751000004,11997.321740600000339,4562630.246820000000298,1
7143,7144,57007,843,PIMA,57007,83194.070723900003941,314928.499387999996543,3623933720.730000019073486,1
7144,7145,57008,843,PIMA,57008,50197.344801500003086,236045.442493000009563,2186596339.550000190734863,1
7145,7146,57009,826,PIMA,57009,13673.191141699999207,99121.918408800003817,595604206.133000016212463,1
7146,7147,57010,826,PIMA,57010,11303.530767500000366,97885.939374499997939,492381800.231000006198883,1
7147,7148,57011,653,PIMA,57011,115.369600921000000,12734.278241100000741,5025499.816130000166595,0
7148,7149,57012,478,PIMA,57012,54.984092314900003,7176.972111320000295,2395107.061240000184625,0
7149,7150,57013,478,PIMA,57013,46.633376411400000,6612.873673690000032,2031349.876480000093579,0
7150,7151,57014,898,PIMA,57014,1200.931015919999936,30986.789892600001622,52312555.053599998354912,0
7151,7152,57015,850,PIMA,57015,5882.658141719999549,66072.992756799998460,256248588.654000014066696,1
7152,7153,57016,856,PIMA,57016,4427.251324740000200,60751.170563899999252,192851067.706000000238419,1
7153,7154,57017,873,PIMA,57017,1286.722996449999982,32117.264088700001594,56049653.725500002503395,1
7154,7155,57018,874,PIMA,57018,4342.859877369999595,56501.814421399998537,189174976.257999986410141,1
7155,7156,57019,857,PIMA,57019,3409.948967899999843,55646.658007099998940,148537377.041999995708466,1
7156,7157,57020,872,PIMA,57020,5305.339892400000281,60888.683846599997196,231100605.712999999523163,1
7157,7158,57021,854,PIMA,57021,2545.393600769999921,42120.406020000002172,110877345.248999997973442,1
7158,7159,57022,854,PIMA,57022,668.530545996000001,21601.683128199998464,29121190.583599999547005,1
7159,7160,57023,854,PIMA,57023,643.741556594000031,21173.753534100000252,28041382.205200001597404,1
7160,7161,57024,854,PIMA,57024,661.728179518000047,21468.870226300001377,28824879.499800000339746,1
7161,7162,57025,854,PIMA,57025,643.113328450000040,21171.456494999998540,28014016.587299998849630,1
7162,7163,57026,854,PIMA,57026,635.274328467000032,21042.911788199999137,27672549.747999999672174,1
7163,7164,57027,851,PIMA,57027,1852.990424860000076,40988.527938999999606,80716262.907000005245209,1
7164,7165,57028,851,PIMA,57028,1820.800047960000029,40821.571171199997480,79314050.088899999856949,1
7165,7166,57029,851,PIMA,57029,1477.873391159999983,45798.883100500002911,64376164.918799996376038,1
7166,7167,57030,847,PIMA,57030,3876.975417350000043,65409.219875599999796,168881049.180000007152557,1
7167,7168,57031,845,PIMA,57031,1293.970010369999954,31850.738929999999527,56365333.651900000870228,1
7168,7169,57032,847,PIMA,57032,329.838151776000018,16050.579969500000516,14367749.891400000080466,1
7169,7170,57033,847,PIMA,57033,491.947265921999985,22430.012916200001200,21429222.903599999845028,1
7170,7171,57034,847,PIMA,57034,283.680655046000027,15620.976595300000554,12357129.333799999207258,1
7171,7172,57035,847,PIMA,57035,324.172272713999973,15881.590319900000395,14120944.199400000274181,1
7172,7173,57036,847,PIMA,57036,92.397942956300000,8344.212704620000295,4024854.395179999992251,1
7173,7174,57037,847,PIMA,57037,172.624566181000006,12351.908715800000209,7519526.102830000221729,1
7174,7175,57038,846,PIMA,57038,418.038079477999986,22759.128613100001530,18209738.742100000381470,1
7175,7176,57039,846,PIMA,57039,490.888448283999992,21266.724265699998796,21383100.807300001382828,1
7176,7177,57040,846,PIMA,57040,483.768102984999985,21275.469648999998753,21072938.565999999642372,1
7177,7178,57041,846,PIMA,57041,977.621130193999988,27679.953612299999804,42585176.431199997663498,1
7178,7179,57042,876,PIMA,57042,408.997860220000007,17281.537926699998934,17815946.791200000792742,1
7179,7180,57043,870,PIMA,57043,636.908341459999974,21072.680409900000086,27743727.353999998420477,1
7180,7181,57044,871,PIMA,57044,618.726441457999954,20767.028258499998628,26951723.789900001138449,1
7181,7182,57045,1027,PIMA,57045,19.877485155300000,4162.530116969999654,865863.253366000019014,1
7182,7183,57046,994,PIMA,57046,15.146848134900001,3443.289424680000138,659796.704756999970414,1
7183,7184,57047,994,PIMA,57047,27.114989423400001,4453.020452069999919,1181128.939280000049621,1
7184,7185,57048,994,PIMA,57048,17.415565833599999,3967.385689920000004,758622.047709999955259,1
7185,7186,57049,994,PIMA,57049,14.015986628100000,3388.339926709999872,610536.377519999979995,1
7186,7187,57050,994,PIMA,57050,26.539283657900000,4400.132595050000418,1156051.196139999898151,1
7187,7188,57051,994,PIMA,57051,14.291109088300001,3182.604269129999921,622520.711884999996983,1
7188,7189,57052,994,PIMA,57052,13.128841387200000,3036.430151229999865,571892.330824999953620,1
7189,7190,57053,994,PIMA,57053,80.779508722299994,7982.409608150000167,3518755.399939999915659,1
7190,7191,57054,994,PIMA,57054,17.677601105699999,3865.837230690000069,770036.304163999971934,1
7191,7192,57055,994,PIMA,57055,17.382614150799998,3888.132895199999894,757186.672407999983989,1
7192,7193,57056,994,PIMA,57056,38.755634516500002,5185.935162910000145,1688195.439539999933913,1
7193,7194,57057,994,PIMA,57057,28.207520634900000,4535.085253860000194,1228719.598860000027344,1
7194,7195,57058,994,PIMA,57058,36.782967036400002,5069.167159259999607,1602266.044109999900684,1
7195,7196,57059,994,PIMA,57059,24.963594242500001,4209.863366599999608,1087414.165199999930337,1
7196,7197,57060,994,PIMA,57060,42.692501828899999,5455.233877900000152,1859685.379669999936596,1
7197,7198,57061,995,PIMA,57061,40.663083700800001,5321.901293810000425,1771283.926010000053793,1
7198,7199,57062,995,PIMA,57062,20.920122893100000,4031.537870680000196,911280.553223000024445,1
7199,7200,57063,995,PIMA,57063,20.168638874399999,3966.110025389999919,878545.909369000000879,1
7200,7201,57064,995,PIMA,57064,20.383873175200002,3999.186498930000198,887921.515513999969698,1
7201,7202,57065,995,PIMA,57065,40.573655181699998,5318.655584510000153,1767388.419710000045598,1
7202,7203,57066,995,PIMA,57066,40.116010656299999,5285.131482449999567,1747453.424189999932423,1
7203,7204,57067,995,PIMA,57067,39.541024128099998,5249.703372369999670,1722407.011020000092685,1
7204,7205,57068,995,PIMA,57068,39.472557504999997,5245.300870750000286,1719424.604920000070706,1
7205,7206,57069,995,PIMA,57069,19.877690223599998,3974.460225199999968,865872.186142000020482,1
7206,7207,57070,995,PIMA,57070,20.005076993900001,3958.488259509999807,871421.153853000025265,1
7207,7208,57071,995,PIMA,57071,19.953213291299999,3961.973577100000057,869161.970968000008725,1
7208,7209,57072,1025,PIMA,57072,19.533296191200002,3941.321818970000095,850870.382087999954820,1
7209,7210,57073,1025,PIMA,57073,29.885669874700000,5317.534036029999697,1301819.779739999910817,1
7210,7211,57074,1025,PIMA,57074,30.110162072800001,5316.807265960000223,1311598.659890000009909,1
7211,7212,57075,1025,PIMA,57075,30.930137771599998,4707.247788200000286,1347316.801329999929294,1
7212,7213,57076,1002,PIMA,57076,35.703065361800000,5694.468736840000020,1555225.527160000056028,1
7213,7214,57077,1002,PIMA,57077,15.916487286000001,3309.550177210000129,693322.186177999945357,1
7214,7215,57078,1002,PIMA,57078,8.568175424340000,2507.892629769999985,373229.721483999979682,1
7215,7216,57079,1002,PIMA,57079,7.173068628210000,2263.670900069999789,312458.869445000018459,1
7216,7217,57080,1002,PIMA,57080,12.898157682800001,3051.384491910000179,561843.748661000048742,1
7217,7218,57081,1002,PIMA,57081,15.619018149900000,3370.232141450000199,680364.430608000024222,1
7218,7219,57082,1002,PIMA,57082,30.551729003100000,5064.750400650000302,1330833.315369999967515,1
7219,7220,57083,1002,PIMA,57083,33.813516156100000,5175.803694840000389,1472916.763760000001639,1
7220,7221,57084,1002,PIMA,57084,21.488784804700000,5239.562938629999735,936051.466093000024557,1
7221,7222,57085,379,PIMA,57085,24.746329937900001,4255.506485470000371,1077950.132089999970049,1
7222,7223,57086,379,PIMA,57086,10.236289762300000,2751.728234889999840,445892.782046000007540,1
7223,7224,57087,379,PIMA,57087,18.301076055700001,3866.099436829999831,797194.872986000031233,1
7224,7225,57088,379,PIMA,57088,9.474185834549999,2561.280778540000028,412695.534953000023961,1
7225,7226,57089,379,PIMA,57089,9.620709005060000,2558.038643779999802,419078.084259999974165,1
7226,7227,57090,381,PIMA,57090,25.980439706599999,4539.001448510000046,1131707.953620000043884,0
7227,7228,57091,381,PIMA,57091,13.205214763100001,3204.229447100000016,575219.155080000055023,0
7228,7229,57092,1029,PIMA,57092,19.196214067300001,4622.065196859999560,836187.084772999980487,0
7229,7230,57093,1029,PIMA,57093,15.080438124500001,3395.278442090000226,656903.884703999967314,0
7230,7231,57094,1029,PIMA,57094,15.439818805500000,3403.043555709999964,672558.507168999989517,0
7231,7232,57095,1029,PIMA,57095,10.187383133399999,2962.777695509999830,443762.409290999989025,0
7232,7233,57096,380,PIMA,57096,22.488925997199999,3993.141822330000196,979617.616435999982059,0
7233,7234,57097,380,PIMA,57097,19.663780548500000,4034.217427640000096,856554.280691000050865,0
7234,7235,57098,380,PIMA,57098,8.346694109330000,2425.634722390000206,363581.995401999971364,0
7235,7236,57099,380,PIMA,57099,6.556672265510000,2196.092455219999920,285608.643885999976192,0
7236,7237,57100,380,PIMA,57100,9.968745199810000,2885.749097760000041,434238.540903999994043,0
7237,7238,57101,380,PIMA,57101,6.459548064180000,2708.980573169999843,281377.913676000025589,0
7238,7239,57102,380,PIMA,57102,8.285093493120000,2440.264638789999935,360898.672559999977238,0
7239,7240,57103,380,PIMA,57103,7.962678409280000,2302.424329080000007,346854.271507999976166,0
7240,7241,57104,382,PIMA,57104,28.985220024000000,5513.990669269999671,1262596.184249999932945,1
7241,7242,57105,382,PIMA,57105,19.227071002100001,3737.872545010000067,837531.212852000026032,1
7242,7243,57106,382,PIMA,57106,12.152186102200000,3812.309082539999963,529349.226613000035286,1
7243,7244,57107,394,PIMA,57107,11.147678561199999,3202.300142539999797,485592.878127000003587,1
7244,7245,57108,382,PIMA,57108,20.590417068800001,3993.179523299999801,896918.567515000002459,1
7245,7246,57109,610,PIMA,57109,24.473417360300001,4205.102286020000065,1066062.060220000101253,1
7246,7247,57110,567,PIMA,57110,30.424729335100000,4907.721391930000209,1325301.209839999908581,1
7247,7248,57111,567,PIMA,57111,12.479190050000000,2969.009249019999970,543593.518579000025056,1
7248,7249,57112,567,PIMA,57112,8.123596964170000,2715.171153759999925,353863.883758999989368,1
7249,7250,57113,567,PIMA,57113,13.846011273300000,3158.381818280000061,603132.251063999952748,1
7250,7251,57114,504,PIMA,57114,29.035408035400000,5271.755455030000121,1264782.374019999988377,1
7251,7252,57115,504,PIMA,57115,31.569828604200001,5428.499348950000240,1375181.733999999938533,1
7252,7253,57116,504,PIMA,57116,17.218774857100001,3588.818750110000110,750049.832775000017136,1
7253,7254,57117,504,PIMA,57117,14.109029237600000,3182.475519290000193,614589.313589000026695,1
7254,7255,57118,504,PIMA,57118,14.070632134500000,3178.379321070000060,612916.735778999980539,1
7255,7256,57119,531,PIMA,57119,9.653683080470000,2620.781435670000064,420514.434984999999870,1
7256,7257,57120,531,PIMA,57120,15.465202783200001,3378.709348660000160,673664.233237999957055,1
7257,7258,57121,531,PIMA,57121,20.585560522900000,4062.848464820000117,896707.016377000021748,1
7258,7259,57122,531,PIMA,57122,20.111441119100000,3989.111367470000005,876054.375149999978021,1
7259,7260,57123,531,PIMA,57123,10.170484647100000,2661.047450349999963,443026.311228999984451,1
7260,7261,57124,543,PIMA,57124,12.994325892000001,3498.606373579999854,566032.835856999969110,1
7261,7262,57125,543,PIMA,57125,7.541745722380000,2300.885505209999792,328518.443666999984998,1
7262,7263,57126,559,PIMA,57126,7.472969097870000,2326.703146209999886,325522.533903000003193,1
7263,7264,57127,1020,PIMA,57127,325.170369302999973,15885.123692200000733,14164421.286800000816584,0
7264,7265,57128,1017,PIMA,57128,30.388112499500000,5723.511311760000353,1323706.180480000097305,0
7265,7266,57129,1014,PIMA,57129,122.083014468000002,11561.022132399999464,5317936.110220000147820,0
7266,7267,57130,1024,PIMA,57130,229.950406436000009,13238.831550599999900,10016639.704299999400973,0
7267,7268,57131,1019,PIMA,57131,9.865774840189999,2651.774283610000111,429753.152039000007790,0
7268,7269,57132,1019,PIMA,57132,22.670856560899999,3997.198430649999864,987542.511792000033893,0
7269,7270,57133,1018,PIMA,57133,162.308202942999998,10636.829463899999610,7070145.320179999805987,0
7270,7271,57134,1018,PIMA,57134,160.390531608000003,10568.110185199999250,6986611.556830000132322,0
7271,7272,57135,1013,PIMA,57135,214.982495913000008,12333.135582299999442,9364637.521959999576211,0
7272,7273,57136,1013,PIMA,57136,170.946898914999991,11044.200993899999958,7446446.916760000400245,0
7273,7274,57137,1013,PIMA,57137,154.004970299000007,10318.349858800000220,6708456.506230000406504,0
7274,7275,57138,1012,PIMA,57138,119.826655938000002,9311.048007769999458,5219649.132640000432730,1
7275,7276,57139,1010,PIMA,57139,46.570023600399999,6496.108636330000081,2028590.228030000114813,0
7276,7277,57140,1010,PIMA,57140,49.435678940899997,8118.929487870000230,2153418.174670000094920,0
7277,7278,57141,1010,PIMA,57141,33.785632290400002,4905.781951429999935,1471702.142569999909028,0
7278,7279,57142,1010,PIMA,57142,119.414904514000000,9506.200315079999200,5201713.240640000440180,0
7279,7280,57143,1010,PIMA,57143,317.663693629000022,18173.240173300000606,13837430.494500000029802,0
7280,7281,57144,1010,PIMA,57144,104.795647364999994,10589.694207299999107,4564898.399199999868870,0
7281,7282,57145,1009,PIMA,57145,17.279994694900001,3594.420034629999918,752716.568908000015654,1
7282,7283,57146,1009,PIMA,57146,16.844946458700001,3560.010329939999792,733765.867739000008442,1
7283,7284,57147,1009,PIMA,57147,37.540090165999999,5121.036069480000151,1635246.327629999956116,1
7284,7285,57148,1009,PIMA,57148,21.070903317799999,4026.219579999999951,917848.548521999968216,1
7285,7286,57149,1009,PIMA,57149,29.326015051300001,5200.821173639999870,1277441.215629999991506,1
7286,7287,57150,1009,PIMA,57150,20.614901649800000,4026.380371060000016,897985.115866999956779,1
7287,7288,57151,1009,PIMA,57151,28.176900589399999,5169.300913000000037,1227385.789670000085607,1
7288,7289,57152,1009,PIMA,57152,28.745909523600002,5196.292323329999817,1252171.818849999923259,1
7289,7290,57153,608,PIMA,57153,37.691004486399997,5140.328477299999577,1641820.155430000042543,1
7290,7291,57154,595,PIMA,57154,24.583868633600002,4491.002202659999966,1070873.317680000094697,1
7291,7292,57155,584,PIMA,57155,15.190494377000000,3551.319178209999791,661697.935063999961130,1
7292,7293,57156,488,PIMA,57156,12.879604646500001,3848.915465099999892,561035.578401000006124,1
7293,7294,57157,489,PIMA,57157,27.444548284200000,4637.412523920000240,1195484.523259999928996,1
7294,7295,57158,489,PIMA,57158,25.806455670500000,4573.355125029999726,1124129.209010000107810,1
7295,7296,57159,466,PIMA,57159,34.969361409999998,5919.686414570000125,1523265.383020000066608,1
7296,7297,57160,466,PIMA,57160,16.326480250700001,3919.262136339999870,711181.479721999960020,1
7297,7298,57161,466,PIMA,57161,10.592360352200000,3202.204622180000115,461403.216940000012983,1
7298,7299,57162,466,PIMA,57162,22.055597879600001,4024.125136149999889,960741.843634000048041,1
7299,7300,57163,466,PIMA,57163,15.920763670099999,3416.248560810000072,693508.465469000046141,1
7300,7301,57164,467,PIMA,57164,12.471930590700000,3633.122066009999799,543277.296531999949366,1
7301,7302,57165,596,PIMA,57165,27.992830733500000,4530.594405570000163,1219367.706749999895692,1
7302,7303,57166,596,PIMA,57166,18.729820143100000,4268.449219940000148,815870.965433000004850,1
7303,7304,57167,596,PIMA,57167,33.538120585300000,5440.013674589999937,1460920.532700000097975,1
7304,7305,57168,596,PIMA,57168,31.139040462099999,4574.723519940000187,1356416.602530000032857,1
7305,7306,57169,596,PIMA,57169,19.145129656900000,3832.518856180000057,833961.847853000042960,1
7306,7307,57170,545,PIMA,57170,14.429337005500001,3558.527077849999841,628541.919959999970160,1
7307,7308,57171,545,PIMA,57171,11.604204457500000,3328.549501380000038,505479.146169000014197,1
7308,7309,57172,545,PIMA,57172,11.515153804300001,3735.632567149999886,501600.099716999975499,1
7309,7310,57173,545,PIMA,57173,9.827892355750000,3295.204432149999775,428102.991015999985393,1
7310,7311,57174,545,PIMA,57174,15.281171609299999,3436.780978950000190,665647.835302000050433,1
7311,7312,57175,569,PIMA,57175,45.925952705900002,5682.413274180000371,2000534.499869999941438,1
7312,7313,57176,525,PIMA,57176,7.472048123930000,2594.776681570000164,325482.416278999997303,1
7313,7314,57177,525,PIMA,57177,7.640138742710000,2632.779527919999964,332804.443633000017144,1
7314,7315,57178,525,PIMA,57178,5.392261893600000,2049.309834119999778,234886.928084999992279,1
7315,7316,57179,525,PIMA,57179,7.000571170040000,2405.937679640000169,304944.880166999995708,1
7316,7317,57180,525,PIMA,57180,7.675338315720000,2646.071575160000066,334337.737032999983057,1
7317,7318,57181,525,PIMA,57181,4.945319468050000,1998.775347810000085,215418.116027999989456,1
7318,7319,57182,525,PIMA,57182,7.081585594710000,2574.923566590000064,308473.868506000027992,1
7319,7320,57183,525,PIMA,57183,12.169813734000000,2941.753411820000110,530117.086253999965265,1
7320,7321,57184,525,PIMA,57184,19.395237269999999,3942.011024490000182,844856.535479999962263,1
7321,7322,57185,525,PIMA,57185,6.195283662600000,2319.685610980000092,269866.556342999974731,1
7322,7323,57186,525,PIMA,57186,10.362962908900000,3432.314715410000190,451410.664310999971349,1
7323,7324,57187,525,PIMA,57187,12.368038111100001,2962.181963250000081,538751.740119999973103,1
7324,7325,57188,525,PIMA,57188,20.626722037699999,4079.365129190000061,898500.011962000047788,1
7325,7326,57189,527,PIMA,57189,7.740974744890000,2647.098811979999937,337196.859886999998707,1
7326,7327,57190,527,PIMA,57190,6.567944422300000,2196.971877110000150,286099.659035000018775,1
7327,7328,57191,527,PIMA,57191,13.582360577299999,3088.798248550000153,591647.626746000023559,1
7328,7329,57192,527,PIMA,57192,6.694854079110000,2386.948805919999813,291627.843685999978334,1
7329,7330,57193,527,PIMA,57193,6.586502015320000,2372.661079779999909,286908.027786999999080,1
7330,7331,57194,527,PIMA,57194,4.983222859400000,1949.274358440000015,217069.187754999991739,1
7331,7332,57195,527,PIMA,57195,12.245339591100000,3888.974960049999936,533406.992587000015192,1
7332,7333,57196,527,PIMA,57196,6.270501811350000,2139.996857420000197,273143.058902000018861,1
7333,7334,57197,527,PIMA,57197,9.846445085379999,2621.062032310000177,428911.147919000010006,1
7334,7335,57198,527,PIMA,57198,15.257710666400000,3319.788543780000055,664625.876626000041142,1
7335,7336,57199,527,PIMA,57199,13.084214067200000,3039.957099830000061,569948.364765999955125,1
7336,7337,57200,527,PIMA,57200,9.784090710179999,2612.870871499999794,426194.991335999977309,1
7337,7338,57201,527,PIMA,57201,15.008099595099999,3295.293842510000104,653752.818363000056706,1
7338,7339,57202,527,PIMA,57202,12.385363775800000,2969.560848810000152,539506.446074999985285,1
7339,7340,57203,527,PIMA,57203,9.762461163559999,2608.938212460000159,425252.808284999977332,1
7340,7341,57204,527,PIMA,57204,6.611470155360000,2207.708632270000180,287995.639966999995522,1
7341,7342,57205,510,PIMA,57205,6.852430591270000,2238.059875269999793,298491.876555999973789,1
7342,7343,57206,510,PIMA,57206,11.423852660900000,2859.931642840000222,497623.021906999987550,1
7343,7344,57207,510,PIMA,57207,4.734709829520000,1967.166185569999925,206243.960174000007100,1
7344,7345,57208,510,PIMA,57208,10.957349842499999,3429.448770080000031,477302.159141000011005,1
7345,7346,57209,510,PIMA,57209,10.714508102600000,3401.633497540000008,466723.972949000017252,1
7346,7347,57210,510,PIMA,57210,10.465829071700000,3389.202621809999982,455891.514362999994773,1
7347,7348,57211,510,PIMA,57211,10.651481748900000,3403.786626629999773,463978.544980000006035,1
7348,7349,57212,510,PIMA,57212,10.240822500400000,3339.536011780000081,446090.228116000012960,1
7349,7350,57213,510,PIMA,57213,10.211340404900000,2887.058083349999833,444805.988039000018034,1
7350,7351,57214,510,PIMA,57214,6.768973641160000,2479.584190349999972,294856.491809000028297,1
7351,7352,57215,510,PIMA,57215,7.101723844260000,2512.884542969999984,309351.090656000014860,1
7352,7353,57216,510,PIMA,57216,6.760221780540000,2224.934467839999797,294475.260759999975562,1
7353,7354,57217,510,PIMA,57217,4.856620384810000,1983.157011270000112,211554.383961999992607,1
7354,7355,57218,510,PIMA,57218,6.837713111620000,2237.559532299999773,297850.783141999971122,1
7355,7356,57219,510,PIMA,57219,4.751623575310000,1973.365644129999964,206980.722941000014544,1
7356,7357,57220,493,PIMA,57220,9.133630488030001,2532.106745370000226,397860.944059000001289,1
7357,7358,57221,493,PIMA,57221,6.479260197950000,2199.993082399999821,282236.574222000024747,1
7358,7359,57222,471,PIMA,57222,22.930989577399998,4943.750016189999769,998873.905989999999292,1
7359,7360,57223,453,PIMA,57223,31.852222839800000,5829.538963599999988,1387482.826899999985471,0
7360,7361,57224,453,PIMA,57224,27.408649614600002,4373.226599040000110,1193920.777209999971092,0
7361,7362,57225,453,PIMA,57225,44.210276333899998,7323.336433149999721,1925799.637099999934435,0
7362,7363,57226,453,PIMA,57226,32.095224880499998,5086.065922349999710,1398067.995790000073612,0
7363,7364,57227,453,PIMA,57227,27.367217778499999,4919.518492430000151,1192116.006430000066757,0
7364,7365,57228,497,PIMA,57228,10.972219102800000,2837.048287420000179,477949.864118000026792,1
7365,7366,57229,497,PIMA,57229,5.813130988710000,2023.311918079999941,253219.985867999988841,1
7366,7367,57230,453,PIMA,57230,18.183667919099999,3686.194315639999786,792080.574557999963872,0
7367,7368,57231,432,PIMA,57231,49.443292507000002,7036.116260050000164,2153749.821609999984503,1
7368,7369,57232,454,PIMA,57232,49.920640299100000,6057.226092760000029,2174543.091430000029504,1
7369,7370,57233,457,PIMA,57233,25.966004911700001,4367.765237479999996,1131079.173960000043735,1
7370,7371,57234,450,PIMA,57234,20.460658346799999,3906.142625850000059,891266.277585000032559,1
7371,7372,57235,450,PIMA,57235,21.554398022099999,7902.770550189999994,938909.577842000056989,1
7372,7373,57236,450,PIMA,57236,17.288962735399998,3672.086170330000186,753107.216752000036649,1
7373,7374,57237,450,PIMA,57237,51.264070363099997,6795.753165379999700,2233062.905019999947399,1
7374,7375,57238,450,PIMA,57238,28.715537917700001,6401.238889170000220,1250848.831689999904484,1
7375,7376,57239,450,PIMA,57239,23.884848444399999,4037.040819970000030,1040423.998239999986254,1
7376,7377,57240,450,PIMA,57240,13.214289252500000,3280.528656750000209,575614.439841000013985,1
7377,7378,57241,528,PIMA,57241,7.895197626730000,2347.216479510000227,343914.808620000025257,1
7378,7379,57242,528,PIMA,57242,6.711680822060000,2184.167209780000121,292360.816608999972232,1
7379,7380,57243,528,PIMA,57243,25.779058457100000,5245.051647819999744,1122935.786390000022948,1
7380,7381,57244,528,PIMA,57244,12.331316308700000,3444.190212850000080,537152.138407999998890,1
7381,7382,57245,528,PIMA,57245,9.618043630380001,2590.432858910000050,418961.980539000011049,1
7382,7383,57246,528,PIMA,57246,9.932683155559999,2631.142905000000155,432667.678255999984685,1
7383,7384,57247,528,PIMA,57247,9.955856803070001,2636.780317289999857,433677.122342000016943,1
7384,7385,57248,528,PIMA,57248,9.829547391980000,2617.443249580000156,428175.084395000012591,1
7385,7386,57249,528,PIMA,57249,9.494620117949999,2575.891386870000133,413585.652338000014424,1
7386,7387,57250,528,PIMA,57250,11.397368372200001,3877.258097330000055,496469.366295000014361,1
7387,7388,57251,528,PIMA,57251,9.519575412149999,3100.381756400000086,414672.704953000007663,1
7388,7389,57252,542,PIMA,57252,17.896626869599999,3788.823572639999838,779577.066440999973565,1
7389,7390,57253,542,PIMA,57253,15.238090080599999,3303.979274840000016,663771.203909000032581,1
7390,7391,57254,542,PIMA,57254,16.981667060800000,3770.249303340000097,739721.417167000006884,1
7391,7392,57255,542,PIMA,57255,12.295370040200000,2999.128595419999783,535586.318949999986216,1
7392,7393,57256,542,PIMA,57256,5.839261790120000,3047.082302660000096,254358.243577999994159,1
7393,7394,57257,542,PIMA,57257,5.779869496700000,2042.327905650000048,251771.115275999996811,1
7394,7395,57258,541,PIMA,57258,13.231451395600001,3384.669821760000104,576362.022792999981903,1
7395,7396,57259,544,PIMA,57259,13.558775243500000,3604.803298249999898,590620.249608000041917,1
7396,7397,57260,544,PIMA,57260,10.160095699999999,2728.917910550000215,442573.768693000019994,1
7397,7398,57261,544,PIMA,57261,21.990704972500001,3988.636405499999910,957915.108602000051178,1
7398,7399,57262,544,PIMA,57262,27.176926451000000,5416.666669379999803,1183826.916200000094250,1
7399,7400,57263,544,PIMA,57263,10.218075631500000,2813.289489490000051,445099.374509999994189,1
7400,7401,57264,544,PIMA,57264,14.958390149700000,3702.783267520000209,651587.474918999942020,1
7401,7402,57265,544,PIMA,57265,10.910851197600000,3807.512118709999868,475276.678168000013102,1
7402,7403,57266,544,PIMA,57266,12.649651295300000,4202.048143809999601,551018.810424000024796,1
7403,7404,57267,544,PIMA,57267,9.643778863720000,2730.125966820000031,420083.007303000020329,1
7404,7405,57268,544,PIMA,57268,6.840412840960000,2514.581623550000131,297968.383351999975275,1
7405,7406,57269,585,PIMA,57269,14.165364939300000,3100.427848700000141,617043.296756000025198,1
7406,7407,57270,585,PIMA,57270,22.151919184099999,5544.710927629999787,964937.599659000057727,1
7407,7408,57271,585,PIMA,57271,17.952482346299998,3513.030013090000011,782010.131005999981426,1
7408,7409,57272,585,PIMA,57272,15.570919519400000,3203.070186699999795,678269.254263999988325,1
7409,7410,57273,585,PIMA,57273,8.885625266840000,2657.843572690000201,387057.836623999988660,1
7410,7411,57274,585,PIMA,57274,9.263154317820000,2700.793991709999773,403503.002083999977913,1
7411,7412,57275,585,PIMA,57275,16.999646512599998,3810.014270589999796,740504.602088000043295,1
7412,7413,57276,585,PIMA,57276,13.300438718700001,3696.367610799999966,579367.110585000016727,1
7413,7414,57277,603,PIMA,57277,66.477804808599998,7502.593248410000342,2895773.177459999918938,1
7414,7415,57278,603,PIMA,57278,44.897034411400000,5612.526852420000068,1955714.818960000062361,1
7415,7416,57279,603,PIMA,57279,23.264794676099999,4180.703075270000227,1013414.456089999992400,1
7416,7417,57280,603,PIMA,57280,20.116348845099999,4041.607026510000196,876268.155692999949679,1
7417,7418,57281,603,PIMA,57281,35.314061308500001,5816.563471510000454,1538280.510599999921396,1
7418,7419,57282,603,PIMA,57282,9.432994534540001,2671.304337040000064,410901.241924999980256,1
7419,7420,57283,603,PIMA,57283,27.324122866100002,4705.214708350000365,1190238.792050000047311,1
7420,7421,57284,603,PIMA,57284,18.535599066900001,3713.057615950000127,807410.695351999951527,1
7421,7422,57285,603,PIMA,57285,18.057124838299998,3809.297603689999960,786568.357955000014044,1
7422,7423,57286,603,PIMA,57286,14.856352168000001,3794.203240740000183,647142.700438000028953,1
7423,7424,57287,603,PIMA,57287,11.115021170700000,3630.510170259999995,484170.322196999972221,1
7424,7425,57288,603,PIMA,57288,10.962594740500000,3569.555008020000059,477530.626893999986351,1
7425,7426,57289,603,PIMA,57289,11.887628831800001,3050.708955369999785,517825.111915000015870,1
7426,7427,57290,603,PIMA,57290,17.557188060300000,4397.198236340000221,764791.111907999962568,1
7427,7428,57291,1000,PIMA,57291,237.021434376000002,13626.902831499999593,10324653.681399999186397,0
7428,7429,57292,842,PIMA,57292,209.077957875999999,14457.734818000000814,9107435.845060000196099,0
7429,7430,57293,842,PIMA,57293,182.518531550999995,13359.441113599999881,7950507.234360000118613,0
7430,7431,57294,840,PIMA,57294,56.752282612000002,7694.823203920000196,2472129.430579999927431,0
7431,7432,57295,840,PIMA,57295,115.916019546000001,8943.956314749999365,5049301.811400000005960,0
7432,7433,57296,840,PIMA,57296,116.680402830999995,9180.196376140000211,5082598.347299999557436,0
7433,7434,57297,840,PIMA,57297,9.402137233260000,2562.554290879999826,409557.097881000023335,0
7434,7435,57298,840,PIMA,57298,21.689730633700002,4051.093905109999923,944804.666405000025406,0
7435,7436,57299,1001,PIMA,57299,146.974922185999986,12026.032059600000139,6402227.610419999808073,0
7436,7437,57300,955,PIMA,57300,29.740513120900001,5629.241927330000181,1295496.751549999928102,0
7437,7438,57301,955,PIMA,57301,28.761470110899999,5771.815006320000066,1252849.638030000030994,0
7438,7439,57302,1001,PIMA,57302,82.201182373500004,8339.204107100000329,3580683.504189999774098,0
7439,7440,57303,1001,PIMA,57303,53.471836534900000,7161.565496029999849,2329233.199459999799728,0
7440,7441,57304,1001,PIMA,57304,32.668224063600000,5605.857161629999609,1423027.840210000053048,0
7441,7442,57305,1001,PIMA,57305,27.293379577800000,4646.736560080000345,1188899.614409999921918,0
7442,7443,57306,1001,PIMA,57306,82.652142143899994,10662.044732899999872,3600327.311790000181645,0
7443,7444,57307,1001,PIMA,57307,233.761815439000003,13042.933925100000124,10182664.680500000715256,0
7444,7445,57308,955,PIMA,57308,50.699834555599999,5861.178333439999733,2208484.793240000028163,0
7445,7446,57309,955,PIMA,57309,23.750680048100001,4346.555821490000199,1034579.622899999958463,0
7446,7447,57310,955,PIMA,57310,24.220331932600001,4409.914830400000028,1055037.658980000065640,0
7447,7448,57311,955,PIMA,57311,21.849735587300000,4361.160909379999794,951774.482184999971651,0
7448,7449,57312,955,PIMA,57312,17.556169589500001,3854.025786419999804,764746.747319999965839,0
7449,7450,57313,955,PIMA,57313,18.807176448400000,3901.929238979999809,819240.606093000038527,0
7450,7451,57314,955,PIMA,57314,35.420655389700002,6066.799580609999794,1542923.748780000023544,0
7451,7452,57315,955,PIMA,57315,19.896543863400002,3929.715125390000139,866693.450687999953516,0
7452,7453,57316,955,PIMA,57316,22.175502383100000,4004.814301270000215,965964.883807000005618,0
7453,7454,57317,955,PIMA,57317,15.183082234400000,3697.480881290000070,661375.062131999991834,0
7454,7455,57318,955,PIMA,57318,28.292495334200002,4689.944289330000174,1232421.096760000102222,0
7455,7456,57319,955,PIMA,57319,280.263145083999973,15650.572253800000908,12208262.599899999797344,0
7456,7457,57320,955,PIMA,57320,57.896279141699999,9399.842853100000866,2521961.919410000089556,0
7457,7458,57321,955,PIMA,57321,116.646352257999993,10653.071045099999537,5081115.104360000230372,0
7458,7459,57322,838,PIMA,57322,3307.126811350000025,56226.450625600002240,144058443.902000010013580,0
7459,7460,57323,838,PIMA,57323,86.405268070199995,7684.601456069999585,3763813.477140000090003,0
7460,7461,57324,621,PIMA,57324,442.704166784999984,19299.842032399999880,19284193.505100000649691,0
7461,7462,57325,626,PIMA,57325,211.123063900000005,13028.627451300000757,9196520.663459999486804,0
7462,7463,57326,629,PIMA,57326,155.136490261999995,11740.850256600000648,6757745.515809999778867,0
7463,7464,57327,629,PIMA,57327,49.690026372799998,6246.951349920000212,2164497.548799999989569,0
7464,7465,57328,635,PIMA,57328,66.282727299900003,6893.235387800000353,2887275.601180000230670,0
7465,7466,57329,626,PIMA,57329,27.891115534200001,5911.193405490000259,1214936.992670000065118,0
7466,7467,57330,635,PIMA,57330,97.112476960099997,10002.451100000000224,4230219.496380000375211,0
7467,7468,57331,635,PIMA,57331,26.828074759700002,4873.429491789999702,1168630.936530000064522,0
7468,7469,57332,635,PIMA,57332,25.520719005699998,4820.470561940000152,1111682.519890000112355,0
7469,7470,57333,635,PIMA,57333,18.229066333799999,3777.865906219999943,794058.129500000039116,0
7470,7471,57334,604,PIMA,57334,23.921155442700002,4811.992796200000157,1042005.531079999986105,1
7471,7472,57335,607,PIMA,57335,21.318838859800000,3895.566619950000131,928648.620731999981217,1
7472,7473,57336,607,PIMA,57336,11.843600457599999,3254.716990880000139,515907.235930999973789,1
7473,7474,57337,602,PIMA,57337,23.689514719999998,4955.809783890000290,1031915.261199999949895,0
7474,7475,57338,602,PIMA,57338,23.117654589299999,4199.583813909999662,1007005.033909999998286,0
7475,7476,57339,602,PIMA,57339,24.285326149399999,4407.368341700000201,1057868.807070000097156,0
7476,7477,57340,602,PIMA,57340,24.097660664799999,4756.206962180000119,1049694.098560000071302,0
7477,7478,57341,602,PIMA,57341,14.572962327899999,3494.266258180000023,634798.239004999981262,0
7478,7479,57342,602,PIMA,57342,32.833226877199998,4916.940314770000441,1430215.362770000007004,0
7479,7480,57343,602,PIMA,57343,24.223758817899999,4407.237048340000001,1055186.934110000031069,0
7480,7481,57344,602,PIMA,57344,14.284491630100000,3502.394423889999871,622232.455408000038005,0
7481,7482,57345,602,PIMA,57345,17.311531026699999,4620.854818200000409,754090.291522999992594,0
7482,7483,57346,602,PIMA,57346,19.234649994300000,3901.348718060000010,837861.353753000032157,0
7483,7484,57347,625,PIMA,57347,62.352986213699999,7415.581448089999867,2716096.079470000229776,0
7484,7485,57348,625,PIMA,57348,68.882505654200003,7065.264159520000248,3000521.946299999952316,0
7485,7486,57349,625,PIMA,57349,55.460326759399997,6600.030543199999556,2415851.833639999851584,0
7486,7487,57350,625,PIMA,57350,63.232447793799999,8374.641445159999421,2754405.425900000147521,0
7487,7488,57351,770,PIMA,57351,251.920696722999992,16590.862166399998387,10973665.549300000071526,0
7488,7489,57352,770,PIMA,57352,210.666302992999988,14283.628169600000547,9176624.158379999920726,0
7489,7490,57353,770,PIMA,57353,186.178413065999990,12759.271638700000040,8109931.673139999620616,0
7490,7491,57354,770,PIMA,57354,151.169124060999991,10724.764286699999502,6584927.044080000370741,0
7491,7492,57355,611,PIMA,57355,11.749391256499999,3549.580964580000000,511803.483133999980055,1
7492,7493,57356,611,PIMA,57356,36.869998965400001,5195.690297180000016,1606057.154929999960586,1
7493,7494,57357,741,PIMA,57357,321.701574064999988,16878.564156299999013,14013320.566299999132752,0
7494,7495,57358,381,PIMA,57358,22.522779620600001,4225.574612069999603,981092.280273000011221,0
7495,7496,57359,381,PIMA,57359,56.225525027099998,6995.590856890000396,2449183.870180000085384,0
7496,7497,57360,501,PIMA,57360,9.091178049770001,2520.261647570000150,396011.715848000021651,1
7497,7498,57361,502,PIMA,57361,10.093463424199999,2675.021521300000131,439671.266755999997258,1
7498,7499,57362,854,PIMA,57362,658.628908795000029,22548.758762800000113,28689875.267099998891354,1
7499,7500,57363,993,PIMA,57363,255.552911206999994,13745.670563199999378,11131884.812200000509620,1
7500,7501,57364,854,PIMA,57364,2595.721608209999886,47760.953681500002858,113069633.253999993205070,1
7501,7502,57365,993,PIMA,57365,55.412170217899998,6197.213786719999916,2413754.134690000209957,1
7502,7503,57366,1015,PIMA,57366,24.009541907799999,4795.957855050000035,1045855.645499999984168,1
7503,7504,57367,1015,PIMA,57367,92.805652429600002,8517.308775400000741,4042614.219829999841750,1
7504,7505,57368,687,PIMA,57368,80217.766701800006558,405013.873377999989316,3494285917.530000209808350,0
7505,7506,57369,965,PIMA,57369,91.868760314900001,12678.998592500000086,4001803.199320000130683,0
7506,7507,57370,854,PIMA,57370,1945.399626859999898,42643.102750400001241,84741607.746099993586540,1
7507,7508,57371,993,PIMA,57371,199.677030104000011,15845.280661599999803,8697931.431320000439882,1
7508,7509,57372,845,PIMA,57372,671.813924349999979,30731.528439999998227,29264214.544700000435114,1
7509,7510,57373,1053,PIMA,57373,5.235158213630000,2012.279243030000089,228043.491785999998683,0
7510,7511,58001,787,PIMA,58001,329.136582717000010,16048.554629899999782,14337189.543199999257922,0
7511,7512,58002,786,PIMA,58002,320.927210901000024,15749.653459600000133,13979589.306800000369549,0
7512,7513,58004,785,PIMA,58004,208.947070948000004,13598.912469700000656,9101734.410490000620484,0
7513,7514,58005,813,PIMA,58005,640.216583509999964,20992.364362500000425,27887834.377700001001358,0
7514,7515,58006,818,PIMA,58006,351.390019961999997,16878.542125700001634,15306549.269500000402331,1
7515,7516,58007,819,PIMA,58007,349.697059643999978,16874.410585699999501,15232803.918099999427795,1
7516,7517,58008,814,PIMA,58008,225.402235894000000,14510.921082599999863,9818521.395560000091791,0
7517,7518,58009,822,PIMA,58009,926.259356802999946,25877.729369600001519,40347857.582299999892712,1
7518,7519,58011,820,PIMA,58011,668.860554563000051,27313.358287600000040,29135565.756799999624491,1
7519,7520,58012,514,PIMA,58012,8.118719039169999,2647.496151350000218,353651.401346000027843,1
7520,7521,50886,1049,PIMA,50886,19.049571979400000,3848.937495870000021,829799.355424999957904,0
7521,7522,55016,775,PIMA,55016,11.098596959600000,3455.803295419999813,483454.883560999995098,0
7522,7523,58014,63,PIMA,58014,570.654154175000031,20772.992731300000742,24857694.955800000578165,1
7523,7524,58015,926,PIMA,58015,1636.800006310000072,41670.413352099996700,71299008.274900004267693,0
7524,7525,58017,807,PIMA,58017,321.154924796999978,15861.847154799999771,13989508.524199999868870,0
7525,7526,58016,789,PIMA,58016,72.263298428599995,8708.644281599999886,3147789.279550000093877,0
