ID,Length,ATYPE,AB LINKCLASS,BA LINKCLASS,AM_AB_VMT,AM_BA_VMT,AM_AB_Spd,AM_BA_Spd,MD_AB_VMT,MD_BA_VMT,MD_AB_Spd,MD_BA_Spd,PM_AB_VMT,PM_BA_VMT,PM_AB_Spd,PM_BA_Spd,NT_AB_VMT,NT_BA_VMT,NT_AB_Spd,NT_BA_Spd
0,0.396992,9,9,9,0,0,0,0,0,0,0,0,0,0,0,0,0,0,0,0
0,0.448736,9,9,9,0,0,0,0,0,0,0,0,0,0,0,0,0,0,0,0
0,0.542175,9,9,9,0,0,0,0,0,0,0,0,0,0,0,0,0,0,0,0
0,2.380099,9,9,9,0,0,0,0,0,0,0,0,0,0,0,0,0,0,0,0
0,7.819675,9,9,9,0,0,0,0,0,0,0,0,0,0,0,0,0,0,0,0
0,4.807431,9,9,9,0,0,0,0,0,0,0,0,0,0,0,0,0,0,0,0
0,4.870907,9,9,9,0,0,0,0,0,0,0,0,0,0,0,0,0,0,0,0
0,4.164433,9,9,9,0,0,0,0,0,0,0,0,0,0,0,0,0,0,0,0
0,4.522105,9,9,9,0,0,0,0,0,0,0,0,0,0,0,0,0,0,0,0
0,4.909212,9,9,9,0,0,0,0,0,0,0,0,0,0,0,0,0,0,0,0
0,7.055886,9,9,9,0,0,0,0,0,0,0,0,0,0,0,0,0,0,0,0
0,7.556414,9,9,9,0,0,0,0,0,0,0,0,0,0,0,0,0,0,0,0
0,20.832834,9,9,9,0,0,0,0,0,0,0,0,0,0,0,0,0,0,0,0
0,4.116212,9,9,9,0,0,0,0,0,0,0,0,0,0,0,0,0,0,0,0
0,5.173408,9,9,9,0,0,0,0,0,0,0,0,0,0,0,0,0,0,0,0
0,8.369906,9,9,9,0,0,0,0,0,0,0,0,0,0,0,0,0,0,0,0
0,0.727904,9,9,9,0,0,0,0,0,0,0,0,0,0,0,0,0,0,0,0
0,0.502165,9,9,9,0,0,0,0,0,0,0,0,0,0,0,0,0,0,0,0
0,7.428721,9,9,9,0,0,0,0,0,0,0,0,0,0,0,0,0,0,0,0
0,2.404316,9,9,9,0,0,0,0,0,0,0,0,0,0,0,0,0,0,0,0
0,4.869165,9,9,9,0,0,0,0,0,0,0,0,0,0,0,0,0,0,0,0
0,2.644794,9,9,9,0,0,0,0,0,0,0,0,0,0,0,0,0,0,0,0
0,5.783905,9,9,9,0,0,0,0,0,0,0,0,0,0,0,0,0,0,0,0
0,1.32987,9,9,9,0,0,0,0,0,0,0,0,0,0,0,0,0,0,0,0
0,0.998951,9,9,9,0,0,0,0,0,0,0,0,0,0,0,0,0,0,0,0
0,8.538412,9,9,9,0,0,0,0,0,0,0,0,0,0,0,0,0,0,0,0
0,1.517422,9,9,9,0,0,0,0,0,0,0,0,0,0,0,0,0,0,0,0
0,5.268989,9,9,9,0,0,0,0,0,0,0,0,0,0,0,0,0,0,0,0
0,4.728331,9,9,9,0,0,0,0,0,0,0,0,0,0,0,0,0,0,0,0
0,0.481218,9,9,9,0,0,0,0,0,0,0,0,0,0,0,0,0,0,0,0
0,1.092422,9,9,9,0,0,0,0,0,0,0,0,0,0,0,0,0,0,0,0
0,1.523029,9,9,9,0,0,0,0,0,0,0,0,0,0,0,0,0,0,0,0
0,1.568322,9,9,9,0,0,0,0,0,0,0,0,0,0,0,0,0,0,0,0
0,0.643755,9,9,9,0,0,0,0,0,0,0,0,0,0,0,0,0,0,0,0
0,1.415203,9,9,9,0,0,0,0,0,0,0,0,0,0,0,0,0,0,0,0
0,2.114981,9,9,9,0,0,0,0,0,0,0,0,0,0,0,0,0,0,0,0
0,2.783674,9,9,9,0,0,0,0,0,0,0,0,0,0,0,0,0,0,0,0
0,1.641832,9,9,9,0,0,0,0,0,0,0,0,0,0,0,0,0,0,0,0
0,1.698661,9,9,9,0,0,0,0,0,0,0,0,0,0,0,0,0,0,0,0
0,1.113689,9,9,9,0,0,0,0,0,0,0,0,0,0,0,0,0,0,0,0
0,0.466582,9,9,9,0,0,0,0,0,0,0,0,0,0,0,0,0,0,0,0
0,1.111596,9,9,9,0,0,0,0,0,0,0,0,0,0,0,0,0,0,0,0
0,1.376137,9,9,9,0,0,0,0,0,0,0,0,0,0,0,0,0,0,0,0
0,0.799759,9,9,9,0,0,0,0,0,0,0,0,0,0,0,0,0,0,0,0
0,0.725519,9,9,9,0,0,0,0,0,0,0,0,0,0,0,0,0,0,0,0
0,0.638538,9,9,9,0,0,0,0,0,0,0,0,0,0,0,0,0,0,0,0
0,0.489693,9,9,9,0,0,0,0,0,0,0,0,0,0,0,0,0,0,0,0
0,0.508859,9,9,9,0,0,0,0,0,0,0,0,0,0,0,0,0,0,0,0
0,0.496383,9,9,9,0,0,0,0,0,0,0,0,0,0,0,0,0,0,0,0
0,0.556024,9,9,9,0,0,0,0,0,0,0,0,0,0,0,0,0,0,0,0
0,0.577892,9,9,9,0,0,0,0,0,0,0,0,0,0,0,0,0,0,0,0
0,0.351339,9,9,9,0,0,0,0,0,0,0,0,0,0,0,0,0,0,0,0
0,1.199818,9,9,9,0,0,0,0,0,0,0,0,0,0,0,0,0,0,0,0
0,0.972056,9,9,9,0,0,0,0,0,0,0,0,0,0,0,0,0,0,0,0
0,2.737705,9,9,9,0,0,0,0,0,0,0,0,0,0,0,0,0,0,0,0
0,3.025875,9,9,9,0,0,0,0,0,0,0,0,0,0,0,0,0,0,0,0
0,0.984647,9,9,9,0,0,0,0,0,0,0,0,0,0,0,0,0,0,0,0
0,5.058091,9,9,9,0,0,0,0,0,0,0,0,0,0,0,0,0,0,0,0
0,4.735188,9,9,9,0,0,0,0,0,0,0,0,0,0,0,0,0,0,0,0
0,5.159844,9,9,9,0,0,0,0,0,0,0,0,0,0,0,0,0,0,0,0
0,4.75341,9,9,9,0,0,0,0,0,0,0,0,0,0,0,0,0,0,0,0
0,2.552597,9,9,9,0,0,0,0,0,0,0,0,0,0,0,0,0,0,0,0
0,2.454192,9,9,9,0,0,0,0,0,0,0,0,0,0,0,0,0,0,0,0
0,2.238604,9,9,9,0,0,0,0,0,0,0,0,0,0,0,0,0,0,0,0
0,1.148462,9,9,9,0,0,0,0,0,0,0,0,0,0,0,0,0,0,0,0
0,0.990881,9,9,9,0,0,0,0,0,0,0,0,0,0,0,0,0,0,0,0
0,1.635669,9,9,9,0,0,0,0,0,0,0,0,0,0,0,0,0,0,0,0
0,0.984961,9,9,9,0,0,0,0,0,0,0,0,0,0,0,0,0,0,0,0
0,0.560311,9,9,9,0,0,0,0,0,0,0,0,0,0,0,0,0,0,0,0
0,2.947181,9,9,9,0,0,0,0,0,0,0,0,0,0,0,0,0,0,0,0
0,4.126845,9,9,9,0,0,0,0,0,0,0,0,0,0,0,0,0,0,0,0
0,1.501369,9,9,9,0,0,0,0,0,0,0,0,0,0,0,0,0,0,0,0
0,1.164439,9,9,9,0,0,0,0,0,0,0,0,0,0,0,0,0,0,0,0
0,1.941669,9,9,9,0,0,0,0,0,0,0,0,0,0,0,0,0,0,0,0
0,2.802755,9,9,9,0,0,0,0,0,0,0,0,0,0,0,0,0,0,0,0
0,0.978867,9,9,9,0,0,0,0,0,0,0,0,0,0,0,0,0,0,0,0
0,1.033665,9,9,9,0,0,0,0,0,0,0,0,0,0,0,0,0,0,0,0
0,1.024169,9,9,9,0,0,0,0,0,0,0,0,0,0,0,0,0,0,0,0
0,0.999077,9,9,9,0,0,0,0,0,0,0,0,0,0,0,0,0,0,0,0
0,0.501011,9,9,9,0,0,0,0,0,0,0,0,0,0,0,0,0,0,0,0
0,1.003506,9,9,9,0,0,0,0,0,0,0,0,0,0,0,0,0,0,0,0
0,0.459658,9,9,9,0,0,0,0,0,0,0,0,0,0,0,0,0,0,0,0
0,0.907968,9,9,9,0,0,0,0,0,0,0,0,0,0,0,0,0,0,0,0
0,1.568623,9,9,9,0,0,0,0,0,0,0,0,0,0,0,0,0,0,0,0
0,0.51355,9,9,9,0,0,0,0,0,0,0,0,0,0,0,0,0,0,0,0
0,1.005926,9,9,9,0,0,0,0,0,0,0,0,0,0,0,0,0,0,0,0
0,0.9988,9,9,9,0,0,0,0,0,0,0,0,0,0,0,0,0,0,0,0
0,0.65872,9,9,9,0,0,0,0,0,0,0,0,0,0,0,0,0,0,0,0
0,0.280899,9,9,9,0,0,0,0,0,0,0,0,0,0,0,0,0,0,0,0
0,0.269081,9,9,9,0,0,0,0,0,0,0,0,0,0,0,0,0,0,0,0
0,0.221609,9,9,9,0,0,0,0,0,0,0,0,0,0,0,0,0,0,0,0
0,0.285614,9,9,9,0,0,0,0,0,0,0,0,0,0,0,0,0,0,0,0
0,0.541947,9,9,9,0,0,0,0,0,0,0,0,0,0,0,0,0,0,0,0
0,1.343008,9,9,9,0,0,0,0,0,0,0,0,0,0,0,0,0,0,0,0
0,0.554684,9,9,9,0,0,0,0,0,0,0,0,0,0,0,0,0,0,0,0
0,0.496012,9,9,9,0,0,0,0,0,0,0,0,0,0,0,0,0,0,0,0
0,0.543913,9,9,9,0,0,0,0,0,0,0,0,0,0,0,0,0,0,0,0
0,0.14197,9,9,9,0,0,0,0,0,0,0,0,0,0,0,0,0,0,0,0
0,0.50255,9,9,9,0,0,0,0,0,0,0,0,0,0,0,0,0,0,0,0
0,0.257032,9,9,9,0,0,0,0,0,0,0,0,0,0,0,0,0,0,0,0
0,1.164787,9,9,9,0,0,0,0,0,0,0,0,0,0,0,0,0,0,0,0
0,0.806688,9,9,9,0,0,0,0,0,0,0,0,0,0,0,0,0,0,0,0
0,0.501851,9,9,9,0,0,0,0,0,0,0,0,0,0,0,0,0,0,0,0
0,0.797194,9,9,9,0,0,0,0,0,0,0,0,0,0,0,0,0,0,0,0
0,0.46909,9,9,9,0,0,0,0,0,0,0,0,0,0,0,0,0,0,0,0
0,0.494909,9,9,9,0,0,0,0,0,0,0,0,0,0,0,0,0,0,0,0
0,0.249074,9,9,9,0,0,0,0,0,0,0,0,0,0,0,0,0,0,0,0
0,0.295103,9,9,9,0,0,0,0,0,0,0,0,0,0,0,0,0,0,0,0
0,0.618445,9,9,9,0,0,0,0,0,0,0,0,0,0,0,0,0,0,0,0
0,0.477811,9,9,9,0,0,0,0,0,0,0,0,0,0,0,0,0,0,0,0
0,0.544835,9,9,9,0,0,0,0,0,0,0,0,0,0,0,0,0,0,0,0
0,0.500855,9,9,9,0,0,0,0,0,0,0,0,0,0,0,0,0,0,0,0
0,0.501365,9,9,9,0,0,0,0,0,0,0,0,0,0,0,0,0,0,0,0
0,0.743325,9,9,9,0,0,0,0,0,0,0,0,0,0,0,0,0,0,0,0
0,0.261244,9,9,9,0,0,0,0,0,0,0,0,0,0,0,0,0,0,0,0
0,0.201313,9,9,9,0,0,0,0,0,0,0,0,0,0,0,0,0,0,0,0
0,0.227904,9,9,9,0,0,0,0,0,0,0,0,0,0,0,0,0,0,0,0
0,0.299546,9,9,9,0,0,0,0,0,0,0,0,0,0,0,0,0,0,0,0
0,0.978822,9,9,9,0,0,0,0,0,0,0,0,0,0,0,0,0,0,0,0
0,1.056361,9,9,9,0,0,0,0,0,0,0,0,0,0,0,0,0,0,0,0
0,0.307232,9,9,9,0,0,0,0,0,0,0,0,0,0,0,0,0,0,0,0
0,0.206204,9,9,9,0,0,0,0,0,0,0,0,0,0,0,0,0,0,0,0
0,0.43113,9,9,9,0,0,0,0,0,0,0,0,0,0,0,0,0,0,0,0
0,0.750683,9,9,9,0,0,0,0,0,0,0,0,0,0,0,0,0,0,0,0
0,0.784101,9,9,9,0,0,0,0,0,0,0,0,0,0,0,0,0,0,0,0
0,0.538905,9,9,9,0,0,0,0,0,0,0,0,0,0,0,0,0,0,0,0
0,0.275971,9,9,9,0,0,0,0,0,0,0,0,0,0,0,0,0,0,0,0
0,0.271941,9,9,9,0,0,0,0,0,0,0,0,0,0,0,0,0,0,0,0
0,0.170726,9,9,9,0,0,0,0,0,0,0,0,0,0,0,0,0,0,0,0
0,0.227116,9,9,9,0,0,0,0,0,0,0,0,0,0,0,0,0,0,0,0
0,0.324853,9,9,9,0,0,0,0,0,0,0,0,0,0,0,0,0,0,0,0
0,0.354186,9,9,9,0,0,0,0,0,0,0,0,0,0,0,0,0,0,0,0
0,0.214533,9,9,9,0,0,0,0,0,0,0,0,0,0,0,0,0,0,0,0
0,0.538669,9,9,9,0,0,0,0,0,0,0,0,0,0,0,0,0,0,0,0
0,0.478072,9,9,9,0,0,0,0,0,0,0,0,0,0,0,0,0,0,0,0
0,1.657341,9,9,9,0,0,0,0,0,0,0,0,0,0,0,0,0,0,0,0
0,0.13789,9,9,9,0,0,0,0,0,0,0,0,0,0,0,0,0,0,0,0
0,0.281277,9,9,9,0,0,0,0,0,0,0,0,0,0,0,0,0,0,0,0
0,0.216092,9,9,9,0,0,0,0,0,0,0,0,0,0,0,0,0,0,0,0
0,0.393457,9,9,9,0,0,0,0,0,0,0,0,0,0,0,0,0,0,0,0
0,0.307375,9,9,9,0,0,0,0,0,0,0,0,0,0,0,0,0,0,0,0
0,14.901772,9,9,0,0,0,0,0,0,0,0,0,0,0,0,0,0,0,0,0
0,13.743797,9,9,0,0,0,0,0,0,0,0,0,0,0,0,0,0,0,0,0
0,4.850286,9,9,9,0,0,0,0,0,0,0,0,0,0,0,0,0,0,0,0
0,13.587596,9,9,9,0,0,0,0,0,0,0,0,0,0,0,0,0,0,0,0
0,0.691784,9,9,9,0,0,0,0,0,0,0,0,0,0,0,0,0,0,0,0
0,1.13057,9,9,9,0,0,0,0,0,0,0,0,0,0,0,0,0,0,0,0
0,0.469672,9,9,9,0,0,0,0,0,0,0,0,0,0,0,0,0,0,0,0
0,0.73846,9,9,9,0,0,0,0,0,0,0,0,0,0,0,0,0,0,0,0
0,10.495497,9,9,9,0,0,0,0,0,0,0,0,0,0,0,0,0,0,0,0
0,2.168651,9,9,9,0,0,0,0,0,0,0,0,0,0,0,0,0,0,0,0
0,0.9403,9,9,9,0,0,0,0,0,0,0,0,0,0,0,0,0,0,0,0
0,9.28658,9,9,9,0,0,0,0,0,0,0,0,0,0,0,0,0,0,0,0
0,0.66897,9,9,9,0,0,0,0,0,0,0,0,0,0,0,0,0,0,0,0
0,8.582654,9,9,9,0,0,0,0,0,0,0,0,0,0,0,0,0,0,0,0
0,6.261136,9,9,9,0,0,0,0,0,0,0,0,0,0,0,0,0,0,0,0
0,0.587081,9,9,9,0,0,0,0,0,0,0,0,0,0,0,0,0,0,0,0
0,1.410154,9,9,9,0,0,0,0,0,0,0,0,0,0,0,0,0,0,0,0
0,0.563769,9,9,9,0,0,0,0,0,0,0,0,0,0,0,0,0,0,0,0
0,0.232096,9,9,9,0,0,0,0,0,0,0,0,0,0,0,0,0,0,0,0
0,3.169404,9,9,9,0,0,0,0,0,0,0,0,0,0,0,0,0,0,0,0
0,2.446315,9,9,9,0,0,0,0,0,0,0,0,0,0,0,0,0,0,0,0
0,3.272188,9,9,9,0,0,0,0,0,0,0,0,0,0,0,0,0,0,0,0
0,3.744005,9,9,0,0,0,0,0,0,0,0,0,0,0,0,0,0,0,0,0
0,3.750124,9,9,0,0,0,0,0,0,0,0,0,0,0,0,0,0,0,0,0
0,2.58372,9,9,9,0,0,0,0,0,0,0,0,0,0,0,0,0,0,0,0
0,3.144017,9,9,9,0,0,0,0,0,0,0,0,0,0,0,0,0,0,0,0
0,0.812469,9,9,9,0,0,0,0,0,0,0,0,0,0,0,0,0,0,0,0
0,0.530807,9,9,9,0,0,0,0,0,0,0,0,0,0,0,0,0,0,0,0
0,2.198422,9,9,9,0,0,0,0,0,0,0,0,0,0,0,0,0,0,0,0
0,0.389187,9,9,9,0,0,0,0,0,0,0,0,0,0,0,0,0,0,0,0
0,0.319784,9,9,9,0,0,0,0,0,0,0,0,0,0,0,0,0,0,0,0
0,3.219794,9,9,9,0,0,0,0,0,0,0,0,0,0,0,0,0,0,0,0
0,0.887493,9,9,9,0,0,0,0,0,0,0,0,0,0,0,0,0,0,0,0
0,0.476421,9,9,9,0,0,0,0,0,0,0,0,0,0,0,0,0,0,0,0
0,0.767176,9,9,9,0,0,0,0,0,0,0,0,0,0,0,0,0,0,0,0
0,0.477158,9,9,9,0,0,0,0,0,0,0,0,0,0,0,0,0,0,0,0
0,0.602315,9,9,9,0,0,0,0,0,0,0,0,0,0,0,0,0,0,0,0
0,0.72179,9,9,9,0,0,0,0,0,0,0,0,0,0,0,0,0,0,0,0
0,0.478716,9,9,9,0,0,0,0,0,0,0,0,0,0,0,0,0,0,0,0
0,0.210456,9,9,9,0,0,0,0,0,0,0,0,0,0,0,0,0,0,0,0
0,2.994434,9,9,9,0,0,0,0,0,0,0,0,0,0,0,0,0,0,0,0
0,1.582968,9,9,9,0,0,0,0,0,0,0,0,0,0,0,0,0,0,0,0
0,1.70198,9,9,9,0,0,0,0,0,0,0,0,0,0,0,0,0,0,0,0
0,2.209726,9,9,9,0,0,0,0,0,0,0,0,0,0,0,0,0,0,0,0
0,0.598583,9,9,9,0,0,0,0,0,0,0,0,0,0,0,0,0,0,0,0
0,2.030642,9,9,9,0,0,0,0,0,0,0,0,0,0,0,0,0,0,0,0
0,0.770648,9,9,9,0,0,0,0,0,0,0,0,0,0,0,0,0,0,0,0
0,1.714137,9,9,9,0,0,0,0,0,0,0,0,0,0,0,0,0,0,0,0
0,0.123965,9,9,9,0,0,0,0,0,0,0,0,0,0,0,0,0,0,0,0
0,0.436132,9,9,9,0,0,0,0,0,0,0,0,0,0,0,0,0,0,0,0
0,0.524185,9,9,9,0,0,0,0,0,0,0,0,0,0,0,0,0,0,0,0
0,0.277981,9,9,9,0,0,0,0,0,0,0,0,0,0,0,0,0,0,0,0
0,0.453099,9,9,9,0,0,0,0,0,0,0,0,0,0,0,0,0,0,0,0
0,0.43374,9,9,9,0,0,0,0,0,0,0,0,0,0,0,0,0,0,0,0
0,0.468083,9,9,9,0,0,0,0,0,0,0,0,0,0,0,0,0,0,0,0
0,0.105576,9,9,9,0,0,0,0,0,0,0,0,0,0,0,0,0,0,0,0
0,0.125053,9,9,9,0,0,0,0,0,0,0,0,0,0,0,0,0,0,0,0
0,0.291488,9,9,9,0,0,0,0,0,0,0,0,0,0,0,0,0,0,0,0
0,1.585148,9,9,9,0,0,0,0,0,0,0,0,0,0,0,0,0,0,0,0
0,1.705966,9,9,9,0,0,0,0,0,0,0,0,0,0,0,0,0,0,0,0
0,1.288063,9,9,9,0,0,0,0,0,0,0,0,0,0,0,0,0,0,0,0
0,2.082969,9,9,9,0,0,0,0,0,0,0,0,0,0,0,0,0,0,0,0
0,1.087949,9,9,9,0,0,0,0,0,0,0,0,0,0,0,0,0,0,0,0
0,1.271447,9,9,9,0,0,0,0,0,0,0,0,0,0,0,0,0,0,0,0
0,1.190506,9,9,9,0,0,0,0,0,0,0,0,0,0,0,0,0,0,0,0
0,1.045335,9,9,9,0,0,0,0,0,0,0,0,0,0,0,0,0,0,0,0
0,0.34373,9,9,9,0,0,0,0,0,0,0,0,0,0,0,0,0,0,0,0
0,0.356418,9,9,9,0,0,0,0,0,0,0,0,0,0,0,0,0,0,0,0
0,0.505426,9,9,9,0,0,0,0,0,0,0,0,0,0,0,0,0,0,0,0
0,0.650225,9,9,9,0,0,0,0,0,0,0,0,0,0,0,0,0,0,0,0
0,0.46056,9,9,9,0,0,0,0,0,0,0,0,0,0,0,0,0,0,0,0
0,0.306325,9,9,9,0,0,0,0,0,0,0,0,0,0,0,0,0,0,0,0
0,0.664995,9,9,9,0,0,0,0,0,0,0,0,0,0,0,0,0,0,0,0
0,0.652287,9,9,9,0,0,0,0,0,0,0,0,0,0,0,0,0,0,0,0
0,0.662686,9,9,9,0,0,0,0,0,0,0,0,0,0,0,0,0,0,0,0
0,0.222213,9,9,9,0,0,0,0,0,0,0,0,0,0,0,0,0,0,0,0
0,0.191862,9,9,9,0,0,0,0,0,0,0,0,0,0,0,0,0,0,0,0
0,0.277921,9,9,9,0,0,0,0,0,0,0,0,0,0,0,0,0,0,0,0
0,0.625174,9,9,9,0,0,0,0,0,0,0,0,0,0,0,0,0,0,0,0
0,0.340947,9,9,9,0,0,0,0,0,0,0,0,0,0,0,0,0,0,0,0
0,0.247925,9,9,9,0,0,0,0,0,0,0,0,0,0,0,0,0,0,0,0
0,0.577736,9,9,9,0,0,0,0,0,0,0,0,0,0,0,0,0,0,0,0
0,0.185171,9,9,9,0,0,0,0,0,0,0,0,0,0,0,0,0,0,0,0
0,0.391313,9,9,9,0,0,0,0,0,0,0,0,0,0,0,0,0,0,0,0
0,0.233621,9,9,9,0,0,0,0,0,0,0,0,0,0,0,0,0,0,0,0
0,0.418304,9,9,9,0,0,0,0,0,0,0,0,0,0,0,0,0,0,0,0
0,1.346106,9,9,9,0,0,0,0,0,0,0,0,0,0,0,0,0,0,0,0
0,0.975627,9,9,9,0,0,0,0,0,0,0,0,0,0,0,0,0,0,0,0
0,0.25764,9,9,9,0,0,0,0,0,0,0,0,0,0,0,0,0,0,0,0
0,0.23998,9,9,9,0,0,0,0,0,0,0,0,0,0,0,0,0,0,0,0
0,0.566559,9,9,9,0,0,0,0,0,0,0,0,0,0,0,0,0,0,0,0
0,0.726356,9,9,9,0,0,0,0,0,0,0,0,0,0,0,0,0,0,0,0
0,0.116299,9,9,9,0,0,0,0,0,0,0,0,0,0,0,0,0,0,0,0
0,0.322451,9,9,9,0,0,0,0,0,0,0,0,0,0,0,0,0,0,0,0
0,0.37346,9,9,9,0,0,0,0,0,0,0,0,0,0,0,0,0,0,0,0
0,0.276979,9,9,9,0,0,0,0,0,0,0,0,0,0,0,0,0,0,0,0
0,0.422487,9,9,9,0,0,0,0,0,0,0,0,0,0,0,0,0,0,0,0
0,0.498704,9,9,9,0,0,0,0,0,0,0,0,0,0,0,0,0,0,0,0
0,1.012342,9,9,9,0,0,0,0,0,0,0,0,0,0,0,0,0,0,0,0
0,0.70542,9,9,9,0,0,0,0,0,0,0,0,0,0,0,0,0,0,0,0
0,0.852375,9,9,9,0,0,0,0,0,0,0,0,0,0,0,0,0,0,0,0
0,0.541119,9,9,9,0,0,0,0,0,0,0,0,0,0,0,0,0,0,0,0
0,1.045858,9,9,9,0,0,0,0,0,0,0,0,0,0,0,0,0,0,0,0
0,0.43951,9,9,9,0,0,0,0,0,0,0,0,0,0,0,0,0,0,0,0
0,0.498249,9,9,9,0,0,0,0,0,0,0,0,0,0,0,0,0,0,0,0
0,0.848599,9,9,9,0,0,0,0,0,0,0,0,0,0,0,0,0,0,0,0
0,7.94822,9,9,9,0,0,0,0,0,0,0,0,0,0,0,0,0,0,0,0
0,5.998908,9,9,9,0,0,0,0,0,0,0,0,0,0,0,0,0,0,0,0
0,3.993127,9,9,9,0,0,0,0,0,0,0,0,0,0,0,0,0,0,0,0
0,1.568366,9,9,9,0,0,0,0,0,0,0,0,0,0,0,0,0,0,0,0
0,3.730376,9,9,9,0,0,0,0,0,0,0,0,0,0,0,0,0,0,0,0
0,6.277631,9,9,9,0,0,0,0,0,0,0,0,0,0,0,0,0,0,0,0
0,1.693458,9,9,9,0,0,0,0,0,0,0,0,0,0,0,0,0,0,0,0
0,1.119902,9,9,9,0,0,0,0,0,0,0,0,0,0,0,0,0,0,0,0
0,0.584241,9,9,9,0,0,0,0,0,0,0,0,0,0,0,0,0,0,0,0
0,0.931845,9,9,9,0,0,0,0,0,0,0,0,0,0,0,0,0,0,0,0
0,0.496217,9,9,9,0,0,0,0,0,0,0,0,0,0,0,0,0,0,0,0
0,2.068541,9,9,9,0,0,0,0,0,0,0,0,0,0,0,0,0,0,0,0
0,1.648586,9,9,9,0,0,0,0,0,0,0,0,0,0,0,0,0,0,0,0
0,0.974388,9,9,9,0,0,0,0,0,0,0,0,0,0,0,0,0,0,0,0
0,0.583459,9,9,9,0,0,0,0,0,0,0,0,0,0,0,0,0,0,0,0
0,0.453651,9,9,9,0,0,0,0,0,0,0,0,0,0,0,0,0,0,0,0
0,0.875237,9,9,9,0,0,0,0,0,0,0,0,0,0,0,0,0,0,0,0
0,0.681754,9,9,9,0,0,0,0,0,0,0,0,0,0,0,0,0,0,0,0
0,1.887303,9,9,9,0,0,0,0,0,0,0,0,0,0,0,0,0,0,0,0
0,2.260055,9,9,9,0,0,0,0,0,0,0,0,0,0,0,0,0,0,0,0
0,1.82212,9,9,9,0,0,0,0,0,0,0,0,0,0,0,0,0,0,0,0
0,0.540311,9,9,9,0,0,0,0,0,0,0,0,0,0,0,0,0,0,0,0
0,0.71125,9,9,9,0,0,0,0,0,0,0,0,0,0,0,0,0,0,0,0
0,0.45504,9,9,9,0,0,0,0,0,0,0,0,0,0,0,0,0,0,0,0
0,0.49188,9,9,9,0,0,0,0,0,0,0,0,0,0,0,0,0,0,0,0
0,0.534088,9,9,9,0,0,0,0,0,0,0,0,0,0,0,0,0,0,0,0
0,0.717608,9,9,9,0,0,0,0,0,0,0,0,0,0,0,0,0,0,0,0
0,2.591267,9,9,9,0,0,0,0,0,0,0,0,0,0,0,0,0,0,0,0
0,1.485444,9,9,9,0,0,0,0,0,0,0,0,0,0,0,0,0,0,0,0
0,2.202331,9,9,9,0,0,0,0,0,0,0,0,0,0,0,0,0,0,0,0
0,0.879023,9,9,9,0,0,0,0,0,0,0,0,0,0,0,0,0,0,0,0
0,0.453135,9,9,9,0,0,0,0,0,0,0,0,0,0,0,0,0,0,0,0
0,1.19664,9,9,9,0,0,0,0,0,0,0,0,0,0,0,0,0,0,0,0
0,0.745017,9,9,9,0,0,0,0,0,0,0,0,0,0,0,0,0,0,0,0
0,2.233759,9,9,9,0,0,0,0,0,0,0,0,0,0,0,0,0,0,0,0
0,0.356318,9,9,9,0,0,0,0,0,0,0,0,0,0,0,0,0,0,0,0
0,0.264113,9,9,9,0,0,0,0,0,0,0,0,0,0,0,0,0,0,0,0
0,0.545675,9,9,9,0,0,0,0,0,0,0,0,0,0,0,0,0,0,0,0
0,0.260501,9,9,9,0,0,0,0,0,0,0,0,0,0,0,0,0,0,0,0
0,0.252672,9,9,9,0,0,0,0,0,0,0,0,0,0,0,0,0,0,0,0
0,0.255369,9,9,9,0,0,0,0,0,0,0,0,0,0,0,0,0,0,0,0
0,0.526153,9,9,9,0,0,0,0,0,0,0,0,0,0,0,0,0,0,0,0
0,0.248752,9,9,9,0,0,0,0,0,0,0,0,0,0,0,0,0,0,0,0
0,0.24627,9,9,9,0,0,0,0,0,0,0,0,0,0,0,0,0,0,0,0
0,0.251019,9,9,9,0,0,0,0,0,0,0,0,0,0,0,0,0,0,0,0
0,0.781871,9,9,9,0,0,0,0,0,0,0,0,0,0,0,0,0,0,0,0
0,0.250179,9,9,9,0,0,0,0,0,0,0,0,0,0,0,0,0,0,0,0
0,0.25302,9,9,9,0,0,0,0,0,0,0,0,0,0,0,0,0,0,0,0
0,0.250473,9,9,9,0,0,0,0,0,0,0,0,0,0,0,0,0,0,0,0
0,0.250687,9,9,9,0,0,0,0,0,0,0,0,0,0,0,0,0,0,0,0
0,0.502351,9,9,9,0,0,0,0,0,0,0,0,0,0,0,0,0,0,0,0
0,0.509275,9,9,9,0,0,0,0,0,0,0,0,0,0,0,0,0,0,0,0
0,0.249603,9,9,9,0,0,0,0,0,0,0,0,0,0,0,0,0,0,0,0
0,0.250187,9,9,9,0,0,0,0,0,0,0,0,0,0,0,0,0,0,0,0
0,0.242273,9,9,9,0,0,0,0,0,0,0,0,0,0,0,0,0,0,0,0
0,0.4966,9,9,9,0,0,0,0,0,0,0,0,0,0,0,0,0,0,0,0
0,0.250819,9,9,9,0,0,0,0,0,0,0,0,0,0,0,0,0,0,0,0
0,0.50326,9,9,9,0,0,0,0,0,0,0,0,0,0,0,0,0,0,0,0
0,2.240813,9,9,9,0,0,0,0,0,0,0,0,0,0,0,0,0,0,0,0
0,1.456075,9,9,9,0,0,0,0,0,0,0,0,0,0,0,0,0,0,0,0
0,1.773263,9,9,9,0,0,0,0,0,0,0,0,0,0,0,0,0,0,0,0
0,0.509761,9,9,9,0,0,0,0,0,0,0,0,0,0,0,0,0,0,0,0
0,0.510975,9,9,9,0,0,0,0,0,0,0,0,0,0,0,0,0,0,0,0
0,0.271901,9,9,9,0,0,0,0,0,0,0,0,0,0,0,0,0,0,0,0
0,0.480552,9,9,9,0,0,0,0,0,0,0,0,0,0,0,0,0,0,0,0
0,0.499809,9,9,9,0,0,0,0,0,0,0,0,0,0,0,0,0,0,0,0
0,0.179281,9,9,9,0,0,0,0,0,0,0,0,0,0,0,0,0,0,0,0
0,0.881236,9,9,9,0,0,0,0,0,0,0,0,0,0,0,0,0,0,0,0
0,2.567063,9,9,9,0,0,0,0,0,0,0,0,0,0,0,0,0,0,0,0
0,0.976916,9,9,9,0,0,0,0,0,0,0,0,0,0,0,0,0,0,0,0
0,0.60308,9,9,9,0,0,0,0,0,0,0,0,0,0,0,0,0,0,0,0
0,0.525021,9,9,9,0,0,0,0,0,0,0,0,0,0,0,0,0,0,0,0
0,0.238416,9,9,9,0,0,0,0,0,0,0,0,0,0,0,0,0,0,0,0
0,0.375683,9,9,9,0,0,0,0,0,0,0,0,0,0,0,0,0,0,0,0
0,0.190436,9,9,9,0,0,0,0,0,0,0,0,0,0,0,0,0,0,0,0
0,2.516323,9,9,9,0,0,0,0,0,0,0,0,0,0,0,0,0,0,0,0
0,0.735156,9,9,9,0,0,0,0,0,0,0,0,0,0,0,0,0,0,0,0
0,2.513797,9,9,9,0,0,0,0,0,0,0,0,0,0,0,0,0,0,0,0
0,0.280843,9,9,9,0,0,0,0,0,0,0,0,0,0,0,0,0,0,0,0
0,2.513602,9,9,9,0,0,0,0,0,0,0,0,0,0,0,0,0,0,0,0
0,2.539614,9,9,9,0,0,0,0,0,0,0,0,0,0,0,0,0,0,0,0
0,0.247718,9,9,9,0,0,0,0,0,0,0,0,0,0,0,0,0,0,0,0
0,0.502416,9,9,9,0,0,0,0,0,0,0,0,0,0,0,0,0,0,0,0
0,0.61309,9,9,9,0,0,0,0,0,0,0,0,0,0,0,0,0,0,0,0
0,0.676462,9,9,9,0,0,0,0,0,0,0,0,0,0,0,0,0,0,0,0
0,0.536096,9,9,9,0,0,0,0,0,0,0,0,0,0,0,0,0,0,0,0
0,0.613553,9,9,9,0,0,0,0,0,0,0,0,0,0,0,0,0,0,0,0
0,0.257154,9,9,9,0,0,0,0,0,0,0,0,0,0,0,0,0,0,0,0
0,0.508513,9,9,9,0,0,0,0,0,0,0,0,0,0,0,0,0,0,0,0
0,1.790852,9,9,9,0,0,0,0,0,0,0,0,0,0,0,0,0,0,0,0
0,1.415227,9,9,9,0,0,0,0,0,0,0,0,0,0,0,0,0,0,0,0
0,2.020463,9,9,9,0,0,0,0,0,0,0,0,0,0,0,0,0,0,0,0
0,0.715497,9,9,9,0,0,0,0,0,0,0,0,0,0,0,0,0,0,0,0
0,1.501401,9,9,9,0,0,0,0,0,0,0,0,0,0,0,0,0,0,0,0
0,1.493189,9,9,9,0,0,0,0,0,0,0,0,0,0,0,0,0,0,0,0
0,1.611736,9,9,9,0,0,0,0,0,0,0,0,0,0,0,0,0,0,0,0
0,0.672243,9,9,9,0,0,0,0,0,0,0,0,0,0,0,0,0,0,0,0
0,0.454669,9,9,9,0,0,0,0,0,0,0,0,0,0,0,0,0,0,0,0
0,2.434799,9,9,9,0,0,0,0,0,0,0,0,0,0,0,0,0,0,0,0
0,1.356014,9,9,9,0,0,0,0,0,0,0,0,0,0,0,0,0,0,0,0
0,0.460499,9,9,9,0,0,0,0,0,0,0,0,0,0,0,0,0,0,0,0
0,0.815276,9,9,9,0,0,0,0,0,0,0,0,0,0,0,0,0,0,0,0
0,0.578898,9,9,9,0,0,0,0,0,0,0,0,0,0,0,0,0,0,0,0
0,0.703428,9,9,9,0,0,0,0,0,0,0,0,0,0,0,0,0,0,0,0
0,0.501932,9,9,9,0,0,0,0,0,0,0,0,0,0,0,0,0,0,0,0
0,0.801966,9,9,9,0,0,0,0,0,0,0,0,0,0,0,0,0,0,0,0
0,0.581344,9,9,9,0,0,0,0,0,0,0,0,0,0,0,0,0,0,0,0
0,0.449205,9,9,9,0,0,0,0,0,0,0,0,0,0,0,0,0,0,0,0
0,0.633149,9,9,9,0,0,0,0,0,0,0,0,0,0,0,0,0,0,0,0
0,1.058959,9,9,9,0,0,0,0,0,0,0,0,0,0,0,0,0,0,0,0
0,1.040182,9,9,9,0,0,0,0,0,0,0,0,0,0,0,0,0,0,0,0
0,0.740596,9,9,9,0,0,0,0,0,0,0,0,0,0,0,0,0,0,0,0
0,0.563962,9,9,9,0,0,0,0,0,0,0,0,0,0,0,0,0,0,0,0
0,0.502702,9,9,9,0,0,0,0,0,0,0,0,0,0,0,0,0,0,0,0
0,0.498178,9,9,9,0,0,0,0,0,0,0,0,0,0,0,0,0,0,0,0
0,0.329352,9,9,9,0,0,0,0,0,0,0,0,0,0,0,0,0,0,0,0
0,0.74081,9,9,9,0,0,0,0,0,0,0,0,0,0,0,0,0,0,0,0
0,1.504767,9,9,9,0,0,0,0,0,0,0,0,0,0,0,0,0,0,0,0
0,0.666851,9,9,9,0,0,0,0,0,0,0,0,0,0,0,0,0,0,0,0
0,0.503299,9,9,9,0,0,0,0,0,0,0,0,0,0,0,0,0,0,0,0
0,0.681852,9,9,9,0,0,0,0,0,0,0,0,0,0,0,0,0,0,0,0
0,0.493417,9,9,9,0,0,0,0,0,0,0,0,0,0,0,0,0,0,0,0
0,0.121209,9,9,9,0,0,0,0,0,0,0,0,0,0,0,0,0,0,0,0
0,0.640581,9,9,9,0,0,0,0,0,0,0,0,0,0,0,0,0,0,0,0
0,1.184636,9,9,9,0,0,0,0,0,0,0,0,0,0,0,0,0,0,0,0
0,0.590623,9,9,9,0,0,0,0,0,0,0,0,0,0,0,0,0,0,0,0
0,0.763859,9,9,9,0,0,0,0,0,0,0,0,0,0,0,0,0,0,0,0
0,1.007476,9,9,9,0,0,0,0,0,0,0,0,0,0,0,0,0,0,0,0
0,0.430199,9,9,9,0,0,0,0,0,0,0,0,0,0,0,0,0,0,0,0
0,0.264817,9,9,9,0,0,0,0,0,0,0,0,0,0,0,0,0,0,0,0
0,0.5259,9,9,9,0,0,0,0,0,0,0,0,0,0,0,0,0,0,0,0
0,0.249673,9,9,9,0,0,0,0,0,0,0,0,0,0,0,0,0,0,0,0
0,0.255074,9,9,9,0,0,0,0,0,0,0,0,0,0,0,0,0,0,0,0
0,0.48264,9,9,9,0,0,0,0,0,0,0,0,0,0,0,0,0,0,0,0
0,0.620657,9,9,9,0,0,0,0,0,0,0,0,0,0,0,0,0,0,0,0
0,0.053073,9,9,9,0,0,0,0,0,0,0,0,0,0,0,0,0,0,0,0
0,1.027306,9,9,9,0,0,0,0,0,0,0,0,0,0,0,0,0,0,0,0
0,0.571025,9,9,9,0,0,0,0,0,0,0,0,0,0,0,0,0,0,0,0
0,0.27765,9,9,9,0,0,0,0,0,0,0,0,0,0,0,0,0,0,0,0
0,0.537461,9,9,9,0,0,0,0,0,0,0,0,0,0,0,0,0,0,0,0
0,0.76175,9,9,9,0,0,0,0,0,0,0,0,0,0,0,0,0,0,0,0
0,0.183589,9,9,9,0,0,0,0,0,0,0,0,0,0,0,0,0,0,0,0
0,0.671283,9,9,9,0,0,0,0,0,0,0,0,0,0,0,0,0,0,0,0
0,0.244028,9,9,9,0,0,0,0,0,0,0,0,0,0,0,0,0,0,0,0
0,0.343129,9,9,9,0,0,0,0,0,0,0,0,0,0,0,0,0,0,0,0
0,0.231619,9,9,9,0,0,0,0,0,0,0,0,0,0,0,0,0,0,0,0
0,0.500178,9,9,9,0,0,0,0,0,0,0,0,0,0,0,0,0,0,0,0
0,0.245209,9,9,9,0,0,0,0,0,0,0,0,0,0,0,0,0,0,0,0
0,0.604311,9,9,9,0,0,0,0,0,0,0,0,0,0,0,0,0,0,0,0
0,0.170005,9,9,9,0,0,0,0,0,0,0,0,0,0,0,0,0,0,0,0
0,0.246287,9,9,9,0,0,0,0,0,0,0,0,0,0,0,0,0,0,0,0
0,0.255909,9,9,9,0,0,0,0,0,0,0,0,0,0,0,0,0,0,0,0
0,0.504578,9,9,9,0,0,0,0,0,0,0,0,0,0,0,0,0,0,0,0
0,0.506907,9,9,9,0,0,0,0,0,0,0,0,0,0,0,0,0,0,0,0
0,0.370481,9,9,9,0,0,0,0,0,0,0,0,0,0,0,0,0,0,0,0
0,0.196241,9,9,9,0,0,0,0,0,0,0,0,0,0,0,0,0,0,0,0
0,0.26301,9,9,9,0,0,0,0,0,0,0,0,0,0,0,0,0,0,0,0
0,0.247615,9,9,9,0,0,0,0,0,0,0,0,0,0,0,0,0,0,0,0
0,0.403021,9,9,9,0,0,0,0,0,0,0,0,0,0,0,0,0,0,0,0
0,0.242133,9,9,9,0,0,0,0,0,0,0,0,0,0,0,0,0,0,0,0
0,0.414952,9,9,9,0,0,0,0,0,0,0,0,0,0,0,0,0,0,0,0
0,0.273329,9,9,9,0,0,0,0,0,0,0,0,0,0,0,0,0,0,0,0
0,0.247666,9,9,9,0,0,0,0,0,0,0,0,0,0,0,0,0,0,0,0
0,0.090164,9,9,9,0,0,0,0,0,0,0,0,0,0,0,0,0,0,0,0
0,0.731296,9,9,9,0,0,0,0,0,0,0,0,0,0,0,0,0,0,0,0
0,0.376943,9,9,9,0,0,0,0,0,0,0,0,0,0,0,0,0,0,0,0
0,0.451127,9,9,9,0,0,0,0,0,0,0,0,0,0,0,0,0,0,0,0
0,0.498558,9,9,9,0,0,0,0,0,0,0,0,0,0,0,0,0,0,0,0
0,0.37396,9,9,9,0,0,0,0,0,0,0,0,0,0,0,0,0,0,0,0
0,1.100787,9,9,9,0,0,0,0,0,0,0,0,0,0,0,0,0,0,0,0
0,0.312363,9,9,9,0,0,0,0,0,0,0,0,0,0,0,0,0,0,0,0
0,1.414446,9,9,9,0,0,0,0,0,0,0,0,0,0,0,0,0,0,0,0
0,0.485084,9,9,9,0,0,0,0,0,0,0,0,0,0,0,0,0,0,0,0
0,0.711931,9,9,9,0,0,0,0,0,0,0,0,0,0,0,0,0,0,0,0
0,0.322339,9,9,9,0,0,0,0,0,0,0,0,0,0,0,0,0,0,0,0
0,0.456083,9,9,9,0,0,0,0,0,0,0,0,0,0,0,0,0,0,0,0
0,0.513404,9,9,9,0,0,0,0,0,0,0,0,0,0,0,0,0,0,0,0
0,0.594195,9,9,9,0,0,0,0,0,0,0,0,0,0,0,0,0,0,0,0
0,0.57977,9,9,9,0,0,0,0,0,0,0,0,0,0,0,0,0,0,0,0
0,0.354732,9,9,9,0,0,0,0,0,0,0,0,0,0,0,0,0,0,0,0
0,0.31206,9,9,9,0,0,0,0,0,0,0,0,0,0,0,0,0,0,0,0
0,0.276228,9,9,9,0,0,0,0,0,0,0,0,0,0,0,0,0,0,0,0
0,0.268054,9,9,9,0,0,0,0,0,0,0,0,0,0,0,0,0,0,0,0
0,0.495386,9,9,9,0,0,0,0,0,0,0,0,0,0,0,0,0,0,0,0
0,0.489748,9,9,9,0,0,0,0,0,0,0,0,0,0,0,0,0,0,0,0
0,0.964101,9,9,9,0,0,0,0,0,0,0,0,0,0,0,0,0,0,0,0
0,0.920767,9,9,9,0,0,0,0,0,0,0,0,0,0,0,0,0,0,0,0
0,0.841103,9,9,9,0,0,0,0,0,0,0,0,0,0,0,0,0,0,0,0
0,0.739003,9,9,9,0,0,0,0,0,0,0,0,0,0,0,0,0,0,0,0
0,1.972099,9,9,9,0,0,0,0,0,0,0,0,0,0,0,0,0,0,0,0
0,1.625196,9,9,9,0,0,0,0,0,0,0,0,0,0,0,0,0,0,0,0
0,0.644425,9,9,9,0,0,0,0,0,0,0,0,0,0,0,0,0,0,0,0
0,0.71006,9,9,9,0,0,0,0,0,0,0,0,0,0,0,0,0,0,0,0
0,0.837434,9,9,9,0,0,0,0,0,0,0,0,0,0,0,0,0,0,0,0
0,0.731773,9,9,9,0,0,0,0,0,0,0,0,0,0,0,0,0,0,0,0
0,1.399351,9,9,9,0,0,0,0,0,0,0,0,0,0,0,0,0,0,0,0
0,1.884671,9,9,9,0,0,0,0,0,0,0,0,0,0,0,0,0,0,0,0
0,1.893245,9,9,9,0,0,0,0,0,0,0,0,0,0,0,0,0,0,0,0
0,1.823792,9,9,9,0,0,0,0,0,0,0,0,0,0,0,0,0,0,0,0
0,1.768875,9,9,9,0,0,0,0,0,0,0,0,0,0,0,0,0,0,0,0
0,1.750711,9,9,9,0,0,0,0,0,0,0,0,0,0,0,0,0,0,0,0
0,1.121916,9,9,9,0,0,0,0,0,0,0,0,0,0,0,0,0,0,0,0
0,0.367253,9,9,9,0,0,0,0,0,0,0,0,0,0,0,0,0,0,0,0
0,0.988524,9,9,9,0,0,0,0,0,0,0,0,0,0,0,0,0,0,0,0
0,0.76743,9,9,9,0,0,0,0,0,0,0,0,0,0,0,0,0,0,0,0
0,0.132013,9,9,9,0,0,0,0,0,0,0,0,0,0,0,0,0,0,0,0
0,0.648169,9,9,9,0,0,0,0,0,0,0,0,0,0,0,0,0,0,0,0
0,0.166054,9,9,9,0,0,0,0,0,0,0,0,0,0,0,0,0,0,0,0
0,0.494047,9,9,9,0,0,0,0,0,0,0,0,0,0,0,0,0,0,0,0
0,0.998635,9,9,9,0,0,0,0,0,0,0,0,0,0,0,0,0,0,0,0
0,0.629707,9,9,9,0,0,0,0,0,0,0,0,0,0,0,0,0,0,0,0
0,1.360739,9,9,9,0,0,0,0,0,0,0,0,0,0,0,0,0,0,0,0
0,0.037767,9,9,9,0,0,0,0,0,0,0,0,0,0,0,0,0,0,0,0
0,1.64598,9,9,9,0,0,0,0,0,0,0,0,0,0,0,0,0,0,0,0
0,0.5733,9,9,9,0,0,0,0,0,0,0,0,0,0,0,0,0,0,0,0
0,0.732587,9,9,9,0,0,0,0,0,0,0,0,0,0,0,0,0,0,0,0
0,0.540985,9,9,9,0,0,0,0,0,0,0,0,0,0,0,0,0,0,0,0
0,0.478484,9,9,9,0,0,0,0,0,0,0,0,0,0,0,0,0,0,0,0
0,0.575965,9,9,9,0,0,0,0,0,0,0,0,0,0,0,0,0,0,0,0
0,0.247701,9,9,9,0,0,0,0,0,0,0,0,0,0,0,0,0,0,0,0
0,0.143934,9,9,9,0,0,0,0,0,0,0,0,0,0,0,0,0,0,0,0
0,0.537312,9,9,9,0,0,0,0,0,0,0,0,0,0,0,0,0,0,0,0
0,0.110341,9,9,9,0,0,0,0,0,0,0,0,0,0,0,0,0,0,0,0
0,0.191996,9,9,9,0,0,0,0,0,0,0,0,0,0,0,0,0,0,0,0
0,0.193425,9,9,9,0,0,0,0,0,0,0,0,0,0,0,0,0,0,0,0
0,0.262254,9,9,9,0,0,0,0,0,0,0,0,0,0,0,0,0,0,0,0
0,0.279091,9,9,9,0,0,0,0,0,0,0,0,0,0,0,0,0,0,0,0
0,0.506717,9,9,9,0,0,0,0,0,0,0,0,0,0,0,0,0,0,0,0
0,0.250404,9,9,9,0,0,0,0,0,0,0,0,0,0,0,0,0,0,0,0
0,0.235728,9,9,9,0,0,0,0,0,0,0,0,0,0,0,0,0,0,0,0
0,0.253263,9,9,9,0,0,0,0,0,0,0,0,0,0,0,0,0,0,0,0
0,0.498871,9,9,9,0,0,0,0,0,0,0,0,0,0,0,0,0,0,0,0
0,0.253612,9,9,9,0,0,0,0,0,0,0,0,0,0,0,0,0,0,0,0
0,0.239441,9,9,9,0,0,0,0,0,0,0,0,0,0,0,0,0,0,0,0
0,0.453768,9,9,9,0,0,0,0,0,0,0,0,0,0,0,0,0,0,0,0
0,0.375061,9,9,9,0,0,0,0,0,0,0,0,0,0,0,0,0,0,0,0
0,0.393356,9,9,9,0,0,0,0,0,0,0,0,0,0,0,0,0,0,0,0
0,0.544627,9,9,9,0,0,0,0,0,0,0,0,0,0,0,0,0,0,0,0
0,0.372006,9,9,9,0,0,0,0,0,0,0,0,0,0,0,0,0,0,0,0
0,0.241252,9,9,9,0,0,0,0,0,0,0,0,0,0,0,0,0,0,0,0
0,0.286613,9,9,9,0,0,0,0,0,0,0,0,0,0,0,0,0,0,0,0
0,0.388337,9,9,9,0,0,0,0,0,0,0,0,0,0,0,0,0,0,0,0
0,0.297818,9,9,9,0,0,0,0,0,0,0,0,0,0,0,0,0,0,0,0
0,1.391546,9,9,9,0,0,0,0,0,0,0,0,0,0,0,0,0,0,0,0
0,0.272399,9,9,9,0,0,0,0,0,0,0,0,0,0,0,0,0,0,0,0
0,0.249912,9,9,9,0,0,0,0,0,0,0,0,0,0,0,0,0,0,0,0
0,0.250539,9,9,9,0,0,0,0,0,0,0,0,0,0,0,0,0,0,0,0
0,0.256735,9,9,9,0,0,0,0,0,0,0,0,0,0,0,0,0,0,0,0
0,0.251544,9,9,9,0,0,0,0,0,0,0,0,0,0,0,0,0,0,0,0
0,0.21701,9,9,9,0,0,0,0,0,0,0,0,0,0,0,0,0,0,0,0
0,0.499945,9,9,9,0,0,0,0,0,0,0,0,0,0,0,0,0,0,0,0
0,0.467332,9,9,9,0,0,0,0,0,0,0,0,0,0,0,0,0,0,0,0
0,0.220306,9,9,9,0,0,0,0,0,0,0,0,0,0,0,0,0,0,0,0
0,0.512202,9,9,9,0,0,0,0,0,0,0,0,0,0,0,0,0,0,0,0
0,0.510707,9,9,9,0,0,0,0,0,0,0,0,0,0,0,0,0,0,0,0
0,0.584775,9,9,9,0,0,0,0,0,0,0,0,0,0,0,0,0,0,0,0
0,0.560426,9,9,9,0,0,0,0,0,0,0,0,0,0,0,0,0,0,0,0
0,0.883943,9,9,9,0,0,0,0,0,0,0,0,0,0,0,0,0,0,0,0
0,0.540841,9,9,9,0,0,0,0,0,0,0,0,0,0,0,0,0,0,0,0
0,0.129036,9,9,9,0,0,0,0,0,0,0,0,0,0,0,0,0,0,0,0
0,0.268993,9,9,9,0,0,0,0,0,0,0,0,0,0,0,0,0,0,0,0
0,0.165465,9,9,9,0,0,0,0,0,0,0,0,0,0,0,0,0,0,0,0
0,0.511554,9,9,9,0,0,0,0,0,0,0,0,0,0,0,0,0,0,0,0
0,0.219907,9,9,9,0,0,0,0,0,0,0,0,0,0,0,0,0,0,0,0
0,0.604384,9,9,9,0,0,0,0,0,0,0,0,0,0,0,0,0,0,0,0
0,0.153312,9,9,9,0,0,0,0,0,0,0,0,0,0,0,0,0,0,0,0
0,0.468854,9,9,9,0,0,0,0,0,0,0,0,0,0,0,0,0,0,0,0
0,0.283782,9,9,9,0,0,0,0,0,0,0,0,0,0,0,0,0,0,0,0
0,0.354263,9,9,9,0,0,0,0,0,0,0,0,0,0,0,0,0,0,0,0
0,0.256673,9,9,9,0,0,0,0,0,0,0,0,0,0,0,0,0,0,0,0
0,0.120997,9,9,9,0,0,0,0,0,0,0,0,0,0,0,0,0,0,0,0
0,0.490106,9,9,9,0,0,0,0,0,0,0,0,0,0,0,0,0,0,0,0
0,0.189849,9,9,9,0,0,0,0,0,0,0,0,0,0,0,0,0,0,0,0
0,0.161988,9,9,9,0,0,0,0,0,0,0,0,0,0,0,0,0,0,0,0
0,0.132488,9,9,9,0,0,0,0,0,0,0,0,0,0,0,0,0,0,0,0
0,1.007352,9,9,9,0,0,0,0,0,0,0,0,0,0,0,0,0,0,0,0
0,0.366672,9,9,9,0,0,0,0,0,0,0,0,0,0,0,0,0,0,0,0
0,0.112666,9,9,9,0,0,0,0,0,0,0,0,0,0,0,0,0,0,0,0
0,0.868131,9,9,9,0,0,0,0,0,0,0,0,0,0,0,0,0,0,0,0
0,0.170785,9,9,9,0,0,0,0,0,0,0,0,0,0,0,0,0,0,0,0
0,0.164784,9,9,9,0,0,0,0,0,0,0,0,0,0,0,0,0,0,0,0
0,0.721876,9,9,9,0,0,0,0,0,0,0,0,0,0,0,0,0,0,0,0
0,0.237466,9,9,9,0,0,0,0,0,0,0,0,0,0,0,0,0,0,0,0
0,0.163239,9,9,9,0,0,0,0,0,0,0,0,0,0,0,0,0,0,0,0
0,0.298633,9,9,9,0,0,0,0,0,0,0,0,0,0,0,0,0,0,0,0
0,0.311171,9,9,9,0,0,0,0,0,0,0,0,0,0,0,0,0,0,0,0
0,0.316825,9,9,9,0,0,0,0,0,0,0,0,0,0,0,0,0,0,0,0
0,0.251569,9,9,9,0,0,0,0,0,0,0,0,0,0,0,0,0,0,0,0
0,0.320953,9,9,9,0,0,0,0,0,0,0,0,0,0,0,0,0,0,0,0
0,0.247739,9,9,9,0,0,0,0,0,0,0,0,0,0,0,0,0,0,0,0
0,0.251029,9,9,9,0,0,0,0,0,0,0,0,0,0,0,0,0,0,0,0
0,0.250097,9,9,9,0,0,0,0,0,0,0,0,0,0,0,0,0,0,0,0
0,0.321693,9,9,9,0,0,0,0,0,0,0,0,0,0,0,0,0,0,0,0
0,0.252081,9,9,9,0,0,0,0,0,0,0,0,0,0,0,0,0,0,0,0
0,0.249027,9,9,9,0,0,0,0,0,0,0,0,0,0,0,0,0,0,0,0
0,0.379152,9,9,9,0,0,0,0,0,0,0,0,0,0,0,0,0,0,0,0
0,0.243928,9,9,9,0,0,0,0,0,0,0,0,0,0,0,0,0,0,0,0
0,0.138614,9,9,9,0,0,0,0,0,0,0,0,0,0,0,0,0,0,0,0
0,0.251704,9,9,9,0,0,0,0,0,0,0,0,0,0,0,0,0,0,0,0
0,0.248945,9,9,9,0,0,0,0,0,0,0,0,0,0,0,0,0,0,0,0
0,0.249028,9,9,9,0,0,0,0,0,0,0,0,0,0,0,0,0,0,0,0
0,0.252527,9,9,9,0,0,0,0,0,0,0,0,0,0,0,0,0,0,0,0
0,0.251154,9,9,9,0,0,0,0,0,0,0,0,0,0,0,0,0,0,0,0
0,0.255375,9,9,9,0,0,0,0,0,0,0,0,0,0,0,0,0,0,0,0
0,0.247362,9,9,9,0,0,0,0,0,0,0,0,0,0,0,0,0,0,0,0
0,0.12243,9,9,9,0,0,0,0,0,0,0,0,0,0,0,0,0,0,0,0
0,0.25505,9,9,9,0,0,0,0,0,0,0,0,0,0,0,0,0,0,0,0
0,0.130339,9,9,9,0,0,0,0,0,0,0,0,0,0,0,0,0,0,0,0
0,0.123479,9,9,9,0,0,0,0,0,0,0,0,0,0,0,0,0,0,0,0
0,0.249859,9,9,9,0,0,0,0,0,0,0,0,0,0,0,0,0,0,0,0
0,0.253162,9,9,9,0,0,0,0,0,0,0,0,0,0,0,0,0,0,0,0
0,0.251949,9,9,9,0,0,0,0,0,0,0,0,0,0,0,0,0,0,0,0
0,0.254086,9,9,9,0,0,0,0,0,0,0,0,0,0,0,0,0,0,0,0
0,0.249765,9,9,9,0,0,0,0,0,0,0,0,0,0,0,0,0,0,0,0
0,0.255425,9,9,9,0,0,0,0,0,0,0,0,0,0,0,0,0,0,0,0
0,0.251155,9,9,9,0,0,0,0,0,0,0,0,0,0,0,0,0,0,0,0
0,0.247724,9,9,9,0,0,0,0,0,0,0,0,0,0,0,0,0,0,0,0
0,0.117519,9,9,9,0,0,0,0,0,0,0,0,0,0,0,0,0,0,0,0
0,0.295671,9,9,9,0,0,0,0,0,0,0,0,0,0,0,0,0,0,0,0
0,0.063568,9,9,9,0,0,0,0,0,0,0,0,0,0,0,0,0,0,0,0
0,0.254683,9,9,9,0,0,0,0,0,0,0,0,0,0,0,0,0,0,0,0
0,0.1962,9,9,9,0,0,0,0,0,0,0,0,0,0,0,0,0,0,0,0
0,0.207417,9,9,9,0,0,0,0,0,0,0,0,0,0,0,0,0,0,0,0
0,0.169596,9,9,9,0,0,0,0,0,0,0,0,0,0,0,0,0,0,0,0
0,0.253088,9,9,9,0,0,0,0,0,0,0,0,0,0,0,0,0,0,0,0
0,0.251568,9,9,9,0,0,0,0,0,0,0,0,0,0,0,0,0,0,0,0
0,0.192196,9,9,9,0,0,0,0,0,0,0,0,0,0,0,0,0,0,0,0
0,0.192616,9,9,9,0,0,0,0,0,0,0,0,0,0,0,0,0,0,0,0
0,0.239495,9,9,9,0,0,0,0,0,0,0,0,0,0,0,0,0,0,0,0
0,0.250558,9,9,9,0,0,0,0,0,0,0,0,0,0,0,0,0,0,0,0
0,0.242177,9,9,9,0,0,0,0,0,0,0,0,0,0,0,0,0,0,0,0
0,0.249799,9,9,9,0,0,0,0,0,0,0,0,0,0,0,0,0,0,0,0
0,0.131268,9,9,9,0,0,0,0,0,0,0,0,0,0,0,0,0,0,0,0
0,0.13495,9,9,9,0,0,0,0,0,0,0,0,0,0,0,0,0,0,0,0
0,0.150432,9,9,9,0,0,0,0,0,0,0,0,0,0,0,0,0,0,0,0
0,0.250549,9,9,9,0,0,0,0,0,0,0,0,0,0,0,0,0,0,0,0
0,0.156895,9,9,9,0,0,0,0,0,0,0,0,0,0,0,0,0,0,0,0
0,0.25007,9,9,9,0,0,0,0,0,0,0,0,0,0,0,0,0,0,0,0
0,0.266063,9,9,9,0,0,0,0,0,0,0,0,0,0,0,0,0,0,0,0
0,0.29152,9,9,9,0,0,0,0,0,0,0,0,0,0,0,0,0,0,0,0
0,0.249845,9,9,9,0,0,0,0,0,0,0,0,0,0,0,0,0,0,0,0
0,0.29954,9,9,9,0,0,0,0,0,0,0,0,0,0,0,0,0,0,0,0
0,0.255773,9,9,9,0,0,0,0,0,0,0,0,0,0,0,0,0,0,0,0
0,0.251962,9,9,9,0,0,0,0,0,0,0,0,0,0,0,0,0,0,0,0
0,0.255785,9,9,9,0,0,0,0,0,0,0,0,0,0,0,0,0,0,0,0
0,0.307866,9,9,9,0,0,0,0,0,0,0,0,0,0,0,0,0,0,0,0
0,0.251279,9,9,9,0,0,0,0,0,0,0,0,0,0,0,0,0,0,0,0
0,0.252915,9,9,9,0,0,0,0,0,0,0,0,0,0,0,0,0,0,0,0
0,0.24813,9,9,9,0,0,0,0,0,0,0,0,0,0,0,0,0,0,0,0
0,0.251847,9,9,9,0,0,0,0,0,0,0,0,0,0,0,0,0,0,0,0
0,0.250673,9,9,9,0,0,0,0,0,0,0,0,0,0,0,0,0,0,0,0
0,0.259512,9,9,9,0,0,0,0,0,0,0,0,0,0,0,0,0,0,0,0
0,0.24174,9,9,9,0,0,0,0,0,0,0,0,0,0,0,0,0,0,0,0
0,0.251914,9,9,9,0,0,0,0,0,0,0,0,0,0,0,0,0,0,0,0
0,0.253565,9,9,9,0,0,0,0,0,0,0,0,0,0,0,0,0,0,0,0
0,0.251982,9,9,9,0,0,0,0,0,0,0,0,0,0,0,0,0,0,0,0
0,0.281032,9,9,9,0,0,0,0,0,0,0,0,0,0,0,0,0,0,0,0
0,0.505388,9,9,9,0,0,0,0,0,0,0,0,0,0,0,0,0,0,0,0
0,0.255738,9,9,9,0,0,0,0,0,0,0,0,0,0,0,0,0,0,0,0
0,0.231982,9,9,9,0,0,0,0,0,0,0,0,0,0,0,0,0,0,0,0
0,0.506008,9,9,9,0,0,0,0,0,0,0,0,0,0,0,0,0,0,0,0
0,0.174972,9,9,9,0,0,0,0,0,0,0,0,0,0,0,0,0,0,0,0
0,0.265194,9,9,9,0,0,0,0,0,0,0,0,0,0,0,0,0,0,0,0
0,0.258466,9,9,9,0,0,0,0,0,0,0,0,0,0,0,0,0,0,0,0
0,0.251471,9,9,9,0,0,0,0,0,0,0,0,0,0,0,0,0,0,0,0
0,0.232179,9,9,9,0,0,0,0,0,0,0,0,0,0,0,0,0,0,0,0
0,0.089391,9,9,9,0,0,0,0,0,0,0,0,0,0,0,0,0,0,0,0
0,0.083407,9,9,9,0,0,0,0,0,0,0,0,0,0,0,0,0,0,0,0
0,0.158759,9,9,9,0,0,0,0,0,0,0,0,0,0,0,0,0,0,0,0
0,0.246192,9,9,9,0,0,0,0,0,0,0,0,0,0,0,0,0,0,0,0
0,0.218607,9,9,9,0,0,0,0,0,0,0,0,0,0,0,0,0,0,0,0
0,0.279678,9,9,9,0,0,0,0,0,0,0,0,0,0,0,0,0,0,0,0
0,0.315563,9,9,9,0,0,0,0,0,0,0,0,0,0,0,0,0,0,0,0
0,0.255454,9,9,9,0,0,0,0,0,0,0,0,0,0,0,0,0,0,0,0
0,0.255426,9,9,9,0,0,0,0,0,0,0,0,0,0,0,0,0,0,0,0
0,0.189707,9,9,9,0,0,0,0,0,0,0,0,0,0,0,0,0,0,0,0
0,0.193547,9,9,9,0,0,0,0,0,0,0,0,0,0,0,0,0,0,0,0
0,0.542251,9,9,9,0,0,0,0,0,0,0,0,0,0,0,0,0,0,0,0
0,0.179782,9,9,9,0,0,0,0,0,0,0,0,0,0,0,0,0,0,0,0
0,0.213348,9,9,9,0,0,0,0,0,0,0,0,0,0,0,0,0,0,0,0
0,0.271097,9,9,9,0,0,0,0,0,0,0,0,0,0,0,0,0,0,0,0
0,0.185775,9,9,9,0,0,0,0,0,0,0,0,0,0,0,0,0,0,0,0
0,0.501967,9,9,9,0,0,0,0,0,0,0,0,0,0,0,0,0,0,0,0
0,0.215234,9,9,9,0,0,0,0,0,0,0,0,0,0,0,0,0,0,0,0
0,0.351625,9,9,9,0,0,0,0,0,0,0,0,0,0,0,0,0,0,0,0
0,0.403044,9,9,9,0,0,0,0,0,0,0,0,0,0,0,0,0,0,0,0
0,0.493369,9,9,9,0,0,0,0,0,0,0,0,0,0,0,0,0,0,0,0
0,0.263115,9,9,9,0,0,0,0,0,0,0,0,0,0,0,0,0,0,0,0
0,0.263768,9,9,9,0,0,0,0,0,0,0,0,0,0,0,0,0,0,0,0
0,0.494773,9,9,9,0,0,0,0,0,0,0,0,0,0,0,0,0,0,0,0
0,0.129345,9,9,9,0,0,0,0,0,0,0,0,0,0,0,0,0,0,0,0
0,0.220579,9,9,9,0,0,0,0,0,0,0,0,0,0,0,0,0,0,0,0
0,0.199128,9,9,9,0,0,0,0,0,0,0,0,0,0,0,0,0,0,0,0
0,0.217607,9,9,9,0,0,0,0,0,0,0,0,0,0,0,0,0,0,0,0
0,0.346148,9,9,9,0,0,0,0,0,0,0,0,0,0,0,0,0,0,0,0
0,0.375057,9,9,9,0,0,0,0,0,0,0,0,0,0,0,0,0,0,0,0
0,0.255015,9,9,9,0,0,0,0,0,0,0,0,0,0,0,0,0,0,0,0
0,0.277774,9,9,9,0,0,0,0,0,0,0,0,0,0,0,0,0,0,0,0
0,0.518459,9,9,9,0,0,0,0,0,0,0,0,0,0,0,0,0,0,0,0
0,0.347513,9,9,9,0,0,0,0,0,0,0,0,0,0,0,0,0,0,0,0
0,0.277408,9,9,9,0,0,0,0,0,0,0,0,0,0,0,0,0,0,0,0
0,0.347071,9,9,9,0,0,0,0,0,0,0,0,0,0,0,0,0,0,0,0
0,0.224609,9,9,9,0,0,0,0,0,0,0,0,0,0,0,0,0,0,0,0
0,0.170589,9,9,9,0,0,0,0,0,0,0,0,0,0,0,0,0,0,0,0
0,0.340982,9,9,9,0,0,0,0,0,0,0,0,0,0,0,0,0,0,0,0
0,0.340957,9,9,9,0,0,0,0,0,0,0,0,0,0,0,0,0,0,0,0
0,0.189437,9,9,9,0,0,0,0,0,0,0,0,0,0,0,0,0,0,0,0
0,0.03767,9,9,9,0,0,0,0,0,0,0,0,0,0,0,0,0,0,0,0
0,0.161467,9,9,9,0,0,0,0,0,0,0,0,0,0,0,0,0,0,0,0
0,0.250115,9,9,9,0,0,0,0,0,0,0,0,0,0,0,0,0,0,0,0
0,0.215967,9,9,9,0,0,0,0,0,0,0,0,0,0,0,0,0,0,0,0
0,0.547108,9,9,9,0,0,0,0,0,0,0,0,0,0,0,0,0,0,0,0
0,0.247218,9,9,9,0,0,0,0,0,0,0,0,0,0,0,0,0,0,0,0
0,0.24155,9,9,9,0,0,0,0,0,0,0,0,0,0,0,0,0,0,0,0
0,0.380233,9,9,9,0,0,0,0,0,0,0,0,0,0,0,0,0,0,0,0
0,0.489856,9,9,9,0,0,0,0,0,0,0,0,0,0,0,0,0,0,0,0
0,0.257112,9,9,9,0,0,0,0,0,0,0,0,0,0,0,0,0,0,0,0
0,0.249886,9,9,9,0,0,0,0,0,0,0,0,0,0,0,0,0,0,0,0
0,0.180548,9,9,9,0,0,0,0,0,0,0,0,0,0,0,0,0,0,0,0
0,0.180523,9,9,9,0,0,0,0,0,0,0,0,0,0,0,0,0,0,0,0
0,0.247028,9,9,9,0,0,0,0,0,0,0,0,0,0,0,0,0,0,0,0
0,0.181456,9,9,9,0,0,0,0,0,0,0,0,0,0,0,0,0,0,0,0
0,0.253392,9,9,9,0,0,0,0,0,0,0,0,0,0,0,0,0,0,0,0
0,0.177632,9,9,9,0,0,0,0,0,0,0,0,0,0,0,0,0,0,0,0
0,0.393033,9,9,9,0,0,0,0,0,0,0,0,0,0,0,0,0,0,0,0
0,0.258306,9,9,9,0,0,0,0,0,0,0,0,0,0,0,0,0,0,0,0
0,0.254567,9,9,9,0,0,0,0,0,0,0,0,0,0,0,0,0,0,0,0
0,0.285796,9,9,9,0,0,0,0,0,0,0,0,0,0,0,0,0,0,0,0
0,0.306991,9,9,9,0,0,0,0,0,0,0,0,0,0,0,0,0,0,0,0
0,0.249502,9,9,9,0,0,0,0,0,0,0,0,0,0,0,0,0,0,0,0
0,0.186693,9,9,9,0,0,0,0,0,0,0,0,0,0,0,0,0,0,0,0
0,0.219009,9,9,9,0,0,0,0,0,0,0,0,0,0,0,0,0,0,0,0
0,0.143642,9,9,9,0,0,0,0,0,0,0,0,0,0,0,0,0,0,0,0
0,0.245783,9,9,9,0,0,0,0,0,0,0,0,0,0,0,0,0,0,0,0
0,0.141208,9,9,9,0,0,0,0,0,0,0,0,0,0,0,0,0,0,0,0
0,0.251913,9,9,9,0,0,0,0,0,0,0,0,0,0,0,0,0,0,0,0
0,0.275078,9,9,9,0,0,0,0,0,0,0,0,0,0,0,0,0,0,0,0
0,0.405091,9,9,9,0,0,0,0,0,0,0,0,0,0,0,0,0,0,0,0
0,0.181771,9,9,9,0,0,0,0,0,0,0,0,0,0,0,0,0,0,0,0
0,0.258364,9,9,9,0,0,0,0,0,0,0,0,0,0,0,0,0,0,0,0
0,0.248408,9,9,9,0,0,0,0,0,0,0,0,0,0,0,0,0,0,0,0
0,0.179696,9,9,9,0,0,0,0,0,0,0,0,0,0,0,0,0,0,0,0
0,0.244838,9,9,9,0,0,0,0,0,0,0,0,0,0,0,0,0,0,0,0
0,0.180261,9,9,9,0,0,0,0,0,0,0,0,0,0,0,0,0,0,0,0
0,0.180268,9,9,9,0,0,0,0,0,0,0,0,0,0,0,0,0,0,0,0
0,0.182319,9,9,9,0,0,0,0,0,0,0,0,0,0,0,0,0,0,0,0
0,0.253842,9,9,9,0,0,0,0,0,0,0,0,0,0,0,0,0,0,0,0
0,0.316896,9,9,9,0,0,0,0,0,0,0,0,0,0,0,0,0,0,0,0
0,0.410948,9,9,9,0,0,0,0,0,0,0,0,0,0,0,0,0,0,0,0
0,0.210481,9,9,9,0,0,0,0,0,0,0,0,0,0,0,0,0,0,0,0
0,0.035394,9,9,9,0,0,0,0,0,0,0,0,0,0,0,0,0,0,0,0
0,0.155021,9,9,9,0,0,0,0,0,0,0,0,0,0,0,0,0,0,0,0
0,0.074013,9,9,9,0,0,0,0,0,0,0,0,0,0,0,0,0,0,0,0
0,0.164416,9,9,9,0,0,0,0,0,0,0,0,0,0,0,0,0,0,0,0
0,0.213948,9,9,9,0,0,0,0,0,0,0,0,0,0,0,0,0,0,0,0
0,0.2476,9,9,9,0,0,0,0,0,0,0,0,0,0,0,0,0,0,0,0
0,0.244087,9,9,9,0,0,0,0,0,0,0,0,0,0,0,0,0,0,0,0
0,0.251545,9,9,9,0,0,0,0,0,0,0,0,0,0,0,0,0,0,0,0
0,0.219544,9,9,9,0,0,0,0,0,0,0,0,0,0,0,0,0,0,0,0
0,0.057098,9,9,9,0,0,0,0,0,0,0,0,0,0,0,0,0,0,0,0
0,0.248868,9,9,9,0,0,0,0,0,0,0,0,0,0,0,0,0,0,0,0
0,0.049744,9,9,9,0,0,0,0,0,0,0,0,0,0,0,0,0,0,0,0
0,0.18224,9,9,9,0,0,0,0,0,0,0,0,0,0,0,0,0,0,0,0
0,0.075722,9,9,9,0,0,0,0,0,0,0,0,0,0,0,0,0,0,0,0
0,0.090456,9,9,9,0,0,0,0,0,0,0,0,0,0,0,0,0,0,0,0
0,0.089571,9,9,9,0,0,0,0,0,0,0,0,0,0,0,0,0,0,0,0
0,0.25312,9,9,9,0,0,0,0,0,0,0,0,0,0,0,0,0,0,0,0
0,0.246513,9,9,9,0,0,0,0,0,0,0,0,0,0,0,0,0,0,0,0
0,0.138434,9,9,9,0,0,0,0,0,0,0,0,0,0,0,0,0,0,0,0
0,0.247981,9,9,9,0,0,0,0,0,0,0,0,0,0,0,0,0,0,0,0
0,0.211661,9,9,9,0,0,0,0,0,0,0,0,0,0,0,0,0,0,0,0
0,0.144531,9,9,9,0,0,0,0,0,0,0,0,0,0,0,0,0,0,0,0
0,0.255613,9,9,9,0,0,0,0,0,0,0,0,0,0,0,0,0,0,0,0
0,0.141053,9,9,9,0,0,0,0,0,0,0,0,0,0,0,0,0,0,0,0
0,0.193863,9,9,9,0,0,0,0,0,0,0,0,0,0,0,0,0,0,0,0
0,0.192682,9,9,9,0,0,0,0,0,0,0,0,0,0,0,0,0,0,0,0
0,0.199895,9,9,9,0,0,0,0,0,0,0,0,0,0,0,0,0,0,0,0
0,0.069382,9,9,9,0,0,0,0,0,0,0,0,0,0,0,0,0,0,0,0
0,0.154721,9,9,9,0,0,0,0,0,0,0,0,0,0,0,0,0,0,0,0
0,0.035004,9,9,9,0,0,0,0,0,0,0,0,0,0,0,0,0,0,0,0
0,0.162132,9,9,9,0,0,0,0,0,0,0,0,0,0,0,0,0,0,0,0
0,0.054712,9,9,9,0,0,0,0,0,0,0,0,0,0,0,0,0,0,0,0
0,0.329975,9,9,9,0,0,0,0,0,0,0,0,0,0,0,0,0,0,0,0
0,0.138035,9,9,9,0,0,0,0,0,0,0,0,0,0,0,0,0,0,0,0
0,0.101177,9,9,9,0,0,0,0,0,0,0,0,0,0,0,0,0,0,0,0
0,0.22833,9,9,9,0,0,0,0,0,0,0,0,0,0,0,0,0,0,0,0
0,0.166287,9,9,9,0,0,0,0,0,0,0,0,0,0,0,0,0,0,0,0
0,0.096863,9,9,9,0,0,0,0,0,0,0,0,0,0,0,0,0,0,0,0
0,0.267804,9,9,9,0,0,0,0,0,0,0,0,0,0,0,0,0,0,0,0
0,0.16741,9,9,9,0,0,0,0,0,0,0,0,0,0,0,0,0,0,0,0
0,0.149685,9,9,9,0,0,0,0,0,0,0,0,0,0,0,0,0,0,0,0
0,0.101439,9,9,9,0,0,0,0,0,0,0,0,0,0,0,0,0,0,0,0
0,0.169899,9,9,9,0,0,0,0,0,0,0,0,0,0,0,0,0,0,0,0
0,0.169264,9,9,9,0,0,0,0,0,0,0,0,0,0,0,0,0,0,0,0
0,0.096904,9,9,9,0,0,0,0,0,0,0,0,0,0,0,0,0,0,0,0
0,0.120017,9,9,9,0,0,0,0,0,0,0,0,0,0,0,0,0,0,0,0
0,0.103315,9,9,9,0,0,0,0,0,0,0,0,0,0,0,0,0,0,0,0
0,0.111692,9,9,9,0,0,0,0,0,0,0,0,0,0,0,0,0,0,0,0
0,0.168001,9,9,9,0,0,0,0,0,0,0,0,0,0,0,0,0,0,0,0
0,0.137318,9,9,9,0,0,0,0,0,0,0,0,0,0,0,0,0,0,0,0
0,0.119271,9,9,9,0,0,0,0,0,0,0,0,0,0,0,0,0,0,0,0
0,0.149162,9,9,9,0,0,0,0,0,0,0,0,0,0,0,0,0,0,0,0
0,0.118387,9,9,9,0,0,0,0,0,0,0,0,0,0,0,0,0,0,0,0
0,0.12738,9,9,9,0,0,0,0,0,0,0,0,0,0,0,0,0,0,0,0
0,0.159323,9,9,9,0,0,0,0,0,0,0,0,0,0,0,0,0,0,0,0
0,0.180104,9,9,9,0,0,0,0,0,0,0,0,0,0,0,0,0,0,0,0
0,0.048945,9,9,9,0,0,0,0,0,0,0,0,0,0,0,0,0,0,0,0
0,0.047734,9,9,9,0,0,0,0,0,0,0,0,0,0,0,0,0,0,0,0
0,0.055687,9,9,9,0,0,0,0,0,0,0,0,0,0,0,0,0,0,0,0
0,0.032463,9,9,9,0,0,0,0,0,0,0,0,0,0,0,0,0,0,0,0
0,0.078533,9,9,9,0,0,0,0,0,0,0,0,0,0,0,0,0,0,0,0
0,0.124383,9,9,9,0,0,0,0,0,0,0,0,0,0,0,0,0,0,0,0
0,0.108428,9,9,0,0,0,0,0,0,0,0,0,0,0,0,0,0,0,0,0
0,0.119161,9,9,9,0,0,0,0,0,0,0,0,0,0,0,0,0,0,0,0
0,0.088047,9,9,9,0,0,0,0,0,0,0,0,0,0,0,0,0,0,0,0
0,0.112197,9,9,9,0,0,0,0,0,0,0,0,0,0,0,0,0,0,0,0
0,0.115516,9,9,9,0,0,0,0,0,0,0,0,0,0,0,0,0,0,0,0
0,0.097142,9,9,9,0,0,0,0,0,0,0,0,0,0,0,0,0,0,0,0
0,0.057742,9,9,9,0,0,0,0,0,0,0,0,0,0,0,0,0,0,0,0
0,0.03272,9,9,9,0,0,0,0,0,0,0,0,0,0,0,0,0,0,0,0
0,0.0273,9,9,9,0,0,0,0,0,0,0,0,0,0,0,0,0,0,0,0
0,0.03452,9,9,9,0,0,0,0,0,0,0,0,0,0,0,0,0,0,0,0
0,0.026434,9,9,9,0,0,0,0,0,0,0,0,0,0,0,0,0,0,0,0
0,0.043094,9,9,9,0,0,0,0,0,0,0,0,0,0,0,0,0,0,0,0
0,0.040098,9,9,9,0,0,0,0,0,0,0,0,0,0,0,0,0,0,0,0
0,0.029091,9,9,9,0,0,0,0,0,0,0,0,0,0,0,0,0,0,0,0
0,0.096742,9,9,9,0,0,0,0,0,0,0,0,0,0,0,0,0,0,0,0
0,0.04125,9,9,9,0,0,0,0,0,0,0,0,0,0,0,0,0,0,0,0
0,0.04178,9,9,9,0,0,0,0,0,0,0,0,0,0,0,0,0,0,0,0
0,0.052734,9,9,9,0,0,0,0,0,0,0,0,0,0,0,0,0,0,0,0
0,0.028049,9,9,9,0,0,0,0,0,0,0,0,0,0,0,0,0,0,0,0
0,0.039941,9,9,9,0,0,0,0,0,0,0,0,0,0,0,0,0,0,0,0
0,0.250817,9,9,9,0,0,0,0,0,0,0,0,0,0,0,0,0,0,0,0
0,0.222074,9,9,9,0,0,0,0,0,0,0,0,0,0,0,0,0,0,0,0
0,0.36654,9,9,9,0,0,0,0,0,0,0,0,0,0,0,0,0,0,0,0
0,0.180425,9,9,9,0,0,0,0,0,0,0,0,0,0,0,0,0,0,0,0
0,0.206024,9,9,9,0,0,0,0,0,0,0,0,0,0,0,0,0,0,0,0
0,0.14281,9,9,9,0,0,0,0,0,0,0,0,0,0,0,0,0,0,0,0
0,0.136384,9,9,9,0,0,0,0,0,0,0,0,0,0,0,0,0,0,0,0
0,0.225259,9,9,9,0,0,0,0,0,0,0,0,0,0,0,0,0,0,0,0
0,0.263233,9,9,9,0,0,0,0,0,0,0,0,0,0,0,0,0,0,0,0
0,0.219943,9,9,9,0,0,0,0,0,0,0,0,0,0,0,0,0,0,0,0
0,0.322008,9,9,9,0,0,0,0,0,0,0,0,0,0,0,0,0,0,0,0
0,0.048028,9,9,9,0,0,0,0,0,0,0,0,0,0,0,0,0,0,0,0
0,0.125108,9,9,9,0,0,0,0,0,0,0,0,0,0,0,0,0,0,0,0
0,0.089108,9,9,9,0,0,0,0,0,0,0,0,0,0,0,0,0,0,0,0
0,0.17973,9,9,9,0,0,0,0,0,0,0,0,0,0,0,0,0,0,0,0
0,0.125894,9,9,9,0,0,0,0,0,0,0,0,0,0,0,0,0,0,0,0
0,0.115695,9,9,9,0,0,0,0,0,0,0,0,0,0,0,0,0,0,0,0
0,0.190803,9,9,9,0,0,0,0,0,0,0,0,0,0,0,0,0,0,0,0
0,0.208551,9,9,9,0,0,0,0,0,0,0,0,0,0,0,0,0,0,0,0
0,0.09298,9,9,9,0,0,0,0,0,0,0,0,0,0,0,0,0,0,0,0
0,0.127044,9,9,9,0,0,0,0,0,0,0,0,0,0,0,0,0,0,0,0
0,0.090367,9,9,9,0,0,0,0,0,0,0,0,0,0,0,0,0,0,0,0
0,0.052339,9,9,9,0,0,0,0,0,0,0,0,0,0,0,0,0,0,0,0
0,0.05163,9,9,9,0,0,0,0,0,0,0,0,0,0,0,0,0,0,0,0
0,0.178688,9,9,9,0,0,0,0,0,0,0,0,0,0,0,0,0,0,0,0
0,0.049703,9,9,9,0,0,0,0,0,0,0,0,0,0,0,0,0,0,0,0
0,0.045461,9,9,9,0,0,0,0,0,0,0,0,0,0,0,0,0,0,0,0
0,0.044403,9,9,9,0,0,0,0,0,0,0,0,0,0,0,0,0,0,0,0
0,0.031831,9,9,9,0,0,0,0,0,0,0,0,0,0,0,0,0,0,0,0
0,0.031846,9,9,9,0,0,0,0,0,0,0,0,0,0,0,0,0,0,0,0
0,0.106814,9,9,9,0,0,0,0,0,0,0,0,0,0,0,0,0,0,0,0
0,0.134477,9,9,9,0,0,0,0,0,0,0,0,0,0,0,0,0,0,0,0
0,0.114922,9,9,9,0,0,0,0,0,0,0,0,0,0,0,0,0,0,0,0
0,0.206984,9,9,9,0,0,0,0,0,0,0,0,0,0,0,0,0,0,0,0
0,0.224223,9,9,9,0,0,0,0,0,0,0,0,0,0,0,0,0,0,0,0
0,0.248352,9,9,9,0,0,0,0,0,0,0,0,0,0,0,0,0,0,0,0
0,0.256671,9,9,9,0,0,0,0,0,0,0,0,0,0,0,0,0,0,0,0
0,0.214869,9,9,9,0,0,0,0,0,0,0,0,0,0,0,0,0,0,0,0
0,0.359998,9,9,9,0,0,0,0,0,0,0,0,0,0,0,0,0,0,0,0
0,0.20448,9,9,9,0,0,0,0,0,0,0,0,0,0,0,0,0,0,0,0
0,0.037956,9,9,9,0,0,0,0,0,0,0,0,0,0,0,0,0,0,0,0
0,0.12706,9,9,9,0,0,0,0,0,0,0,0,0,0,0,0,0,0,0,0
0,0.185146,9,9,9,0,0,0,0,0,0,0,0,0,0,0,0,0,0,0,0
0,0.122384,9,9,9,0,0,0,0,0,0,0,0,0,0,0,0,0,0,0,0
0,0.067087,9,9,9,0,0,0,0,0,0,0,0,0,0,0,0,0,0,0,0
0,0.035203,9,9,9,0,0,0,0,0,0,0,0,0,0,0,0,0,0,0,0
0,0.075345,9,9,9,0,0,0,0,0,0,0,0,0,0,0,0,0,0,0,0
0,0.0512,9,9,9,0,0,0,0,0,0,0,0,0,0,0,0,0,0,0,0
0,0.061626,9,9,9,0,0,0,0,0,0,0,0,0,0,0,0,0,0,0,0
0,0.264088,9,9,9,0,0,0,0,0,0,0,0,0,0,0,0,0,0,0,0
0,0.444272,9,9,9,0,0,0,0,0,0,0,0,0,0,0,0,0,0,0,0
0,0.249513,9,9,9,0,0,0,0,0,0,0,0,0,0,0,0,0,0,0,0
0,0.277232,9,9,9,0,0,0,0,0,0,0,0,0,0,0,0,0,0,0,0
0,0.250883,9,9,9,0,0,0,0,0,0,0,0,0,0,0,0,0,0,0,0
0,0.254341,9,9,9,0,0,0,0,0,0,0,0,0,0,0,0,0,0,0,0
0,0.248834,9,9,9,0,0,0,0,0,0,0,0,0,0,0,0,0,0,0,0
0,0.253095,9,9,9,0,0,0,0,0,0,0,0,0,0,0,0,0,0,0,0
0,0.247846,9,9,9,0,0,0,0,0,0,0,0,0,0,0,0,0,0,0,0
0,0.276936,9,9,9,0,0,0,0,0,0,0,0,0,0,0,0,0,0,0,0
0,0.257671,9,9,9,0,0,0,0,0,0,0,0,0,0,0,0,0,0,0,0
0,0.135792,9,9,9,0,0,0,0,0,0,0,0,0,0,0,0,0,0,0,0
0,0.373739,9,9,9,0,0,0,0,0,0,0,0,0,0,0,0,0,0,0,0
0,0.278837,9,9,9,0,0,0,0,0,0,0,0,0,0,0,0,0,0,0,0
0,0.498112,9,9,9,0,0,0,0,0,0,0,0,0,0,0,0,0,0,0,0
0,0.390691,9,9,9,0,0,0,0,0,0,0,0,0,0,0,0,0,0,0,0
0,1.13856,9,9,9,0,0,0,0,0,0,0,0,0,0,0,0,0,0,0,0
0,0.306941,9,9,9,0,0,0,0,0,0,0,0,0,0,0,0,0,0,0,0
0,0.133568,9,9,9,0,0,0,0,0,0,0,0,0,0,0,0,0,0,0,0
0,0.251045,9,9,9,0,0,0,0,0,0,0,0,0,0,0,0,0,0,0,0
0,0.183009,9,9,9,0,0,0,0,0,0,0,0,0,0,0,0,0,0,0,0
0,0.246963,9,9,9,0,0,0,0,0,0,0,0,0,0,0,0,0,0,0,0
0,0.246971,9,9,9,0,0,0,0,0,0,0,0,0,0,0,0,0,0,0,0
0,0.254758,9,9,9,0,0,0,0,0,0,0,0,0,0,0,0,0,0,0,0
0,0.249874,9,9,9,0,0,0,0,0,0,0,0,0,0,0,0,0,0,0,0
0,0.247235,9,9,9,0,0,0,0,0,0,0,0,0,0,0,0,0,0,0,0
0,0.256261,9,9,9,0,0,0,0,0,0,0,0,0,0,0,0,0,0,0,0
0,0.252006,9,9,9,0,0,0,0,0,0,0,0,0,0,0,0,0,0,0,0
0,0.559359,9,9,9,0,0,0,0,0,0,0,0,0,0,0,0,0,0,0,0
0,0.309905,9,9,9,0,0,0,0,0,0,0,0,0,0,0,0,0,0,0,0
0,0.25065,9,9,9,0,0,0,0,0,0,0,0,0,0,0,0,0,0,0,0
0,0.250064,9,9,9,0,0,0,0,0,0,0,0,0,0,0,0,0,0,0,0
0,0.251759,9,9,9,0,0,0,0,0,0,0,0,0,0,0,0,0,0,0,0
0,0.248933,9,9,9,0,0,0,0,0,0,0,0,0,0,0,0,0,0,0,0
0,0.248215,9,9,9,0,0,0,0,0,0,0,0,0,0,0,0,0,0,0,0
0,0.247682,9,9,9,0,0,0,0,0,0,0,0,0,0,0,0,0,0,0,0
0,0.247172,9,9,9,0,0,0,0,0,0,0,0,0,0,0,0,0,0,0,0
0,0.331928,9,9,9,0,0,0,0,0,0,0,0,0,0,0,0,0,0,0,0
0,0.126472,9,9,9,0,0,0,0,0,0,0,0,0,0,0,0,0,0,0,0
0,0.246032,9,9,9,0,0,0,0,0,0,0,0,0,0,0,0,0,0,0,0
0,0.288711,9,9,9,0,0,0,0,0,0,0,0,0,0,0,0,0,0,0,0
0,0.130261,9,9,9,0,0,0,0,0,0,0,0,0,0,0,0,0,0,0,0
0,0.247896,9,9,9,0,0,0,0,0,0,0,0,0,0,0,0,0,0,0,0
0,0.133589,9,9,9,0,0,0,0,0,0,0,0,0,0,0,0,0,0,0,0
0,0.375883,9,9,9,0,0,0,0,0,0,0,0,0,0,0,0,0,0,0,0
0,0.200657,9,9,9,0,0,0,0,0,0,0,0,0,0,0,0,0,0,0,0
0,0.393261,9,9,9,0,0,0,0,0,0,0,0,0,0,0,0,0,0,0,0
0,0.304309,9,9,9,0,0,0,0,0,0,0,0,0,0,0,0,0,0,0,0
0,0.249178,9,9,9,0,0,0,0,0,0,0,0,0,0,0,0,0,0,0,0
0,0.245985,9,9,9,0,0,0,0,0,0,0,0,0,0,0,0,0,0,0,0
0,0.248866,9,9,9,0,0,0,0,0,0,0,0,0,0,0,0,0,0,0,0
0,0.391161,9,9,9,0,0,0,0,0,0,0,0,0,0,0,0,0,0,0,0
0,0.272012,9,9,9,0,0,0,0,0,0,0,0,0,0,0,0,0,0,0,0
0,0.259234,9,9,9,0,0,0,0,0,0,0,0,0,0,0,0,0,0,0,0
0,0.172673,9,9,9,0,0,0,0,0,0,0,0,0,0,0,0,0,0,0,0
0,0.135128,9,9,9,0,0,0,0,0,0,0,0,0,0,0,0,0,0,0,0
0,0.236825,9,9,9,0,0,0,0,0,0,0,0,0,0,0,0,0,0,0,0
0,0.167494,9,9,9,0,0,0,0,0,0,0,0,0,0,0,0,0,0,0,0
0,0.12009,9,9,9,0,0,0,0,0,0,0,0,0,0,0,0,0,0,0,0
0,0.135633,9,9,9,0,0,0,0,0,0,0,0,0,0,0,0,0,0,0,0
0,0.131045,9,9,9,0,0,0,0,0,0,0,0,0,0,0,0,0,0,0,0
0,0.224908,9,9,9,0,0,0,0,0,0,0,0,0,0,0,0,0,0,0,0
0,0.272332,9,9,9,0,0,0,0,0,0,0,0,0,0,0,0,0,0,0,0
0,0.17927,9,9,9,0,0,0,0,0,0,0,0,0,0,0,0,0,0,0,0
0,0.254556,9,9,9,0,0,0,0,0,0,0,0,0,0,0,0,0,0,0,0
0,0.315207,9,9,9,0,0,0,0,0,0,0,0,0,0,0,0,0,0,0,0
0,0.127844,9,9,9,0,0,0,0,0,0,0,0,0,0,0,0,0,0,0,0
0,0.211912,9,9,9,0,0,0,0,0,0,0,0,0,0,0,0,0,0,0,0
0,0.284942,9,9,9,0,0,0,0,0,0,0,0,0,0,0,0,0,0,0,0
0,0.476054,9,9,9,0,0,0,0,0,0,0,0,0,0,0,0,0,0,0,0
0,0.426163,9,9,9,0,0,0,0,0,0,0,0,0,0,0,0,0,0,0,0
0,0.32851,9,9,9,0,0,0,0,0,0,0,0,0,0,0,0,0,0,0,0
0,0.155989,9,9,9,0,0,0,0,0,0,0,0,0,0,0,0,0,0,0,0
0,0.224429,9,9,9,0,0,0,0,0,0,0,0,0,0,0,0,0,0,0,0
0,0.504941,9,9,9,0,0,0,0,0,0,0,0,0,0,0,0,0,0,0,0
0,0.243989,9,9,9,0,0,0,0,0,0,0,0,0,0,0,0,0,0,0,0
0,0.200929,9,9,9,0,0,0,0,0,0,0,0,0,0,0,0,0,0,0,0
0,0.41873,9,9,9,0,0,0,0,0,0,0,0,0,0,0,0,0,0,0,0
0,0.242644,9,9,9,0,0,0,0,0,0,0,0,0,0,0,0,0,0,0,0
0,0.261921,9,9,9,0,0,0,0,0,0,0,0,0,0,0,0,0,0,0,0
0,0.248763,9,9,9,0,0,0,0,0,0,0,0,0,0,0,0,0,0,0,0
0,0.430275,9,9,9,0,0,0,0,0,0,0,0,0,0,0,0,0,0,0,0
0,0.249028,9,9,9,0,0,0,0,0,0,0,0,0,0,0,0,0,0,0,0
0,0.242028,9,9,9,0,0,0,0,0,0,0,0,0,0,0,0,0,0,0,0
0,0.219565,9,9,9,0,0,0,0,0,0,0,0,0,0,0,0,0,0,0,0
0,0.433395,9,9,9,0,0,0,0,0,0,0,0,0,0,0,0,0,0,0,0
0,0.116921,9,9,9,0,0,0,0,0,0,0,0,0,0,0,0,0,0,0,0
0,0.459158,9,9,9,0,0,0,0,0,0,0,0,0,0,0,0,0,0,0,0
0,0.401622,9,9,9,0,0,0,0,0,0,0,0,0,0,0,0,0,0,0,0
0,0.178642,9,9,9,0,0,0,0,0,0,0,0,0,0,0,0,0,0,0,0
0,0.267603,9,9,9,0,0,0,0,0,0,0,0,0,0,0,0,0,0,0,0
0,0.347816,9,9,9,0,0,0,0,0,0,0,0,0,0,0,0,0,0,0,0
0,0.256018,9,9,9,0,0,0,0,0,0,0,0,0,0,0,0,0,0,0,0
0,0.511417,9,9,9,0,0,0,0,0,0,0,0,0,0,0,0,0,0,0,0
0,0.201881,9,9,9,0,0,0,0,0,0,0,0,0,0,0,0,0,0,0,0
0,0.199438,9,9,9,0,0,0,0,0,0,0,0,0,0,0,0,0,0,0,0
0,0.443447,9,9,9,0,0,0,0,0,0,0,0,0,0,0,0,0,0,0,0
0,0.280218,9,9,9,0,0,0,0,0,0,0,0,0,0,0,0,0,0,0,0
0,0.221872,9,9,9,0,0,0,0,0,0,0,0,0,0,0,0,0,0,0,0
0,0.544825,9,9,9,0,0,0,0,0,0,0,0,0,0,0,0,0,0,0,0
0,0.332151,9,9,9,0,0,0,0,0,0,0,0,0,0,0,0,0,0,0,0
0,0.254482,9,9,9,0,0,0,0,0,0,0,0,0,0,0,0,0,0,0,0
0,0.505906,9,9,9,0,0,0,0,0,0,0,0,0,0,0,0,0,0,0,0
0,0.277616,9,9,9,0,0,0,0,0,0,0,0,0,0,0,0,0,0,0,0
0,0.25208,9,9,9,0,0,0,0,0,0,0,0,0,0,0,0,0,0,0,0
0,0.375355,9,9,9,0,0,0,0,0,0,0,0,0,0,0,0,0,0,0,0
0,0.349553,9,9,9,0,0,0,0,0,0,0,0,0,0,0,0,0,0,0,0
0,0.357846,9,9,9,0,0,0,0,0,0,0,0,0,0,0,0,0,0,0,0
0,0.354471,9,9,9,0,0,0,0,0,0,0,0,0,0,0,0,0,0,0,0
0,0.064701,9,9,9,0,0,0,0,0,0,0,0,0,0,0,0,0,0,0,0
0,0.129876,9,9,9,0,0,0,0,0,0,0,0,0,0,0,0,0,0,0,0
0,0.291413,9,9,9,0,0,0,0,0,0,0,0,0,0,0,0,0,0,0,0
0,0.907661,9,9,9,0,0,0,0,0,0,0,0,0,0,0,0,0,0,0,0
0,0.93021,9,9,9,0,0,0,0,0,0,0,0,0,0,0,0,0,0,0,0
0,0.315061,9,9,9,0,0,0,0,0,0,0,0,0,0,0,0,0,0,0,0
0,0.193314,9,9,9,0,0,0,0,0,0,0,0,0,0,0,0,0,0,0,0
0,0.401339,9,9,9,0,0,0,0,0,0,0,0,0,0,0,0,0,0,0,0
0,0.166322,9,9,9,0,0,0,0,0,0,0,0,0,0,0,0,0,0,0,0
0,0.030277,9,9,9,0,0,0,0,0,0,0,0,0,0,0,0,0,0,0,0
0,0.080722,9,9,9,0,0,0,0,0,0,0,0,0,0,0,0,0,0,0,0
0,0.285793,9,9,9,0,0,0,0,0,0,0,0,0,0,0,0,0,0,0,0
0,0.231067,9,9,9,0,0,0,0,0,0,0,0,0,0,0,0,0,0,0,0
0,0.445237,9,9,9,0,0,0,0,0,0,0,0,0,0,0,0,0,0,0,0
0,0.192689,9,9,9,0,0,0,0,0,0,0,0,0,0,0,0,0,0,0,0
0,0.246996,9,9,9,0,0,0,0,0,0,0,0,0,0,0,0,0,0,0,0
0,0.257425,9,9,9,0,0,0,0,0,0,0,0,0,0,0,0,0,0,0,0
0,0.24171,9,9,9,0,0,0,0,0,0,0,0,0,0,0,0,0,0,0,0
0,0.348508,9,9,9,0,0,0,0,0,0,0,0,0,0,0,0,0,0,0,0
0,0.25424,9,9,9,0,0,0,0,0,0,0,0,0,0,0,0,0,0,0,0
0,0.255705,9,9,9,0,0,0,0,0,0,0,0,0,0,0,0,0,0,0,0
0,0.252997,9,9,9,0,0,0,0,0,0,0,0,0,0,0,0,0,0,0,0
0,0.246799,9,9,9,0,0,0,0,0,0,0,0,0,0,0,0,0,0,0,0
0,0.228081,9,9,9,0,0,0,0,0,0,0,0,0,0,0,0,0,0,0,0
0,0.250696,9,9,9,0,0,0,0,0,0,0,0,0,0,0,0,0,0,0,0
0,0.226498,9,9,9,0,0,0,0,0,0,0,0,0,0,0,0,0,0,0,0
0,0.244344,9,9,9,0,0,0,0,0,0,0,0,0,0,0,0,0,0,0,0
0,0.25533,9,9,9,0,0,0,0,0,0,0,0,0,0,0,0,0,0,0,0
0,0.22436,9,9,9,0,0,0,0,0,0,0,0,0,0,0,0,0,0,0,0
0,0.248957,9,9,9,0,0,0,0,0,0,0,0,0,0,0,0,0,0,0,0
0,0.203308,9,9,9,0,0,0,0,0,0,0,0,0,0,0,0,0,0,0,0
0,0.333627,9,9,9,0,0,0,0,0,0,0,0,0,0,0,0,0,0,0,0
0,0.214665,9,9,9,0,0,0,0,0,0,0,0,0,0,0,0,0,0,0,0
0,0.2143,9,9,9,0,0,0,0,0,0,0,0,0,0,0,0,0,0,0,0
0,0.155391,9,9,9,0,0,0,0,0,0,0,0,0,0,0,0,0,0,0,0
0,0.182993,9,9,9,0,0,0,0,0,0,0,0,0,0,0,0,0,0,0,0
0,0.252692,9,9,9,0,0,0,0,0,0,0,0,0,0,0,0,0,0,0,0
0,0.07245,9,9,9,0,0,0,0,0,0,0,0,0,0,0,0,0,0,0,0
0,0.215463,9,9,9,0,0,0,0,0,0,0,0,0,0,0,0,0,0,0,0
0,0.255285,9,9,9,0,0,0,0,0,0,0,0,0,0,0,0,0,0,0,0
0,0.05316,9,9,9,0,0,0,0,0,0,0,0,0,0,0,0,0,0,0,0
0,0.142429,9,9,9,0,0,0,0,0,0,0,0,0,0,0,0,0,0,0,0
0,0.297266,9,9,9,0,0,0,0,0,0,0,0,0,0,0,0,0,0,0,0
0,0.253452,9,9,9,0,0,0,0,0,0,0,0,0,0,0,0,0,0,0,0
0,0.106725,9,9,9,0,0,0,0,0,0,0,0,0,0,0,0,0,0,0,0
0,0.064154,9,9,9,0,0,0,0,0,0,0,0,0,0,0,0,0,0,0,0
0,0.188389,9,9,9,0,0,0,0,0,0,0,0,0,0,0,0,0,0,0,0
0,0.108643,9,9,9,0,0,0,0,0,0,0,0,0,0,0,0,0,0,0,0
0,0.265561,9,9,9,0,0,0,0,0,0,0,0,0,0,0,0,0,0,0,0
0,0.259395,9,9,9,0,0,0,0,0,0,0,0,0,0,0,0,0,0,0,0
0,0.251339,9,9,9,0,0,0,0,0,0,0,0,0,0,0,0,0,0,0,0
0,0.254107,9,9,9,0,0,0,0,0,0,0,0,0,0,0,0,0,0,0,0
0,0.207132,9,9,9,0,0,0,0,0,0,0,0,0,0,0,0,0,0,0,0
0,0.255407,9,9,9,0,0,0,0,0,0,0,0,0,0,0,0,0,0,0,0
0,0.25343,9,9,9,0,0,0,0,0,0,0,0,0,0,0,0,0,0,0,0
0,0.254784,9,9,9,0,0,0,0,0,0,0,0,0,0,0,0,0,0,0,0
0,0.250191,9,9,9,0,0,0,0,0,0,0,0,0,0,0,0,0,0,0,0
0,0.244555,9,9,9,0,0,0,0,0,0,0,0,0,0,0,0,0,0,0,0
0,0.216942,9,9,9,0,0,0,0,0,0,0,0,0,0,0,0,0,0,0,0
0,0.246103,9,9,9,0,0,0,0,0,0,0,0,0,0,0,0,0,0,0,0
0,0.25066,9,9,9,0,0,0,0,0,0,0,0,0,0,0,0,0,0,0,0
0,0.189659,9,9,9,0,0,0,0,0,0,0,0,0,0,0,0,0,0,0,0
0,0.250931,9,9,9,0,0,0,0,0,0,0,0,0,0,0,0,0,0,0,0
0,0.287623,9,9,9,0,0,0,0,0,0,0,0,0,0,0,0,0,0,0,0
0,0.255469,9,9,9,0,0,0,0,0,0,0,0,0,0,0,0,0,0,0,0
0,0.255799,9,9,9,0,0,0,0,0,0,0,0,0,0,0,0,0,0,0,0
0,0.259977,9,9,9,0,0,0,0,0,0,0,0,0,0,0,0,0,0,0,0
0,0.271348,9,9,9,0,0,0,0,0,0,0,0,0,0,0,0,0,0,0,0
0,0.249838,9,9,9,0,0,0,0,0,0,0,0,0,0,0,0,0,0,0,0
0,0.254326,9,9,9,0,0,0,0,0,0,0,0,0,0,0,0,0,0,0,0
0,0.243043,9,9,9,0,0,0,0,0,0,0,0,0,0,0,0,0,0,0,0
0,0.240697,9,9,9,0,0,0,0,0,0,0,0,0,0,0,0,0,0,0,0
0,0.244084,9,9,9,0,0,0,0,0,0,0,0,0,0,0,0,0,0,0,0
0,0.312941,9,9,9,0,0,0,0,0,0,0,0,0,0,0,0,0,0,0,0
0,0.245865,9,9,9,0,0,0,0,0,0,0,0,0,0,0,0,0,0,0,0
0,0.373918,9,9,9,0,0,0,0,0,0,0,0,0,0,0,0,0,0,0,0
0,0.247094,9,9,9,0,0,0,0,0,0,0,0,0,0,0,0,0,0,0,0
0,0.269529,9,9,9,0,0,0,0,0,0,0,0,0,0,0,0,0,0,0,0
0,0.248261,9,9,9,0,0,0,0,0,0,0,0,0,0,0,0,0,0,0,0
0,0.247577,9,9,9,0,0,0,0,0,0,0,0,0,0,0,0,0,0,0,0
0,0.177851,9,9,9,0,0,0,0,0,0,0,0,0,0,0,0,0,0,0,0
0,0.130337,9,9,9,0,0,0,0,0,0,0,0,0,0,0,0,0,0,0,0
0,0.114588,9,9,9,0,0,0,0,0,0,0,0,0,0,0,0,0,0,0,0
0,0.252236,9,9,9,0,0,0,0,0,0,0,0,0,0,0,0,0,0,0,0
0,0.088684,9,9,9,0,0,0,0,0,0,0,0,0,0,0,0,0,0,0,0
0,0.143339,9,9,9,0,0,0,0,0,0,0,0,0,0,0,0,0,0,0,0
0,0.264993,9,9,9,0,0,0,0,0,0,0,0,0,0,0,0,0,0,0,0
0,0.251643,9,9,9,0,0,0,0,0,0,0,0,0,0,0,0,0,0,0,0
0,0.448181,9,9,9,0,0,0,0,0,0,0,0,0,0,0,0,0,0,0,0
0,0.09374,9,9,9,0,0,0,0,0,0,0,0,0,0,0,0,0,0,0,0
0,0.263596,9,9,9,0,0,0,0,0,0,0,0,0,0,0,0,0,0,0,0
0,0.255509,9,9,9,0,0,0,0,0,0,0,0,0,0,0,0,0,0,0,0
0,0.259409,9,9,9,0,0,0,0,0,0,0,0,0,0,0,0,0,0,0,0
0,0.165177,9,9,9,0,0,0,0,0,0,0,0,0,0,0,0,0,0,0,0
0,0.143191,9,9,9,0,0,0,0,0,0,0,0,0,0,0,0,0,0,0,0
0,0.251015,9,9,9,0,0,0,0,0,0,0,0,0,0,0,0,0,0,0,0
0,0.250402,9,9,9,0,0,0,0,0,0,0,0,0,0,0,0,0,0,0,0
0,0.256263,9,9,9,0,0,0,0,0,0,0,0,0,0,0,0,0,0,0,0
0,0.249641,9,9,9,0,0,0,0,0,0,0,0,0,0,0,0,0,0,0,0
0,0.206585,9,9,9,0,0,0,0,0,0,0,0,0,0,0,0,0,0,0,0
0,0.248562,9,9,9,0,0,0,0,0,0,0,0,0,0,0,0,0,0,0,0
0,0.246824,9,9,9,0,0,0,0,0,0,0,0,0,0,0,0,0,0,0,0
0,0.2511,9,9,9,0,0,0,0,0,0,0,0,0,0,0,0,0,0,0,0
0,0.251589,9,9,9,0,0,0,0,0,0,0,0,0,0,0,0,0,0,0,0
0,0.24771,9,9,9,0,0,0,0,0,0,0,0,0,0,0,0,0,0,0,0
0,0.375252,9,9,9,0,0,0,0,0,0,0,0,0,0,0,0,0,0,0,0
0,0.252559,9,9,9,0,0,0,0,0,0,0,0,0,0,0,0,0,0,0,0
0,0.252025,9,9,9,0,0,0,0,0,0,0,0,0,0,0,0,0,0,0,0
0,0.256154,9,9,9,0,0,0,0,0,0,0,0,0,0,0,0,0,0,0,0
0,0.248439,9,9,9,0,0,0,0,0,0,0,0,0,0,0,0,0,0,0,0
0,0.249831,9,9,9,0,0,0,0,0,0,0,0,0,0,0,0,0,0,0,0
0,0.251744,9,9,9,0,0,0,0,0,0,0,0,0,0,0,0,0,0,0,0
0,0.251019,9,9,9,0,0,0,0,0,0,0,0,0,0,0,0,0,0,0,0
0,0.262057,9,9,9,0,0,0,0,0,0,0,0,0,0,0,0,0,0,0,0
0,0.231853,9,9,9,0,0,0,0,0,0,0,0,0,0,0,0,0,0,0,0
0,0.498869,9,9,9,0,0,0,0,0,0,0,0,0,0,0,0,0,0,0,0
0,0.127341,9,9,9,0,0,0,0,0,0,0,0,0,0,0,0,0,0,0,0
0,0.272482,9,9,9,0,0,0,0,0,0,0,0,0,0,0,0,0,0,0,0
0,0.254943,9,9,9,0,0,0,0,0,0,0,0,0,0,0,0,0,0,0,0
0,0.250951,9,9,9,0,0,0,0,0,0,0,0,0,0,0,0,0,0,0,0
0,0.247815,9,9,9,0,0,0,0,0,0,0,0,0,0,0,0,0,0,0,0
0,0.251501,9,9,9,0,0,0,0,0,0,0,0,0,0,0,0,0,0,0,0
0,0.188175,9,9,9,0,0,0,0,0,0,0,0,0,0,0,0,0,0,0,0
0,0.124625,9,9,9,0,0,0,0,0,0,0,0,0,0,0,0,0,0,0,0
0,0.250283,9,9,9,0,0,0,0,0,0,0,0,0,0,0,0,0,0,0,0
0,0.252404,9,9,9,0,0,0,0,0,0,0,0,0,0,0,0,0,0,0,0
0,0.25186,9,9,9,0,0,0,0,0,0,0,0,0,0,0,0,0,0,0,0
0,0.125333,9,9,9,0,0,0,0,0,0,0,0,0,0,0,0,0,0,0,0
0,0.246339,9,9,9,0,0,0,0,0,0,0,0,0,0,0,0,0,0,0,0
0,0.253994,9,9,9,0,0,0,0,0,0,0,0,0,0,0,0,0,0,0,0
0,0.247854,9,9,9,0,0,0,0,0,0,0,0,0,0,0,0,0,0,0,0
0,0.251087,9,9,9,0,0,0,0,0,0,0,0,0,0,0,0,0,0,0,0
0,0.250762,9,9,9,0,0,0,0,0,0,0,0,0,0,0,0,0,0,0,0
0,0.250194,9,9,9,0,0,0,0,0,0,0,0,0,0,0,0,0,0,0,0
0,0.257314,9,9,9,0,0,0,0,0,0,0,0,0,0,0,0,0,0,0,0
0,0.247036,9,9,9,0,0,0,0,0,0,0,0,0,0,0,0,0,0,0,0
0,0.333225,9,9,9,0,0,0,0,0,0,0,0,0,0,0,0,0,0,0,0
0,0.253029,9,9,9,0,0,0,0,0,0,0,0,0,0,0,0,0,0,0,0
0,0.253931,9,9,9,0,0,0,0,0,0,0,0,0,0,0,0,0,0,0,0
0,0.246527,9,9,9,0,0,0,0,0,0,0,0,0,0,0,0,0,0,0,0
0,0.267713,9,9,9,0,0,0,0,0,0,0,0,0,0,0,0,0,0,0,0
0,0.251294,9,9,9,0,0,0,0,0,0,0,0,0,0,0,0,0,0,0,0
0,0.130734,9,9,9,0,0,0,0,0,0,0,0,0,0,0,0,0,0,0,0
0,0.25384,9,9,9,0,0,0,0,0,0,0,0,0,0,0,0,0,0,0,0
0,0.251781,9,9,9,0,0,0,0,0,0,0,0,0,0,0,0,0,0,0,0
0,0.250123,9,9,9,0,0,0,0,0,0,0,0,0,0,0,0,0,0,0,0
0,0.250068,9,9,9,0,0,0,0,0,0,0,0,0,0,0,0,0,0,0,0
0,0.254825,9,9,9,0,0,0,0,0,0,0,0,0,0,0,0,0,0,0,0
0,0.251368,9,9,9,0,0,0,0,0,0,0,0,0,0,0,0,0,0,0,0
0,0.251113,9,9,9,0,0,0,0,0,0,0,0,0,0,0,0,0,0,0,0
0,0.248401,9,9,9,0,0,0,0,0,0,0,0,0,0,0,0,0,0,0,0
0,0.248278,9,9,9,0,0,0,0,0,0,0,0,0,0,0,0,0,0,0,0
0,0.256876,9,9,9,0,0,0,0,0,0,0,0,0,0,0,0,0,0,0,0
0,0.103136,9,9,9,0,0,0,0,0,0,0,0,0,0,0,0,0,0,0,0
0,0.250118,9,9,9,0,0,0,0,0,0,0,0,0,0,0,0,0,0,0,0
0,0.250199,9,9,9,0,0,0,0,0,0,0,0,0,0,0,0,0,0,0,0
0,0.24654,9,9,9,0,0,0,0,0,0,0,0,0,0,0,0,0,0,0,0
0,0.38647,9,9,9,0,0,0,0,0,0,0,0,0,0,0,0,0,0,0,0
0,0.247798,9,9,9,0,0,0,0,0,0,0,0,0,0,0,0,0,0,0,0
0,0.451275,9,9,9,0,0,0,0,0,0,0,0,0,0,0,0,0,0,0,0
0,0.493606,9,9,9,0,0,0,0,0,0,0,0,0,0,0,0,0,0,0,0
0,0.578634,9,9,9,0,0,0,0,0,0,0,0,0,0,0,0,0,0,0,0
0,0.336625,9,9,9,0,0,0,0,0,0,0,0,0,0,0,0,0,0,0,0
0,0.711404,9,9,9,0,0,0,0,0,0,0,0,0,0,0,0,0,0,0,0
0,0.903171,9,9,9,0,0,0,0,0,0,0,0,0,0,0,0,0,0,0,0
0,0.315214,9,9,9,0,0,0,0,0,0,0,0,0,0,0,0,0,0,0,0
0,0.855015,9,9,9,0,0,0,0,0,0,0,0,0,0,0,0,0,0,0,0
0,0.501162,9,9,9,0,0,0,0,0,0,0,0,0,0,0,0,0,0,0,0
0,0.305794,9,9,9,0,0,0,0,0,0,0,0,0,0,0,0,0,0,0,0
0,0.535887,9,9,9,0,0,0,0,0,0,0,0,0,0,0,0,0,0,0,0
0,0.590196,9,9,9,0,0,0,0,0,0,0,0,0,0,0,0,0,0,0,0
0,0.144074,9,9,9,0,0,0,0,0,0,0,0,0,0,0,0,0,0,0,0
0,0.400408,9,9,9,0,0,0,0,0,0,0,0,0,0,0,0,0,0,0,0
0,0.325774,9,9,9,0,0,0,0,0,0,0,0,0,0,0,0,0,0,0,0
0,0.750106,9,9,9,0,0,0,0,0,0,0,0,0,0,0,0,0,0,0,0
0,1.181734,9,9,9,0,0,0,0,0,0,0,0,0,0,0,0,0,0,0,0
0,0.839202,9,9,9,0,0,0,0,0,0,0,0,0,0,0,0,0,0,0,0
0,0.442217,9,9,9,0,0,0,0,0,0,0,0,0,0,0,0,0,0,0,0
0,1.285284,9,9,9,0,0,0,0,0,0,0,0,0,0,0,0,0,0,0,0
0,0.884965,9,9,9,0,0,0,0,0,0,0,0,0,0,0,0,0,0,0,0
0,0.277756,9,9,9,0,0,0,0,0,0,0,0,0,0,0,0,0,0,0,0
0,0.618974,9,9,9,0,0,0,0,0,0,0,0,0,0,0,0,0,0,0,0
0,0.304414,9,9,9,0,0,0,0,0,0,0,0,0,0,0,0,0,0,0,0
0,0.695792,9,9,9,0,0,0,0,0,0,0,0,0,0,0,0,0,0,0,0
0,0.231234,9,9,9,0,0,0,0,0,0,0,0,0,0,0,0,0,0,0,0
0,0.228479,9,9,9,0,0,0,0,0,0,0,0,0,0,0,0,0,0,0,0
0,0.298404,9,9,9,0,0,0,0,0,0,0,0,0,0,0,0,0,0,0,0
0,0.294894,9,9,9,0,0,0,0,0,0,0,0,0,0,0,0,0,0,0,0
0,0.324481,9,9,9,0,0,0,0,0,0,0,0,0,0,0,0,0,0,0,0
0,0.494949,9,9,9,0,0,0,0,0,0,0,0,0,0,0,0,0,0,0,0
0,0.751731,9,9,9,0,0,0,0,0,0,0,0,0,0,0,0,0,0,0,0
0,0.527872,9,9,9,0,0,0,0,0,0,0,0,0,0,0,0,0,0,0,0
0,0.621195,9,9,9,0,0,0,0,0,0,0,0,0,0,0,0,0,0,0,0
0,0.337786,9,9,9,0,0,0,0,0,0,0,0,0,0,0,0,0,0,0,0
0,0.197179,9,9,9,0,0,0,0,0,0,0,0,0,0,0,0,0,0,0,0
0,0.364428,9,9,9,0,0,0,0,0,0,0,0,0,0,0,0,0,0,0,0
0,0.475558,9,9,9,0,0,0,0,0,0,0,0,0,0,0,0,0,0,0,0
0,0.192263,9,9,9,0,0,0,0,0,0,0,0,0,0,0,0,0,0,0,0
0,0.179433,9,9,9,0,0,0,0,0,0,0,0,0,0,0,0,0,0,0,0
0,0.564825,9,9,9,0,0,0,0,0,0,0,0,0,0,0,0,0,0,0,0
0,0.353237,9,9,9,0,0,0,0,0,0,0,0,0,0,0,0,0,0,0,0
0,0.704733,9,9,9,0,0,0,0,0,0,0,0,0,0,0,0,0,0,0,0
0,0.135217,9,9,9,0,0,0,0,0,0,0,0,0,0,0,0,0,0,0,0
0,1.221148,9,9,9,0,0,0,0,0,0,0,0,0,0,0,0,0,0,0,0
0,0.993819,9,9,9,0,0,0,0,0,0,0,0,0,0,0,0,0,0,0,0
0,1.115145,9,9,9,0,0,0,0,0,0,0,0,0,0,0,0,0,0,0,0
0,0.572883,9,9,9,0,0,0,0,0,0,0,0,0,0,0,0,0,0,0,0
0,0.512699,9,9,9,0,0,0,0,0,0,0,0,0,0,0,0,0,0,0,0
0,0.515518,9,9,9,0,0,0,0,0,0,0,0,0,0,0,0,0,0,0,0
0,0.546277,9,9,9,0,0,0,0,0,0,0,0,0,0,0,0,0,0,0,0
0,0.505695,9,9,9,0,0,0,0,0,0,0,0,0,0,0,0,0,0,0,0
0,0.610412,9,9,9,0,0,0,0,0,0,0,0,0,0,0,0,0,0,0,0
0,0.481721,9,9,9,0,0,0,0,0,0,0,0,0,0,0,0,0,0,0,0
0,0.516796,9,9,9,0,0,0,0,0,0,0,0,0,0,0,0,0,0,0,0
0,0.497639,9,9,9,0,0,0,0,0,0,0,0,0,0,0,0,0,0,0,0
0,0.485208,9,9,9,0,0,0,0,0,0,0,0,0,0,0,0,0,0,0,0
0,0.629912,9,9,9,0,0,0,0,0,0,0,0,0,0,0,0,0,0,0,0
0,0.341193,9,9,9,0,0,0,0,0,0,0,0,0,0,0,0,0,0,0,0
0,0.374559,9,9,9,0,0,0,0,0,0,0,0,0,0,0,0,0,0,0,0
0,0.533158,9,9,9,0,0,0,0,0,0,0,0,0,0,0,0,0,0,0,0
0,0.269644,9,9,9,0,0,0,0,0,0,0,0,0,0,0,0,0,0,0,0
0,0.039614,9,9,9,0,0,0,0,0,0,0,0,0,0,0,0,0,0,0,0
0,0.180782,9,9,9,0,0,0,0,0,0,0,0,0,0,0,0,0,0,0,0
0,0.621384,9,9,9,0,0,0,0,0,0,0,0,0,0,0,0,0,0,0,0
0,0.504763,9,9,9,0,0,0,0,0,0,0,0,0,0,0,0,0,0,0,0
0,0.234185,9,9,9,0,0,0,0,0,0,0,0,0,0,0,0,0,0,0,0
0,0.490973,9,9,9,0,0,0,0,0,0,0,0,0,0,0,0,0,0,0,0
0,0.335115,9,9,9,0,0,0,0,0,0,0,0,0,0,0,0,0,0,0,0
0,0.144509,9,9,9,0,0,0,0,0,0,0,0,0,0,0,0,0,0,0,0
0,0.242289,9,9,9,0,0,0,0,0,0,0,0,0,0,0,0,0,0,0,0
0,0.226729,9,9,9,0,0,0,0,0,0,0,0,0,0,0,0,0,0,0,0
0,0.303729,9,9,9,0,0,0,0,0,0,0,0,0,0,0,0,0,0,0,0
0,0.500896,9,9,9,0,0,0,0,0,0,0,0,0,0,0,0,0,0,0,0
0,0.504805,9,9,9,0,0,0,0,0,0,0,0,0,0,0,0,0,0,0,0
0,0.917616,9,9,9,0,0,0,0,0,0,0,0,0,0,0,0,0,0,0,0
0,0.425744,9,9,9,0,0,0,0,0,0,0,0,0,0,0,0,0,0,0,0
0,0.495077,9,9,9,0,0,0,0,0,0,0,0,0,0,0,0,0,0,0,0
0,0.684653,9,9,9,0,0,0,0,0,0,0,0,0,0,0,0,0,0,0,0
0,0.26992,9,9,9,0,0,0,0,0,0,0,0,0,0,0,0,0,0,0,0
0,0.626427,9,9,9,0,0,0,0,0,0,0,0,0,0,0,0,0,0,0,0
0,0.47541,9,9,9,0,0,0,0,0,0,0,0,0,0,0,0,0,0,0,0
0,0.348683,9,9,9,0,0,0,0,0,0,0,0,0,0,0,0,0,0,0,0
0,0.242577,9,9,9,0,0,0,0,0,0,0,0,0,0,0,0,0,0,0,0
0,0.445348,9,9,9,0,0,0,0,0,0,0,0,0,0,0,0,0,0,0,0
0,0.2329,9,9,9,0,0,0,0,0,0,0,0,0,0,0,0,0,0,0,0
0,0.14138,9,9,9,0,0,0,0,0,0,0,0,0,0,0,0,0,0,0,0
0,0.179004,9,9,9,0,0,0,0,0,0,0,0,0,0,0,0,0,0,0,0
0,0.253918,9,9,9,0,0,0,0,0,0,0,0,0,0,0,0,0,0,0,0
0,1.091869,9,9,9,0,0,0,0,0,0,0,0,0,0,0,0,0,0,0,0
0,0.333114,9,9,9,0,0,0,0,0,0,0,0,0,0,0,0,0,0,0,0
0,0.382356,9,9,9,0,0,0,0,0,0,0,0,0,0,0,0,0,0,0,0
0,0.757143,9,9,9,0,0,0,0,0,0,0,0,0,0,0,0,0,0,0,0
0,0.247371,9,9,9,0,0,0,0,0,0,0,0,0,0,0,0,0,0,0,0
0,0.345096,9,9,9,0,0,0,0,0,0,0,0,0,0,0,0,0,0,0,0
0,0.300617,9,9,9,0,0,0,0,0,0,0,0,0,0,0,0,0,0,0,0
0,0.285622,9,9,9,0,0,0,0,0,0,0,0,0,0,0,0,0,0,0,0
0,0.452084,9,9,9,0,0,0,0,0,0,0,0,0,0,0,0,0,0,0,0
0,0.463688,9,9,9,0,0,0,0,0,0,0,0,0,0,0,0,0,0,0,0
0,0.236593,9,9,9,0,0,0,0,0,0,0,0,0,0,0,0,0,0,0,0
0,0.244684,9,9,9,0,0,0,0,0,0,0,0,0,0,0,0,0,0,0,0
0,0.533653,9,9,9,0,0,0,0,0,0,0,0,0,0,0,0,0,0,0,0
0,0.653456,9,9,9,0,0,0,0,0,0,0,0,0,0,0,0,0,0,0,0
0,0.466406,9,9,9,0,0,0,0,0,0,0,0,0,0,0,0,0,0,0,0
0,0.279076,9,9,9,0,0,0,0,0,0,0,0,0,0,0,0,0,0,0,0
0,0.293586,9,9,9,0,0,0,0,0,0,0,0,0,0,0,0,0,0,0,0
0,0.18785,9,9,9,0,0,0,0,0,0,0,0,0,0,0,0,0,0,0,0
0,0.160824,9,9,9,0,0,0,0,0,0,0,0,0,0,0,0,0,0,0,0
0,0.240756,9,9,9,0,0,0,0,0,0,0,0,0,0,0,0,0,0,0,0
0,0.230926,9,9,9,0,0,0,0,0,0,0,0,0,0,0,0,0,0,0,0
0,0.311639,9,9,9,0,0,0,0,0,0,0,0,0,0,0,0,0,0,0,0
0,0.251956,9,9,9,0,0,0,0,0,0,0,0,0,0,0,0,0,0,0,0
0,0.189909,9,9,9,0,0,0,0,0,0,0,0,0,0,0,0,0,0,0,0
0,0.201639,9,9,9,0,0,0,0,0,0,0,0,0,0,0,0,0,0,0,0
0,0.2431,9,9,9,0,0,0,0,0,0,0,0,0,0,0,0,0,0,0,0
0,0.129866,9,9,9,0,0,0,0,0,0,0,0,0,0,0,0,0,0,0,0
0,0.268328,9,9,9,0,0,0,0,0,0,0,0,0,0,0,0,0,0,0,0
0,0.259436,9,9,9,0,0,0,0,0,0,0,0,0,0,0,0,0,0,0,0
0,0.312853,9,9,9,0,0,0,0,0,0,0,0,0,0,0,0,0,0,0,0
0,0.407595,9,9,9,0,0,0,0,0,0,0,0,0,0,0,0,0,0,0,0
0,0.249656,9,9,9,0,0,0,0,0,0,0,0,0,0,0,0,0,0,0,0
0,0.366106,9,9,9,0,0,0,0,0,0,0,0,0,0,0,0,0,0,0,0
0,0.226573,9,9,9,0,0,0,0,0,0,0,0,0,0,0,0,0,0,0,0
0,0.319517,9,9,9,0,0,0,0,0,0,0,0,0,0,0,0,0,0,0,0
0,0.331859,9,9,9,0,0,0,0,0,0,0,0,0,0,0,0,0,0,0,0
0,0.320688,9,9,9,0,0,0,0,0,0,0,0,0,0,0,0,0,0,0,0
0,0.515762,9,9,9,0,0,0,0,0,0,0,0,0,0,0,0,0,0,0,0
0,0.514449,9,9,9,0,0,0,0,0,0,0,0,0,0,0,0,0,0,0,0
0,0.227824,9,9,9,0,0,0,0,0,0,0,0,0,0,0,0,0,0,0,0
0,0.287222,9,9,9,0,0,0,0,0,0,0,0,0,0,0,0,0,0,0,0
0,0.280288,9,9,9,0,0,0,0,0,0,0,0,0,0,0,0,0,0,0,0
0,0.469605,9,9,9,0,0,0,0,0,0,0,0,0,0,0,0,0,0,0,0
0,0.441389,9,9,9,0,0,0,0,0,0,0,0,0,0,0,0,0,0,0,0
0,0.244281,9,9,9,0,0,0,0,0,0,0,0,0,0,0,0,0,0,0,0
0,0.484887,9,9,9,0,0,0,0,0,0,0,0,0,0,0,0,0,0,0,0
0,0.501286,9,9,9,0,0,0,0,0,0,0,0,0,0,0,0,0,0,0,0
0,0.609623,9,9,9,0,0,0,0,0,0,0,0,0,0,0,0,0,0,0,0
0,0.28087,9,9,9,0,0,0,0,0,0,0,0,0,0,0,0,0,0,0,0
0,0.243547,9,9,9,0,0,0,0,0,0,0,0,0,0,0,0,0,0,0,0
0,0.561859,9,9,9,0,0,0,0,0,0,0,0,0,0,0,0,0,0,0,0
0,0.49923,9,9,9,0,0,0,0,0,0,0,0,0,0,0,0,0,0,0,0
0,0.251571,9,9,9,0,0,0,0,0,0,0,0,0,0,0,0,0,0,0,0
0,0.48292,9,9,9,0,0,0,0,0,0,0,0,0,0,0,0,0,0,0,0
0,0.120339,9,9,9,0,0,0,0,0,0,0,0,0,0,0,0,0,0,0,0
0,1.077091,9,9,9,0,0,0,0,0,0,0,0,0,0,0,0,0,0,0,0
0,1.033134,9,9,9,0,0,0,0,0,0,0,0,0,0,0,0,0,0,0,0
0,0.438732,9,9,9,0,0,0,0,0,0,0,0,0,0,0,0,0,0,0,0
0,2.009806,9,9,9,0,0,0,0,0,0,0,0,0,0,0,0,0,0,0,0
0,0.354868,9,9,9,0,0,0,0,0,0,0,0,0,0,0,0,0,0,0,0
0,0.262154,9,9,9,0,0,0,0,0,0,0,0,0,0,0,0,0,0,0,0
0,0.12817,9,9,9,0,0,0,0,0,0,0,0,0,0,0,0,0,0,0,0
0,0.350052,9,9,9,0,0,0,0,0,0,0,0,0,0,0,0,0,0,0,0
0,0.237306,9,9,9,0,0,0,0,0,0,0,0,0,0,0,0,0,0,0,0
0,0.343555,9,9,9,0,0,0,0,0,0,0,0,0,0,0,0,0,0,0,0
0,0.734886,9,9,9,0,0,0,0,0,0,0,0,0,0,0,0,0,0,0,0
0,0.624568,9,9,9,0,0,0,0,0,0,0,0,0,0,0,0,0,0,0,0
0,0.234855,9,9,9,0,0,0,0,0,0,0,0,0,0,0,0,0,0,0,0
0,0.391645,9,9,9,0,0,0,0,0,0,0,0,0,0,0,0,0,0,0,0
0,0.434681,9,9,9,0,0,0,0,0,0,0,0,0,0,0,0,0,0,0,0
0,0.430096,9,9,9,0,0,0,0,0,0,0,0,0,0,0,0,0,0,0,0
0,0.141973,9,9,9,0,0,0,0,0,0,0,0,0,0,0,0,0,0,0,0
0,0.386363,9,9,9,0,0,0,0,0,0,0,0,0,0,0,0,0,0,0,0
0,0.361626,9,9,9,0,0,0,0,0,0,0,0,0,0,0,0,0,0,0,0
0,0.805198,9,9,9,0,0,0,0,0,0,0,0,0,0,0,0,0,0,0,0
0,0.505984,9,9,9,0,0,0,0,0,0,0,0,0,0,0,0,0,0,0,0
0,0.479673,9,9,9,0,0,0,0,0,0,0,0,0,0,0,0,0,0,0,0
0,1.123191,9,9,9,0,0,0,0,0,0,0,0,0,0,0,0,0,0,0,0
0,0.500394,9,9,9,0,0,0,0,0,0,0,0,0,0,0,0,0,0,0,0
0,0.508067,9,9,9,0,0,0,0,0,0,0,0,0,0,0,0,0,0,0,0
0,0.497296,9,9,9,0,0,0,0,0,0,0,0,0,0,0,0,0,0,0,0
0,0.242667,9,9,9,0,0,0,0,0,0,0,0,0,0,0,0,0,0,0,0
0,0.492437,9,9,9,0,0,0,0,0,0,0,0,0,0,0,0,0,0,0,0
0,0.495667,9,9,9,0,0,0,0,0,0,0,0,0,0,0,0,0,0,0,0
0,0.331989,9,9,9,0,0,0,0,0,0,0,0,0,0,0,0,0,0,0,0
0,0.250394,9,9,9,0,0,0,0,0,0,0,0,0,0,0,0,0,0,0,0
0,0.265368,9,9,9,0,0,0,0,0,0,0,0,0,0,0,0,0,0,0,0
0,0.31707,9,9,9,0,0,0,0,0,0,0,0,0,0,0,0,0,0,0,0
0,0.169305,9,9,9,0,0,0,0,0,0,0,0,0,0,0,0,0,0,0,0
0,0.500189,9,9,9,0,0,0,0,0,0,0,0,0,0,0,0,0,0,0,0
0,0.548377,9,9,9,0,0,0,0,0,0,0,0,0,0,0,0,0,0,0,0
0,0.478414,9,9,9,0,0,0,0,0,0,0,0,0,0,0,0,0,0,0,0
0,0.510181,9,9,9,0,0,0,0,0,0,0,0,0,0,0,0,0,0,0,0
0,0.456967,9,9,9,0,0,0,0,0,0,0,0,0,0,0,0,0,0,0,0
0,0.314414,9,9,9,0,0,0,0,0,0,0,0,0,0,0,0,0,0,0,0
0,0.572601,9,9,9,0,0,0,0,0,0,0,0,0,0,0,0,0,0,0,0
0,0.364667,9,9,9,0,0,0,0,0,0,0,0,0,0,0,0,0,0,0,0
0,0.267413,9,9,9,0,0,0,0,0,0,0,0,0,0,0,0,0,0,0,0
0,0.502104,9,9,9,0,0,0,0,0,0,0,0,0,0,0,0,0,0,0,0
0,0.474609,9,9,9,0,0,0,0,0,0,0,0,0,0,0,0,0,0,0,0
0,0.487205,9,9,9,0,0,0,0,0,0,0,0,0,0,0,0,0,0,0,0
0,0.458919,9,9,9,0,0,0,0,0,0,0,0,0,0,0,0,0,0,0,0
0,0.452592,9,9,9,0,0,0,0,0,0,0,0,0,0,0,0,0,0,0,0
0,0.502624,9,9,9,0,0,0,0,0,0,0,0,0,0,0,0,0,0,0,0
0,0.626787,9,9,9,0,0,0,0,0,0,0,0,0,0,0,0,0,0,0,0
0,0.501318,9,9,9,0,0,0,0,0,0,0,0,0,0,0,0,0,0,0,0
0,0.498848,9,9,9,0,0,0,0,0,0,0,0,0,0,0,0,0,0,0,0
0,0.502593,9,9,9,0,0,0,0,0,0,0,0,0,0,0,0,0,0,0,0
0,0.53195,9,9,9,0,0,0,0,0,0,0,0,0,0,0,0,0,0,0,0
0,0.486687,9,9,9,0,0,0,0,0,0,0,0,0,0,0,0,0,0,0,0
0,0.498389,9,9,9,0,0,0,0,0,0,0,0,0,0,0,0,0,0,0,0
0,0.677812,9,9,9,0,0,0,0,0,0,0,0,0,0,0,0,0,0,0,0
0,0.52425,9,9,9,0,0,0,0,0,0,0,0,0,0,0,0,0,0,0,0
0,0.68662,9,9,9,0,0,0,0,0,0,0,0,0,0,0,0,0,0,0,0
0,0.521709,9,9,9,0,0,0,0,0,0,0,0,0,0,0,0,0,0,0,0
0,0.83648,9,9,9,0,0,0,0,0,0,0,0,0,0,0,0,0,0,0,0
0,0.49474,9,9,9,0,0,0,0,0,0,0,0,0,0,0,0,0,0,0,0
0,0.6788,9,9,9,0,0,0,0,0,0,0,0,0,0,0,0,0,0,0,0
0,1.074694,9,9,9,0,0,0,0,0,0,0,0,0,0,0,0,0,0,0,0
0,0.445942,9,9,9,0,0,0,0,0,0,0,0,0,0,0,0,0,0,0,0
0,0.251917,9,9,9,0,0,0,0,0,0,0,0,0,0,0,0,0,0,0,0
0,0.242292,9,9,9,0,0,0,0,0,0,0,0,0,0,0,0,0,0,0,0
0,0.252812,9,9,9,0,0,0,0,0,0,0,0,0,0,0,0,0,0,0,0
0,0.253394,9,9,9,0,0,0,0,0,0,0,0,0,0,0,0,0,0,0,0
0,0.254527,9,9,9,0,0,0,0,0,0,0,0,0,0,0,0,0,0,0,0
0,0.144931,9,9,9,0,0,0,0,0,0,0,0,0,0,0,0,0,0,0,0
0,0.269471,9,9,9,0,0,0,0,0,0,0,0,0,0,0,0,0,0,0,0
0,0.636549,9,9,9,0,0,0,0,0,0,0,0,0,0,0,0,0,0,0,0
0,0.648415,9,9,9,0,0,0,0,0,0,0,0,0,0,0,0,0,0,0,0
0,0.3962,9,9,9,0,0,0,0,0,0,0,0,0,0,0,0,0,0,0,0
0,0.583081,9,9,9,0,0,0,0,0,0,0,0,0,0,0,0,0,0,0,0
0,0.734888,9,9,9,0,0,0,0,0,0,0,0,0,0,0,0,0,0,0,0
0,0.963012,9,9,9,0,0,0,0,0,0,0,0,0,0,0,0,0,0,0,0
0,0.498517,9,9,9,0,0,0,0,0,0,0,0,0,0,0,0,0,0,0,0
0,0.510858,9,9,9,0,0,0,0,0,0,0,0,0,0,0,0,0,0,0,0
0,0.291638,9,9,9,0,0,0,0,0,0,0,0,0,0,0,0,0,0,0,0
0,0.578434,9,9,9,0,0,0,0,0,0,0,0,0,0,0,0,0,0,0,0
0,0.334876,9,9,9,0,0,0,0,0,0,0,0,0,0,0,0,0,0,0,0
0,0.244576,9,9,9,0,0,0,0,0,0,0,0,0,0,0,0,0,0,0,0
0,0.250403,9,9,9,0,0,0,0,0,0,0,0,0,0,0,0,0,0,0,0
0,0.244888,9,9,9,0,0,0,0,0,0,0,0,0,0,0,0,0,0,0,0
0,0.250469,9,9,9,0,0,0,0,0,0,0,0,0,0,0,0,0,0,0,0
0,0.247092,9,9,9,0,0,0,0,0,0,0,0,0,0,0,0,0,0,0,0
0,0.2504,9,9,9,0,0,0,0,0,0,0,0,0,0,0,0,0,0,0,0
0,0.251232,9,9,9,0,0,0,0,0,0,0,0,0,0,0,0,0,0,0,0
0,0.299334,9,9,9,0,0,0,0,0,0,0,0,0,0,0,0,0,0,0,0
0,0.250001,9,9,9,0,0,0,0,0,0,0,0,0,0,0,0,0,0,0,0
0,0.415139,9,9,9,0,0,0,0,0,0,0,0,0,0,0,0,0,0,0,0
0,0.443842,9,9,9,0,0,0,0,0,0,0,0,0,0,0,0,0,0,0,0
0,0.490661,9,9,9,0,0,0,0,0,0,0,0,0,0,0,0,0,0,0,0
0,0.396927,9,9,9,0,0,0,0,0,0,0,0,0,0,0,0,0,0,0,0
0,0.263311,9,9,9,0,0,0,0,0,0,0,0,0,0,0,0,0,0,0,0
0,0.377883,9,9,9,0,0,0,0,0,0,0,0,0,0,0,0,0,0,0,0
0,0.246012,9,9,9,0,0,0,0,0,0,0,0,0,0,0,0,0,0,0,0
0,0.244271,9,9,9,0,0,0,0,0,0,0,0,0,0,0,0,0,0,0,0
0,0.966987,9,9,9,0,0,0,0,0,0,0,0,0,0,0,0,0,0,0,0
0,0.113406,9,9,9,0,0,0,0,0,0,0,0,0,0,0,0,0,0,0,0
0,0.435133,9,9,9,0,0,0,0,0,0,0,0,0,0,0,0,0,0,0,0
0,0.211273,9,9,9,0,0,0,0,0,0,0,0,0,0,0,0,0,0,0,0
0,0.18149,9,9,9,0,0,0,0,0,0,0,0,0,0,0,0,0,0,0,0
0,0.173986,9,9,9,0,0,0,0,0,0,0,0,0,0,0,0,0,0,0,0
0,0.374797,9,9,9,0,0,0,0,0,0,0,0,0,0,0,0,0,0,0,0
0,0.194318,9,9,9,0,0,0,0,0,0,0,0,0,0,0,0,0,0,0,0
0,0.197232,9,9,9,0,0,0,0,0,0,0,0,0,0,0,0,0,0,0,0
0,0.249958,9,9,9,0,0,0,0,0,0,0,0,0,0,0,0,0,0,0,0
0,0.148803,9,9,9,0,0,0,0,0,0,0,0,0,0,0,0,0,0,0,0
0,0.37746,9,9,9,0,0,0,0,0,0,0,0,0,0,0,0,0,0,0,0
0,0.247124,9,9,9,0,0,0,0,0,0,0,0,0,0,0,0,0,0,0,0
0,0.374979,9,9,9,0,0,0,0,0,0,0,0,0,0,0,0,0,0,0,0
0,0.244462,9,9,9,0,0,0,0,0,0,0,0,0,0,0,0,0,0,0,0
0,0.248265,9,9,9,0,0,0,0,0,0,0,0,0,0,0,0,0,0,0,0
0,0.250649,9,9,9,0,0,0,0,0,0,0,0,0,0,0,0,0,0,0,0
0,0.199775,9,9,9,0,0,0,0,0,0,0,0,0,0,0,0,0,0,0,0
0,0.247236,9,9,9,0,0,0,0,0,0,0,0,0,0,0,0,0,0,0,0
0,0.376571,9,9,9,0,0,0,0,0,0,0,0,0,0,0,0,0,0,0,0
0,0.245347,9,9,9,0,0,0,0,0,0,0,0,0,0,0,0,0,0,0,0
0,0.251714,9,9,9,0,0,0,0,0,0,0,0,0,0,0,0,0,0,0,0
0,0.243796,9,9,9,0,0,0,0,0,0,0,0,0,0,0,0,0,0,0,0
0,0.235155,9,9,9,0,0,0,0,0,0,0,0,0,0,0,0,0,0,0,0
0,0.25387,9,9,9,0,0,0,0,0,0,0,0,0,0,0,0,0,0,0,0
0,0.27894,9,9,9,0,0,0,0,0,0,0,0,0,0,0,0,0,0,0,0
0,0.357784,9,9,9,0,0,0,0,0,0,0,0,0,0,0,0,0,0,0,0
0,0.181822,9,9,9,0,0,0,0,0,0,0,0,0,0,0,0,0,0,0,0
0,0.248399,9,9,9,0,0,0,0,0,0,0,0,0,0,0,0,0,0,0,0
0,0.248502,9,9,9,0,0,0,0,0,0,0,0,0,0,0,0,0,0,0,0
0,0.192731,9,9,9,0,0,0,0,0,0,0,0,0,0,0,0,0,0,0,0
0,0.290298,9,9,9,0,0,0,0,0,0,0,0,0,0,0,0,0,0,0,0
0,0.248307,9,9,9,0,0,0,0,0,0,0,0,0,0,0,0,0,0,0,0
0,0.186548,9,9,9,0,0,0,0,0,0,0,0,0,0,0,0,0,0,0,0
0,0.255329,9,9,9,0,0,0,0,0,0,0,0,0,0,0,0,0,0,0,0
0,0.256195,9,9,9,0,0,0,0,0,0,0,0,0,0,0,0,0,0,0,0
0,0.246738,9,9,9,0,0,0,0,0,0,0,0,0,0,0,0,0,0,0,0
0,0.250196,9,9,9,0,0,0,0,0,0,0,0,0,0,0,0,0,0,0,0
0,0.244888,9,9,9,0,0,0,0,0,0,0,0,0,0,0,0,0,0,0,0
0,0.317443,9,9,9,0,0,0,0,0,0,0,0,0,0,0,0,0,0,0,0
0,0.236131,9,9,9,0,0,0,0,0,0,0,0,0,0,0,0,0,0,0,0
0,0.262374,9,9,9,0,0,0,0,0,0,0,0,0,0,0,0,0,0,0,0
0,0.243827,9,9,9,0,0,0,0,0,0,0,0,0,0,0,0,0,0,0,0
0,0.273371,9,9,9,0,0,0,0,0,0,0,0,0,0,0,0,0,0,0,0
0,0.251335,9,9,9,0,0,0,0,0,0,0,0,0,0,0,0,0,0,0,0
0,0.246078,9,9,9,0,0,0,0,0,0,0,0,0,0,0,0,0,0,0,0
0,0.25289,9,9,9,0,0,0,0,0,0,0,0,0,0,0,0,0,0,0,0
0,0.251752,9,9,9,0,0,0,0,0,0,0,0,0,0,0,0,0,0,0,0
0,0.239006,9,9,9,0,0,0,0,0,0,0,0,0,0,0,0,0,0,0,0
0,0.243391,9,9,9,0,0,0,0,0,0,0,0,0,0,0,0,0,0,0,0
0,0.247727,9,9,9,0,0,0,0,0,0,0,0,0,0,0,0,0,0,0,0
0,0.239687,9,9,9,0,0,0,0,0,0,0,0,0,0,0,0,0,0,0,0
0,0.497066,9,9,9,0,0,0,0,0,0,0,0,0,0,0,0,0,0,0,0
0,0.379443,9,9,9,0,0,0,0,0,0,0,0,0,0,0,0,0,0,0,0
0,0.136797,9,9,9,0,0,0,0,0,0,0,0,0,0,0,0,0,0,0,0
0,0.246014,9,9,9,0,0,0,0,0,0,0,0,0,0,0,0,0,0,0,0
0,0.246265,9,9,9,0,0,0,0,0,0,0,0,0,0,0,0,0,0,0,0
0,0.255298,9,9,9,0,0,0,0,0,0,0,0,0,0,0,0,0,0,0,0
0,0.323745,9,9,9,0,0,0,0,0,0,0,0,0,0,0,0,0,0,0,0
0,0.126456,9,9,9,0,0,0,0,0,0,0,0,0,0,0,0,0,0,0,0
0,0.167379,9,9,9,0,0,0,0,0,0,0,0,0,0,0,0,0,0,0,0
0,0.171426,9,9,9,0,0,0,0,0,0,0,0,0,0,0,0,0,0,0,0
0,0.178016,9,9,9,0,0,0,0,0,0,0,0,0,0,0,0,0,0,0,0
0,0.1797,9,9,9,0,0,0,0,0,0,0,0,0,0,0,0,0,0,0,0
0,0.251433,9,9,9,0,0,0,0,0,0,0,0,0,0,0,0,0,0,0,0
0,0.37679,9,9,9,0,0,0,0,0,0,0,0,0,0,0,0,0,0,0,0
0,0.217303,9,9,9,0,0,0,0,0,0,0,0,0,0,0,0,0,0,0,0
0,0.305019,9,9,9,0,0,0,0,0,0,0,0,0,0,0,0,0,0,0,0
0,0.245922,9,9,9,0,0,0,0,0,0,0,0,0,0,0,0,0,0,0,0
0,0.25003,9,9,9,0,0,0,0,0,0,0,0,0,0,0,0,0,0,0,0
0,0.281232,9,9,9,0,0,0,0,0,0,0,0,0,0,0,0,0,0,0,0
0,0.180771,9,9,9,0,0,0,0,0,0,0,0,0,0,0,0,0,0,0,0
0,0.37232,9,9,9,0,0,0,0,0,0,0,0,0,0,0,0,0,0,0,0
0,0.179934,9,9,9,0,0,0,0,0,0,0,0,0,0,0,0,0,0,0,0
0,0.196811,9,9,9,0,0,0,0,0,0,0,0,0,0,0,0,0,0,0,0
0,0.314968,9,9,9,0,0,0,0,0,0,0,0,0,0,0,0,0,0,0,0
0,0.1859,9,9,9,0,0,0,0,0,0,0,0,0,0,0,0,0,0,0,0
0,0.249799,9,9,9,0,0,0,0,0,0,0,0,0,0,0,0,0,0,0,0
0,0.215354,9,9,9,0,0,0,0,0,0,0,0,0,0,0,0,0,0,0,0
0,0.152195,9,9,9,0,0,0,0,0,0,0,0,0,0,0,0,0,0,0,0
0,0.262697,9,9,9,0,0,0,0,0,0,0,0,0,0,0,0,0,0,0,0
0,0.32418,9,9,9,0,0,0,0,0,0,0,0,0,0,0,0,0,0,0,0
0,0.250411,9,9,9,0,0,0,0,0,0,0,0,0,0,0,0,0,0,0,0
0,0.281114,9,9,9,0,0,0,0,0,0,0,0,0,0,0,0,0,0,0,0
0,0.244965,9,9,9,0,0,0,0,0,0,0,0,0,0,0,0,0,0,0,0
0,0.24538,9,9,9,0,0,0,0,0,0,0,0,0,0,0,0,0,0,0,0
0,0.178721,9,9,9,0,0,0,0,0,0,0,0,0,0,0,0,0,0,0,0
0,0.125121,9,9,9,0,0,0,0,0,0,0,0,0,0,0,0,0,0,0,0
0,0.19361,9,9,9,0,0,0,0,0,0,0,0,0,0,0,0,0,0,0,0
0,0.176918,9,9,9,0,0,0,0,0,0,0,0,0,0,0,0,0,0,0,0
0,0.25023,9,9,9,0,0,0,0,0,0,0,0,0,0,0,0,0,0,0,0
0,0.248333,9,9,9,0,0,0,0,0,0,0,0,0,0,0,0,0,0,0,0
0,0.360956,9,9,9,0,0,0,0,0,0,0,0,0,0,0,0,0,0,0,0
0,0.251572,9,9,9,0,0,0,0,0,0,0,0,0,0,0,0,0,0,0,0
0,0.390279,9,9,9,0,0,0,0,0,0,0,0,0,0,0,0,0,0,0,0
0,0.194136,9,9,9,0,0,0,0,0,0,0,0,0,0,0,0,0,0,0,0
0,0.252326,9,9,9,0,0,0,0,0,0,0,0,0,0,0,0,0,0,0,0
0,0.322333,9,9,9,0,0,0,0,0,0,0,0,0,0,0,0,0,0,0,0
0,0.074646,9,9,9,0,0,0,0,0,0,0,0,0,0,0,0,0,0,0,0
0,0.048732,9,9,9,0,0,0,0,0,0,0,0,0,0,0,0,0,0,0,0
0,0.204035,9,9,9,0,0,0,0,0,0,0,0,0,0,0,0,0,0,0,0
0,0.029462,9,9,9,0,0,0,0,0,0,0,0,0,0,0,0,0,0,0,0
0,0.220393,9,9,9,0,0,0,0,0,0,0,0,0,0,0,0,0,0,0,0
0,0.249593,9,9,9,0,0,0,0,0,0,0,0,0,0,0,0,0,0,0,0
0,0.279421,9,9,9,0,0,0,0,0,0,0,0,0,0,0,0,0,0,0,0
0,0.255258,9,9,9,0,0,0,0,0,0,0,0,0,0,0,0,0,0,0,0
0,0.271128,9,9,9,0,0,0,0,0,0,0,0,0,0,0,0,0,0,0,0
0,0.253721,9,9,9,0,0,0,0,0,0,0,0,0,0,0,0,0,0,0,0
0,0.083119,9,9,9,0,0,0,0,0,0,0,0,0,0,0,0,0,0,0,0
0,0.244206,9,9,9,0,0,0,0,0,0,0,0,0,0,0,0,0,0,0,0
0,0.196896,9,9,9,0,0,0,0,0,0,0,0,0,0,0,0,0,0,0,0
0,0.197544,9,9,9,0,0,0,0,0,0,0,0,0,0,0,0,0,0,0,0
0,0.338587,9,9,9,0,0,0,0,0,0,0,0,0,0,0,0,0,0,0,0
0,0.325195,9,9,9,0,0,0,0,0,0,0,0,0,0,0,0,0,0,0,0
0,0.273317,9,9,9,0,0,0,0,0,0,0,0,0,0,0,0,0,0,0,0
0,0.260034,9,9,9,0,0,0,0,0,0,0,0,0,0,0,0,0,0,0,0
0,0.243995,9,9,9,0,0,0,0,0,0,0,0,0,0,0,0,0,0,0,0
0,0.252124,9,9,9,0,0,0,0,0,0,0,0,0,0,0,0,0,0,0,0
0,0.24836,9,9,9,0,0,0,0,0,0,0,0,0,0,0,0,0,0,0,0
0,0.257201,9,9,9,0,0,0,0,0,0,0,0,0,0,0,0,0,0,0,0
0,0.411099,9,9,9,0,0,0,0,0,0,0,0,0,0,0,0,0,0,0,0
0,0.599253,9,9,9,0,0,0,0,0,0,0,0,0,0,0,0,0,0,0,0
0,0.2122,9,9,9,0,0,0,0,0,0,0,0,0,0,0,0,0,0,0,0
0,0.249716,9,9,9,0,0,0,0,0,0,0,0,0,0,0,0,0,0,0,0
0,0.259581,9,9,9,0,0,0,0,0,0,0,0,0,0,0,0,0,0,0,0
0,0.249573,9,9,9,0,0,0,0,0,0,0,0,0,0,0,0,0,0,0,0
0,0.24933,9,9,9,0,0,0,0,0,0,0,0,0,0,0,0,0,0,0,0
0,0.154476,9,9,9,0,0,0,0,0,0,0,0,0,0,0,0,0,0,0,0
0,0.130821,9,9,9,0,0,0,0,0,0,0,0,0,0,0,0,0,0,0,0
0,0.040655,9,9,9,0,0,0,0,0,0,0,0,0,0,0,0,0,0,0,0
0,0.254682,9,9,9,0,0,0,0,0,0,0,0,0,0,0,0,0,0,0,0
0,0.246729,9,9,9,0,0,0,0,0,0,0,0,0,0,0,0,0,0,0,0
0,0.422806,9,9,9,0,0,0,0,0,0,0,0,0,0,0,0,0,0,0,0
0,0.641033,9,9,9,0,0,0,0,0,0,0,0,0,0,0,0,0,0,0,0
0,0.245169,9,9,9,0,0,0,0,0,0,0,0,0,0,0,0,0,0,0,0
0,0.214453,9,9,9,0,0,0,0,0,0,0,0,0,0,0,0,0,0,0,0
0,0.208925,9,9,9,0,0,0,0,0,0,0,0,0,0,0,0,0,0,0,0
0,0.361304,9,9,9,0,0,0,0,0,0,0,0,0,0,0,0,0,0,0,0
0,0.39941,9,9,9,0,0,0,0,0,0,0,0,0,0,0,0,0,0,0,0
0,0.43808,9,9,9,0,0,0,0,0,0,0,0,0,0,0,0,0,0,0,0
0,0.041071,9,9,9,0,0,0,0,0,0,0,0,0,0,0,0,0,0,0,0
0,0.255037,9,9,9,0,0,0,0,0,0,0,0,0,0,0,0,0,0,0,0
0,0.153383,9,9,9,0,0,0,0,0,0,0,0,0,0,0,0,0,0,0,0
0,0.143218,9,9,9,0,0,0,0,0,0,0,0,0,0,0,0,0,0,0,0
0,0.250562,9,9,9,0,0,0,0,0,0,0,0,0,0,0,0,0,0,0,0
0,0.82392,9,9,9,0,0,0,0,0,0,0,0,0,0,0,0,0,0,0,0
0,0.510248,9,9,9,0,0,0,0,0,0,0,0,0,0,0,0,0,0,0,0
0,0.435634,9,9,9,0,0,0,0,0,0,0,0,0,0,0,0,0,0,0,0
0,0.539781,9,9,9,0,0,0,0,0,0,0,0,0,0,0,0,0,0,0,0
0,0.496639,9,9,9,0,0,0,0,0,0,0,0,0,0,0,0,0,0,0,0
0,0.385991,9,9,9,0,0,0,0,0,0,0,0,0,0,0,0,0,0,0,0
0,0.719966,9,9,9,0,0,0,0,0,0,0,0,0,0,0,0,0,0,0,0
0,0.555455,9,9,9,0,0,0,0,0,0,0,0,0,0,0,0,0,0,0,0
0,0.550141,9,9,9,0,0,0,0,0,0,0,0,0,0,0,0,0,0,0,0
0,0.650637,9,9,9,0,0,0,0,0,0,0,0,0,0,0,0,0,0,0,0
0,0.530373,9,9,9,0,0,0,0,0,0,0,0,0,0,0,0,0,0,0,0
0,0.164996,9,9,9,0,0,0,0,0,0,0,0,0,0,0,0,0,0,0,0
0,0.237832,9,9,9,0,0,0,0,0,0,0,0,0,0,0,0,0,0,0,0
0,0.265498,9,9,9,0,0,0,0,0,0,0,0,0,0,0,0,0,0,0,0
0,0.321193,9,9,9,0,0,0,0,0,0,0,0,0,0,0,0,0,0,0,0
0,0.541175,9,9,9,0,0,0,0,0,0,0,0,0,0,0,0,0,0,0,0
0,0.305662,9,9,9,0,0,0,0,0,0,0,0,0,0,0,0,0,0,0,0
0,0.494767,9,9,9,0,0,0,0,0,0,0,0,0,0,0,0,0,0,0,0
0,0.600502,9,9,9,0,0,0,0,0,0,0,0,0,0,0,0,0,0,0,0
0,0.732282,9,9,9,0,0,0,0,0,0,0,0,0,0,0,0,0,0,0,0
0,0.471288,9,9,9,0,0,0,0,0,0,0,0,0,0,0,0,0,0,0,0
0,0.509234,9,9,9,0,0,0,0,0,0,0,0,0,0,0,0,0,0,0,0
0,0.505749,9,9,9,0,0,0,0,0,0,0,0,0,0,0,0,0,0,0,0
0,0.147366,9,9,9,0,0,0,0,0,0,0,0,0,0,0,0,0,0,0,0
0,0.26844,9,9,9,0,0,0,0,0,0,0,0,0,0,0,0,0,0,0,0
0,0.440177,9,9,9,0,0,0,0,0,0,0,0,0,0,0,0,0,0,0,0
0,0.280615,9,9,9,0,0,0,0,0,0,0,0,0,0,0,0,0,0,0,0
0,0.501576,9,9,9,0,0,0,0,0,0,0,0,0,0,0,0,0,0,0,0
0,0.562544,9,9,9,0,0,0,0,0,0,0,0,0,0,0,0,0,0,0,0
0,0.542713,9,9,9,0,0,0,0,0,0,0,0,0,0,0,0,0,0,0,0
0,0.556487,9,9,9,0,0,0,0,0,0,0,0,0,0,0,0,0,0,0,0
0,0.398493,9,9,9,0,0,0,0,0,0,0,0,0,0,0,0,0,0,0,0
0,0.357948,9,9,9,0,0,0,0,0,0,0,0,0,0,0,0,0,0,0,0
0,0.212022,9,9,9,0,0,0,0,0,0,0,0,0,0,0,0,0,0,0,0
0,0.336976,9,9,9,0,0,0,0,0,0,0,0,0,0,0,0,0,0,0,0
0,0.363989,9,9,9,0,0,0,0,0,0,0,0,0,0,0,0,0,0,0,0
0,0.286239,9,9,9,0,0,0,0,0,0,0,0,0,0,0,0,0,0,0,0
0,0.273923,9,9,9,0,0,0,0,0,0,0,0,0,0,0,0,0,0,0,0
0,0.476446,9,9,9,0,0,0,0,0,0,0,0,0,0,0,0,0,0,0,0
0,0.305838,9,9,9,0,0,0,0,0,0,0,0,0,0,0,0,0,0,0,0
0,0.212855,9,9,9,0,0,0,0,0,0,0,0,0,0,0,0,0,0,0,0
0,0.352131,9,9,9,0,0,0,0,0,0,0,0,0,0,0,0,0,0,0,0
0,0.217967,9,9,9,0,0,0,0,0,0,0,0,0,0,0,0,0,0,0,0
0,0.700409,9,9,9,0,0,0,0,0,0,0,0,0,0,0,0,0,0,0,0
0,0.15993,9,9,9,0,0,0,0,0,0,0,0,0,0,0,0,0,0,0,0
0,0.402712,9,9,9,0,0,0,0,0,0,0,0,0,0,0,0,0,0,0,0
0,0.432139,9,9,9,0,0,0,0,0,0,0,0,0,0,0,0,0,0,0,0
0,0.205465,9,9,9,0,0,0,0,0,0,0,0,0,0,0,0,0,0,0,0
0,0.512871,9,9,9,0,0,0,0,0,0,0,0,0,0,0,0,0,0,0,0
0,0.126178,9,9,9,0,0,0,0,0,0,0,0,0,0,0,0,0,0,0,0
0,0.042512,9,9,9,0,0,0,0,0,0,0,0,0,0,0,0,0,0,0,0
0,0.499151,9,9,9,0,0,0,0,0,0,0,0,0,0,0,0,0,0,0,0
0,0.250515,9,9,9,0,0,0,0,0,0,0,0,0,0,0,0,0,0,0,0
0,0.612194,9,9,9,0,0,0,0,0,0,0,0,0,0,0,0,0,0,0,0
0,0.120878,9,9,9,0,0,0,0,0,0,0,0,0,0,0,0,0,0,0,0
0,0.371037,9,9,9,0,0,0,0,0,0,0,0,0,0,0,0,0,0,0,0
0,0.373921,9,9,9,0,0,0,0,0,0,0,0,0,0,0,0,0,0,0,0
0,0.380922,9,9,9,0,0,0,0,0,0,0,0,0,0,0,0,0,0,0,0
0,0.351513,9,9,9,0,0,0,0,0,0,0,0,0,0,0,0,0,0,0,0
0,0.297302,9,9,9,0,0,0,0,0,0,0,0,0,0,0,0,0,0,0,0
0,0.250396,9,9,9,0,0,0,0,0,0,0,0,0,0,0,0,0,0,0,0
0,0.252196,9,9,9,0,0,0,0,0,0,0,0,0,0,0,0,0,0,0,0
0,0.252584,9,9,9,0,0,0,0,0,0,0,0,0,0,0,0,0,0,0,0
0,0.251466,9,9,9,0,0,0,0,0,0,0,0,0,0,0,0,0,0,0,0
0,0.251872,9,9,9,0,0,0,0,0,0,0,0,0,0,0,0,0,0,0,0
0,0.25123,9,9,9,0,0,0,0,0,0,0,0,0,0,0,0,0,0,0,0
0,0.249999,9,9,9,0,0,0,0,0,0,0,0,0,0,0,0,0,0,0,0
0,0.252053,9,9,9,0,0,0,0,0,0,0,0,0,0,0,0,0,0,0,0
0,0.24192,9,9,9,0,0,0,0,0,0,0,0,0,0,0,0,0,0,0,0
0,0.261378,9,9,9,0,0,0,0,0,0,0,0,0,0,0,0,0,0,0,0
0,0.279907,9,9,9,0,0,0,0,0,0,0,0,0,0,0,0,0,0,0,0
0,0.25233,9,9,9,0,0,0,0,0,0,0,0,0,0,0,0,0,0,0,0
0,0.238116,9,9,9,0,0,0,0,0,0,0,0,0,0,0,0,0,0,0,0
0,0.247186,9,9,9,0,0,0,0,0,0,0,0,0,0,0,0,0,0,0,0
0,0.258533,9,9,9,0,0,0,0,0,0,0,0,0,0,0,0,0,0,0,0
0,0.259612,9,9,9,0,0,0,0,0,0,0,0,0,0,0,0,0,0,0,0
0,0.25096,9,9,9,0,0,0,0,0,0,0,0,0,0,0,0,0,0,0,0
0,0.250347,9,9,9,0,0,0,0,0,0,0,0,0,0,0,0,0,0,0,0
0,0.251641,9,9,9,0,0,0,0,0,0,0,0,0,0,0,0,0,0,0,0
0,0.24999,9,9,9,0,0,0,0,0,0,0,0,0,0,0,0,0,0,0,0
0,0.254701,9,9,9,0,0,0,0,0,0,0,0,0,0,0,0,0,0,0,0
0,0.255705,9,9,9,0,0,0,0,0,0,0,0,0,0,0,0,0,0,0,0
0,0.250959,9,9,9,0,0,0,0,0,0,0,0,0,0,0,0,0,0,0,0
0,0.25066,9,9,9,0,0,0,0,0,0,0,0,0,0,0,0,0,0,0,0
0,0.248332,9,9,9,0,0,0,0,0,0,0,0,0,0,0,0,0,0,0,0
0,0.251213,9,9,9,0,0,0,0,0,0,0,0,0,0,0,0,0,0,0,0
0,0.252212,9,9,9,0,0,0,0,0,0,0,0,0,0,0,0,0,0,0,0
0,0.251087,9,9,9,0,0,0,0,0,0,0,0,0,0,0,0,0,0,0,0
0,0.252194,9,9,9,0,0,0,0,0,0,0,0,0,0,0,0,0,0,0,0
0,0.250073,9,9,9,0,0,0,0,0,0,0,0,0,0,0,0,0,0,0,0
0,0.248819,9,9,9,0,0,0,0,0,0,0,0,0,0,0,0,0,0,0,0
0,0.249457,9,9,9,0,0,0,0,0,0,0,0,0,0,0,0,0,0,0,0
0,0.246625,9,9,9,0,0,0,0,0,0,0,0,0,0,0,0,0,0,0,0
0,0.249205,9,9,9,0,0,0,0,0,0,0,0,0,0,0,0,0,0,0,0
0,0.253916,9,9,9,0,0,0,0,0,0,0,0,0,0,0,0,0,0,0,0
0,0.250542,9,9,9,0,0,0,0,0,0,0,0,0,0,0,0,0,0,0,0
0,0.252418,9,9,9,0,0,0,0,0,0,0,0,0,0,0,0,0,0,0,0
0,0.250664,9,9,9,0,0,0,0,0,0,0,0,0,0,0,0,0,0,0,0
0,0.250195,9,9,9,0,0,0,0,0,0,0,0,0,0,0,0,0,0,0,0
0,0.239463,9,9,9,0,0,0,0,0,0,0,0,0,0,0,0,0,0,0,0
0,0.251323,9,9,9,0,0,0,0,0,0,0,0,0,0,0,0,0,0,0,0
0,0.251032,9,9,9,0,0,0,0,0,0,0,0,0,0,0,0,0,0,0,0
0,0.248807,9,9,9,0,0,0,0,0,0,0,0,0,0,0,0,0,0,0,0
0,0.238418,9,9,9,0,0,0,0,0,0,0,0,0,0,0,0,0,0,0,0
0,0.369349,9,9,9,0,0,0,0,0,0,0,0,0,0,0,0,0,0,0,0
0,0.252122,9,9,9,0,0,0,0,0,0,0,0,0,0,0,0,0,0,0,0
0,0.372204,9,9,9,0,0,0,0,0,0,0,0,0,0,0,0,0,0,0,0
0,0.248666,9,9,9,0,0,0,0,0,0,0,0,0,0,0,0,0,0,0,0
0,0.249752,9,9,9,0,0,0,0,0,0,0,0,0,0,0,0,0,0,0,0
0,0.252274,9,9,9,0,0,0,0,0,0,0,0,0,0,0,0,0,0,0,0
0,0.318617,9,9,9,0,0,0,0,0,0,0,0,0,0,0,0,0,0,0,0
0,0.250338,9,9,9,0,0,0,0,0,0,0,0,0,0,0,0,0,0,0,0
0,0.247509,9,9,9,0,0,0,0,0,0,0,0,0,0,0,0,0,0,0,0
0,0.24967,9,9,9,0,0,0,0,0,0,0,0,0,0,0,0,0,0,0,0
0,0.248389,9,9,9,0,0,0,0,0,0,0,0,0,0,0,0,0,0,0,0
0,0.250049,9,9,9,0,0,0,0,0,0,0,0,0,0,0,0,0,0,0,0
0,0.347737,9,9,9,0,0,0,0,0,0,0,0,0,0,0,0,0,0,0,0
0,0.252398,9,9,9,0,0,0,0,0,0,0,0,0,0,0,0,0,0,0,0
0,0.250297,9,9,9,0,0,0,0,0,0,0,0,0,0,0,0,0,0,0,0
0,0.370231,9,9,9,0,0,0,0,0,0,0,0,0,0,0,0,0,0,0,0
0,0.178859,9,9,9,0,0,0,0,0,0,0,0,0,0,0,0,0,0,0,0
0,0.922156,9,9,9,0,0,0,0,0,0,0,0,0,0,0,0,0,0,0,0
0,0.453179,9,9,9,0,0,0,0,0,0,0,0,0,0,0,0,0,0,0,0
0,0.157047,9,9,9,0,0,0,0,0,0,0,0,0,0,0,0,0,0,0,0
0,0.347605,9,9,9,0,0,0,0,0,0,0,0,0,0,0,0,0,0,0,0
0,0.150146,9,9,9,0,0,0,0,0,0,0,0,0,0,0,0,0,0,0,0
0,0.302103,9,9,9,0,0,0,0,0,0,0,0,0,0,0,0,0,0,0,0
0,0.248519,9,9,9,0,0,0,0,0,0,0,0,0,0,0,0,0,0,0,0
0,0.25061,9,9,9,0,0,0,0,0,0,0,0,0,0,0,0,0,0,0,0
0,0.245171,9,9,9,0,0,0,0,0,0,0,0,0,0,0,0,0,0,0,0
0,0.249539,9,9,9,0,0,0,0,0,0,0,0,0,0,0,0,0,0,0,0
0,0.248494,9,9,9,0,0,0,0,0,0,0,0,0,0,0,0,0,0,0,0
0,0.183992,9,9,9,0,0,0,0,0,0,0,0,0,0,0,0,0,0,0,0
0,0.2464,9,9,9,0,0,0,0,0,0,0,0,0,0,0,0,0,0,0,0
0,0.132134,9,9,9,0,0,0,0,0,0,0,0,0,0,0,0,0,0,0,0
0,0.125672,9,9,9,0,0,0,0,0,0,0,0,0,0,0,0,0,0,0,0
0,0.250783,9,9,9,0,0,0,0,0,0,0,0,0,0,0,0,0,0,0,0
0,0.127487,9,9,9,0,0,0,0,0,0,0,0,0,0,0,0,0,0,0,0
0,0.251157,9,9,9,0,0,0,0,0,0,0,0,0,0,0,0,0,0,0,0
0,0.246127,9,9,9,0,0,0,0,0,0,0,0,0,0,0,0,0,0,0,0
0,0.125559,9,9,9,0,0,0,0,0,0,0,0,0,0,0,0,0,0,0,0
0,0.249268,9,9,9,0,0,0,0,0,0,0,0,0,0,0,0,0,0,0,0
0,0.125494,9,9,9,0,0,0,0,0,0,0,0,0,0,0,0,0,0,0,0
0,0.248302,9,9,9,0,0,0,0,0,0,0,0,0,0,0,0,0,0,0,0
0,0.249163,9,9,9,0,0,0,0,0,0,0,0,0,0,0,0,0,0,0,0
0,0.247651,9,9,9,0,0,0,0,0,0,0,0,0,0,0,0,0,0,0,0
0,0.255166,9,9,9,0,0,0,0,0,0,0,0,0,0,0,0,0,0,0,0
0,0.127353,9,9,9,0,0,0,0,0,0,0,0,0,0,0,0,0,0,0,0
0,0.245534,9,9,9,0,0,0,0,0,0,0,0,0,0,0,0,0,0,0,0
0,0.344663,9,9,9,0,0,0,0,0,0,0,0,0,0,0,0,0,0,0,0
0,0.120811,9,9,9,0,0,0,0,0,0,0,0,0,0,0,0,0,0,0,0
0,0.251646,9,9,9,0,0,0,0,0,0,0,0,0,0,0,0,0,0,0,0
0,0.191134,9,9,9,0,0,0,0,0,0,0,0,0,0,0,0,0,0,0,0
0,0.125236,9,9,9,0,0,0,0,0,0,0,0,0,0,0,0,0,0,0,0
0,0.143263,9,9,9,0,0,0,0,0,0,0,0,0,0,0,0,0,0,0,0
0,0.253089,9,9,9,0,0,0,0,0,0,0,0,0,0,0,0,0,0,0,0
0,0.265292,9,9,9,0,0,0,0,0,0,0,0,0,0,0,0,0,0,0,0
0,0.283417,9,9,9,0,0,0,0,0,0,0,0,0,0,0,0,0,0,0,0
0,0.251336,9,9,9,0,0,0,0,0,0,0,0,0,0,0,0,0,0,0,0
0,0.249918,9,9,9,0,0,0,0,0,0,0,0,0,0,0,0,0,0,0,0
0,0.252713,9,9,9,0,0,0,0,0,0,0,0,0,0,0,0,0,0,0,0
0,0.246336,9,9,9,0,0,0,0,0,0,0,0,0,0,0,0,0,0,0,0
0,0.250167,9,9,9,0,0,0,0,0,0,0,0,0,0,0,0,0,0,0,0
0,0.251425,9,9,9,0,0,0,0,0,0,0,0,0,0,0,0,0,0,0,0
0,0.251205,9,9,9,0,0,0,0,0,0,0,0,0,0,0,0,0,0,0,0
0,0.249112,9,9,9,0,0,0,0,0,0,0,0,0,0,0,0,0,0,0,0
0,0.247987,9,9,9,0,0,0,0,0,0,0,0,0,0,0,0,0,0,0,0
0,0.161444,9,9,9,0,0,0,0,0,0,0,0,0,0,0,0,0,0,0,0
0,0.18796,9,9,9,0,0,0,0,0,0,0,0,0,0,0,0,0,0,0,0
0,0.321293,9,9,9,0,0,0,0,0,0,0,0,0,0,0,0,0,0,0,0
0,0.310623,9,9,9,0,0,0,0,0,0,0,0,0,0,0,0,0,0,0,0
0,0.258482,9,9,9,0,0,0,0,0,0,0,0,0,0,0,0,0,0,0,0
0,0.259593,9,9,9,0,0,0,0,0,0,0,0,0,0,0,0,0,0,0,0
0,0.179391,9,9,9,0,0,0,0,0,0,0,0,0,0,0,0,0,0,0,0
0,0.124601,9,9,9,0,0,0,0,0,0,0,0,0,0,0,0,0,0,0,0
0,0.60531,9,9,9,0,0,0,0,0,0,0,0,0,0,0,0,0,0,0,0
0,0.857548,9,9,9,0,0,0,0,0,0,0,0,0,0,0,0,0,0,0,0
0,0.756832,9,9,9,0,0,0,0,0,0,0,0,0,0,0,0,0,0,0,0
0,0.844654,9,9,9,0,0,0,0,0,0,0,0,0,0,0,0,0,0,0,0
0,0.595858,9,9,9,0,0,0,0,0,0,0,0,0,0,0,0,0,0,0,0
0,0.581722,9,9,9,0,0,0,0,0,0,0,0,0,0,0,0,0,0,0,0
0,0.65586,9,9,9,0,0,0,0,0,0,0,0,0,0,0,0,0,0,0,0
0,0.338183,9,9,9,0,0,0,0,0,0,0,0,0,0,0,0,0,0,0,0
0,0.388212,9,9,9,0,0,0,0,0,0,0,0,0,0,0,0,0,0,0,0
0,0.587583,9,9,9,0,0,0,0,0,0,0,0,0,0,0,0,0,0,0,0
0,0.391009,9,9,9,0,0,0,0,0,0,0,0,0,0,0,0,0,0,0,0
0,0.513853,9,9,9,0,0,0,0,0,0,0,0,0,0,0,0,0,0,0,0
0,0.515428,9,9,9,0,0,0,0,0,0,0,0,0,0,0,0,0,0,0,0
0,0.670662,9,9,9,0,0,0,0,0,0,0,0,0,0,0,0,0,0,0,0
0,0.181407,9,9,9,0,0,0,0,0,0,0,0,0,0,0,0,0,0,0,0
0,0.385366,9,9,9,0,0,0,0,0,0,0,0,0,0,0,0,0,0,0,0
0,0.490091,9,9,9,0,0,0,0,0,0,0,0,0,0,0,0,0,0,0,0
0,0.607797,9,9,9,0,0,0,0,0,0,0,0,0,0,0,0,0,0,0,0
0,0.50866,9,9,9,0,0,0,0,0,0,0,0,0,0,0,0,0,0,0,0
0,0.706496,9,9,9,0,0,0,0,0,0,0,0,0,0,0,0,0,0,0,0
0,0.410655,9,9,9,0,0,0,0,0,0,0,0,0,0,0,0,0,0,0,0
0,0.290434,9,9,9,0,0,0,0,0,0,0,0,0,0,0,0,0,0,0,0
0,0.494695,9,9,9,0,0,0,0,0,0,0,0,0,0,0,0,0,0,0,0
0,0.546317,9,9,9,0,0,0,0,0,0,0,0,0,0,0,0,0,0,0,0
0,0.362591,9,9,9,0,0,0,0,0,0,0,0,0,0,0,0,0,0,0,0
0,0.262446,9,9,9,0,0,0,0,0,0,0,0,0,0,0,0,0,0,0,0
0,0.655341,9,9,9,0,0,0,0,0,0,0,0,0,0,0,0,0,0,0,0
0,1.835284,9,9,9,0,0,0,0,0,0,0,0,0,0,0,0,0,0,0,0
0,0.903582,9,9,9,0,0,0,0,0,0,0,0,0,0,0,0,0,0,0,0
0,0.433596,9,9,9,0,0,0,0,0,0,0,0,0,0,0,0,0,0,0,0
0,0.540767,9,9,9,0,0,0,0,0,0,0,0,0,0,0,0,0,0,0,0
0,0.944785,9,9,9,0,0,0,0,0,0,0,0,0,0,0,0,0,0,0,0
0,0.494616,9,9,9,0,0,0,0,0,0,0,0,0,0,0,0,0,0,0,0
0,0.500925,9,9,9,0,0,0,0,0,0,0,0,0,0,0,0,0,0,0,0
0,0.447219,9,9,9,0,0,0,0,0,0,0,0,0,0,0,0,0,0,0,0
0,0.483239,9,9,9,0,0,0,0,0,0,0,0,0,0,0,0,0,0,0,0
0,0.500597,9,9,9,0,0,0,0,0,0,0,0,0,0,0,0,0,0,0,0
0,0.380576,9,9,9,0,0,0,0,0,0,0,0,0,0,0,0,0,0,0,0
0,0.557581,9,9,9,0,0,0,0,0,0,0,0,0,0,0,0,0,0,0,0
0,0.519426,9,9,9,0,0,0,0,0,0,0,0,0,0,0,0,0,0,0,0
0,0.31083,9,9,9,0,0,0,0,0,0,0,0,0,0,0,0,0,0,0,0
0,0.501708,9,9,9,0,0,0,0,0,0,0,0,0,0,0,0,0,0,0,0
0,0.663151,9,9,9,0,0,0,0,0,0,0,0,0,0,0,0,0,0,0,0
0,0.502348,9,9,9,0,0,0,0,0,0,0,0,0,0,0,0,0,0,0,0
0,0.486232,9,9,9,0,0,0,0,0,0,0,0,0,0,0,0,0,0,0,0
0,0.493235,9,9,9,0,0,0,0,0,0,0,0,0,0,0,0,0,0,0,0
0,0.264786,9,9,9,0,0,0,0,0,0,0,0,0,0,0,0,0,0,0,0
0,0.469598,9,9,9,0,0,0,0,0,0,0,0,0,0,0,0,0,0,0,0
0,0.498898,9,9,9,0,0,0,0,0,0,0,0,0,0,0,0,0,0,0,0
0,0.498768,9,9,9,0,0,0,0,0,0,0,0,0,0,0,0,0,0,0,0
0,0.508377,9,9,9,0,0,0,0,0,0,0,0,0,0,0,0,0,0,0,0
0,0.340105,9,9,9,0,0,0,0,0,0,0,0,0,0,0,0,0,0,0,0
0,0.479159,9,9,9,0,0,0,0,0,0,0,0,0,0,0,0,0,0,0,0
0,0.46075,9,9,9,0,0,0,0,0,0,0,0,0,0,0,0,0,0,0,0
0,0.41595,9,9,9,0,0,0,0,0,0,0,0,0,0,0,0,0,0,0,0
0,0.887096,9,9,9,0,0,0,0,0,0,0,0,0,0,0,0,0,0,0,0
0,0.757441,9,9,9,0,0,0,0,0,0,0,0,0,0,0,0,0,0,0,0
0,0.319625,9,9,9,0,0,0,0,0,0,0,0,0,0,0,0,0,0,0,0
0,0.589058,9,9,9,0,0,0,0,0,0,0,0,0,0,0,0,0,0,0,0
0,0.738013,9,9,9,0,0,0,0,0,0,0,0,0,0,0,0,0,0,0,0
0,0.586916,9,9,9,0,0,0,0,0,0,0,0,0,0,0,0,0,0,0,0
0,0.758648,9,9,9,0,0,0,0,0,0,0,0,0,0,0,0,0,0,0,0
0,0.670542,9,9,9,0,0,0,0,0,0,0,0,0,0,0,0,0,0,0,0
0,0.231534,9,9,9,0,0,0,0,0,0,0,0,0,0,0,0,0,0,0,0
0,0.488201,9,9,9,0,0,0,0,0,0,0,0,0,0,0,0,0,0,0,0
0,0.450348,9,9,9,0,0,0,0,0,0,0,0,0,0,0,0,0,0,0,0
0,0.446112,9,9,9,0,0,0,0,0,0,0,0,0,0,0,0,0,0,0,0
0,0.527372,9,9,9,0,0,0,0,0,0,0,0,0,0,0,0,0,0,0,0
0,0.353838,9,9,9,0,0,0,0,0,0,0,0,0,0,0,0,0,0,0,0
0,0.332925,9,9,9,0,0,0,0,0,0,0,0,0,0,0,0,0,0,0,0
0,0.316963,9,9,9,0,0,0,0,0,0,0,0,0,0,0,0,0,0,0,0
0,0.291055,9,9,9,0,0,0,0,0,0,0,0,0,0,0,0,0,0,0,0
0,3.052763,9,9,9,0,0,0,0,0,0,0,0,0,0,0,0,0,0,0,0
0,1.564295,9,9,9,0,0,0,0,0,0,0,0,0,0,0,0,0,0,0,0
0,0.160999,9,9,9,0,0,0,0,0,0,0,0,0,0,0,0,0,0,0,0
0,0.310975,9,9,9,0,0,0,0,0,0,0,0,0,0,0,0,0,0,0,0
0,0.052352,9,9,9,0,0,0,0,0,0,0,0,0,0,0,0,0,0,0,0
0,0.896486,9,9,9,0,0,0,0,0,0,0,0,0,0,0,0,0,0,0,0
0,0.496842,9,9,9,0,0,0,0,0,0,0,0,0,0,0,0,0,0,0,0
0,0.273864,9,9,9,0,0,0,0,0,0,0,0,0,0,0,0,0,0,0,0
0,0.2133,9,9,9,0,0,0,0,0,0,0,0,0,0,0,0,0,0,0,0
0,0.321038,9,9,9,0,0,0,0,0,0,0,0,0,0,0,0,0,0,0,0
0,0.19418,9,9,9,0,0,0,0,0,0,0,0,0,0,0,0,0,0,0,0
0,0.566634,9,9,9,0,0,0,0,0,0,0,0,0,0,0,0,0,0,0,0
0,0.164399,9,9,9,0,0,0,0,0,0,0,0,0,0,0,0,0,0,0,0
0,0.3299,9,9,9,0,0,0,0,0,0,0,0,0,0,0,0,0,0,0,0
0,0.121234,9,9,9,0,0,0,0,0,0,0,0,0,0,0,0,0,0,0,0
0,0.313015,9,9,9,0,0,0,0,0,0,0,0,0,0,0,0,0,0,0,0
0,0.74844,9,9,9,0,0,0,0,0,0,0,0,0,0,0,0,0,0,0,0
0,0.188211,9,9,9,0,0,0,0,0,0,0,0,0,0,0,0,0,0,0,0
0,0.196883,9,9,9,0,0,0,0,0,0,0,0,0,0,0,0,0,0,0,0
0,0.282363,9,9,9,0,0,0,0,0,0,0,0,0,0,0,0,0,0,0,0
0,0.221775,9,9,9,0,0,0,0,0,0,0,0,0,0,0,0,0,0,0,0
0,0.581482,9,9,9,0,0,0,0,0,0,0,0,0,0,0,0,0,0,0,0
0,0.374149,9,9,9,0,0,0,0,0,0,0,0,0,0,0,0,0,0,0,0
0,0.362938,9,9,9,0,0,0,0,0,0,0,0,0,0,0,0,0,0,0,0
0,0.515237,9,9,9,0,0,0,0,0,0,0,0,0,0,0,0,0,0,0,0
0,1.011602,9,9,9,0,0,0,0,0,0,0,0,0,0,0,0,0,0,0,0
0,0.63211,9,9,9,0,0,0,0,0,0,0,0,0,0,0,0,0,0,0,0
0,0.499247,9,9,9,0,0,0,0,0,0,0,0,0,0,0,0,0,0,0,0
0,0.776597,9,9,9,0,0,0,0,0,0,0,0,0,0,0,0,0,0,0,0
0,0.318646,9,9,9,0,0,0,0,0,0,0,0,0,0,0,0,0,0,0,0
0,1.061961,9,9,9,0,0,0,0,0,0,0,0,0,0,0,0,0,0,0,0
0,0.564688,9,9,9,0,0,0,0,0,0,0,0,0,0,0,0,0,0,0,0
0,0.351226,9,9,9,0,0,0,0,0,0,0,0,0,0,0,0,0,0,0,0
0,1.443541,9,9,9,0,0,0,0,0,0,0,0,0,0,0,0,0,0,0,0
0,0.571181,9,9,9,0,0,0,0,0,0,0,0,0,0,0,0,0,0,0,0
0,2.27362,9,9,9,0,0,0,0,0,0,0,0,0,0,0,0,0,0,0,0
0,0.525157,9,9,9,0,0,0,0,0,0,0,0,0,0,0,0,0,0,0,0
0,0.367725,9,9,9,0,0,0,0,0,0,0,0,0,0,0,0,0,0,0,0
0,0.549775,9,9,9,0,0,0,0,0,0,0,0,0,0,0,0,0,0,0,0
0,0.871666,9,9,9,0,0,0,0,0,0,0,0,0,0,0,0,0,0,0,0
0,0.844971,9,9,9,0,0,0,0,0,0,0,0,0,0,0,0,0,0,0,0
0,0.554221,9,9,9,0,0,0,0,0,0,0,0,0,0,0,0,0,0,0,0
0,2.251852,9,9,9,0,0,0,0,0,0,0,0,0,0,0,0,0,0,0,0
0,2.968594,9,9,9,0,0,0,0,0,0,0,0,0,0,0,0,0,0,0,0
0,0.911089,9,9,9,0,0,0,0,0,0,0,0,0,0,0,0,0,0,0,0
0,0.41874,9,9,9,0,0,0,0,0,0,0,0,0,0,0,0,0,0,0,0
0,2.124619,9,9,9,0,0,0,0,0,0,0,0,0,0,0,0,0,0,0,0
0,2.061167,9,9,9,0,0,0,0,0,0,0,0,0,0,0,0,0,0,0,0
0,0.735077,9,9,9,0,0,0,0,0,0,0,0,0,0,0,0,0,0,0,0
0,0.555601,9,9,9,0,0,0,0,0,0,0,0,0,0,0,0,0,0,0,0
0,1.398852,9,9,9,0,0,0,0,0,0,0,0,0,0,0,0,0,0,0,0
0,2.19971,9,9,9,0,0,0,0,0,0,0,0,0,0,0,0,0,0,0,0
0,0.739681,9,9,9,0,0,0,0,0,0,0,0,0,0,0,0,0,0,0,0
0,0.730267,9,9,9,0,0,0,0,0,0,0,0,0,0,0,0,0,0,0,0
0,0.965638,9,9,9,0,0,0,0,0,0,0,0,0,0,0,0,0,0,0,0
0,1.047082,9,9,9,0,0,0,0,0,0,0,0,0,0,0,0,0,0,0,0
0,1.535574,9,9,9,0,0,0,0,0,0,0,0,0,0,0,0,0,0,0,0
0,1.529436,9,9,9,0,0,0,0,0,0,0,0,0,0,0,0,0,0,0,0
0,0.532962,9,9,9,0,0,0,0,0,0,0,0,0,0,0,0,0,0,0,0
0,0.518684,9,9,9,0,0,0,0,0,0,0,0,0,0,0,0,0,0,0,0
0,0.757991,9,9,9,0,0,0,0,0,0,0,0,0,0,0,0,0,0,0,0
0,1.573,9,9,9,0,0,0,0,0,0,0,0,0,0,0,0,0,0,0,0
0,1.529014,9,9,9,0,0,0,0,0,0,0,0,0,0,0,0,0,0,0,0
0,1.5205,9,9,9,0,0,0,0,0,0,0,0,0,0,0,0,0,0,0,0
0,0.52854,9,9,9,0,0,0,0,0,0,0,0,0,0,0,0,0,0,0,0
0,0.52378,9,9,9,0,0,0,0,0,0,0,0,0,0,0,0,0,0,0,0
0,0.511877,9,9,9,0,0,0,0,0,0,0,0,0,0,0,0,0,0,0,0
0,0.56757,9,9,9,0,0,0,0,0,0,0,0,0,0,0,0,0,0,0,0
0,1.5662,9,9,9,0,0,0,0,0,0,0,0,0,0,0,0,0,0,0,0
0,0.926615,9,9,9,0,0,0,0,0,0,0,0,0,0,0,0,0,0,0,0
0,0.525892,9,9,9,0,0,0,0,0,0,0,0,0,0,0,0,0,0,0,0
0,1.491581,9,9,9,0,0,0,0,0,0,0,0,0,0,0,0,0,0,0,0
0,0.555412,9,9,9,0,0,0,0,0,0,0,0,0,0,0,0,0,0,0,0
0,1.484626,9,9,9,0,0,0,0,0,0,0,0,0,0,0,0,0,0,0,0
0,0.555156,9,9,9,0,0,0,0,0,0,0,0,0,0,0,0,0,0,0,0
0,0.600266,9,9,9,0,0,0,0,0,0,0,0,0,0,0,0,0,0,0,0
0,0.49667,9,9,9,0,0,0,0,0,0,0,0,0,0,0,0,0,0,0,0
0,1.467228,9,9,9,0,0,0,0,0,0,0,0,0,0,0,0,0,0,0,0
0,0.504351,9,9,9,0,0,0,0,0,0,0,0,0,0,0,0,0,0,0,0
0,0.397331,9,9,9,0,0,0,0,0,0,0,0,0,0,0,0,0,0,0,0
0,0.420911,9,9,9,0,0,0,0,0,0,0,0,0,0,0,0,0,0,0,0
0,0.446895,9,9,9,0,0,0,0,0,0,0,0,0,0,0,0,0,0,0,0
0,0.660505,9,9,9,0,0,0,0,0,0,0,0,0,0,0,0,0,0,0,0
0,0.459771,9,9,9,0,0,0,0,0,0,0,0,0,0,0,0,0,0,0,0
0,1.004304,9,9,9,0,0,0,0,0,0,0,0,0,0,0,0,0,0,0,0
0,1.890003,9,9,9,0,0,0,0,0,0,0,0,0,0,0,0,0,0,0,0
0,0.72494,9,9,9,0,0,0,0,0,0,0,0,0,0,0,0,0,0,0,0
0,0.801694,9,9,9,0,0,0,0,0,0,0,0,0,0,0,0,0,0,0,0
0,0.7723,9,9,9,0,0,0,0,0,0,0,0,0,0,0,0,0,0,0,0
0,0.714778,9,9,9,0,0,0,0,0,0,0,0,0,0,0,0,0,0,0,0
0,0.702805,9,9,9,0,0,0,0,0,0,0,0,0,0,0,0,0,0,0,0
0,0.80466,9,9,9,0,0,0,0,0,0,0,0,0,0,0,0,0,0,0,0
0,0.542704,9,9,9,0,0,0,0,0,0,0,0,0,0,0,0,0,0,0,0
0,1.051498,9,9,9,0,0,0,0,0,0,0,0,0,0,0,0,0,0,0,0
0,1.302707,9,9,9,0,0,0,0,0,0,0,0,0,0,0,0,0,0,0,0
0,0.25022,9,9,9,0,0,0,0,0,0,0,0,0,0,0,0,0,0,0,0
0,0.417174,9,9,9,0,0,0,0,0,0,0,0,0,0,0,0,0,0,0,0
0,0.765098,9,9,9,0,0,0,0,0,0,0,0,0,0,0,0,0,0,0,0
0,0.609384,9,9,9,0,0,0,0,0,0,0,0,0,0,0,0,0,0,0,0
0,1.500317,9,9,9,0,0,0,0,0,0,0,0,0,0,0,0,0,0,0,0
0,0.752024,9,9,9,0,0,0,0,0,0,0,0,0,0,0,0,0,0,0,0
0,0.327624,9,9,9,0,0,0,0,0,0,0,0,0,0,0,0,0,0,0,0
0,0.108993,9,9,9,0,0,0,0,0,0,0,0,0,0,0,0,0,0,0,0
0,0.554708,9,9,9,0,0,0,0,0,0,0,0,0,0,0,0,0,0,0,0
0,0.466996,9,9,9,0,0,0,0,0,0,0,0,0,0,0,0,0,0,0,0
0,0.808878,9,9,9,0,0,0,0,0,0,0,0,0,0,0,0,0,0,0,0
0,0.439321,9,9,9,0,0,0,0,0,0,0,0,0,0,0,0,0,0,0,0
0,0.502427,9,9,9,0,0,0,0,0,0,0,0,0,0,0,0,0,0,0,0
0,0.542589,9,9,9,0,0,0,0,0,0,0,0,0,0,0,0,0,0,0,0
0,0.239924,9,9,9,0,0,0,0,0,0,0,0,0,0,0,0,0,0,0,0
0,0.271648,9,9,9,0,0,0,0,0,0,0,0,0,0,0,0,0,0,0,0
0,0.357047,9,9,9,0,0,0,0,0,0,0,0,0,0,0,0,0,0,0,0
0,0.347357,9,9,9,0,0,0,0,0,0,0,0,0,0,0,0,0,0,0,0
0,0.331699,9,9,9,0,0,0,0,0,0,0,0,0,0,0,0,0,0,0,0
0,1.727703,9,9,9,0,0,0,0,0,0,0,0,0,0,0,0,0,0,0,0
0,0.238961,9,9,9,0,0,0,0,0,0,0,0,0,0,0,0,0,0,0,0
0,0.253635,9,9,9,0,0,0,0,0,0,0,0,0,0,0,0,0,0,0,0
0,0.249616,9,9,9,0,0,0,0,0,0,0,0,0,0,0,0,0,0,0,0
0,0.254501,9,9,9,0,0,0,0,0,0,0,0,0,0,0,0,0,0,0,0
0,0.201358,9,9,9,0,0,0,0,0,0,0,0,0,0,0,0,0,0,0,0
0,0.264014,9,9,9,0,0,0,0,0,0,0,0,0,0,0,0,0,0,0,0
0,0.296383,9,9,9,0,0,0,0,0,0,0,0,0,0,0,0,0,0,0,0
0,0.315189,9,9,9,0,0,0,0,0,0,0,0,0,0,0,0,0,0,0,0
0,0.281099,9,9,9,0,0,0,0,0,0,0,0,0,0,0,0,0,0,0,0
0,0.282783,9,9,9,0,0,0,0,0,0,0,0,0,0,0,0,0,0,0,0
0,0.237217,9,9,9,0,0,0,0,0,0,0,0,0,0,0,0,0,0,0,0
0,0.249503,9,9,9,0,0,0,0,0,0,0,0,0,0,0,0,0,0,0,0
0,0.247195,9,9,9,0,0,0,0,0,0,0,0,0,0,0,0,0,0,0,0
0,0.49538,9,9,9,0,0,0,0,0,0,0,0,0,0,0,0,0,0,0,0
0,0.301128,9,9,9,0,0,0,0,0,0,0,0,0,0,0,0,0,0,0,0
0,0.536147,9,9,9,0,0,0,0,0,0,0,0,0,0,0,0,0,0,0,0
0,0.365047,9,9,9,0,0,0,0,0,0,0,0,0,0,0,0,0,0,0,0
0,0.434991,9,9,9,0,0,0,0,0,0,0,0,0,0,0,0,0,0,0,0
0,0.532472,9,9,9,0,0,0,0,0,0,0,0,0,0,0,0,0,0,0,0
0,1.920277,9,9,9,0,0,0,0,0,0,0,0,0,0,0,0,0,0,0,0
0,0.37133,9,9,9,0,0,0,0,0,0,0,0,0,0,0,0,0,0,0,0
0,0.404567,9,9,9,0,0,0,0,0,0,0,0,0,0,0,0,0,0,0,0
0,0.453222,9,9,9,0,0,0,0,0,0,0,0,0,0,0,0,0,0,0,0
0,0.660479,9,9,9,0,0,0,0,0,0,0,0,0,0,0,0,0,0,0,0
0,0.346452,9,9,9,0,0,0,0,0,0,0,0,0,0,0,0,0,0,0,0
0,0.291047,9,9,9,0,0,0,0,0,0,0,0,0,0,0,0,0,0,0,0
0,0.248989,9,9,9,0,0,0,0,0,0,0,0,0,0,0,0,0,0,0,0
0,0.178836,9,9,9,0,0,0,0,0,0,0,0,0,0,0,0,0,0,0,0
0,0.567004,9,9,9,0,0,0,0,0,0,0,0,0,0,0,0,0,0,0,0
0,0.665268,9,9,9,0,0,0,0,0,0,0,0,0,0,0,0,0,0,0,0
0,0.391599,9,9,9,0,0,0,0,0,0,0,0,0,0,0,0,0,0,0,0
0,0.605865,9,9,9,0,0,0,0,0,0,0,0,0,0,0,0,0,0,0,0
0,0.22751,9,9,9,0,0,0,0,0,0,0,0,0,0,0,0,0,0,0,0
0,0.554458,9,9,9,0,0,0,0,0,0,0,0,0,0,0,0,0,0,0,0
0,0.498642,9,9,9,0,0,0,0,0,0,0,0,0,0,0,0,0,0,0,0
0,0.496324,9,9,9,0,0,0,0,0,0,0,0,0,0,0,0,0,0,0,0
0,0.394591,9,9,9,0,0,0,0,0,0,0,0,0,0,0,0,0,0,0,0
0,0.417747,9,9,9,0,0,0,0,0,0,0,0,0,0,0,0,0,0,0,0
0,0.54828,9,9,9,0,0,0,0,0,0,0,0,0,0,0,0,0,0,0,0
0,0.277961,9,9,9,0,0,0,0,0,0,0,0,0,0,0,0,0,0,0,0
0,0.240297,9,9,9,0,0,0,0,0,0,0,0,0,0,0,0,0,0,0,0
0,0.289222,9,9,9,0,0,0,0,0,0,0,0,0,0,0,0,0,0,0,0
0,0.503178,9,9,9,0,0,0,0,0,0,0,0,0,0,0,0,0,0,0,0
0,0.459928,9,9,9,0,0,0,0,0,0,0,0,0,0,0,0,0,0,0,0
0,0.340494,9,9,9,0,0,0,0,0,0,0,0,0,0,0,0,0,0,0,0
0,0.132963,9,9,9,0,0,0,0,0,0,0,0,0,0,0,0,0,0,0,0
0,0.251331,9,9,9,0,0,0,0,0,0,0,0,0,0,0,0,0,0,0,0
0,0.257725,9,9,9,0,0,0,0,0,0,0,0,0,0,0,0,0,0,0,0
0,0.253776,9,9,9,0,0,0,0,0,0,0,0,0,0,0,0,0,0,0,0
0,0.257234,9,9,9,0,0,0,0,0,0,0,0,0,0,0,0,0,0,0,0
0,0.503822,9,9,9,0,0,0,0,0,0,0,0,0,0,0,0,0,0,0,0
0,0.51249,9,9,9,0,0,0,0,0,0,0,0,0,0,0,0,0,0,0,0
0,0.250535,9,9,9,0,0,0,0,0,0,0,0,0,0,0,0,0,0,0,0
0,0.253977,9,9,9,0,0,0,0,0,0,0,0,0,0,0,0,0,0,0,0
0,0.249713,9,9,9,0,0,0,0,0,0,0,0,0,0,0,0,0,0,0,0
0,0.249301,9,9,9,0,0,0,0,0,0,0,0,0,0,0,0,0,0,0,0
0,0.251673,9,9,9,0,0,0,0,0,0,0,0,0,0,0,0,0,0,0,0
0,0.248545,9,9,9,0,0,0,0,0,0,0,0,0,0,0,0,0,0,0,0
0,0.25971,9,9,9,0,0,0,0,0,0,0,0,0,0,0,0,0,0,0,0
0,0.254468,9,9,9,0,0,0,0,0,0,0,0,0,0,0,0,0,0,0,0
0,0.250452,9,9,9,0,0,0,0,0,0,0,0,0,0,0,0,0,0,0,0
0,0.247228,9,9,9,0,0,0,0,0,0,0,0,0,0,0,0,0,0,0,0
0,0.249673,9,9,9,0,0,0,0,0,0,0,0,0,0,0,0,0,0,0,0
0,0.251163,9,9,9,0,0,0,0,0,0,0,0,0,0,0,0,0,0,0,0
0,0.250827,9,9,9,0,0,0,0,0,0,0,0,0,0,0,0,0,0,0,0
0,0.249652,9,9,9,0,0,0,0,0,0,0,0,0,0,0,0,0,0,0,0
0,0.258468,9,9,9,0,0,0,0,0,0,0,0,0,0,0,0,0,0,0,0
0,0.25188,9,9,9,0,0,0,0,0,0,0,0,0,0,0,0,0,0,0,0
0,0.249226,9,9,9,0,0,0,0,0,0,0,0,0,0,0,0,0,0,0,0
0,0.251858,9,9,9,0,0,0,0,0,0,0,0,0,0,0,0,0,0,0,0
0,0.250296,9,9,9,0,0,0,0,0,0,0,0,0,0,0,0,0,0,0,0
0,0.250467,9,9,9,0,0,0,0,0,0,0,0,0,0,0,0,0,0,0,0
0,0.499818,9,9,9,0,0,0,0,0,0,0,0,0,0,0,0,0,0,0,0
0,0.248826,9,9,9,0,0,0,0,0,0,0,0,0,0,0,0,0,0,0,0
0,0.287421,9,9,9,0,0,0,0,0,0,0,0,0,0,0,0,0,0,0,0
0,0.251683,9,9,9,0,0,0,0,0,0,0,0,0,0,0,0,0,0,0,0
0,0.258702,9,9,9,0,0,0,0,0,0,0,0,0,0,0,0,0,0,0,0
0,0.246887,9,9,9,0,0,0,0,0,0,0,0,0,0,0,0,0,0,0,0
0,0.238169,9,9,9,0,0,0,0,0,0,0,0,0,0,0,0,0,0,0,0
0,0.252244,9,9,9,0,0,0,0,0,0,0,0,0,0,0,0,0,0,0,0
0,0.24887,9,9,9,0,0,0,0,0,0,0,0,0,0,0,0,0,0,0,0
0,0.170998,9,9,9,0,0,0,0,0,0,0,0,0,0,0,0,0,0,0,0
0,0.255488,9,9,9,0,0,0,0,0,0,0,0,0,0,0,0,0,0,0,0
0,0.248125,9,9,9,0,0,0,0,0,0,0,0,0,0,0,0,0,0,0,0
0,0.250733,9,9,9,0,0,0,0,0,0,0,0,0,0,0,0,0,0,0,0
0,0.252226,9,9,9,0,0,0,0,0,0,0,0,0,0,0,0,0,0,0,0
0,0.249295,9,9,9,0,0,0,0,0,0,0,0,0,0,0,0,0,0,0,0
0,0.250913,9,9,9,0,0,0,0,0,0,0,0,0,0,0,0,0,0,0,0
0,0.251708,9,9,9,0,0,0,0,0,0,0,0,0,0,0,0,0,0,0,0
0,0.175325,9,9,9,0,0,0,0,0,0,0,0,0,0,0,0,0,0,0,0
0,0.251165,9,9,9,0,0,0,0,0,0,0,0,0,0,0,0,0,0,0,0
0,0.251527,9,9,9,0,0,0,0,0,0,0,0,0,0,0,0,0,0,0,0
0,0.248562,9,9,9,0,0,0,0,0,0,0,0,0,0,0,0,0,0,0,0
0,0.256697,9,9,9,0,0,0,0,0,0,0,0,0,0,0,0,0,0,0,0
0,0.250662,9,9,9,0,0,0,0,0,0,0,0,0,0,0,0,0,0,0,0
0,0.262568,9,9,9,0,0,0,0,0,0,0,0,0,0,0,0,0,0,0,0
0,0.247928,9,9,9,0,0,0,0,0,0,0,0,0,0,0,0,0,0,0,0
0,0.251781,9,9,9,0,0,0,0,0,0,0,0,0,0,0,0,0,0,0,0
0,0.62664,9,9,9,0,0,0,0,0,0,0,0,0,0,0,0,0,0,0,0
0,0.503738,9,9,9,0,0,0,0,0,0,0,0,0,0,0,0,0,0,0,0
0,0.293454,9,9,9,0,0,0,0,0,0,0,0,0,0,0,0,0,0,0,0
0,0.219589,9,9,9,0,0,0,0,0,0,0,0,0,0,0,0,0,0,0,0
0,0.254086,9,9,9,0,0,0,0,0,0,0,0,0,0,0,0,0,0,0,0
0,0.258207,9,9,9,0,0,0,0,0,0,0,0,0,0,0,0,0,0,0,0
0,0.247995,9,9,9,0,0,0,0,0,0,0,0,0,0,0,0,0,0,0,0
0,0.25807,9,9,9,0,0,0,0,0,0,0,0,0,0,0,0,0,0,0,0
0,0.24923,9,9,9,0,0,0,0,0,0,0,0,0,0,0,0,0,0,0,0
0,0.259569,9,9,9,0,0,0,0,0,0,0,0,0,0,0,0,0,0,0,0
0,0.250042,9,9,9,0,0,0,0,0,0,0,0,0,0,0,0,0,0,0,0
0,0.250206,9,9,9,0,0,0,0,0,0,0,0,0,0,0,0,0,0,0,0
0,0.187131,9,9,9,0,0,0,0,0,0,0,0,0,0,0,0,0,0,0,0
0,0.532479,9,9,9,0,0,0,0,0,0,0,0,0,0,0,0,0,0,0,0
0,0.248738,9,9,9,0,0,0,0,0,0,0,0,0,0,0,0,0,0,0,0
0,0.589151,9,9,9,0,0,0,0,0,0,0,0,0,0,0,0,0,0,0,0
0,0.613378,9,9,9,0,0,0,0,0,0,0,0,0,0,0,0,0,0,0,0
0,0.253289,9,9,9,0,0,0,0,0,0,0,0,0,0,0,0,0,0,0,0
0,0.249446,9,9,9,0,0,0,0,0,0,0,0,0,0,0,0,0,0,0,0
0,0.254186,9,9,9,0,0,0,0,0,0,0,0,0,0,0,0,0,0,0,0
0,0.501379,9,9,9,0,0,0,0,0,0,0,0,0,0,0,0,0,0,0,0
0,0.252975,9,9,9,0,0,0,0,0,0,0,0,0,0,0,0,0,0,0,0
0,0.253258,9,9,9,0,0,0,0,0,0,0,0,0,0,0,0,0,0,0,0
0,0.254117,9,9,9,0,0,0,0,0,0,0,0,0,0,0,0,0,0,0,0
0,0.257294,9,9,9,0,0,0,0,0,0,0,0,0,0,0,0,0,0,0,0
0,0.247981,9,9,9,0,0,0,0,0,0,0,0,0,0,0,0,0,0,0,0
0,0.257779,9,9,9,0,0,0,0,0,0,0,0,0,0,0,0,0,0,0,0
0,0.248056,9,9,9,0,0,0,0,0,0,0,0,0,0,0,0,0,0,0,0
0,0.250911,9,9,9,0,0,0,0,0,0,0,0,0,0,0,0,0,0,0,0
0,0.514591,9,9,9,0,0,0,0,0,0,0,0,0,0,0,0,0,0,0,0
0,0.278648,9,9,9,0,0,0,0,0,0,0,0,0,0,0,0,0,0,0,0
0,0.170333,9,9,9,0,0,0,0,0,0,0,0,0,0,0,0,0,0,0,0
0,0.251986,9,9,9,0,0,0,0,0,0,0,0,0,0,0,0,0,0,0,0
0,0.251434,9,9,9,0,0,0,0,0,0,0,0,0,0,0,0,0,0,0,0
0,0.25034,9,9,9,0,0,0,0,0,0,0,0,0,0,0,0,0,0,0,0
0,0.245594,9,9,9,0,0,0,0,0,0,0,0,0,0,0,0,0,0,0,0
0,0.250763,9,9,9,0,0,0,0,0,0,0,0,0,0,0,0,0,0,0,0
0,0.254791,9,9,9,0,0,0,0,0,0,0,0,0,0,0,0,0,0,0,0
0,0.248912,9,9,9,0,0,0,0,0,0,0,0,0,0,0,0,0,0,0,0
0,0.248813,9,9,9,0,0,0,0,0,0,0,0,0,0,0,0,0,0,0,0
0,0.252054,9,9,9,0,0,0,0,0,0,0,0,0,0,0,0,0,0,0,0
0,0.246825,9,9,9,0,0,0,0,0,0,0,0,0,0,0,0,0,0,0,0
0,0.249525,9,9,9,0,0,0,0,0,0,0,0,0,0,0,0,0,0,0,0
0,0.251909,9,9,9,0,0,0,0,0,0,0,0,0,0,0,0,0,0,0,0
0,0.162663,9,9,9,0,0,0,0,0,0,0,0,0,0,0,0,0,0,0,0
0,0.212211,9,9,9,0,0,0,0,0,0,0,0,0,0,0,0,0,0,0,0
0,0.496366,9,9,9,0,0,0,0,0,0,0,0,0,0,0,0,0,0,0,0
0,0.345505,9,9,9,0,0,0,0,0,0,0,0,0,0,0,0,0,0,0,0
0,0.452359,9,9,9,0,0,0,0,0,0,0,0,0,0,0,0,0,0,0,0
0,0.243607,9,9,9,0,0,0,0,0,0,0,0,0,0,0,0,0,0,0,0
0,0.458911,9,9,9,0,0,0,0,0,0,0,0,0,0,0,0,0,0,0,0
0,0.506405,9,9,9,0,0,0,0,0,0,0,0,0,0,0,0,0,0,0,0
0,0.543767,9,9,9,0,0,0,0,0,0,0,0,0,0,0,0,0,0,0,0
0,0.498,9,9,9,0,0,0,0,0,0,0,0,0,0,0,0,0,0,0,0
0,0.285523,9,9,9,0,0,0,0,0,0,0,0,0,0,0,0,0,0,0,0
0,0.252844,9,9,9,0,0,0,0,0,0,0,0,0,0,0,0,0,0,0,0
0,0.224007,9,9,9,0,0,0,0,0,0,0,0,0,0,0,0,0,0,0,0
0,0.496592,9,9,9,0,0,0,0,0,0,0,0,0,0,0,0,0,0,0,0
0,0.286525,9,9,9,0,0,0,0,0,0,0,0,0,0,0,0,0,0,0,0
0,0.376228,9,9,9,0,0,0,0,0,0,0,0,0,0,0,0,0,0,0,0
0,0.122552,9,9,9,0,0,0,0,0,0,0,0,0,0,0,0,0,0,0,0
0,0.342335,9,9,9,0,0,0,0,0,0,0,0,0,0,0,0,0,0,0,0
0,0.136762,9,9,9,0,0,0,0,0,0,0,0,0,0,0,0,0,0,0,0
0,0.222533,9,9,9,0,0,0,0,0,0,0,0,0,0,0,0,0,0,0,0
0,0.444364,9,9,9,0,0,0,0,0,0,0,0,0,0,0,0,0,0,0,0
0,0.25551,9,9,9,0,0,0,0,0,0,0,0,0,0,0,0,0,0,0,0
0,0.231029,9,9,9,0,0,0,0,0,0,0,0,0,0,0,0,0,0,0,0
0,0.248121,9,9,9,0,0,0,0,0,0,0,0,0,0,0,0,0,0,0,0
0,0.257348,9,9,9,0,0,0,0,0,0,0,0,0,0,0,0,0,0,0,0
0,0.25299,9,9,9,0,0,0,0,0,0,0,0,0,0,0,0,0,0,0,0
0,0.250827,9,9,9,0,0,0,0,0,0,0,0,0,0,0,0,0,0,0,0
0,0.25323,9,9,9,0,0,0,0,0,0,0,0,0,0,0,0,0,0,0,0
0,0.546747,9,9,9,0,0,0,0,0,0,0,0,0,0,0,0,0,0,0,0
0,0.26699,9,9,9,0,0,0,0,0,0,0,0,0,0,0,0,0,0,0,0
0,0.259965,9,9,9,0,0,0,0,0,0,0,0,0,0,0,0,0,0,0,0
0,0.254098,9,9,9,0,0,0,0,0,0,0,0,0,0,0,0,0,0,0,0
0,0.275071,9,9,9,0,0,0,0,0,0,0,0,0,0,0,0,0,0,0,0
0,0.503844,9,9,9,0,0,0,0,0,0,0,0,0,0,0,0,0,0,0,0
0,0.497584,9,9,9,0,0,0,0,0,0,0,0,0,0,0,0,0,0,0,0
0,0.499,9,9,9,0,0,0,0,0,0,0,0,0,0,0,0,0,0,0,0
0,0.493705,9,9,9,0,0,0,0,0,0,0,0,0,0,0,0,0,0,0,0
0,0.504834,9,9,9,0,0,0,0,0,0,0,0,0,0,0,0,0,0,0,0
0,0.49983,9,9,9,0,0,0,0,0,0,0,0,0,0,0,0,0,0,0,0
0,0.547255,9,9,9,0,0,0,0,0,0,0,0,0,0,0,0,0,0,0,0
0,0.768293,9,9,9,0,0,0,0,0,0,0,0,0,0,0,0,0,0,0,0
0,0.248047,9,9,9,0,0,0,0,0,0,0,0,0,0,0,0,0,0,0,0
0,0.757324,9,9,9,0,0,0,0,0,0,0,0,0,0,0,0,0,0,0,0
0,0.249634,9,9,9,0,0,0,0,0,0,0,0,0,0,0,0,0,0,0,0
0,0.260915,9,9,9,0,0,0,0,0,0,0,0,0,0,0,0,0,0,0,0
0,0.458673,9,9,9,0,0,0,0,0,0,0,0,0,0,0,0,0,0,0,0
0,0.462233,9,9,9,0,0,0,0,0,0,0,0,0,0,0,0,0,0,0,0
0,0.343861,9,9,9,0,0,0,0,0,0,0,0,0,0,0,0,0,0,0,0
0,0.528859,9,9,9,0,0,0,0,0,0,0,0,0,0,0,0,0,0,0,0
0,0.279684,9,9,9,0,0,0,0,0,0,0,0,0,0,0,0,0,0,0,0
0,0.370111,9,9,9,0,0,0,0,0,0,0,0,0,0,0,0,0,0,0,0
0,0.257433,9,9,9,0,0,0,0,0,0,0,0,0,0,0,0,0,0,0,0
0,0.375919,9,9,9,0,0,0,0,0,0,0,0,0,0,0,0,0,0,0,0
0,0.370493,9,9,9,0,0,0,0,0,0,0,0,0,0,0,0,0,0,0,0
0,0.387748,9,9,9,0,0,0,0,0,0,0,0,0,0,0,0,0,0,0,0
0,0.337446,9,9,9,0,0,0,0,0,0,0,0,0,0,0,0,0,0,0,0
0,0.461214,9,9,9,0,0,0,0,0,0,0,0,0,0,0,0,0,0,0,0
0,0.466985,9,9,9,0,0,0,0,0,0,0,0,0,0,0,0,0,0,0,0
0,0.503756,9,9,9,0,0,0,0,0,0,0,0,0,0,0,0,0,0,0,0
0,0.303344,9,9,9,0,0,0,0,0,0,0,0,0,0,0,0,0,0,0,0
0,0.424178,9,9,9,0,0,0,0,0,0,0,0,0,0,0,0,0,0,0,0
0,0.308789,9,9,9,0,0,0,0,0,0,0,0,0,0,0,0,0,0,0,0
0,0.501343,9,9,9,0,0,0,0,0,0,0,0,0,0,0,0,0,0,0,0
0,0.147153,9,9,9,0,0,0,0,0,0,0,0,0,0,0,0,0,0,0,0
0,0.355285,9,9,9,0,0,0,0,0,0,0,0,0,0,0,0,0,0,0,0
0,0.280062,9,9,9,0,0,0,0,0,0,0,0,0,0,0,0,0,0,0,0
0,0.288397,9,9,9,0,0,0,0,0,0,0,0,0,0,0,0,0,0,0,0
0,0.247133,9,9,9,0,0,0,0,0,0,0,0,0,0,0,0,0,0,0,0
0,0.281663,9,9,9,0,0,0,0,0,0,0,0,0,0,0,0,0,0,0,0
0,0.248626,9,9,9,0,0,0,0,0,0,0,0,0,0,0,0,0,0,0,0
0,0.237893,9,9,9,0,0,0,0,0,0,0,0,0,0,0,0,0,0,0,0
0,0.492422,9,9,9,0,0,0,0,0,0,0,0,0,0,0,0,0,0,0,0
0,0.504865,9,9,9,0,0,0,0,0,0,0,0,0,0,0,0,0,0,0,0
0,0.253441,9,9,9,0,0,0,0,0,0,0,0,0,0,0,0,0,0,0,0
0,0.187828,9,9,9,0,0,0,0,0,0,0,0,0,0,0,0,0,0,0,0
0,0.398093,9,9,9,0,0,0,0,0,0,0,0,0,0,0,0,0,0,0,0
0,0.356083,9,9,9,0,0,0,0,0,0,0,0,0,0,0,0,0,0,0,0
0,0.647137,9,9,9,0,0,0,0,0,0,0,0,0,0,0,0,0,0,0,0
0,0.195852,9,9,9,0,0,0,0,0,0,0,0,0,0,0,0,0,0,0,0
0,0.256423,9,9,9,0,0,0,0,0,0,0,0,0,0,0,0,0,0,0,0
0,0.236448,9,9,9,0,0,0,0,0,0,0,0,0,0,0,0,0,0,0,0
0,0.646554,9,9,9,0,0,0,0,0,0,0,0,0,0,0,0,0,0,0,0
0,0.253941,9,9,9,0,0,0,0,0,0,0,0,0,0,0,0,0,0,0,0
0,0.261428,9,9,9,0,0,0,0,0,0,0,0,0,0,0,0,0,0,0,0
0,0.243171,9,9,9,0,0,0,0,0,0,0,0,0,0,0,0,0,0,0,0
0,0.257193,9,9,9,0,0,0,0,0,0,0,0,0,0,0,0,0,0,0,0
0,0.24406,9,9,9,0,0,0,0,0,0,0,0,0,0,0,0,0,0,0,0
0,0.260191,9,9,9,0,0,0,0,0,0,0,0,0,0,0,0,0,0,0,0
0,0.192945,9,9,9,0,0,0,0,0,0,0,0,0,0,0,0,0,0,0,0
0,0.205974,9,9,9,0,0,0,0,0,0,0,0,0,0,0,0,0,0,0,0
0,0.25378,9,9,9,0,0,0,0,0,0,0,0,0,0,0,0,0,0,0,0
0,0.524277,9,9,9,0,0,0,0,0,0,0,0,0,0,0,0,0,0,0,0
0,0.250289,9,9,9,0,0,0,0,0,0,0,0,0,0,0,0,0,0,0,0
0,0.2556,9,9,9,0,0,0,0,0,0,0,0,0,0,0,0,0,0,0,0
0,0.17827,9,9,9,0,0,0,0,0,0,0,0,0,0,0,0,0,0,0,0
0,0.198974,9,9,9,0,0,0,0,0,0,0,0,0,0,0,0,0,0,0,0
0,0.251776,9,9,9,0,0,0,0,0,0,0,0,0,0,0,0,0,0,0,0
0,0.50162,9,9,9,0,0,0,0,0,0,0,0,0,0,0,0,0,0,0,0
0,0.401042,9,9,9,0,0,0,0,0,0,0,0,0,0,0,0,0,0,0,0
0,0.266699,9,9,9,0,0,0,0,0,0,0,0,0,0,0,0,0,0,0,0
0,0.303497,9,9,9,0,0,0,0,0,0,0,0,0,0,0,0,0,0,0,0
0,0.518525,9,9,9,0,0,0,0,0,0,0,0,0,0,0,0,0,0,0,0
0,0.231871,9,9,9,0,0,0,0,0,0,0,0,0,0,0,0,0,0,0,0
0,0.418202,9,9,9,0,0,0,0,0,0,0,0,0,0,0,0,0,0,0,0
0,0.374606,9,9,9,0,0,0,0,0,0,0,0,0,0,0,0,0,0,0,0
0,0.253015,9,9,9,0,0,0,0,0,0,0,0,0,0,0,0,0,0,0,0
0,0.620694,9,9,9,0,0,0,0,0,0,0,0,0,0,0,0,0,0,0,0
0,0.492625,9,9,9,0,0,0,0,0,0,0,0,0,0,0,0,0,0,0,0
0,0.572011,9,9,9,0,0,0,0,0,0,0,0,0,0,0,0,0,0,0,0
0,0.315152,9,9,9,0,0,0,0,0,0,0,0,0,0,0,0,0,0,0,0
0,0.192929,9,9,9,0,0,0,0,0,0,0,0,0,0,0,0,0,0,0,0
0,0.246952,9,9,9,0,0,0,0,0,0,0,0,0,0,0,0,0,0,0,0
0,0.374275,9,9,9,0,0,0,0,0,0,0,0,0,0,0,0,0,0,0,0
0,0.221117,9,9,9,0,0,0,0,0,0,0,0,0,0,0,0,0,0,0,0
0,0.258191,9,9,9,0,0,0,0,0,0,0,0,0,0,0,0,0,0,0,0
0,0.250785,9,9,9,0,0,0,0,0,0,0,0,0,0,0,0,0,0,0,0
0,0.131393,9,9,9,0,0,0,0,0,0,0,0,0,0,0,0,0,0,0,0
0,0.223484,9,9,9,0,0,0,0,0,0,0,0,0,0,0,0,0,0,0,0
0,0.33683,9,9,9,0,0,0,0,0,0,0,0,0,0,0,0,0,0,0,0
0,0.1258,9,9,9,0,0,0,0,0,0,0,0,0,0,0,0,0,0,0,0
0,0.294989,9,9,9,0,0,0,0,0,0,0,0,0,0,0,0,0,0,0,0
0,0.250074,9,9,9,0,0,0,0,0,0,0,0,0,0,0,0,0,0,0,0
0,0.253536,9,9,9,0,0,0,0,0,0,0,0,0,0,0,0,0,0,0,0
0,0.251388,9,9,9,0,0,0,0,0,0,0,0,0,0,0,0,0,0,0,0
0,0.246119,9,9,9,0,0,0,0,0,0,0,0,0,0,0,0,0,0,0,0
0,0.2472,9,9,9,0,0,0,0,0,0,0,0,0,0,0,0,0,0,0,0
0,0.19309,9,9,9,0,0,0,0,0,0,0,0,0,0,0,0,0,0,0,0
0,0.247239,9,9,9,0,0,0,0,0,0,0,0,0,0,0,0,0,0,0,0
0,0.497832,9,9,9,0,0,0,0,0,0,0,0,0,0,0,0,0,0,0,0
0,0.204432,9,9,9,0,0,0,0,0,0,0,0,0,0,0,0,0,0,0,0
0,0.236823,9,9,9,0,0,0,0,0,0,0,0,0,0,0,0,0,0,0,0
0,0.499688,9,9,9,0,0,0,0,0,0,0,0,0,0,0,0,0,0,0,0
0,0.278306,9,9,9,0,0,0,0,0,0,0,0,0,0,0,0,0,0,0,0
0,0.22441,9,9,9,0,0,0,0,0,0,0,0,0,0,0,0,0,0,0,0
0,0.439401,9,9,9,0,0,0,0,0,0,0,0,0,0,0,0,0,0,0,0
0,0.495944,9,9,9,0,0,0,0,0,0,0,0,0,0,0,0,0,0,0,0
0,0.485996,9,9,9,0,0,0,0,0,0,0,0,0,0,0,0,0,0,0,0
0,0.430331,9,9,9,0,0,0,0,0,0,0,0,0,0,0,0,0,0,0,0
0,0.246924,9,9,9,0,0,0,0,0,0,0,0,0,0,0,0,0,0,0,0
0,0.366021,9,9,9,0,0,0,0,0,0,0,0,0,0,0,0,0,0,0,0
0,0.256873,9,9,9,0,0,0,0,0,0,0,0,0,0,0,0,0,0,0,0
0,0.35989,9,9,9,0,0,0,0,0,0,0,0,0,0,0,0,0,0,0,0
0,0.238187,9,9,9,0,0,0,0,0,0,0,0,0,0,0,0,0,0,0,0
0,0.251458,9,9,9,0,0,0,0,0,0,0,0,0,0,0,0,0,0,0,0
0,0.251644,9,9,9,0,0,0,0,0,0,0,0,0,0,0,0,0,0,0,0
0,0.245161,9,9,9,0,0,0,0,0,0,0,0,0,0,0,0,0,0,0,0
0,0.512235,9,9,9,0,0,0,0,0,0,0,0,0,0,0,0,0,0,0,0
0,0.445168,9,9,9,0,0,0,0,0,0,0,0,0,0,0,0,0,0,0,0
0,0.623446,9,9,9,0,0,0,0,0,0,0,0,0,0,0,0,0,0,0,0
0,0.51407,9,9,9,0,0,0,0,0,0,0,0,0,0,0,0,0,0,0,0
0,0.502617,9,9,9,0,0,0,0,0,0,0,0,0,0,0,0,0,0,0,0
0,0.499056,9,9,9,0,0,0,0,0,0,0,0,0,0,0,0,0,0,0,0
0,0.244492,9,9,9,0,0,0,0,0,0,0,0,0,0,0,0,0,0,0,0
0,0.252757,9,9,9,0,0,0,0,0,0,0,0,0,0,0,0,0,0,0,0
0,0.269556,9,9,9,0,0,0,0,0,0,0,0,0,0,0,0,0,0,0,0
0,0.21316,9,9,9,0,0,0,0,0,0,0,0,0,0,0,0,0,0,0,0
0,0.229199,9,9,9,0,0,0,0,0,0,0,0,0,0,0,0,0,0,0,0
0,0.254481,9,9,9,0,0,0,0,0,0,0,0,0,0,0,0,0,0,0,0
0,0.281833,9,9,9,0,0,0,0,0,0,0,0,0,0,0,0,0,0,0,0
0,0.495441,9,9,9,0,0,0,0,0,0,0,0,0,0,0,0,0,0,0,0
0,0.395049,9,9,9,0,0,0,0,0,0,0,0,0,0,0,0,0,0,0,0
0,0.189035,9,9,9,0,0,0,0,0,0,0,0,0,0,0,0,0,0,0,0
0,0.227645,9,9,9,0,0,0,0,0,0,0,0,0,0,0,0,0,0,0,0
0,1.679052,9,9,9,0,0,0,0,0,0,0,0,0,0,0,0,0,0,0,0
0,0.52228,9,9,9,0,0,0,0,0,0,0,0,0,0,0,0,0,0,0,0
0,1.029641,9,9,9,0,0,0,0,0,0,0,0,0,0,0,0,0,0,0,0
0,0.792288,9,9,9,0,0,0,0,0,0,0,0,0,0,0,0,0,0,0,0
0,1.931061,9,9,9,0,0,0,0,0,0,0,0,0,0,0,0,0,0,0,0
0,0.943699,9,9,9,0,0,0,0,0,0,0,0,0,0,0,0,0,0,0,0
0,1.002513,9,9,9,0,0,0,0,0,0,0,0,0,0,0,0,0,0,0,0
0,1.685277,9,9,9,0,0,0,0,0,0,0,0,0,0,0,0,0,0,0,0
0,1.426378,9,9,9,0,0,0,0,0,0,0,0,0,0,0,0,0,0,0,0
0,0.726269,9,9,9,0,0,0,0,0,0,0,0,0,0,0,0,0,0,0,0
0,0.735701,9,9,9,0,0,0,0,0,0,0,0,0,0,0,0,0,0,0,0
0,1.904259,9,9,9,0,0,0,0,0,0,0,0,0,0,0,0,0,0,0,0
0,0.633774,9,9,9,0,0,0,0,0,0,0,0,0,0,0,0,0,0,0,0
0,0.525601,9,9,9,0,0,0,0,0,0,0,0,0,0,0,0,0,0,0,0
0,0.957829,9,9,9,0,0,0,0,0,0,0,0,0,0,0,0,0,0,0,0
0,0.435105,9,9,9,0,0,0,0,0,0,0,0,0,0,0,0,0,0,0,0
0,0.2368,9,9,9,0,0,0,0,0,0,0,0,0,0,0,0,0,0,0,0
0,0.732936,9,9,9,0,0,0,0,0,0,0,0,0,0,0,0,0,0,0,0
0,1.350502,9,9,9,0,0,0,0,0,0,0,0,0,0,0,0,0,0,0,0
0,0.997393,9,9,9,0,0,0,0,0,0,0,0,0,0,0,0,0,0,0,0
0,1.401356,9,9,9,0,0,0,0,0,0,0,0,0,0,0,0,0,0,0,0
0,0.174435,9,9,9,0,0,0,0,0,0,0,0,0,0,0,0,0,0,0,0
0,0.227514,9,9,9,0,0,0,0,0,0,0,0,0,0,0,0,0,0,0,0
0,0.882585,9,9,9,0,0,0,0,0,0,0,0,0,0,0,0,0,0,0,0
0,1.09018,9,9,9,0,0,0,0,0,0,0,0,0,0,0,0,0,0,0,0
0,0.412066,9,9,9,0,0,0,0,0,0,0,0,0,0,0,0,0,0,0,0
0,1.132067,9,9,9,0,0,0,0,0,0,0,0,0,0,0,0,0,0,0,0
0,1.997354,9,9,9,0,0,0,0,0,0,0,0,0,0,0,0,0,0,0,0
0,3.457387,9,9,9,0,0,0,0,0,0,0,0,0,0,0,0,0,0,0,0
0,0.887079,9,9,9,0,0,0,0,0,0,0,0,0,0,0,0,0,0,0,0
0,2.316135,9,9,9,0,0,0,0,0,0,0,0,0,0,0,0,0,0,0,0
0,1.217414,9,9,9,0,0,0,0,0,0,0,0,0,0,0,0,0,0,0,0
0,1.186911,9,9,9,0,0,0,0,0,0,0,0,0,0,0,0,0,0,0,0
0,0.649556,9,9,9,0,0,0,0,0,0,0,0,0,0,0,0,0,0,0,0
0,2.290754,9,9,9,0,0,0,0,0,0,0,0,0,0,0,0,0,0,0,0
0,0.753436,9,9,9,0,0,0,0,0,0,0,0,0,0,0,0,0,0,0,0
0,0.893753,9,9,9,0,0,0,0,0,0,0,0,0,0,0,0,0,0,0,0
0,0.479973,9,9,9,0,0,0,0,0,0,0,0,0,0,0,0,0,0,0,0
0,0.74483,9,9,9,0,0,0,0,0,0,0,0,0,0,0,0,0,0,0,0
0,0.368247,9,9,9,0,0,0,0,0,0,0,0,0,0,0,0,0,0,0,0
0,0.172499,9,9,9,0,0,0,0,0,0,0,0,0,0,0,0,0,0,0,0
0,0.659517,9,9,9,0,0,0,0,0,0,0,0,0,0,0,0,0,0,0,0
0,0.72889,9,9,9,0,0,0,0,0,0,0,0,0,0,0,0,0,0,0,0
0,0.40365,9,9,9,0,0,0,0,0,0,0,0,0,0,0,0,0,0,0,0
0,0.614121,9,9,9,0,0,0,0,0,0,0,0,0,0,0,0,0,0,0,0
0,0.978303,9,9,9,0,0,0,0,0,0,0,0,0,0,0,0,0,0,0,0
0,0.749046,9,9,9,0,0,0,0,0,0,0,0,0,0,0,0,0,0,0,0
0,1.132194,9,9,9,0,0,0,0,0,0,0,0,0,0,0,0,0,0,0,0
0,0.490466,9,9,9,0,0,0,0,0,0,0,0,0,0,0,0,0,0,0,0
0,0.732515,9,9,9,0,0,0,0,0,0,0,0,0,0,0,0,0,0,0,0
0,0.695726,9,9,9,0,0,0,0,0,0,0,0,0,0,0,0,0,0,0,0
0,0.573057,9,9,9,0,0,0,0,0,0,0,0,0,0,0,0,0,0,0,0
0,0.271174,9,9,9,0,0,0,0,0,0,0,0,0,0,0,0,0,0,0,0
0,0.54476,9,9,9,0,0,0,0,0,0,0,0,0,0,0,0,0,0,0,0
0,0.307659,9,9,9,0,0,0,0,0,0,0,0,0,0,0,0,0,0,0,0
0,1.358471,9,9,9,0,0,0,0,0,0,0,0,0,0,0,0,0,0,0,0
0,0.28603,9,9,9,0,0,0,0,0,0,0,0,0,0,0,0,0,0,0,0
0,0.551871,9,9,9,0,0,0,0,0,0,0,0,0,0,0,0,0,0,0,0
0,1.505383,9,9,9,0,0,0,0,0,0,0,0,0,0,0,0,0,0,0,0
0,0.390989,9,9,9,0,0,0,0,0,0,0,0,0,0,0,0,0,0,0,0
0,0.508185,9,9,9,0,0,0,0,0,0,0,0,0,0,0,0,0,0,0,0
0,1.330535,9,9,9,0,0,0,0,0,0,0,0,0,0,0,0,0,0,0,0
0,0.498554,9,9,9,0,0,0,0,0,0,0,0,0,0,0,0,0,0,0,0
0,0.438406,9,9,9,0,0,0,0,0,0,0,0,0,0,0,0,0,0,0,0
0,0.769947,9,9,9,0,0,0,0,0,0,0,0,0,0,0,0,0,0,0,0
0,0.812522,9,9,9,0,0,0,0,0,0,0,0,0,0,0,0,0,0,0,0
0,0.254384,9,9,9,0,0,0,0,0,0,0,0,0,0,0,0,0,0,0,0
0,0.42469,9,9,9,0,0,0,0,0,0,0,0,0,0,0,0,0,0,0,0
0,0.222042,9,9,9,0,0,0,0,0,0,0,0,0,0,0,0,0,0,0,0
0,0.164303,9,9,9,0,0,0,0,0,0,0,0,0,0,0,0,0,0,0,0
0,0.64005,9,9,9,0,0,0,0,0,0,0,0,0,0,0,0,0,0,0,0
0,0.856593,9,9,9,0,0,0,0,0,0,0,0,0,0,0,0,0,0,0,0
0,1.045586,9,9,9,0,0,0,0,0,0,0,0,0,0,0,0,0,0,0,0
0,0.758734,9,9,9,0,0,0,0,0,0,0,0,0,0,0,0,0,0,0,0
0,0.368853,9,9,9,0,0,0,0,0,0,0,0,0,0,0,0,0,0,0,0
0,0.470664,9,9,9,0,0,0,0,0,0,0,0,0,0,0,0,0,0,0,0
0,0.166964,9,9,9,0,0,0,0,0,0,0,0,0,0,0,0,0,0,0,0
0,0.25251,9,9,9,0,0,0,0,0,0,0,0,0,0,0,0,0,0,0,0
0,0.262001,9,9,9,0,0,0,0,0,0,0,0,0,0,0,0,0,0,0,0
0,0.12476,9,9,9,0,0,0,0,0,0,0,0,0,0,0,0,0,0,0,0
0,0.249436,9,9,9,0,0,0,0,0,0,0,0,0,0,0,0,0,0,0,0
0,0.337508,9,9,9,0,0,0,0,0,0,0,0,0,0,0,0,0,0,0,0
0,0.084176,9,9,9,0,0,0,0,0,0,0,0,0,0,0,0,0,0,0,0
0,0.247711,9,9,9,0,0,0,0,0,0,0,0,0,0,0,0,0,0,0,0
0,0.257195,9,9,9,0,0,0,0,0,0,0,0,0,0,0,0,0,0,0,0
0,0.248162,9,9,9,0,0,0,0,0,0,0,0,0,0,0,0,0,0,0,0
0,0.129723,9,9,9,0,0,0,0,0,0,0,0,0,0,0,0,0,0,0,0
0,0.272765,9,9,9,0,0,0,0,0,0,0,0,0,0,0,0,0,0,0,0
0,0.244813,9,9,9,0,0,0,0,0,0,0,0,0,0,0,0,0,0,0,0
0,0.543739,9,9,9,0,0,0,0,0,0,0,0,0,0,0,0,0,0,0,0
0,0.151932,9,9,9,0,0,0,0,0,0,0,0,0,0,0,0,0,0,0,0
0,0.201939,9,9,9,0,0,0,0,0,0,0,0,0,0,0,0,0,0,0,0
0,0.145321,9,9,9,0,0,0,0,0,0,0,0,0,0,0,0,0,0,0,0
0,0.250124,9,9,9,0,0,0,0,0,0,0,0,0,0,0,0,0,0,0,0
0,0.255924,9,9,9,0,0,0,0,0,0,0,0,0,0,0,0,0,0,0,0
0,0.158514,9,9,9,0,0,0,0,0,0,0,0,0,0,0,0,0,0,0,0
0,0.072562,9,9,9,0,0,0,0,0,0,0,0,0,0,0,0,0,0,0,0
0,0.039748,9,9,9,0,0,0,0,0,0,0,0,0,0,0,0,0,0,0,0
0,0.463864,9,9,9,0,0,0,0,0,0,0,0,0,0,0,0,0,0,0,0
0,1.071793,9,9,9,0,0,0,0,0,0,0,0,0,0,0,0,0,0,0,0
0,0.424066,9,9,9,0,0,0,0,0,0,0,0,0,0,0,0,0,0,0,0
0,0.503137,9,9,9,0,0,0,0,0,0,0,0,0,0,0,0,0,0,0,0
0,0.524145,9,9,9,0,0,0,0,0,0,0,0,0,0,0,0,0,0,0,0
0,0.468267,9,9,9,0,0,0,0,0,0,0,0,0,0,0,0,0,0,0,0
0,0.542565,9,9,9,0,0,0,0,0,0,0,0,0,0,0,0,0,0,0,0
0,0.368263,9,9,9,0,0,0,0,0,0,0,0,0,0,0,0,0,0,0,0
0,0.308426,9,9,9,0,0,0,0,0,0,0,0,0,0,0,0,0,0,0,0
0,0.328903,9,9,9,0,0,0,0,0,0,0,0,0,0,0,0,0,0,0,0
0,0.941976,9,9,9,0,0,0,0,0,0,0,0,0,0,0,0,0,0,0,0
0,0.670541,9,9,9,0,0,0,0,0,0,0,0,0,0,0,0,0,0,0,0
0,0.728278,9,9,9,0,0,0,0,0,0,0,0,0,0,0,0,0,0,0,0
0,0.239543,9,9,9,0,0,0,0,0,0,0,0,0,0,0,0,0,0,0,0
0,0.179297,9,9,9,0,0,0,0,0,0,0,0,0,0,0,0,0,0,0,0
0,0.17611,9,9,9,0,0,0,0,0,0,0,0,0,0,0,0,0,0,0,0
0,0.445287,9,9,9,0,0,0,0,0,0,0,0,0,0,0,0,0,0,0,0
0,0.566192,9,9,9,0,0,0,0,0,0,0,0,0,0,0,0,0,0,0,0
0,0.377814,9,9,9,0,0,0,0,0,0,0,0,0,0,0,0,0,0,0,0
0,0.398181,9,9,9,0,0,0,0,0,0,0,0,0,0,0,0,0,0,0,0
0,0.399628,9,9,9,0,0,0,0,0,0,0,0,0,0,0,0,0,0,0,0
0,0.161225,9,9,9,0,0,0,0,0,0,0,0,0,0,0,0,0,0,0,0
0,0.20948,9,9,9,0,0,0,0,0,0,0,0,0,0,0,0,0,0,0,0
0,0.253203,9,9,9,0,0,0,0,0,0,0,0,0,0,0,0,0,0,0,0
0,0.077606,9,9,9,0,0,0,0,0,0,0,0,0,0,0,0,0,0,0,0
0,0.34129,9,9,9,0,0,0,0,0,0,0,0,0,0,0,0,0,0,0,0
0,1.19489,9,9,9,0,0,0,0,0,0,0,0,0,0,0,0,0,0,0,0
0,0.254271,9,9,9,0,0,0,0,0,0,0,0,0,0,0,0,0,0,0,0
0,0.314774,9,9,9,0,0,0,0,0,0,0,0,0,0,0,0,0,0,0,0
0,0.38233,9,9,9,0,0,0,0,0,0,0,0,0,0,0,0,0,0,0,0
0,0.792509,9,9,9,0,0,0,0,0,0,0,0,0,0,0,0,0,0,0,0
0,0.624211,9,9,9,0,0,0,0,0,0,0,0,0,0,0,0,0,0,0,0
0,0.376773,9,9,9,0,0,0,0,0,0,0,0,0,0,0,0,0,0,0,0
0,0.327662,9,9,9,0,0,0,0,0,0,0,0,0,0,0,0,0,0,0,0
0,0.259724,9,9,9,0,0,0,0,0,0,0,0,0,0,0,0,0,0,0,0
0,0.589546,9,9,9,0,0,0,0,0,0,0,0,0,0,0,0,0,0,0,0
0,0.993315,9,9,9,0,0,0,0,0,0,0,0,0,0,0,0,0,0,0,0
0,0.547029,9,9,9,0,0,0,0,0,0,0,0,0,0,0,0,0,0,0,0
0,0.725841,9,9,9,0,0,0,0,0,0,0,0,0,0,0,0,0,0,0,0
0,0.530788,9,9,9,0,0,0,0,0,0,0,0,0,0,0,0,0,0,0,0
0,0.267671,9,9,9,0,0,0,0,0,0,0,0,0,0,0,0,0,0,0,0
0,0.597158,9,9,9,0,0,0,0,0,0,0,0,0,0,0,0,0,0,0,0
0,0.671918,9,9,9,0,0,0,0,0,0,0,0,0,0,0,0,0,0,0,0
0,0.488892,9,9,9,0,0,0,0,0,0,0,0,0,0,0,0,0,0,0,0
0,0.90044,9,9,9,0,0,0,0,0,0,0,0,0,0,0,0,0,0,0,0
0,0.352622,9,9,9,0,0,0,0,0,0,0,0,0,0,0,0,0,0,0,0
0,0.396713,9,9,9,0,0,0,0,0,0,0,0,0,0,0,0,0,0,0,0
0,0.346786,9,9,9,0,0,0,0,0,0,0,0,0,0,0,0,0,0,0,0
0,0.329279,9,9,9,0,0,0,0,0,0,0,0,0,0,0,0,0,0,0,0
0,0.854883,9,9,9,0,0,0,0,0,0,0,0,0,0,0,0,0,0,0,0
0,0.421943,9,9,9,0,0,0,0,0,0,0,0,0,0,0,0,0,0,0,0
0,0.488767,9,9,9,0,0,0,0,0,0,0,0,0,0,0,0,0,0,0,0
0,0.410137,9,9,9,0,0,0,0,0,0,0,0,0,0,0,0,0,0,0,0
0,0.957172,9,9,9,0,0,0,0,0,0,0,0,0,0,0,0,0,0,0,0
0,0.484203,9,9,9,0,0,0,0,0,0,0,0,0,0,0,0,0,0,0,0
0,0.174528,9,9,9,0,0,0,0,0,0,0,0,0,0,0,0,0,0,0,0
0,0.565466,9,9,9,0,0,0,0,0,0,0,0,0,0,0,0,0,0,0,0
0,0.510242,9,9,9,0,0,0,0,0,0,0,0,0,0,0,0,0,0,0,0
0,0.661412,9,9,9,0,0,0,0,0,0,0,0,0,0,0,0,0,0,0,0
0,0.497044,9,9,9,0,0,0,0,0,0,0,0,0,0,0,0,0,0,0,0
0,0.315871,9,9,9,0,0,0,0,0,0,0,0,0,0,0,0,0,0,0,0
0,0.783449,9,9,9,0,0,0,0,0,0,0,0,0,0,0,0,0,0,0,0
0,0.386855,9,9,9,0,0,0,0,0,0,0,0,0,0,0,0,0,0,0,0
0,0.360377,9,9,9,0,0,0,0,0,0,0,0,0,0,0,0,0,0,0,0
0,0.490052,9,9,9,0,0,0,0,0,0,0,0,0,0,0,0,0,0,0,0
0,0.654422,9,9,9,0,0,0,0,0,0,0,0,0,0,0,0,0,0,0,0
0,0.283571,9,9,9,0,0,0,0,0,0,0,0,0,0,0,0,0,0,0,0
0,0.423435,9,9,9,0,0,0,0,0,0,0,0,0,0,0,0,0,0,0,0
0,0.41043,9,9,9,0,0,0,0,0,0,0,0,0,0,0,0,0,0,0,0
0,0.824903,9,9,9,0,0,0,0,0,0,0,0,0,0,0,0,0,0,0,0
0,0.502254,9,9,9,0,0,0,0,0,0,0,0,0,0,0,0,0,0,0,0
0,0.729322,9,9,9,0,0,0,0,0,0,0,0,0,0,0,0,0,0,0,0
0,0.506804,9,9,9,0,0,0,0,0,0,0,0,0,0,0,0,0,0,0,0
0,0.278942,9,9,9,0,0,0,0,0,0,0,0,0,0,0,0,0,0,0,0
0,0.433755,9,9,9,0,0,0,0,0,0,0,0,0,0,0,0,0,0,0,0
0,0.404213,9,9,9,0,0,0,0,0,0,0,0,0,0,0,0,0,0,0,0
0,0.58256,9,9,9,0,0,0,0,0,0,0,0,0,0,0,0,0,0,0,0
0,1.042612,9,9,9,0,0,0,0,0,0,0,0,0,0,0,0,0,0,0,0
0,0.833799,9,9,9,0,0,0,0,0,0,0,0,0,0,0,0,0,0,0,0
0,0.745451,9,9,9,0,0,0,0,0,0,0,0,0,0,0,0,0,0,0,0
0,0.580894,9,9,9,0,0,0,0,0,0,0,0,0,0,0,0,0,0,0,0
0,0.31948,9,9,9,0,0,0,0,0,0,0,0,0,0,0,0,0,0,0,0
0,1.696636,9,9,9,0,0,0,0,0,0,0,0,0,0,0,0,0,0,0,0
0,3.757813,9,9,0,0,0,0,0,0,0,0,0,0,0,0,0,0,0,0,0
0,3.756561,9,9,0,0,0,0,0,0,0,0,0,0,0,0,0,0,0,0,0
0,5.901006,9,9,9,0,0,0,0,0,0,0,0,0,0,0,0,0,0,0,0
0,9.656751,9,9,9,0,0,0,0,0,0,0,0,0,0,0,0,0,0,0,0
0,2.973882,9,9,9,0,0,0,0,0,0,0,0,0,0,0,0,0,0,0,0
0,4.770053,9,9,9,0,0,0,0,0,0,0,0,0,0,0,0,0,0,0,0
0,1.031629,9,9,9,0,0,0,0,0,0,0,0,0,0,0,0,0,0,0,0
0,0.74061,9,9,9,0,0,0,0,0,0,0,0,0,0,0,0,0,0,0,0
0,2.841462,9,9,9,0,0,0,0,0,0,0,0,0,0,0,0,0,0,0,0
0,0.631088,9,9,9,0,0,0,0,0,0,0,0,0,0,0,0,0,0,0,0
0,0.759317,9,9,9,0,0,0,0,0,0,0,0,0,0,0,0,0,0,0,0
0,0.504218,9,9,9,0,0,0,0,0,0,0,0,0,0,0,0,0,0,0,0
0,4.500393,9,9,9,0,0,0,0,0,0,0,0,0,0,0,0,0,0,0,0
0,0.306394,9,9,9,0,0,0,0,0,0,0,0,0,0,0,0,0,0,0,0
0,0.125319,9,9,9,0,0,0,0,0,0,0,0,0,0,0,0,0,0,0,0
2069,1.496329,5,3,3,707.243626,700.361925,58.709049,58.747953,2133.798533,1937.973861,59.666788,59.869426,783.860573,786.668797,58.518092,58.502491,1110.031686,1149.221294,60.746323,60.735879
2071,1.630889,5,3,3,804.080941,806.890465,44.000815,43.989445,2276.173417,2461.065286,44.889382,44.750121,907.829759,898.731256,43.780087,43.81637,1316.564708,1311.886323,45.644408,45.645322
2072,0.169602,4,7,0,61.233756,0,57.748791,0,235.575962,0,57.916112,0,109.987841,0,55.460526,0,155.557997,0,58.916328,0
2073,0.062168,5,3,3,57.839522,29.97894,40.17779,24.495273,150.666576,90.107277,41.010404,24.595605,83.647127,33.786221,39.07423,24.466547,122.240056,48.80384,41.453424,24.694844
2074,0.052177,5,3,3,25.814705,25.72482,45.286093,23.916571,78.73643,72.821217,45.499433,24.029654,28.752951,29.044038,45.236802,23.8868,41.970949,42.120624,45.743837,24.114414
2076,0.093468,2,4,4,43.291166,21.282788,39.117993,13.580024,148.002085,107.132839,39.723785,13.237055,59.405514,36.45789,37.882611,12.455891,75.03342,41.879658,41.048595,14.150138
2078,0.323492,2,1,0,3229.102811,0,38.87764,0,8337.90861,0,61.134978,0,2121.381364,0,61.449311,0,4369.123949,0,70.941544,0
2079,0.164102,2,7,0,187.139689,0,40.731588,0,515.425136,0,42.21533,0,153.016418,0,41.798665,0,325.907234,0,43.347858,0
2080,0.037087,2,7,0,56.921148,0,3.938338,0,178.997114,0,5.010383,0,63.840827,0,3.69296,0,107.788903,0,6.870784,0
2081,0.598754,2,6,0,496.500541,0,33.529309,0,1470.654881,0,35.81483,0,404.220887,0,35.440072,0,928.761767,0,38.284088,0
2083,0.347165,2,6,0,44.52031,0,38.682727,0,137.110245,0,38.757714,0,398.134031,0,30.741443,0,107.310008,0,38.832746,0
2084,0.923362,2,1,0,4342.107069,0,67.105016,0,20526.110217,0,64.814162,0,8905.640739,0,44.356696,0,15437.166259,0,70.660231,0
2085,0.183173,2,7,0,26.618862,0,43.538823,0,101.883965,0,43.546741,0,287.051592,0,39.083276,0,70.358338,0,43.588824,0
2090,0.432675,5,4,4,398.345142,571.523958,43.087155,37.961563,1022.693916,1263.293619,46.893384,45.52673,468.370569,314.980456,41.824853,45.756292,905.620078,617.432727,48.864254,49.408266
2091,0.483662,5,4,4,698.820342,565.368896,13.60486,36.627306,1524.606663,1208.254959,24.5437,42.710181,399.795852,536.921951,24.272754,38.04771,711.238492,1054.990407,31.820246,44.727394
2093,0.608111,5,4,4,535.806704,740.963569,43.56498,39.300932,1333.495282,1643.83897,47.274982,46.079924,597.59024,412.63784,42.996291,46.239383,1167.120245,796.5208,49.022807,49.485589
2097,0.669351,5,4,4,598.502548,841.561129,43.408242,38.794075,1503.720876,1860.399149,47.157162,45.888083,687.180505,466.332337,42.485188,46.064509,1325.109872,902.695347,48.968967,49.460631
2099,1.639309,5,4,4,466.300993,613.445887,53.789094,59.201004,1154.02651,1164.347759,54.422611,60.501362,674.975218,460.113406,52.948551,60.005546,663.013936,523.349265,54.741343,60.862816
2100,1.372167,5,4,4,513.490381,391.695614,52.033448,59.872687,975.477835,965.920959,53.370335,60.508043,385.293046,564.835419,52.873398,59.077042,438.242488,554.994579,53.712006,60.841731
2102,0.294881,5,4,4,71.860479,37.98426,30.742601,45.607455,235.152356,165.65636,30.930048,45.587637,59.650103,76.286155,30.938568,45.202885,69.971972,95.087383,31.223407,45.75151
2103,0.211548,5,4,4,27.249882,51.552659,45.607456,45.205701,118.84176,168.698141,45.587636,45.407203,54.727636,42.792944,45.202885,45.41665,68.215624,50.197845,45.75151,45.764085
2105,0.540344,5,4,4,49.141869,67.847938,60.781313,45.336041,219.61194,232.675657,60.761385,45.390762,68.925961,60.004408,60.697784,45.390046,129.517742,107.443756,60.878424,45.501398
2106,0.500894,4,4,4,141.107149,110.780326,58.114335,43.095986,382.213599,417.35453,58.683539,43.19423,83.54717,115.377554,58.809314,43.115606,221.576203,286.137418,59.087864,43.593265
2110,0.376857,4,4,4,51.789872,78.022355,48.278889,48.019735,189.535211,267.162325,48.323303,48.160996,78.880964,65.813416,48.059823,48.187446,88.379679,75.674111,48.483275,48.487798
2111,0.377666,5,4,4,78.189811,51.901027,35.357531,49.714806,267.735727,189.942004,35.482065,49.757347,65.95467,79.050264,35.504798,49.504891,75.836528,88.569365,35.741163,49.910531
2112,0.168425,2,3,3,179.492055,331.990454,44.777415,30.425196,804.749299,873.812187,44.323748,33.977275,377.292843,261.050983,38.725972,33.05274,489.397304,357.686455,46.986778,36.678816
2113,0.112358,2,4,4,76.601165,66.083377,14.814446,10.898293,264.32664,269.384952,15.804911,10.969016,69.151847,83.882044,15.720066,9.502732,134.665879,121.63894,18.050807,14.749272
2114,0.163413,2,3,3,310.717833,178.054704,40.092,34.436212,922.375275,848.010845,43.231251,33.743498,276.430734,367.789772,41.94474,29.351232,351.268793,498.006383,47.230687,36.208343
2115,0.045104,1,3,3,136.379461,135.111258,18.064106,18.123806,378.126622,368.90819,20.046927,20.137336,134.709924,145.13353,18.492234,18.03153,203.464435,185.669308,21.914252,21.963267
2116,0.169325,1,3,0,507.224681,0,18.123807,0,1384.927809,0,20.137337,0,544.84955,0,18.031531,0,697.025966,0,21.963269,0
2117,0.762271,4,7,7,131.735667,205.341847,47.673494,47.219054,353.934682,310.714329,47.854155,47.884666,170.841372,70.016893,47.515018,47.908413,153.23982,125.972269,47.976805,47.980096
2119,0.226709,4,4,4,50.651068,33.554402,32.014187,22.534967,82.334796,95.410536,32.320973,22.607226,15.848429,46.258549,32.348037,22.43617,30.038121,36.124671,32.380999,22.666422
2133,0.159863,2,4,4,43.934061,75.830994,17.1853,33.790971,195.263344,241.226269,17.007169,34.506088,88.905647,76.506051,14.444228,33.950146,121.561638,102.059619,18.023314,35.598196
2135,0.716797,2,6,0,874.644178,0,29.191378,0,1343.214815,0,36.979657,0,370.800374,0,36.723157,0,348.841398,0,38.795491,0
2137,0.09149,2,4,4,23.202451,57.894389,12.04917,28.924544,119.357801,96.27887,11.639094,31.205597,69.373656,40.620551,7.827816,30.391627,27.98505,19.496186,12.689899,31.738712
2138,0.088973,2,4,4,56.445612,24.221961,12.731474,31.137487,93.05046,116.968382,14.948749,30.926503,39.732025,66.06956,14.188208,28.379621,18.866517,25.633378,15.32951,31.72999
2142,0.123694,5,4,4,29.752376,105.984727,49.316328,43.85382,115.914192,162.620352,49.376655,48.889735,112.498738,24.29848,43.828547,49.552545,108.591122,74.435147,49.719902,49.825988
2143,0.237514,5,4,4,203.509726,57.129911,43.853817,49.316325,312.260307,222.576085,48.889732,49.376655,46.657449,216.017798,49.552539,43.828547,142.928862,208.514474,49.825984,49.719897
2145,0.35898,2,6,0,402.894723,0,30.298732,0,1269.465647,0,33.215374,0,487.532175,0,28.486416,0,1057.556974,0,36.978176,0
2146,0.161588,2,6,0,131.412539,0,33.696957,0,398.487731,0,35.793359,0,142.570662,0,33.486391,0,169.354696,0,38.584424,0
2151,0.565031,2,6,0,222.859426,0,37.410567,0,952.385997,0,37.308802,0,445.775331,0,34.397051,0,520.046861,0,38.644366,0
2153,0.740216,5,1,0,2120.68739,0,79.477561,0,9595.524237,0,79.277214,0,2699.072995,0,79.016423,0,5291.474562,0,79.980737,0
2164,0.153934,2,4,4,23.636187,29.674705,16.546734,31.429113,75.301997,85.321063,16.653326,31.587005,46.917201,28.888486,15.807932,31.476046,67.626155,53.645721,16.750921,31.72128
2165,0.138919,1,4,4,26.513176,19.777864,14.817878,22.08738,70.270332,57.804981,14.938103,22.153033,22.791102,40.828979,14.88853,21.743275,36.12647,51.51875,15.009454,22.200446
2166,0.374407,2,1,0,1818.575525,0,66.649318,0,5174.45192,0,69.876809,0,1843.06377,0,67.255192,0,2903.803239,0,71.16218,0
2175,0.203758,2,4,4,38.739825,54.579856,25.337793,40.458251,194.89044,200.80059,25.16895,40.604678,71.415386,51.992241,24.625903,40.596549,95.309909,91.274331,25.614557,41.169942
2177,0.198066,2,4,4,45.366535,21.82109,40.654047,41.085111,143.377107,128.699053,40.879675,40.944215,31.225469,56.256967,40.973909,40.45618,56.956235,71.62091,41.204108,41.189999
2180,0.38745,2,4,4,64.846352,62.65472,40.910675,40.930721,272.654874,269.72579,40.89784,40.904536,88.867547,86.344819,40.711229,40.738525,103.818008,114.337319,41.207356,41.202802
2183,0.065969,2,4,4,15.143692,19.525751,40.651637,40.300714,64.059158,64.975196,40.621709,40.605328,24.752437,17.604942,39.933627,40.541157,28.156669,30.43222,41.175204,41.1665
2185,0.640467,2,1,0,3815.814359,0,67.73763,0,16435.767377,0,67.18516,0,7899.744832,0,46.730817,0,11771.459378,0,70.922657,0
2195,0.02804,5,7,0,14.484172,0,60.187536,0,50.324462,0,60.382375,0,27.94585,0,58.726165,0,40.793981,0,60.751931,0
2196,0.293245,5,6,0,105.341302,0,37.638987,0,390.568161,0,37.853889,0,245.651935,0,33.926774,0,346.235109,0,38.515026,0
2197,0.719649,5,1,0,2415.359596,0,79.099478,0,10671.906871,0,78.853525,0,3764.743838,0,76.661015,0,6645.472348,0,79.953191,0
2198,0.240832,3,6,0,170.130275,0,34.781845,0,628.077384,0,35.4794,0,166.814416,0,35.284857,0,276.600015,0,38.532522,0
2199,0.754209,3,1,0,4784.785355,0,69.908116,0,13758.827653,0,76.810039,0,3386.934684,0,77.242779,0,7194.489035,0,79.927083,0
2203,1.231625,3,7,0,443.114005,0,47.213084,0,0,0,47.55,0,0,0,47.55,0,0,0,47.55,0
2207,1.271554,5,7,7,132.816061,72.972951,60.771193,53.213643,367.279803,347.366007,60.839478,53.202049,75.837231,152.429843,60.860098,53.114977,159.967237,149.302822,60.894709,53.245258
2208,0.029905,5,4,4,25.121763,14.583753,44.783438,7.511984,53.021326,50.716971,48.923989,7.763468,10.831305,28.925689,49.557883,5.618623,24.319882,41.39009,50.574406,8.203647
2209,1.44398,5,7,0,203.114065,0,60.839178,0,647.756823,0,60.862558,0,205.446713,0,60.844236,0,263.067861,0,60.897139,0
2210,2.095318,5,4,4,879.327792,2011.018015,57.603721,49.508723,3076.685262,4210.895853,58.221123,56.838082,1955.951386,860.074262,50.903252,57.927925,2705.271545,1908.551191,59.35693,59.625202
2211,0.141607,1,4,4,52.046687,54.456037,21.416137,14.24949,160.423581,141.382274,21.751145,14.779717,87.476006,81.719277,20.373683,13.38175,78.753216,57.52833,22.172045,15.090544
2213,0.089029,1,4,4,31.779157,37.179416,9.541824,21.204214,107.203078,100.077788,9.938855,21.757949,58.504792,51.721498,7.428723,20.562279,57.905203,39.004423,10.624192,22.191315
2216,0.521303,5,1,0,1066.412299,0,79.338238,0,5214.299123,0,78.806781,0,1996.844136,0,75.449763,0,3483.90718,0,79.937757,0
2232,0.079936,5,4,4,0.810027,16.199082,50.755466,50.306818,3.994288,61.885833,50.754842,50.366107,1.201079,41.286465,50.754093,48.455848,2.017327,62.806324,50.75675,50.585928
2233,0.059267,5,4,4,12.671969,31.573617,50.259005,48.058676,49.214557,61.476143,50.310919,50.079398,31.630029,15.424833,48.315179,50.109884,48.274894,34.340023,50.573849,50.660948
2237,0.496781,5,4,4,40.258431,193.079063,44.454594,59.077981,213.056378,262.605892,44.40744,60.671933,204.11349,54.027876,42.758064,60.750518,186.493614,111.402221,44.489299,60.880991
2238,2.580647,5,4,4,1003.220897,197.228888,59.077225,60.81467,1380.311087,1114.391727,60.666796,60.744512,284.022948,1060.558509,60.747109,59.082519,571.130932,984.427892,60.881458,60.847861
2241,2.738559,5,4,4,1033.294206,284.784829,38.629155,41.527889,1544.743663,1289.019542,39.645387,41.507347,362.651452,1103.937609,39.672856,40.433489,647.647084,1036.050987,39.803014,41.597412
2244,0.17646,5,4,4,23.676793,56.557437,41.462996,23.647707,64.801723,69.111715,41.554319,24.323434,39.477088,29.880394,41.233061,24.213196,32.021903,44.057445,41.62381,24.369664
2245,3.103222,5,4,4,1667.39498,240.975929,39.384983,39.963876,1353.756303,988.184791,41.524134,39.96433,324.559372,1333.321617,41.537606,38.660932,459.7052,688.171224,41.626589,40.00964
2247,0.495584,5,4,4,99.819592,93.559775,37.95409,38.001936,267.728588,241.272665,38.179,38.209667,101.118415,90.931019,37.98745,38.056196,120.156318,131.269583,38.326921,38.32443
2249,0.213473,5,4,4,46.839407,57.233573,49.413218,28.741424,131.759884,149.118217,49.676829,29.115951,53.307027,49.744149,49.33851,28.948135,84.967417,68.868382,49.881163,29.323788
2251,0.507359,5,5,5,6.054279,8.935624,33.335908,27.845441,22.714004,28.084663,33.336167,27.846486,6.968115,10.090286,33.335636,27.845098,14.98016,17.103083,33.337244,27.847758
2252,0.184375,5,4,4,29.814977,31.95957,49.638199,27.323664,87.475734,86.16375,49.77514,27.457828,32.924966,30.294966,49.614281,27.371306,42.320199,44.14024,49.911212,27.539572
2253,0.498605,5,4,4,25.269066,10.339843,33.316081,27.764708,87.854258,59.507075,33.321967,27.761931,28.851316,22.64583,33.312784,27.755244,27.91342,32.086202,33.336754,27.766993
2255,0.679945,4,4,4,59.596147,35.077564,40.363987,34.295159,185.196271,166.20492,40.396677,34.287545,39.063553,64.389096,40.411193,34.248236,95.57317,131.603713,40.437407,34.310873
2258,0.241635,5,4,4,37.966051,90.528407,30.623806,48.531602,148.196095,176.409646,30.645046,49.583287,78.829364,42.905805,29.992197,49.617626,105.27997,81.951945,30.788615,49.893307
2260,0.761239,5,4,4,285.197172,119.606769,40.32265,49.653507,555.754087,466.871213,41.405831,49.679829,135.168779,248.340962,41.438826,48.956342,258.178219,331.669923,41.691028,49.872487
2262,0.502549,5,4,4,0,0,16.7475,15.225342,0.000422,0,16.7475,15.225342,0,0,16.7475,15.225342,0,0,16.7475,15.225342
2263,0.31662,5,4,4,55.499063,50.796133,49.59063,33.671348,148.009655,146.865725,49.779356,33.787227,50.960649,52.532625,49.670108,33.68202,71.211772,75.509291,49.911829,33.882811
2265,0.055472,5,4,4,8.598063,11.992606,14.317502,14.198679,42.116139,43.631225,14.266718,14.253666,13.707474,13.678688,14.156111,14.157381,23.864678,26.928682,14.406118,14.401405
2266,0.42558,5,4,4,134.287232,52.060109,43.612413,44.652824,254.650125,208.881694,44.580967,44.661557,65.819262,118.784164,44.578392,43.990568,119.746158,143.207314,44.799581,44.790841
2286,1.014378,5,4,4,161.603075,387.86864,54.552607,52.976146,681.867588,861.392679,54.536005,54.328158,396.987015,173.302032,53.100282,54.544046,527.342001,404.299975,54.799703,54.834457
2287,2.322942,5,4,4,767.941666,391.938922,59.549567,56.092052,1826.167569,1478.497622,60.417248,56.149479,356.830757,867.867377,60.612563,54.928965,894.742399,1304.817893,60.846893,56.358141
2289,1.438012,5,4,4,289.553895,307.602069,57.097368,64.876628,1462.652129,1464.050852,56.827409,64.675387,384.528114,381.352357,56.791122,64.654732,835.335152,784.332904,57.530237,65.40944
2290,1.138497,4,4,4,467.116098,284.385961,52.204577,62.749557,1383.699558,1280.320154,53.303924,62.586291,304.852392,483.906619,53.6216,61.479957,712.436118,842.972367,54.375142,63.441894
2293,0.96686,4,4,4,229.17653,456.977558,43.903007,36.964498,1154.334985,1326.390688,43.642534,38.007384,488.214068,272.872335,42.397895,38.387886,831.200773,679.630831,44.280945,38.961604
2295,2.068951,5,4,4,1471.075679,677.150653,59.717365,58.412424,2736.021179,2118.882102,64.143227,59.000405,552.179614,1315.00759,64.644336,55.318357,1258.082322,1895.993823,65.384121,59.556733
2296,1.435449,4,4,4,507.499629,827.937363,54.451358,51.759557,2081.873527,2379.703953,54.463947,53.955148,838.976255,535.479113,52.109866,54.463073,1486.248151,1208.245833,55.812842,55.934274
2302,1.645745,5,4,4,343.393898,204.68496,54.267037,60.685214,849.803659,696.387218,54.612661,60.750381,187.658301,303.966703,54.664697,60.492842,384.378472,522.791076,54.796889,60.863167
2303,1.327193,5,4,4,129.108689,170.375261,60.765157,60.671951,324.775224,400.224591,60.847065,60.821303,136.200281,94.560384,60.766097,60.832984,205.448051,158.606933,60.890599,60.894251
2309,0.483234,5,4,4,339.203219,274.258606,38.475841,57.273386,826.556948,738.157636,42.166344,59.228057,272.266826,296.18842,40.854954,57.143158,395.790997,471.921761,44.017571,60.590251
2310,1.027185,5,4,4,556.957905,635.515927,48.189934,56.67214,1464.491857,1596.589009,50.242979,59.173482,565.843634,564.976853,48.458829,57.806292,880.794286,782.617927,51.487841,60.706362
2313,0.505393,4,4,4,391.739973,293.866764,52.675291,39.606876,1038.63237,932.985501,56.164341,41.288981,314.945772,365.760616,55.137311,38.091951,495.343354,591.473784,58.83435,43.396475
2319,0.477859,4,4,4,448.653367,295.64031,33.116139,54.766794,1210.065455,1071.151076,38.493805,55.658699,327.548535,423.409473,38.013475,51.785956,571.370078,711.908895,42.736676,58.443261
2322,1.045878,5,4,4,137.286012,180.045383,60.662132,60.502872,446.32068,454.173661,60.747958,60.742847,137.585768,106.42111,60.685643,60.768238,277.03866,237.412505,60.873914,60.880546
2323,2.507267,5,4,4,464.865505,327.106839,56.321431,60.664864,1076.292912,1032.329671,56.618658,60.757932,245.337737,351.421115,56.648821,60.658309,550.529996,673.644517,56.747079,60.8732
2326,0.945646,5,4,4,415.089357,257.885797,48.709637,59.95679,1039.120297,911.555247,50.172525,60.191486,228.554466,353.296951,50.405134,59.376049,495.763454,666.713013,50.958743,60.732826
2329,1.982056,5,4,4,227.480339,193.719838,60.715534,60.763951,527.564652,434.758835,60.837901,60.856992,137.282722,174.667566,60.836483,60.799688,205.245195,252.969593,60.895622,60.893485
2335,3.446586,5,4,4,385.117319,1174.391688,40.060001,40.655996,1220.204398,1372.169396,40.10601,41.541377,829.947205,510.386822,39.722489,41.449158,698.536108,850.894538,40.166356,41.616899
2336,0.621759,4,4,4,183.281566,106.700945,58.022061,41.412593,599.495997,557.432425,58.420182,41.064931,133.891018,256.951634,58.59232,38.924981,324.595204,430.239097,59.061221,41.742128
2338,0.432244,5,4,4,214.123783,505.621286,58.060742,18.580625,1035.263291,1253.995586,57.110861,28.66736,587.353194,273.333586,46.903792,31.054977,872.672764,663.304722,59.687265,36.875074
2342,0.420975,4,4,4,763.25388,371.660225,36.548271,51.103858,1731.658654,1481.927212,49.326255,51.519755,382.604959,749.604343,51.468689,38.507973,899.709298,1241.194898,57.754021,56.619803
2344,0.988343,4,4,4,409.536263,766.147595,57.024143,52.674384,1551.618149,1735.334417,57.326947,56.909209,758.825038,453.416924,53.371428,56.842534,1159.355265,1002.4382,58.702873,58.812586
2345,0.607136,4,4,4,470.642378,251.577009,52.674385,57.024141,1066.0112,953.154797,56.909209,57.326944,278.53278,466.144151,56.842538,53.371431,615.795053,712.188778,58.812588,58.702873
2347,0.519616,5,4,4,150.511867,81.121148,44.083714,60.569811,252.970227,220.282892,44.903473,60.749851,84.301854,133.372508,44.795344,60.14352,105.397549,114.178562,45.04696,60.88171
2348,0.463933,5,4,4,69.514388,129.288613,43.448431,59.9178,179.164244,206.816593,43.599943,60.734842,115.094241,70.721207,43.074766,60.616696,91.237759,87.571504,43.68374,60.886295
2350,2.052922,5,4,4,222.934469,222.577119,59.62883,59.629346,642.946882,580.83235,59.711759,59.726629,212.669346,218.78463,59.65932,59.651633,342.569139,414.03078,59.784589,59.780064
2353,1.004305,5,4,4,130.163358,75.672817,30.199376,33.29203,562.115481,510.267545,30.187799,33.221675,107.738419,167.656984,30.244701,33.153353,259.123702,296.505931,30.306238,33.319955
2355,0.123334,5,4,4,31.521214,97.506365,60.064685,54.43024,102.81726,137.635857,60.36082,59.967693,94.389082,23.664595,55.351202,60.462482,106.307184,71.712227,60.655415,60.783985
2357,0.506291,5,4,4,400.266696,129.395575,54.430244,60.064688,564.999522,422.068084,59.967694,60.360823,97.143906,387.470149,60.462487,55.351205,294.380946,436.394335,60.783988,60.655416
2363,11.962705,5,4,4,319.085786,477.80334,49.300782,49.907092,1233.106655,1328.018616,49.301844,49.917827,582.848197,390.83668,49.283794,49.915,780.365162,741.042497,49.308637,49.926145
2364,1.961149,5,4,4,94.52664,68.506704,50.727354,50.740919,297.601453,282.040771,50.739197,50.740924,86.325002,117.803103,50.734618,50.716605,162.888789,169.335292,50.754601,50.754418
2371,10.543387,5,4,4,520.527834,548.962977,64.281682,65.47569,1849.804786,1819.751993,64.291271,65.490642,624.373609,637.176823,64.271163,65.467244,1059.638334,1033.449473,64.316536,65.515752
2377,10.837663,5,4,4,410.755877,583.775507,65.495756,64.306555,1755.032853,1810.127151,65.493995,64.32589,696.655631,535.862551,65.460689,64.317583,1087.8717,1025.327352,65.515555,64.348989
2383,0.136586,5,4,4,0.002653,0.002634,23.813332,23.813332,0.041,0.040919,23.813332,23.813332,0.025292,0.002522,23.813332,23.813332,0.029666,0.052436,23.813332,23.813332
2386,1.0026,5,4,4,9.55584,1.969723,60.898366,51.512923,32.060313,28.963518,60.898891,51.512292,6.545575,10.392648,60.899284,51.511672,10.323966,17.383483,60.899946,51.512876
2387,0.492559,5,4,4,20.227964,27.555187,60.873758,44.389555,83.039113,84.433306,60.873911,44.404434,29.569707,26.789541,60.851585,44.394805,50.189451,41.134399,60.895753,44.420944
2388,2.021087,5,4,4,95.523418,80.750547,55.820323,55.828883,296.890386,297.412348,55.833271,55.83321,103.02534,106.677908,55.819202,55.816973,157.776797,180.700903,55.84899,55.848328
2391,0.499908,5,4,4,6.041779,2.173252,60.89743,60.89963,19.802534,18.080605,60.898333,60.898599,3.292001,6.291276,60.899273,60.897508,6.664073,9.350536,60.89991,60.899829
2394,0.481936,5,4,4,19.791702,26.960897,60.87376,60.8528,81.248187,82.61231,60.873909,60.873072,28.931969,26.211764,60.851586,60.859861,49.107002,40.247243,60.895751,60.897088
2397,0.360041,5,4,4,4.359592,1.573324,35.257911,35.258977,14.451943,13.211362,35.258339,35.25847,2.498671,4.538747,35.258775,35.257952,4.943738,6.998613,35.259101,35.259063
2399,0.368865,5,4,4,4.8138,1.784466,35.507263,49.927132,15.186341,15.447761,35.50785,49.925984,2.978478,5.35697,35.508203,49.924823,6.0918,6.931612,35.508645,49.92736
2401,0.635054,5,4,4,1.044539,6.150722,40.399027,49.926117,17.668477,16.992497,40.39857,49.926854,5.860293,3.138717,40.398258,49.927155,8.67368,6.169001,40.399006,49.927463
2410,1.536178,4,4,4,61.741008,74.08733,40.900443,44.444039,379.619513,435.578942,40.87958,44.417021,79.423079,83.958932,40.892306,44.440187,222.333152,192.829684,40.912507,44.467043
2413,0.49314,5,4,4,849.301732,359.353284,40.017946,55.272672,1405.673057,1127.999575,55.751247,57.409874,320.915563,766.921534,56.721452,43.951359,688.479624,1042.745851,60.292198,59.578293
2414,0.285611,5,4,4,208.126423,491.889569,55.272675,40.017949,653.302829,814.122811,57.409881,55.751249,444.177479,185.864471,43.951363,56.721453,603.926481,398.746326,59.5783,60.292202
2416,1.746548,5,4,4,3.549806,5.813849,38.853956,38.853873,30.129184,28.059202,38.853801,38.853825,9.589742,6.549456,38.853695,38.853856,12.309534,14.508891,38.853993,38.853987
2422,0.107036,5,4,4,98.455266,56.772625,16.313644,62.064263,201.340257,147.807635,21.350888,64.027909,40.927562,95.347286,22.049298,57.789541,94.677782,134.787201,22.980232,64.981524
2423,0.891691,5,4,4,460.795074,820.525785,50.239513,56.550857,1205.627091,1663.48248,52.283386,62.923141,798.427993,331.696182,45.008394,63.893567,1128.402253,783.263727,53.191189,65.24727
2425,0.771476,5,4,4,19.327685,110.74026,49.919085,41.604551,59.96392,87.32812,49.922587,41.802185,20.108733,23.07395,49.919361,41.801757,35.972264,28.826908,49.926711,41.80967
2426,0.998805,5,4,4,940.057974,432.749029,56.213897,52.303951,1922.766452,1387.801216,62.770141,53.258027,396.646937,900.623604,63.684449,45.989667,892.093157,1275.62358,65.238536,54.237068
2428,0.730668,5,4,4,104.882529,18.305326,49.696539,41.427332,82.708801,56.792061,49.917463,41.430081,21.853428,19.045059,49.916931,41.427552,27.302076,34.069471,49.926981,41.433237
2429,1.023536,5,4,4,808.134018,939.104271,44.635209,36.049635,1473.739807,2029.125507,48.698839,41.266714,743.544158,555.354791,45.77163,40.975207,777.586248,686.159343,49.769611,43.442768
2430,1.014697,5,4,4,735.837145,668.433074,45.352502,39.35935,1490.149801,1006.931324,48.653064,42.917012,361.952607,563.813914,48.780859,40.806248,409.264997,583.576029,49.879986,43.423396
2431,1.000054,5,4,4,562.549705,619.512486,40.915277,40.288517,1132.691911,1101.764979,43.273804,43.315155,391.838892,380.606328,42.657212,42.73452,590.696525,498.967971,43.962189,43.986942
2437,1.576909,5,4,4,1126.746108,652.584667,55.460441,58.854951,2507.98802,1892.948002,59.098749,59.831511,637.933576,1039.291295,59.13453,56.626657,896.932494,958.962479,60.788728,60.773684
2438,1.061809,4,4,4,654.541273,688.74534,36.020523,40.883951,1769.479784,1967.253917,37.940765,42.605776,600.901308,596.473237,36.838487,41.958538,1052.161963,1239.251501,39.274505,44.131627
2447,1.71698,5,4,4,1629.66048,558.684312,39.187866,44.794335,4287.480819,3662.905932,42.712427,43.465436,864.808906,1716.094461,43.797024,39.246393,2193.742431,3493.602391,45.39333,44.855032
2456,1.085229,5,4,4,600.974824,94.139036,39.259874,41.558321,538.198037,400.222425,41.494333,41.553686,132.424876,492.22173,41.505403,40.143121,192.979466,283.781076,41.624133,41.615098
2460,0.62779,5,4,4,419.443971,170.761914,31.146819,40.99081,688.318427,628.601814,34.135387,41.112326,239.5229,376.708156,33.647006,39.159749,304.127551,362.217162,34.677397,41.554346
2467,1.636504,4,4,4,306.788249,520.850583,58.673064,57.847558,1426.518504,1618.881444,58.547869,58.383742,560.043295,357.534277,57.809496,58.576686,975.203963,776.792093,59.033054,59.077537
2468,0.576578,4,4,4,317.909081,193.427839,41.451456,57.712863,970.235664,843.807848,43.148633,57.54964,214.866381,323.390173,43.69306,55.825723,433.357031,572.425176,45.075442,58.826347
2477,0.67908,4,4,4,104.521596,52.696813,39.697658,48.425784,345.533527,282.170956,39.784904,48.377229,73.999856,119.797603,39.833227,48.181405,158.491526,227.0028,39.928966,48.46625
2480,0.431966,4,4,4,145.744568,90.899478,47.301963,35.843474,318.781592,258.193067,48.134234,36.076655,73.845136,153.632049,48.199824,35.138633,239.306182,230.994518,48.410365,36.215809
2484,1.316323,4,4,4,620.337751,341.200848,46.287153,47.767258,1357.995567,1039.458878,47.812492,48.084322,284.934763,612.938639,48.031032,46.548775,820.904405,953.475071,48.387555,48.350342
2485,2.797666,5,4,4,164.860578,391.982108,16.733174,16.249153,755.950428,938.399643,16.729928,16.298553,433.840827,174.001126,16.667026,16.311058,602.019554,420.912427,16.742665,16.322911
2486,0.674506,5,4,4,420.927405,787.127113,43.312034,23.947112,1674.048085,1937.640432,43.609603,34.864483,866.864639,474.58335,33.235276,35.624559,1335.293895,1080.489793,46.80404,42.736324
2493,1.484465,5,4,4,837.689568,319.924781,50.459858,60.293508,1974.639399,1538.246822,52.941089,60.088536,373.966377,907.465328,53.520575,57.160858,914.94001,1293.519318,54.10913,60.650328
2494,1.954662,5,4,4,377.77744,896.948024,55.219229,58.429433,1891.287423,2321.057568,54.999152,59.85296,971.333909,447.137744,53.05155,60.2907,1489.542306,1116.869011,55.513308,60.787766
2497,1.544775,5,4,4,864.798286,1182.019964,57.361197,47.867297,3565.229157,3701.40663,57.353555,50.472842,1352.520786,1006.357066,53.919959,50.03506,2112.793686,2002.793872,60.315258,53.954705
2500,1.737319,5,4,4,330.778402,179.304924,45.585168,49.803834,1047.991314,900.291318,45.736697,49.747432,204.523075,361.240621,45.831286,49.510134,500.230989,617.212883,45.942019,49.890155
2503,1.095752,5,4,4,121.917699,52.076917,60.726063,60.865367,307.125022,259.287224,60.831504,60.850331,58.433342,118.146054,60.861337,60.752941,154.487055,210.883881,60.892127,60.885781
2506,0.513412,5,4,4,119.721588,55.975718,44.294594,60.732631,379.738814,337.008803,44.55342,60.556521,73.558525,134.299828,44.713685,60.116162,181.388905,225.594674,44.884332,60.83181
2509,0.142095,5,4,4,57.797557,27.765901,25.162312,26.346763,177.693042,153.786492,25.858696,26.072345,34.206233,63.835239,26.228797,25.022106,84.11551,105.918076,26.587541,26.550902
2519,0.138097,5,4,4,1.399393,27.985335,50.755469,50.30682,6.900484,106.913207,50.754843,50.366107,2.07497,71.325991,50.754097,48.455851,3.485109,108.503436,50.756752,50.585932
2521,0.232161,5,6,0,2.352581,0,38.858564,0,11.600709,0,38.85798,0,3.488323,0,38.857282,0,5.858972,0,38.859766,0
2522,0.039373,5,1,0,93.069636,0,79.954179,0,465.497111,0,79.910069,0,143.923234,0,79.829708,0,270.395771,0,79.997152,0
2523,0.222653,5,6,0,45.12056,0,38.439778,0,172.375417,0,38.495024,0,114.998398,0,36.729168,0,174.939332,0,38.70012,0
2527,1.781026,5,4,4,380.806878,948.822589,50.259009,48.058678,1478.952619,1847.427015,50.310922,50.079401,950.51784,463.533517,48.315181,50.109882,1450.714672,1031.956187,50.573851,50.66095
2540,0.547143,5,3,3,582.709066,237.081734,58.176936,60.388075,1361.900729,1093.84274,59.94339,60.265833,297.489165,623.736772,60.195402,58.12264,688.950523,895.38313,60.787402,60.714958
2541,2.364921,4,3,3,834.091851,2130.574946,57.329258,57.037819,3771.833546,4805.42973,57.260372,58.466825,2281.364084,1036.870982,55.579872,58.661638,3172.486137,2433.535651,57.554658,59.078533
2543,0.495288,4,4,4,73.739575,124.363008,40.227522,31.944313,187.216571,167.701276,40.356744,32.428207,62.173349,49.134918,40.302955,32.411184,97.516152,101.697647,40.432398,32.476592
2544,0.951947,5,4,4,420.531576,370.692401,58.59507,49.254287,763.811889,881.573522,60.398301,50.478129,280.218029,286.532474,59.922211,50.110257,467.481191,386.542126,60.815793,51.045338
2547,0.13323,4,4,4,37.120471,40.959278,39.742736,39.601755,83.949432,74.755166,40.216047,40.260734,24.874221,28.695942,40.146419,40.054772,43.289089,50.644159,40.415544,40.406016
2553,4.421669,5,4,4,8.763349,8.435818,40.488771,40.488776,43.199199,44.018027,40.48875,40.488747,9.329838,11.786321,40.488771,40.488741,24.986304,21.547228,40.488815,40.488818
2559,0.600884,5,4,4,329.000164,449.682425,43.133746,40.218712,915.179036,913.509305,45.073765,45.079782,385.913525,265.739607,42.345937,44.620562,563.093338,517.628782,46.460894,46.498667
2563,3.781268,5,4,4,192.455627,226.494911,62.242409,62.227728,672.195821,579.813172,62.25324,62.260438,233.586963,179.491749,62.230426,62.251053,332.171603,447.03323,62.279218,62.276785
2573,1.200555,5,4,4,152.967797,145.773355,56.085211,56.104932,431.212594,482.010715,56.199468,56.174275,143.250309,144.65971,56.131981,56.128655,290.346377,245.447706,56.282541,56.287972
2584,2.443888,5,4,4,457.88989,889.187327,60.434076,55.040698,1678.817767,2063.082724,60.525714,56.127003,977.937133,413.318225,59.169729,56.332886,1491.032404,1033.156698,60.772906,56.605225
2588,0.272072,5,6,0,3.037286,0,38.858276,0,15.291823,0,38.857474,0,4.679538,0,38.856488,0,7.845166,0,38.859699,0
2589,0.265217,5,1,0,621.231527,0,79.739408,0,3176.192962,0,79.449739,0,902.028238,0,79.225482,0,1748.940339,0,79.985437,0
2592,0.306519,5,4,4,80.612426,49.809371,29.044944,29.383044,125.040809,135.989134,29.508891,29.495554,25.036287,68.250432,29.537278,29.243784,49.844784,50.00017,29.575258,29.57523
2593,0.770272,4,7,7,228.790973,380.576815,47.145441,45.493224,618.664427,547.477626,47.680675,47.768186,319.820319,109.341828,46.446145,47.89301,232.547766,204.60351,48.058417,48.063558
2595,0.512685,4,7,7,36.835977,25.993099,59.092787,43.922191,82.407248,81.906382,59.138895,43.932339,22.990148,22.031988,59.135364,43.930989,29.778971,34.354179,59.158703,43.945597
2597,0.070767,4,7,7,19.021419,17.61113,16.494467,16.553695,37.04256,35.682852,16.797095,16.802592,10.192673,8.073903,16.785862,16.818216,14.060601,12.524191,16.861821,16.862449
2598,0.059356,4,4,4,9.016924,13.470415,13.949969,13.797159,27.311527,30.725429,14.001526,13.985864,7.842914,6.800369,13.986969,14.005127,12.932718,10.556231,14.049165,14.050418
2600,0.679011,5,7,7,3.165726,2.941455,60.899645,47.987771,13.513965,16.504695,60.899624,47.987606,4.84725,3.523485,60.899293,47.987717,9.500996,8.171451,60.899917,47.987933
2601,0.03783,4,4,4,20.594101,23.97689,8.381471,7.944107,62.977218,61.339767,8.957905,8.994567,22.062738,21.197871,8.351588,8.451001,29.963367,32.827438,9.569317,9.559174
2602,0.028152,4,4,4,25.488194,22.419172,34.703825,5.541201,60.774171,61.327787,38.205385,6.667009,19.888736,19.744354,37.015334,6.131416,30.169931,27.482566,40.17947,7.559939
2609,0.43626,4,3,3,557.915164,418.437107,40.609862,46.55013,1641.526998,1421.20201,41.970299,47.130974,442.321109,630.907579,41.825943,44.82402,738.619986,912.294544,43.403414,48.245069
2610,0.533209,3,3,3,902.833453,678.936482,41.184666,39.772975,2480.445687,2288.166435,43.998818,40.732082,815.05455,917.855585,42.509352,38.079378,1176.25477,1531.256075,46.460688,42.474122
2611,0.315936,4,3,3,508.174574,336.746234,43.619092,39.900328,1533.94,1322.906061,45.667654,40.070382,391.791229,645.415859,45.701638,36.044878,664.179929,805.238076,48.242496,41.616829
2614,0.694169,4,4,4,271.548189,387.697251,46.925507,32.362752,1448.919944,1439.794442,45.975344,33.260953,430.914182,341.182294,45.225629,33.864411,953.52312,702.906678,47.996519,36.913881
2615,0.536034,4,4,4,423.68196,339.666008,43.006509,28.460564,1527.797007,1483.269385,44.120269,27.733975,406.966628,474.404008,43.845764,24.511381,769.677017,948.274248,47.952698,33.719264
2616,0.500138,4,4,4,222.544074,351.080499,46.506581,26.429188,1071.826889,1269.583769,45.852626,28.056378,426.118139,312.306169,42.83873,28.546202,655.311095,530.32271,48.039401,33.800249
2617,0.926178,3,3,3,578.520251,330.687481,46.601422,44.86928,2587.304229,2310.201053,46.443952,44.33878,615.471147,829.435098,46.592987,43.611873,1165.656984,1422.90821,47.444768,45.03579
2620,0.281066,4,4,4,105.76367,147.424403,30.584371,45.815419,554.967572,550.488203,29.696708,46.249658,160.890167,127.067365,29.078918,46.65127,365.498026,267.486578,31.589486,48.248474
2623,0.516084,5,4,4,30.564207,98.648072,36.127216,45.416289,208.044051,328.381112,36.074228,45.536544,107.164177,73.110324,35.817288,45.594609,140.471031,88.657839,36.142271,45.771383
2624,0.512975,5,4,4,118.111158,42.406222,35.64034,45.705551,407.682326,279.51707,35.782387,45.598427,88.516092,132.590176,35.878124,45.20384,123.086796,180.508806,36.099703,45.746374
2627,0.506668,5,4,4,45.162246,53.7975,45.694117,35.919047,127.166312,125.899172,45.738242,35.985504,49.46798,44.61965,45.688411,35.957095,49.913534,42.199196,45.777003,36.015543
2629,0.650336,5,4,4,210.636172,197.361575,48.861733,39.671015,516.683359,609.777781,49.523772,40.071034,217.992643,281.533776,48.906047,38.927675,296.857588,288.981353,49.867403,40.534993
2630,0.188978,5,4,4,109.524601,38.523471,24.914295,27.531139,190.780089,145.752259,27.374065,27.584724,67.571305,90.402834,26.900578,26.089856,67.866536,87.641449,27.832162,27.817891
2633,0.470638,4,4,4,156.749186,180.514773,35.917282,46.981574,456.273849,538.713523,36.491143,47.664776,201.98936,194.781926,35.36471,46.927795,277.253304,275.723156,36.967296,48.400231
2634,0.503171,4,4,4,66.9289,32.928485,44.280531,35.11248,137.897842,155.386432,44.420465,35.100229,51.655432,70.826906,44.366797,34.989019,65.508769,54.677902,44.466688,35.148898
2635,0.31504,4,4,4,39.783584,43.10354,33.034983,33.00906,236.490125,209.151986,32.870576,32.940148,58.286779,66.247458,32.896646,32.810297,100.595357,129.111018,33.1571,33.143391
2636,0.534022,5,4,4,52.401662,82.859137,49.815117,38.7622,291.343293,319.123059,49.729015,38.791279,112.206791,78.365766,49.501826,38.809124,177.022176,140.180472,49.894759,38.97577
2639,0.50212,4,4,4,74.995363,33.204713,34.930449,44.42109,137.060866,146.140784,35.09606,44.414232,46.595037,75.735455,35.066005,44.254028,60.41297,55.400386,35.132896,44.46812
2641,0.247173,4,3,3,301.25635,218.080211,38.907185,42.790189,846.148074,784.48186,43.335193,43.962245,273.164592,354.205619,40.975307,37.283027,420.358212,407.243342,47.86119,47.898118
2642,0.247368,4,3,3,234.117998,299.961838,42.08346,38.981484,827.826708,870.2799,43.530743,43.090568,353.816019,290.599751,37.313967,40.207558,414.65689,445.963424,47.878291,47.787295
2645,0.254998,4,3,3,323.726994,210.476038,31.620653,43.398069,885.35089,792.699496,36.079605,44.121838,267.66067,378.449695,34.610955,36.698722,418.48265,433.471806,40.131098,47.861727
2648,0.675573,4,4,4,90.299739,335.492625,48.290251,33.121199,584.947186,880.875163,48.005456,35.478785,380.530532,209.910179,45.746527,35.70796,389.839751,275.033272,48.403084,36.970099
2649,0.254054,3,3,3,395.612959,151.261082,39.086924,36.442868,1044.672651,820.303638,41.537942,35.994421,259.029125,465.616033,41.669616,32.388395,345.988203,487.810122,43.487948,36.920608
2652,0.256532,4,3,3,242.790619,311.073565,39.923274,47.075328,858.492556,902.518376,40.106048,47.757365,366.92271,301.36467,39.221887,47.291299,430.017357,462.483605,40.58292,48.411334
2654,0.425621,4,4,4,367.676073,274.651707,38.628992,30.00851,829.289759,815.693497,42.427016,31.824164,281.831223,330.876366,41.106397,28.957409,441.264649,422.476833,44.199796,33.646853
2655,0.497234,4,4,4,472.452547,486.613516,27.343929,26.955291,1508.603099,1466.656318,30.126529,30.375888,483.658466,522.024516,27.770672,26.778661,772.929507,868.143551,34.524391,34.380783
2656,0.52311,4,5,5,112.554757,133.311266,43.926424,34.724391,580.090195,580.50039,43.641677,34.639278,188.406358,155.669236,43.191289,34.568839,344.795075,337.220415,44.338986,35.328429
2659,0.396409,4,4,4,408.758637,240.634697,24.459316,41.278176,1043.269563,927.055957,29.499748,41.633308,293.757853,418.817491,28.794844,37.093192,494.549207,580.532542,32.938783,43.950266
2662,0.501144,4,4,4,39.657907,23.946472,40.377908,40.418013,113.380904,111.000531,40.410428,40.411713,29.733397,45.067188,40.409191,40.368567,49.037895,61.169671,40.440192,40.438723
2663,0.363597,5,4,4,11.927211,16.895637,30.980013,41.609814,68.812571,60.960568,30.97235,41.614848,25.250814,18.777769,30.956015,41.607629,31.565941,33.778579,30.986617,41.630061
2665,0.248218,4,4,4,19.642649,11.860741,30.526921,48.471037,56.157814,54.97881,30.553546,48.463478,14.727018,22.321878,30.552573,48.411735,24.288578,30.297474,30.57533,48.495873
2670,0.495678,4,4,4,433.307665,258.709055,42.002786,45.839162,1249.911178,1120.928699,44.963474,45.584987,314.295943,436.687835,45.100351,42.512962,584.456225,760.508472,48.122569,47.880044
2673,0.504034,4,4,4,503.440838,308.387293,20.710046,44.969119,1452.678964,1302.618961,26.550483,44.807182,371.406947,515.13339,26.628309,40.868309,675.003637,870.723631,33.626604,47.725578
2675,0.341946,5,6,0,492.43206,0,26.730764,0,649.488681,0,36.933211,0,131.435073,0,37.615158,0,307.211527,0,38.653986,0
2676,0.206527,5,4,4,261.797086,397.686863,60.773477,55.864154,587.31498,745.190931,63.944729,63.077267,217.331051,300.717819,62.448053,60.045477,391.35579,343.6891,65.205297,65.27386
2682,0.29736,4,4,4,217.8854,86.324254,18.495319,39.686959,632.590791,518.358504,21.794188,38.924442,131.960984,259.666227,23.06227,35.52286,308.765679,434.192895,25.174782,39.971159
2685,0.440697,4,5,5,115.250616,62.097603,39.728143,31.519956,313.581718,269.503178,40.114502,31.498278,66.790969,116.442681,40.212768,31.097178,146.910425,209.006207,40.409802,31.6609
2687,2.850591,3,1,0,6243.010612,0,70.167741,0,24179.566534,0,70.363028,0,10223.59486,0,66.741254,0,16589.025595,0,71.152286,0
2693,0.083624,3,1,0,283.621048,0,66.722514,0,810.644501,0,69.878964,0,242.049194,0,69.00885,0,477.420618,0,71.15535,0
2699,0.46318,4,3,3,1060.591268,604.584901,50.618244,61.505545,3419.39049,3116.15792,52.478207,60.423387,854.314993,1267.258269,52.650357,56.45059,1514.957201,1858.830535,55.504877,63.113297
2700,0.380596,4,3,3,443.422955,853.446582,61.910239,57.999522,2583.19441,2931.258387,60.371794,59.539824,1054.761601,669.214319,56.293418,60.327551,1583.345911,1212.882913,63.075813,63.301936
2702,0.27803,4,3,3,315.864516,608.003644,50.286112,58.240182,1904.312742,2158.394325,48.908323,59.48147,763.13111,491.51229,45.552096,60.295176,1160.720253,887.15776,51.142585,63.301109
2703,0.757661,4,3,3,1698.976781,882.732815,57.999523,61.910247,5835.327062,5142.427673,59.539825,60.371798,1332.221152,2099.739463,60.327554,56.293418,2414.515389,3152.005052,63.301944,63.075819
2705,0.897465,4,3,3,948.329508,1904.248944,56.51434,49.739253,6537.99216,7525.048233,52.252864,50.365095,2499.775279,1659.483412,45.885285,52.408744,3986.573691,2929.302132,58.077479,58.636794
2706,2.247092,5,4,4,22.115359,34.913351,50.755552,46.241317,107.530358,127.645752,50.755014,46.241972,41.296304,25.987302,50.752741,46.242887,73.204829,55.984834,50.756595,46.244271
2710,0.748813,4,4,4,435.593188,346.189967,32.663863,46.362842,1054.503374,955.619189,36.109032,47.476855,266.732757,388.710787,36.169547,46.122983,324.778609,415.662538,37.840194,48.410025
2712,0.431858,4,4,4,90.152374,141.392251,35.848335,30.942431,594.605435,590.987986,35.146907,30.886738,141.545461,146.474139,35.312184,31.020684,301.128683,313.979533,36.167313,32.490216
2713,0.501486,4,3,3,1403.88264,792.404461,48.903864,53.675977,3571.023225,3250.096072,53.191889,53.695269,944.816424,1461.078868,53.022348,49.119757,1731.74565,2094.424039,55.997625,55.849107
2718,0.229071,5,3,3,768.944425,455.429268,54.972054,61.180512,1948.219257,1776.360627,60.87741,61.579618,523.25042,791.817467,60.507887,55.431921,880.469148,1079.773876,65.055196,64.837362
2719,1.605991,4,3,3,3040.853506,5271.725345,59.44962,53.000827,11535.289406,12823.077053,60.020859,59.268568,5336.962685,3377.267879,53.735237,59.079361,7267.918766,5829.339241,62.97763,63.205534
2721,0.530502,4,3,3,1010.528467,1720.72489,52.91384,53.20042,3840.93661,4250.487645,53.42909,59.241676,1754.083905,1121.534549,47.713229,59.036436,2392.975958,1944.925802,56.123225,63.197112
2723,0.512424,4,3,3,408.574912,173.426303,49.459266,45.966452,720.820441,622.305356,50.620004,46.025337,162.621074,371.117035,50.685387,45.248026,334.928353,403.982856,50.888773,46.184746
2724,0.724752,4,4,4,41.799219,49.679722,48.458173,37.564461,175.392291,188.416821,48.456612,37.573875,66.570603,59.65319,48.408078,37.54647,119.610165,124.565773,48.491906,37.61562
2725,1.115604,4,4,4,424.38724,924.201656,47.004417,31.552666,1556.381615,1750.811419,47.292645,38.7297,870.431206,427.160108,43.622822,38.943995,1000.187398,842.219901,48.27542,40.65187
2728,0.284862,4,4,4,251.505615,253.499445,30.514018,47.279363,802.965081,768.253251,31.309129,48.153422,262.524298,251.087421,30.570058,47.511962,389.309284,454.171781,32.357477,49.123176
2732,1.001053,5,4,4,420.403016,209.644032,41.674559,49.456401,1307.177437,881.733523,42.417841,49.437228,295.71134,500.747766,42.643827,47.791804,622.19283,593.965999,43.333865,49.82867
2733,0.712442,5,4,4,165.338027,282.163951,40.720352,48.38101,698.651797,967.549176,40.691864,48.82518,346.971614,228.68601,39.162778,48.985233,425.394876,483.412842,41.170033,49.800046
2735,0.499716,4,4,4,234.318169,102.636945,46.307244,37.139861,639.323802,415.329174,47.472075,37.154658,135.883301,254.75581,47.779884,35.183151,276.392033,296.144386,48.410642,37.481489
2737,0.518218,4,4,4,34.634711,31.568371,48.444349,37.832006,127.501063,121.796904,48.455198,37.836454,42.100778,45.960819,48.427385,37.799392,86.413234,77.906725,48.491728,37.863074
2743,0.279421,4,4,4,107.768975,77.871061,39.163018,27.570109,379.13395,350.537143,39.486014,27.442006,93.934225,103.770207,39.54983,27.185363,185.924528,196.670548,40.336038,28.109976
2744,0.188805,4,4,4,36.524571,54.89128,40.089816,23.981768,153.152611,188.515622,40.077524,24.186676,52.330123,49.370456,39.819813,24.169395,106.208441,95.266317,40.365203,24.581956
2745,0.318385,4,4,4,16.425132,27.906002,40.414102,29.224841,77.82575,86.718483,40.405278,29.250527,30.150309,18.291578,40.360905,29.261497,61.623673,44.752307,40.432735,29.280146
2746,0.285316,4,4,4,46.041425,38.526548,40.19211,28.236657,216.691508,184.483185,40.120159,28.185302,46.995531,52.051602,40.208887,28.144653,74.914735,95.596367,40.424683,28.356688
2747,0.502734,5,4,4,71.00633,128.733443,33.186973,41.059402,214.073127,207.790958,33.261886,41.534669,110.572932,38.131708,32.997092,41.580908,81.912705,78.194574,33.342503,41.626013
2748,0.212515,4,4,4,54.418149,30.015767,39.844964,40.247947,87.83731,90.492905,40.340826,40.334889,16.11902,46.741345,40.38911,40.039174,33.054378,34.626105,40.436222,40.435599
2750,0.928055,5,3,3,3435.777539,2023.128686,37.589446,56.334976,8891.351353,8092.25945,45.342115,56.576205,2413.355708,3562.556077,44.682316,49.794641,4036.218331,5142.337052,51.063566,60.264942
2754,0.753313,4,4,4,1091.893709,607.667194,30.434995,47.612624,3003.997219,2609.607558,34.72057,47.476957,688.045098,1112.377933,35.496277,44.796263,1300.027694,1838.014048,38.191481,48.896577
2755,0.697931,4,4,4,400.032069,845.822512,39.815008,45.776927,2002.826688,2363.670257,39.399157,47.551201,870.455848,505.170646,37.091969,48.058217,1521.631835,998.621754,40.385155,49.157196
2756,0.126448,4,4,4,80.956897,162.608233,48.201113,19.274803,364.678432,414.646147,48.00082,21.436377,162.826103,91.568652,45.755048,21.796267,247.788856,181.824174,49.035556,22.645295
2762,0.503424,4,4,4,249.984243,112.634359,30.217975,47.944178,673.816126,442.450952,32.572626,47.991339,147.466415,270.278454,33.061499,45.974048,291.418094,318.429293,34.144623,48.384469
2766,0.465807,3,4,4,327.467034,206.108527,42.826986,29.590176,682.793731,684.763281,46.152988,30.811749,188.109277,319.461369,45.963954,25.907513,312.069679,375.75826,47.412639,32.773619
2769,0.475975,4,3,3,634.426144,482.559097,31.149102,46.343024,1658.049446,1366.987816,33.387657,47.416169,493.427786,644.915188,32.864701,45.223301,767.962185,873.111329,34.777859,48.301241
2771,0.241846,4,3,3,189.95833,147.74375,43.812755,45.481983,518.368824,506.966646,46.236738,46.326231,170.134566,229.864711,44.997602,42.622927,271.475422,316.086102,48.208332,48.111023
2772,0.25091,4,3,3,153.280617,197.077237,37.98376,43.81275,525.965804,537.795292,38.710383,46.236736,238.479155,176.510555,35.457908,44.997599,327.931792,281.649276,40.192469,48.20833
2776,0.981164,5,3,3,771.375361,580.13297,46.255452,49.17505,2077.586725,2014.577282,46.917179,49.380855,678.427285,935.878917,46.609005,48.283203,1072.816512,1274.690866,47.39245,49.829556
2778,0.512762,4,4,4,221.467631,250.019399,34.995768,25.047859,858.173312,768.420735,35.14499,26.31793,288.35548,217.450825,34.351979,25.977546,557.939611,427.995686,36.169817,27.695215
2779,0.552818,4,3,3,421.500888,539.657648,40.392056,38.209041,1342.575884,1446.182407,41.913605,41.538062,593.6816,467.442656,37.794835,40.04321,836.585747,722.963006,44.050719,44.16163
2780,0.481149,3,4,4,317.492863,271.847943,52.834039,31.372216,818.812281,835.541146,55.758833,34.339454,243.999692,301.573822,55.070862,30.757464,510.829491,642.902305,57.599785,37.315793
2783,0.193082,4,4,4,83.394352,94.145612,21.903036,34.646144,323.147932,289.35131,22.06286,35.378415,108.581187,81.881811,21.194087,35.178782,210.093963,161.163158,23.070593,36.266061
2786,2.013802,5,4,4,1895.355541,872.513497,49.616932,63.126727,3876.703512,2798.100539,56.869404,64.010714,799.72405,1815.847516,57.842379,57.630487,1798.648334,2571.926719,59.428929,64.967028
2794,0.266363,4,3,3,212.758213,493.156716,39.748707,35.528155,848.683105,1083.093825,39.815661,39.184188,549.424038,248.917395,35.038242,39.51048,760.54047,516.542911,40.522987,40.714257
2795,0.44428,4,3,3,890.923651,350.881879,41.447928,42.426818,1968.196936,1507.623977,46.09798,42.326378,433.266648,996.703023,46.689385,36.530947,916.070993,1390.158005,48.251794,43.156135
2799,0.234331,4,3,3,187.172549,433.851169,47.106588,34.766025,746.623021,952.844211,47.186011,38.364466,483.351952,218.983336,41.773069,38.684398,669.080155,454.42501,48.040456,39.860496
2813,0.40588,5,4,4,145.738077,420.219984,30.789732,24.016634,944.168093,1095.030409,29.244221,28.384528,447.743357,221.301143,23.93603,29.676239,876.085812,559.609506,30.935294,31.475833
2815,0.348713,4,4,4,256.306987,69.400989,36.392997,29.680439,580.811577,479.167244,39.045978,29.067059,109.058405,271.527228,39.662171,25.543464,316.556532,504.991271,40.250415,29.591955
2816,0.522151,5,4,4,180.570185,107.324844,48.723852,38.393226,636.652522,594.771837,49.025647,38.05608,152.202188,200.237419,49.140444,37.515047,297.666955,422.647646,49.835886,38.650644
2820,0.529226,4,4,4,401.290682,298.118717,23.160881,37.898921,1313.868386,1207.046568,25.622787,37.974152,343.576824,410.351147,25.468669,36.418458,576.870278,714.179668,30.069996,40.036129
2823,0.266944,4,4,4,62.515928,216.601967,47.894331,42.758917,206.025309,205.860371,48.101915,48.102518,266.886143,67.869631,41.133293,47.865196,120.875788,110.534055,48.439177,48.448827
2826,0.640751,4,4,4,177.204329,523.612893,35.386726,42.690387,585.641427,568.995892,35.822873,47.98134,650.715178,192.817657,23.888545,47.629511,322.818128,317.486839,36.472042,48.427659
2827,0.372215,4,4,4,302.020009,87.16939,42.75892,47.894333,287.042413,287.272395,48.102521,48.101919,94.634351,372.133997,47.865197,41.133298,154.123699,168.543745,48.448832,48.43918
2830,0.672474,4,4,4,218.967613,392.753027,45.475422,55.191745,1046.797482,1147.998159,45.0082,57.022055,426.203846,280.053317,42.359012,57.218976,763.463444,515.928488,46.427069,58.955098
2831,0.824836,4,4,4,529.379117,277.344836,37.365431,57.706724,1645.345908,1464.028056,40.641103,56.864206,394.982514,612.93901,41.226901,53.687515,736.095588,1095.353298,44.846859,58.582555
2833,0.388976,4,4,4,49.505685,74.66029,48.308913,34.941791,161.928343,169.295726,48.376796,35.1934,57.214483,36.422095,48.274306,35.225206,98.401298,70.019614,48.480533,35.29042
2834,0.062251,4,4,4,22.164715,34.226273,14.581125,13.382702,92.739856,100.928895,14.552973,14.387554,35.08496,24.883433,13.509891,14.473466,63.199735,44.827675,15.239946,15.306318
2836,0.42576,4,4,4,67.766725,72.857163,48.207832,48.164876,331.902527,378.194963,48.09432,47.981046,116.315577,95.460428,47.77355,47.998886,218.599397,160.568724,48.422539,48.45731
2837,0.359675,4,4,4,93.817627,70.762244,29.597492,48.063786,417.529273,361.378894,29.40371,47.845772,100.403167,132.304654,29.57271,47.235254,180.297571,250.432273,30.57511,48.361214
2840,0.355027,4,4,4,54.265026,46.520347,34.183731,48.298027,236.788029,265.721089,34.155837,48.124361,77.984245,69.942933,33.990411,48.107408,149.225342,112.859256,34.364327,48.469417
2842,0.512234,4,4,4,163.483339,139.978819,47.419442,33.26762,656.105081,602.788676,47.469838,33.151038,181.273364,190.726365,47.322763,32.445187,286.599572,307.637221,48.408647,34.310003
2846,0.099087,4,4,4,21.730649,14.275011,47.964697,19.52593,74.467803,73.765443,48.121428,19.44533,21.367788,20.957522,48.034363,19.394825,39.444859,32.947376,48.452587,19.635827
2847,0.417228,4,4,4,46.536738,68.828775,48.351378,35.697003,183.800523,220.760161,48.362736,35.80269,57.720779,49.998123,48.299127,35.838773,102.375267,86.996838,48.481687,35.950687
2851,0.493423,4,4,4,101.604144,38.197412,37.030583,48.426133,269.530869,208.408578,37.282354,48.373334,61.253306,78.047754,37.320861,48.240925,110.088114,141.245614,37.444264,48.475119
2854,0.400403,4,4,4,31.90851,83.146678,35.514944,48.017008,178.810248,220.497894,35.4634,48.290024,64.933581,48.329771,35.349472,48.345068,55.512063,85.496955,35.569569,48.486165
2858,0.635199,4,4,4,34.47196,34.130787,48.462847,39.431958,203.941421,191.390116,48.425098,39.406815,50.57759,45.8573,48.430137,39.414008,79.651023,167.329155,48.495604,39.444495
2860,1.205347,3,4,4,459.853325,146.916238,45.963108,47.362919,1084.121989,828.729689,46.98771,47.210881,216.163995,409.232212,47.201629,46.398553,448.803054,500.365475,47.504918,47.494583
2861,0.523852,4,4,4,41.746328,108.781904,48.421895,48.01701,233.939824,288.480325,48.359119,48.290025,84.953466,63.230482,48.228375,48.345069,72.62717,111.856803,48.494471,48.486168
2862,0.491376,4,4,4,88.710109,60.056204,48.129165,37.273577,206.355736,207.380161,48.374714,37.317637,49.222146,70.701662,48.391477,37.238271,97.602758,126.187983,48.488068,37.405041
2863,0.417498,4,4,4,68.748758,98.094939,48.188408,35.420587,216.809315,205.145966,48.3122,35.83086,70.765175,50.040615,48.204641,35.844722,121.908511,101.647086,48.474122,35.95321
2867,0.467249,4,4,4,140.701454,82.342568,36.064445,48.145711,341.887216,318.457468,36.67175,48.185342,78.483793,122.790707,36.736439,47.824543,158.338913,216.287067,36.95779,48.436545
2871,0.847135,4,4,4,106.397769,109.536612,48.313668,48.303071,290.992245,223.081514,48.414725,48.448894,74.841961,76.089113,48.414692,48.411943,122.917389,137.585945,48.49388,48.492181
2873,0.255646,4,4,4,26.486705,35.791905,48.370889,48.270935,102.400105,126.57501,48.385541,48.328494,36.708998,23.808182,48.284389,48.405614,58.637308,46.159391,48.484003,48.49021
2874,0.135688,4,4,4,27.6669,15.952718,48.033348,48.335683,92.468097,73.695212,48.18541,48.295473,18.023123,30.633347,48.314085,47.992331,35.802739,49.169922,48.478822,48.460495
2878,0.886062,4,4,4,294.953698,247.998658,47.331545,40.834529,721.073961,660.37366,48.060026,41.312613,189.142631,205.384239,48.04321,41.15312,283.758328,349.697821,48.468966,41.619444
2881,0.938823,4,4,4,83.658197,85.457557,48.403229,48.399203,190.516974,221.768898,48.469223,48.458601,52.774642,54.973388,48.464401,48.461453,90.238917,96.922394,48.497743,48.49727
2882,0.638318,4,4,4,82.764607,73.013678,39.325307,48.344064,233.461862,185.340525,39.416837,48.438279,58.368126,70.007284,39.421248,48.370951,101.351041,118.246353,39.491263,48.489677
2888,0.354028,4,4,4,72.186851,41.622894,33.976946,48.335685,241.262328,192.28122,34.116554,48.295476,47.024874,79.92673,34.228869,47.992335,93.414404,128.291272,34.359087,48.460498
2891,0.376182,4,4,4,122.850016,100.562861,33.910699,47.723694,472.009822,417.01751,34.052233,47.713364,129.750823,144.43343,33.916178,47.130951,191.542022,219.626974,34.917188,48.400886
2893,0.506927,4,4,4,64.020285,115.528077,37.526735,47.924564,328.427927,436.779184,37.437887,48.01,144.109017,87.754071,36.951405,48.192603,239.986256,176.629093,37.632079,48.463404
2894,0.50063,4,4,4,130.234841,67.384945,36.892508,48.28745,497.200624,380.886273,36.99069,48.11255,98.139851,162.351637,37.236138,47.499184,199.814441,274.725591,37.541963,48.411986
2899,0.554466,4,3,3,432.389367,223.956954,48.200265,57.423309,1559.913203,1382.907463,49.28032,55.533008,351.515259,558.99371,50.14595,51.253988,697.54583,1056.934334,52.957365,58.193732
2900,0.575239,4,3,3,217.626566,403.872405,52.166794,54.451875,1357.099874,1513.479268,50.573126,55.17151,538.538897,346.131106,47.112015,55.924326,1024.24977,685.160753,52.784536,58.760729
2902,0.592959,4,4,4,92.106913,201.412505,48.221024,47.286941,529.0402,632.756803,47.976727,47.767528,218.555255,129.024602,47.230546,48.0264,461.942674,275.520326,48.328075,48.436078
2903,0.479564,4,4,4,225.387449,131.406231,30.132214,47.686966,795.83226,706.542903,31.111245,47.164352,187.22734,263.996432,31.559742,45.857639,357.594103,514.304069,33.576663,48.184552
2909,0.226869,3,3,3,266.477516,136.733712,46.318918,42.934712,923.166767,808.501325,49.085069,40.095368,204.316817,325.527678,51.030347,33.698099,410.451233,631.636675,57.05877,44.372666
2912,0.657994,5,4,4,48.823508,27.173226,41.577344,41.614367,159.515346,138.811305,41.596946,41.605195,34.656503,56.864584,41.606682,41.566414,68.497493,89.890529,41.629474,41.627428
2916,0.838033,4,4,4,325.211255,168.082309,34.015181,40.064959,818.329262,677.21897,34.829773,40.080119,175.531089,328.418977,34.979924,39.256561,377.779692,522.35491,35.283677,40.348496
2917,0.324205,5,4,4,2.56298,2.725083,34.535703,34.535637,11.382118,12.855803,34.535622,34.535461,2.565443,3.130512,34.535757,34.535538,5.62213,5.330023,34.536152,34.536159
2918,0.261795,5,4,4,8.795671,17.235102,31.749515,31.72496,45.302179,53.857008,31.744744,31.7392,20.322218,12.160781,31.716756,31.743547,31.61957,22.30486,31.755238,31.756499
2920,1.224181,5,4,4,84.147365,43.96961,44.433913,49.910818,269.289212,227.245647,44.453603,49.901816,60.275661,98.949459,44.460946,49.857698,112.885162,155.115509,44.482249,49.92223
2923,1.242625,5,4,4,158.453687,246.566352,41.066722,45.389761,793.672801,833.458858,40.993339,45.511056,344.467884,204.027289,40.581683,45.534933,410.738551,421.747961,41.197355,45.748603
2928,0.030865,4,4,4,15.218818,3.8573,46.098336,8.446973,39.512368,26.049806,47.470921,8.359055,9.305946,17.214592,47.626396,7.430524,12.336185,17.571187,48.452221,8.469778
2929,0.289496,4,4,4,28.500341,125.093857,32.194802,30.443404,210.193297,329.209789,31.99672,31.55551,141.997879,79.867537,30.162833,31.638657,140.518464,98.995519,32.230591,32.254875
2935,0.172632,4,4,4,44.90899,55.681516,25.755743,47.398036,214.095717,232.671017,25.54665,47.367536,73.023631,56.668701,24.907753,47.476259,130.926089,98.827179,26.218047,48.404548
2936,0.502363,4,4,4,310.999364,215.656243,28.055133,46.632948,1076.484277,967.321088,29.803497,46.318021,258.756565,363.408877,30.358315,44.218121,458.94646,612.47136,33.950415,48.097962
2939,0.496551,4,4,4,137.950814,203.547908,47.665717,31.378218,515.338438,585.376673,47.804749,32.831037,198.466395,152.700514,47.025546,32.791058,311.850837,255.500146,48.386032,34.028952
2940,0.253092,4,3,3,323.071406,286.181519,46.933961,39.543969,913.54587,895.030722,47.720835,39.958268,346.723451,378.190329,46.894611,39.013426,438.499684,411.310227,48.417844,40.497219
2941,0.504224,4,3,3,462.398943,579.970558,42.40987,35.970746,1481.832469,1595.067532,44.528851,40.016608,630.420578,578.130291,39.361823,36.729226,698.279552,746.02408,48.066091,43.724237
2942,0.250481,3,4,4,116.5629,61.576767,41.509664,23.996206,367.885158,294.627786,42.314387,23.649423,102.670498,120.590481,42.10541,21.59531,150.829342,182.446155,43.497105,24.730162
2946,0.25349,4,4,4,33.568835,48.110001,30.66527,48.092419,131.833523,152.840774,30.679383,48.250574,48.028084,38.368151,30.533062,48.261703,74.740651,65.355873,30.797785,48.479778
2947,0.021557,5,4,4,1.943014,1.585548,49.831843,6.273568,4.20646,4.527719,49.899266,6.278231,1.536573,2.087228,49.872513,6.268178,1.830182,2.099146,49.925039,6.281489
2948,0.147179,5,4,4,22.719027,83.633931,49.662525,22.098382,125.929653,157.968646,49.463274,24.241644,96.917227,33.064342,46.429445,24.423938,120.037653,71.246522,49.746903,24.711581
2949,0.776898,5,4,4,380.359459,71.69711,43.690655,38.823515,711.409789,530.71127,45.296372,38.648871,129.720563,446.929016,45.527024,36.251259,326.63535,574.490695,45.732854,38.781729
2952,0.625911,5,4,4,71.101622,55.186768,40.161704,49.83575,184.357851,183.040319,40.237174,49.866634,58.898232,79.479353,40.210288,49.763141,75.472334,94.491981,40.283261,49.920149
2953,0.240827,5,4,4,136.848814,37.174767,46.947765,30.591744,258.481473,206.056602,49.216938,30.423683,54.102635,158.584049,49.444692,27.24536,116.579502,196.41562,49.860319,30.658293
2954,1.033052,5,4,4,176.310033,103.675215,49.607182,43.500684,561.689202,475.422375,49.730286,43.476023,148.242159,236.639661,49.720328,43.129319,202.849926,348.383048,49.915388,43.576242
2955,1.578079,5,4,4,203.304572,967.400791,60.67041,50.189656,1485.887328,1961.195168,60.222057,53.454453,1198.765322,379.088673,55.422121,53.936679,1606.97686,861.515165,60.56477,54.4881
2961,0.63513,4,3,3,712.049066,1180.920789,37.018144,31.288372,3369.67629,3691.478922,35.082987,36.579518,1412.516067,968.201167,25.942332,36.238377,2596.178221,1875.380104,42.016606,46.719368
2965,0.367491,4,3,3,719.670093,426.955994,13.311589,39.588285,2271.506339,2074.581961,18.095491,37.070229,592.736392,876.358496,17.833587,27.067466,1141.194288,1563.590168,30.32836,45.061013
2967,0.334157,4,4,4,85.558022,146.198454,47.783944,26.652272,458.419704,510.852005,47.329679,27.566809,189.411664,124.696134,45.715236,27.801383,305.908481,234.767278,48.266335,29.658837
2968,0.497703,4,3,3,559.827243,761.716801,48.823515,37.61104,2291.371484,2394.312855,48.920474,42.671188,875.130538,701.23796,40.974411,40.412481,1660.644966,1268.54691,56.444825,51.302481
2971,0.805715,4,4,4,589.501463,327.310717,35.80808,46.812415,2375.557284,2272.718362,36.01113,44.198248,510.575386,791.390551,37.448158,41.34123,1075.331641,1507.375202,40.634758,47.601123
2973,0.317369,4,3,3,591.343128,349.186973,59.56775,51.570022,1515.757214,1349.750897,61.924518,51.712418,471.853281,674.741445,61.198975,48.937036,772.798239,1024.980898,63.439992,52.544316
2974,0.258251,4,3,3,416.695387,455.904911,60.49552,47.898209,1105.997548,1138.727171,62.239874,49.70594,450.957303,417.836677,60.368727,48.600261,697.591947,617.103431,63.394849,50.691395
2975,0.280261,4,4,4,177.74357,349.034755,45.482396,11.413838,712.731182,823.808389,45.656411,20.053006,335.087798,191.865417,39.394322,21.29675,553.875121,418.526888,48.293608,27.21377
2978,0.178328,4,3,3,331.963293,183.848647,59.5745,62.262714,884.582783,783.077897,61.799617,62.17286,271.588306,396.415825,61.08903,58.611373,451.841104,602.540169,63.423728,63.261492
2980,1.335979,4,4,4,1219.587955,421.468265,31.176801,35.619304,2834.107287,2355.438845,34.461655,35.01809,644.944356,1398.246049,34.848772,30.461974,1101.339698,1691.114694,36.269505,36.08923
2981,0.601889,4,4,4,186.05268,527.740833,38.576304,42.66783,1065.538123,1262.504849,37.63646,46.716328,610.832008,289.905254,30.905179,47.196092,749.504809,501.278857,39.194868,49.107319
2984,0.506669,4,4,4,569.069439,217.745517,26.663902,46.629167,1326.495689,1110.933426,33.591907,45.741741,299.885549,626.814647,34.488193,38.235654,528.559094,792.772107,37.4211,47.856773
2986,0.349548,4,4,4,205.329862,253.183312,45.214336,29.086054,711.796792,681.912601,46.08539,31.9884,224.192531,172.799265,45.030869,32.054139,371.560791,371.972132,48.189801,33.992688
2987,0.098,4,4,4,57.431368,99.649143,17.039798,12.688209,312.877871,353.326709,15.203262,14.160191,115.649542,77.804603,11.701774,15.464324,195.125147,154.593325,18.98521,19.2525
2989,0.352997,4,4,4,93.973755,175.845453,26.137239,38.402098,315.621729,486.920441,26.465624,39.456329,191.648473,111.483059,23.434587,39.647813,190.447154,150.117611,26.98074,40.397236
2990,0.376306,4,4,4,151.647131,50.349227,47.615246,49.092137,486.20601,284.170293,48.241432,48.917411,98.577627,195.388051,48.623183,46.888224,146.676628,211.421391,49.259512,49.212171
2993,0.392369,4,3,3,480.146432,1184.001169,55.467222,36.710802,1937.520493,2584.000184,55.597948,46.075237,1204.646981,491.654797,44.053699,48.256953,1536.699297,969.449958,58.1439,50.907213
2996,0.423587,3,4,4,184.109431,205.712656,26.940885,33.851347,525.631487,533.864677,27.748723,34.906983,154.298313,177.828083,27.520547,34.421362,259.612059,258.091696,28.423311,35.613845
2997,0.341702,3,4,4,132.566772,81.562757,28.057748,39.096252,405.297211,367.001352,28.674871,38.996266,106.810608,114.420103,28.63675,38.714157,177.203985,216.37858,29.358204,39.547061
3000,0.886917,3,4,4,1083.248323,513.494438,36.160307,37.364131,2265.661831,1905.562176,43.745741,38.006702,516.22058,1137.772326,44.476389,28.304037,860.675812,1319.993368,47.273102,40.368018
3004,0.621913,5,3,3,678.001479,460.173596,57.869723,64.817051,1925.119272,1520.873426,58.517266,65.055367,482.402704,778.989772,58.547579,63.831648,955.907434,1080.792153,59.077245,65.416556
3005,0.734372,5,3,3,463.778568,789.161772,59.043966,62.542248,1634.183781,2160.083592,59.299465,64.114865,900.721156,469.966982,56.933595,64.491123,1227.207944,1043.41204,59.859979,65.367687
3007,0.534594,5,3,3,2468.356135,1672.915001,45.056446,46.53114,5826.044314,4820.414815,54.270762,50.244224,1675.407917,2496.238883,52.907186,40.756066,2700.216011,3069.16868,60.177533,53.75039
3008,0.935728,5,3,3,4089.075161,4073.095165,46.251407,43.140725,10719.374975,10838.919686,53.689559,50.143971,4418.104781,4265.62668,45.819462,43.364495,5639.182775,6549.590153,59.894262,55.873036
3011,0.61926,4,3,3,1083.008146,1816.983849,39.638583,35.908049,4426.705083,5148.660635,39.704754,41.368743,1958.729455,1417.764744,32.610128,40.540489,3300.337871,2489.28285,43.55724,47.626487
3015,0.495391,4,4,4,286.789013,145.994903,45.298194,32.725289,1186.444825,1058.660283,45.271448,29.681069,265.419537,343.41148,45.983382,27.238042,497.696339,579.234115,48.221258,33.613487
3016,0.119613,4,3,3,198.459728,370.671478,43.353979,23.608775,900.457931,1067.047509,42.4421,28.23184,390.315708,270.661812,35.018448,28.371729,683.192793,510.320487,46.825028,33.648272
3018,0.326051,4,4,4,174.235667,163.226419,45.724185,46.031561,541.296951,603.025937,46.835626,46.472202,144.422024,162.196161,46.719137,46.299448,326.111463,289.119318,48.223599,48.280065
3026,0.649273,4,4,4,281.751247,88.603948,46.595706,48.281811,1309.223837,1117.576787,46.127837,46.721565,271.15556,372.643862,46.901415,45.652418,503.785111,643.573095,48.329385,48.228281
3029,0.755187,4,4,4,1089.79404,775.143173,18.659096,48.896751,2768.763312,2628.049425,30.373051,51.663878,691.72697,1175.422049,30.98683,41.79974,1475.963596,1762.667106,42.48462,57.504935
3030,0.498589,4,4,4,508.343456,585.236374,49.004399,46.552148,1687.351001,1680.433651,52.00407,52.053022,678.042278,474.672179,44.771977,50.85912,1071.609881,994.385082,57.739242,57.923519
3032,0.630533,5,3,3,466.459154,1252.44378,54.184948,47.947999,2745.13957,3340.253534,53.002655,51.949672,1358.116327,703.642162,47.641519,53.016964,2178.328803,1475.029265,54.75736,55.107777
3033,0.479414,4,3,3,1422.232978,624.874103,43.560436,48.859731,3213.463303,2671.649779,53.082272,48.600337,650.472863,1455.154303,55.152171,38.793472,1339.840614,2056.589567,58.620449,51.493741
3042,0.072244,5,4,4,27.530743,78.039338,15.479955,41.772282,151.992294,186.965934,14.731348,47.133989,88.398928,38.254217,9.435172,48.349649,144.459794,89.759331,15.796307,50.350296
3043,0.331132,5,4,4,366.80759,127.198346,26.985261,59.116928,845.914721,687.2716,34.879748,57.97007,170.84422,411.283608,36.556134,48.659165,410.958549,657.419891,38.865753,59.724554
3045,1.057941,5,4,4,26.629861,51.336096,50.748369,44.345055,87.875692,117.664615,50.751329,44.362471,41.653853,25.574203,50.738886,44.364748,55.127666,50.140996,50.756007,44.370005
3048,1.295089,5,4,4,534.934415,1308.890439,51.29808,51.196452,2506.672015,3036.858427,50.707834,57.251343,1439.358717,631.908105,41.928887,58.410333,2355.257131,1467.918349,52.396578,60.489613
3052,0.495917,4,4,4,307.094469,718.412669,31.437991,42.138605,1691.697784,2107.858491,26.525395,48.805315,729.579458,459.277539,15.253361,51.226307,1272.440707,1118.750487,35.898941,57.605928
3053,0.255611,4,4,4,354.005272,149.116147,43.155688,55.199819,847.732133,674.325982,52.242314,54.48901,189.488785,334.147959,53.710195,45.5734,468.746336,494.922906,58.102541,57.989803
3055,0.255701,5,3,3,440.700919,445.329688,62.159118,49.238624,1147.023952,1164.509398,64.070925,50.795513,439.998246,433.214335,62.497744,49.636721,650.003205,677.401134,65.307294,51.7525
3056,0.175002,4,4,4,101.936131,181.75049,46.015085,10.338797,474.990545,516.589874,45.215561,15.016535,194.899931,121.994702,40.419546,15.955996,356.676399,292.979184,48.233852,21.292735
3057,0.486464,4,3,3,705.64592,878.452718,61.049316,52.744488,2372.76497,2632.090935,61.856192,54.260854,838.684968,789.100661,60.443358,53.635321,1464.089748,1438.268236,63.337396,55.886711
3061,0.204933,5,3,3,77.457009,216.354572,65.094363,62.636492,431.555938,581.213097,64.767727,64.206998,224.322186,123.604165,62.744469,64.599121,328.266419,282.552406,65.328828,65.37612
3062,0.759778,4,4,4,156.160116,79.309115,48.026278,48.369035,367.639983,361.779702,48.335837,48.340786,133.893153,97.340109,48.18204,48.326436,214.095498,165.591869,48.475879,48.485578
3063,0.103501,4,4,4,10.803919,21.272981,48.369036,48.026277,49.283601,50.08192,48.340787,48.335836,13.2602,18.239654,48.326436,48.182035,22.557826,29.165254,48.485578,48.475878
3071,0.297678,4,4,4,527.513971,601.34648,39.97007,12.768102,1498.027413,1651.132513,49.246857,21.429021,528.490887,498.773165,41.510497,17.893165,1007.533259,866.699347,60.141008,36.255294
3072,0.636801,4,4,4,1134.504676,890.563219,39.819267,29.232924,3322.542916,2880.693113,48.46747,34.99759,1030.656185,1082.267497,43.976177,25.600662,1837.661428,2003.600929,61.019805,45.783485
3073,0.400297,4,4,4,62.051482,108.051288,49.023279,35.269608,252.832578,277.951451,49.028856,35.725557,111.218434,73.179571,48.543564,35.711718,171.571359,139.21311,49.250173,35.976009
3074,0.502419,4,4,4,577.953811,588.067976,41.568876,31.93871,1565.489781,1624.160503,43.113331,33.682871,451.26894,508.449536,42.796402,32.984011,778.912289,926.302406,44.314934,34.953587
3081,0.704068,4,4,4,1191.262121,1295.278552,41.261924,12.769162,3232.52573,3039.974571,51.09635,26.781572,1166.220534,979.299159,43.373267,20.909299,1772.89094,1921.080958,61.60015,41.999085
3082,0.164265,4,3,3,233.725104,263.637747,43.855133,43.399622,524.272098,651.203705,45.060218,44.780729,204.481276,262.064213,44.393888,43.651286,372.20367,290.56441,45.473882,45.515818
3083,1.157685,4,4,4,1242.781033,541.507988,48.153728,44.467323,4847.973495,3512.797954,49.044604,38.955624,1081.671731,1311.420683,51.110207,31.086169,2392.461279,3546.958781,57.839025,44.368342
3089,0.770518,4,4,4,714.351063,522.822358,38.255769,53.997696,2583.698446,2148.776504,40.234457,54.014411,622.971417,586.688053,41.088548,53.453372,1249.175792,1478.360782,47.292726,58.009506
3092,0.433703,4,4,4,228.026692,238.97151,58.241111,41.075213,881.245593,843.903947,58.343967,41.322672,320.664319,266.153547,57.601784,40.975,434.260088,516.552499,59.068767,41.887265
3093,1.173077,4,4,4,480.848137,1660.932662,39.514819,35.454357,1807.097831,2433.866316,39.582991,39.30766,1546.478292,445.560216,36.390761,39.610478,1052.613384,810.692635,39.880701,39.900586
3094,0.709471,4,4,4,1444.559983,536.592153,49.028086,45.518022,2920.474609,2202.02918,56.156176,45.530216,539.12451,1260.717031,57.520853,39.03305,1030.772223,1253.494172,58.97523,47.091864
3100,1.005398,4,4,4,9.649073,14.019768,16.268524,16.268031,53.556856,56.668161,16.26816,16.268065,20.492979,49.632971,16.267212,16.259408,22.951103,29.335681,16.268929,16.268887
3101,0.504306,5,4,4,6.813081,8.319005,15.229411,16.746224,35.039084,38.017191,15.22901,16.745944,31.133946,11.474336,15.21753,16.745391,17.78847,11.392022,15.230031,16.747434
3105,0.497798,4,4,4,22.523522,157.516696,12.088253,12.759492,309.779762,405.404103,12.026433,12.927023,205.949625,52.95144,11.666127,13.01279,204.782884,148.374202,12.082094,13.038282
3107,0.298137,4,4,4,147.995013,233.414586,56.19348,30.072245,417.490237,447.346979,57.675842,35.553619,235.753794,159.697696,53.072131,34.06953,298.924027,248.787989,58.820067,36.914434
3108,0.257353,4,4,4,196.896114,192.950744,52.816921,28.682382,479.07595,502.739627,56.655872,32.436086,220.863142,207.417644,52.16873,28.504137,283.74531,297.86062,58.753295,34.688068
3111,1.79665,4,4,4,1334.750456,1758.904465,50.56847,53.402691,3217.354681,3202.679513,54.96036,61.158562,1716.644189,1135.923472,47.766092,59.208022,1572.799776,1654.277437,57.268587,63.336668
3114,0.978433,4,4,4,471.175606,133.253171,56.351799,49.838107,1110.811002,675.995705,58.155506,49.715223,305.744671,433.055515,58.019577,47.858866,316.055098,424.024919,59.120283,50.018104
3115,0.427497,4,4,4,308.759863,435.039282,57.462523,31.821053,744.475894,907.050284,61.262463,40.511695,354.678743,323.521761,56.542333,37.42222,462.110478,507.898774,63.226468,43.58471
3116,0.071704,4,4,4,21.812149,42.323847,57.953433,14.539784,86.13756,90.148559,58.043821,16.419268,51.007354,23.726766,54.085822,16.38702,56.035661,43.694774,58.947821,16.981646
3120,0.347417,4,4,4,336.899057,262.251513,53.557069,56.977859,625.114304,633.347453,61.115743,61.054601,227.10411,328.819281,58.938987,54.802556,322.397135,304.441207,63.332039,63.364484
3125,0.509186,4,3,3,806.331104,321.640313,39.416948,59.443394,1715.578659,1341.440351,50.506535,59.347003,340.797395,828.897057,52.703546,46.009783,757.272984,1111.202837,55.880259,62.3102
3126,0.434153,4,4,4,267.825525,687.988493,39.231466,43.033544,1126.720962,1452.373198,39.021054,56.096833,706.948895,279.581755,22.627458,59.061643,942.349108,638.209907,42.754129,62.895996
3129,1.030489,4,3,3,1308.564721,1504.478839,59.404952,54.748613,4942.797592,4655.336054,60.009837,56.80648,1797.725211,1490.061413,56.973388,55.320804,2222.008696,2637.998108,63.292107,59.415323
3132,0.250946,4,4,4,106.177586,53.923293,27.43678,43.998746,308.750964,222.168738,28.26153,43.998217,106.83796,102.935725,27.596529,43.052967,98.06339,103.021185,29.008146,44.424938
3135,0.37314,2,4,4,41.763015,240.625417,28.797491,39.591184,420.308364,597.388274,27.725712,41.97478,211.431785,184.83204,24.013226,41.325933,273.982089,187.08223,28.792068,43.521357
3138,0.212063,5,4,4,40.024416,132.234384,49.540216,46.413081,143.672185,285.575213,49.628577,48.842349,99.048053,64.731854,48.042857,49.069616,113.260373,117.414209,49.846547,49.840821
3141,0.630943,4,4,4,287.482328,91.926103,32.126254,40.236153,495.900503,439.180306,33.602321,40.169106,118.538269,294.732394,33.645512,38.805641,218.585166,336.52497,33.894782,40.372673
3142,0.211397,5,6,0,47.02602,0,38.359377,0,103.313238,0,38.706873,0,28.806455,0,38.68153,0,49.923584,0,38.843649,0
3143,0.338765,5,1,0,1513.532567,0,63.263983,0,3462.045094,0,70.057178,0,940.198697,0,69.823392,0,1917.462238,0,71.16886,0
3145,0.267665,5,6,0,193.226759,0,34.62914,0,467.940168,0,37.202113,0,138.692377,0,36.716817,0,225.097351,0,38.678182,0
3146,0.582748,5,1,0,1623.887974,0,78.096017,0,5359.284408,0,79.105094,0,1242.021113,0,79.374001,0,2951.723214,0,79.976201,0
3148,0.201866,4,4,4,249.420222,15.747583,45.558182,59.067338,575.435731,79.593995,53.815261,59.023314,240.134656,48.760091,47.35805,58.455563,319.276746,73.695151,58.358164,59.109897
3149,0.31088,5,6,0,23.03577,0,38.797293,0,120.411392,0,38.76142,0,73.974102,0,38.349724,0,112.620873,0,38.823159,0
3150,0.34717,4,5,5,6.397776,1.884148,48.49535,48.500445,10.362496,13.014366,48.500041,48.499519,2.960762,5.138549,48.499829,48.497658,4.765946,5.160902,48.500906,48.500892
3152,0.34835,4,6,0,548.482873,0,25.273092,0,1210.81304,0,33.371635,0,470.262435,0,28.572978,0,541.475502,0,38.281834,0
3155,0.204439,4,4,4,168.035741,254.551304,24.550363,45.404296,620.594474,765.916366,25.820338,50.697301,214.87033,230.533527,21.907029,48.288563,418.04696,472.442673,30.632794,57.535142
3156,0.130986,4,4,4,162.638366,110.088411,13.589656,51.732776,494.472601,403.415086,17.692608,53.056409,151.151389,137.448146,15.441889,49.450037,305.792935,269.674688,23.940361,57.848269
3159,1.165222,5,4,4,875.747299,538.680135,40.177641,58.39575,2339.622804,2645.787474,45.526303,57.455545,727.026908,1300.045347,43.64622,50.532102,928.472306,1660.640167,49.446786,60.268188
3160,0.599682,4,7,0,55.82878,0,59.050127,0,316.043328,0,58.959152,0,166.702619,0,58.381186,0,249.851637,0,59.105417,0
3164,1.308067,4,7,7,445.600142,106.883161,50.835619,59.074214,1351.150336,476.341315,51.403928,59.060324,293.135142,142.500908,51.599892,59.027193,646.863703,284.28646,52.025654,59.144137
3167,0.020883,4,4,4,11.277514,8.716479,38.083508,5.480373,35.784672,41.028002,38.971326,5.327156,8.420287,12.471515,39.192634,5.072897,16.928106,24.255298,40.287544,5.871731
3170,0.342808,5,4,4,95.060544,164.538768,49.129702,32.547422,282.87246,321.660149,49.493901,34.275631,139.08041,89.817706,48.472433,34.187332,169.125076,140.68261,49.857856,34.712628
3171,0.051829,4,4,4,24.010297,22.029226,38.653446,11.221548,82.420543,77.293938,39.159854,11.48174,20.295246,25.647966,39.258276,11.022657,36.117994,42.266874,40.326249,12.047464
3173,0.082605,4,4,4,33.73243,16.443651,17.423469,49.184215,154.535,137.02508,17.357293,48.842188,32.682659,46.594474,17.467712,48.521895,61.364891,82.428137,17.653927,49.231258
3174,0.928879,4,4,4,110.53451,235.391959,49.26061,49.113158,934.05043,1085.036479,49.126256,49.067082,321.88841,228.883796,48.992741,49.142,641.424577,452.994687,49.269238,49.287397
3177,0.097656,4,4,4,17.638369,18.75124,49.204854,19.557552,90.946446,92.498151,49.150671,19.533039,24.899072,22.144,49.130995,19.543938,39.10895,40.591397,49.293453,19.602778
3181,0.417262,5,4,4,162.461145,228.249758,36.830977,32.149846,999.247312,1026.903583,36.371901,31.911939,306.720239,269.744674,36.013595,31.847831,584.71631,474.931531,37.080164,33.179055
3184,1.363322,4,4,4,265.042917,284.199046,44.37323,49.173017,1253.534069,1205.162476,44.339863,49.16535,383.930871,306.55517,44.282502,49.168229,561.115595,585.9377,44.468382,49.291533
3188,0.959171,4,4,4,367.195462,668.31749,48.884715,48.013343,1628.319399,1806.27551,48.821505,48.71706,677.181898,395.687494,48.114531,48.870512,1039.498905,792.356601,49.218447,49.254014
3189,0.597075,5,4,4,229.347045,381.288764,44.439714,33.599078,999.929384,1215.242874,44.29094,35.01237,451.491447,262.086223,41.69457,35.660358,804.314672,593.175369,45.352821,37.007559
3190,0.296575,5,4,4,87.211831,62.081074,26.566403,26.87602,143.832217,129.476634,27.08669,27.10465,34.276781,65.741276,27.100066,26.87594,87.690991,137.23697,27.16573,27.14584
3191,0.282739,5,4,4,97.412405,49.420229,29.807238,30.570421,438.344323,350.070582,29.603259,30.05617,91.430691,151.125093,30.031101,28.604561,197.292427,250.040856,30.724358,30.667934
3197,0.499863,5,4,4,8.514842,15.679544,33.307221,33.301637,43.467075,55.075003,33.30596,33.303786,14.426389,12.87126,33.30357,33.304787,31.022452,27.578951,33.308848,33.309009
3200,0.340327,5,4,4,26.397602,48.490492,33.289458,25.638029,146.093046,169.21093,33.253332,25.67448,55.856962,41.660152,33.159168,25.682177,74.626933,74.876999,33.327527,25.758498
3201,0.234826,4,4,4,35.766082,20.325665,32.204873,22.862504,171.523918,134.405729,32.144807,22.788067,34.693831,41.193345,32.232359,22.73562,67.597903,80.051918,32.367531,22.89113
3202,0.447002,4,4,4,190.103952,205.749786,38.91171,29.989443,657.352734,696.772015,39.332223,30.577881,223.244014,172.921857,38.594025,30.662774,352.393252,309.841189,40.29553,31.713931
3207,1.013618,4,3,3,1020.156275,884.410362,46.371472,46.860358,2992.609808,2599.687281,47.359095,47.622196,904.104356,1180.516159,46.962945,46.000099,1418.938943,1682.131627,48.381276,48.33574
3208,0.29707,4,3,3,296.910318,303.048506,46.398265,46.318651,830.85204,919.457058,47.468332,47.254715,351.036373,299.393738,45.933956,46.577178,513.167799,466.075925,48.322702,48.352408
3213,0.274921,4,3,3,340.34208,321.070189,25.910277,45.715907,928.025686,995.954443,27.653541,46.835185,366.472076,337.817477,25.806579,45.747224,536.856612,512.138954,28.8042,48.295324
3217,0.567086,4,4,4,510.041837,252.414366,30.256926,35.534304,1510.042312,1382.325685,31.727124,35.170518,392.622372,615.081691,31.691791,33.526367,832.784948,950.463588,33.060165,35.845029
3218,0.421543,4,4,4,286.409674,550.433735,43.358536,29.845072,1305.502642,1518.352712,43.128508,31.984993,634.435757,363.505708,40.268045,32.225491,1017.672967,820.541702,44.109324,33.577546
3219,0.242269,4,4,4,142.206474,100.529539,41.462347,27.151195,500.573197,432.806797,42.198137,27.004031,117.529499,178.19989,42.543317,24.410886,244.048007,307.068901,44.214198,28.363771
3220,0.410382,4,3,3,273.731235,203.893811,47.799338,49.378866,748.396016,680.011829,49.802662,50.093762,223.32757,305.260198,49.236158,47.428229,383.897061,439.220045,51.352196,51.291376
3221,0.333647,4,4,4,50.187113,32.82658,33.950629,29.971194,83.289742,78.601375,34.129175,30.056831,24.728932,28.031158,34.118119,30.017653,40.896636,45.244945,34.158412,30.08991
3224,0.501149,4,3,3,330.876637,385.518533,36.310822,53.642506,1038.734543,1080.181513,38.166496,56.369993,411.209619,355.190711,34.720429,54.830094,608.881844,589.993105,40.423016,58.769412
3225,0.503303,4,3,3,411.417713,299.579138,47.278191,55.64438,1043.493782,952.553304,50.516907,56.957989,311.197998,416.663658,49.792216,53.48615,532.513358,606.922267,52.540802,58.751315
3231,0.457497,5,3,3,214.132962,216.237016,58.747954,38.252236,592.528046,652.400686,59.869427,39.253785,240.520956,239.662352,58.502492,38.045097,351.369986,339.387914,60.735879,40.245329
3233,0.480073,4,3,3,292.105116,685.885317,43.700644,28.892004,1303.485446,1519.859736,43.575898,31.687305,709.638685,366.886056,40.968521,31.826885,1009.818799,787.092699,44.234715,32.719764
3238,0.79142,4,4,4,67.969241,96.504713,40.366983,40.295293,197.737635,191.475139,40.403678,40.406006,55.478903,44.245289,40.396602,40.412803,71.638467,79.967704,40.440579,40.440017
3239,0.488095,4,4,4,69.228968,43.75674,32.221198,40.360537,150.642447,138.588307,32.344052,40.392872,36.184952,51.364946,32.350062,40.342725,55.624438,66.261542,32.388579,40.437768
3244,0.322994,4,4,4,87.449014,44.707521,28.795541,40.25526,267.013249,217.440674,29.074216,40.185843,55.821252,100.271806,29.187479,39.67284,130.279881,172.759499,29.369922,40.372295
3245,0.8096,4,4,4,55.034794,88.024894,35.12974,40.324126,234.611017,290.197666,35.126764,40.365005,93.829356,59.443965,35.064134,40.392334,181.995637,139.290113,35.160626,40.434792
3247,0.087369,4,4,4,82.858568,66.277718,6.452152,13.303862,196.044672,142.214297,10.424574,15.957125,45.684766,73.952331,10.939625,12.946864,69.97374,95.628362,13.361724,16.780898
3255,0.375764,4,3,3,372.566243,556.380147,46.428663,39.075892,1127.558697,1330.073922,47.324201,41.46345,560.148557,326.334151,44.623415,41.580608,825.627164,641.027407,48.219998,42.700612
3260,0.43131,4,4,4,348.988408,268.444306,26.575364,39.5825,1018.193549,974.877751,27.718042,39.762128,306.32808,362.643281,27.294016,39.092893,577.315607,659.827832,28.666224,40.30372
3265,0.397526,4,3,3,235.616698,289.750778,47.699983,47.323781,534.075631,666.837114,48.240413,48.104792,270.969892,162.155467,47.566415,48.144399,379.65547,263.762167,48.443028,48.471963
3268,0.464438,4,3,3,297.160977,186.503806,39.672559,36.850745,715.817738,532.406551,40.16138,36.994072,168.298621,260.513785,40.205187,36.652727,264.485067,332.131195,40.424887,37.11128
3271,0.26283,4,3,3,201.409325,114.717325,34.040858,40.066795,501.340925,375.253846,34.59931,40.199247,112.955893,190.149124,34.676586,39.572335,194.019064,253.003569,34.920143,40.39393
3273,0.121356,4,3,3,110.227914,228.058126,29.106435,35.155059,476.141272,589.564957,29.003782,38.077835,250.034521,135.970584,25.776562,38.498377,365.60481,286.264924,29.876721,40.175062
3277,0.495036,4,4,4,321.817521,420.170179,39.510003,27.489096,1235.438281,1270.464231,39.62397,28.633592,472.825615,365.526414,38.738396,28.295998,794.09426,790.353683,40.290637,29.720937
3280,0.376402,3,3,3,763.95881,377.06351,39.923731,45.288365,2057.983123,1467.638342,43.812728,45.507896,451.970622,760.757549,44.723014,40.640991,753.167498,978.85601,47.296849,47.134888
3281,0.139226,3,3,3,142.989643,279.405143,33.52266,40.060079,576.968394,795.420546,33.588331,43.514863,278.027096,173.475714,29.952129,44.530297,381.625833,294.778827,34.935928,47.268331
3287,0.413472,4,3,3,636.761411,342.644252,43.970029,42.000073,1190.583762,1300.630984,47.4109,42.186013,330.566849,712.550326,47.244233,38.804025,715.262635,1079.415747,48.32222,42.974111
3290,0.76821,4,4,4,142.192521,582.05566,40.118005,26.08842,1054.691966,1298.095093,39.464894,30.843433,618.048052,236.385381,36.157104,31.918634,1134.996025,696.507202,39.960611,32.726939
3291,0.910016,4,4,4,1153.463807,548.014094,36.927878,34.012262,3355.841111,3304.384231,41.739741,28.764826,786.27668,1371.256021,42.704208,18.927513,2084.957506,3366.196444,47.189923,34.525682
3301,0.086185,4,4,4,38.410467,22.236586,46.500786,47.77359,124.524319,114.731783,47.21168,47.393243,29.710489,41.459101,47.3787,46.429575,59.467076,83.18291,48.363591,48.241669
3307,0.808596,5,4,4,51.398667,34.921458,41.591378,36.045695,163.695515,134.833878,41.607251,36.047649,40.524494,34.733564,41.609008,36.047597,76.345771,106.502226,41.629987,36.058412
3308,0.489851,5,4,4,178.042509,501.025683,48.607656,29.043424,1141.398657,1332.33887,46.9699,34.031986,532.128321,274.225714,41.779482,35.506769,1062.890489,677.196053,48.790675,37.801435
3311,0.534234,4,4,4,85.740737,49.537877,30.174141,40.355082,228.586663,191.666976,30.357045,40.364872,55.047193,74.900292,30.372585,40.270363,114.495018,153.553289,30.46542,40.421246
3314,0.516662,4,4,4,137.056442,100.012956,34.68306,44.083164,560.314714,511.694064,34.69262,43.887191,131.495865,156.146605,34.803002,43.666464,236.768785,294.344995,35.298963,44.384369
3317,0.431197,5,3,3,743.16744,750.973075,62.159116,62.095251,1934.261577,1963.74782,64.070927,64.029629,741.982501,730.542586,62.497743,62.58172,1096.120287,1142.322254,65.307293,65.289994
3318,0.247156,5,3,3,430.447266,425.973185,62.095252,62.159115,1125.592792,1108.69169,64.02963,64.070927,418.736795,425.293995,62.581722,62.497742,654.763143,628.280822,65.289994,65.307291
3324,2.22083,4,4,4,133.694376,150.481741,44.429402,44.418678,523.759828,465.743153,44.433246,44.440987,128.81123,121.655355,44.43639,44.44005,212.053526,232.740701,44.469052,44.468479
3325,0.278929,4,4,4,54.085142,30.736813,44.081922,44.337919,215.66097,195.004276,44.104835,44.168328,40.768863,61.652748,44.266613,44.023799,81.263066,107.105993,44.44746,44.430545
3328,0.511699,4,4,4,250.404332,149.433862,28.778936,43.631369,882.052198,787.541086,29.74532,43.143522,192.514859,277.272209,30.494222,42.116088,358.539686,472.071937,32.189899,44.253664
3332,0.42452,5,4,4,97.431483,135.008978,49.367858,35.938828,395.261789,455.864492,49.383295,36.263265,143.210889,117.217825,48.893834,36.263314,264.884314,190.974369,49.818774,36.863208
3333,0.346643,4,4,4,43.772591,36.958143,48.311746,34.0587,124.990098,103.723455,48.406411,34.11482,29.511214,26.799079,48.420547,34.11436,48.212466,49.249478,48.494428,34.157485
3336,0.404103,5,4,4,48.684415,84.003691,36.296275,49.462923,211.278232,240.921454,36.281493,49.692734,83.254789,57.891545,36.077549,49.720983,151.630505,109.571781,36.396778,49.905142
3339,0.272444,4,4,4,34.403087,29.047268,48.311749,48.363634,98.236021,81.521494,48.40641,48.434596,23.194351,21.062748,48.420546,48.433993,37.892608,38.707648,48.494431,48.494157
3347,0.197156,4,4,4,76.706746,112.993301,46.941157,45.354929,346.033163,364.2185,46.657044,46.476439,114.225133,86.815694,45.604122,46.73826,229.26342,168.759697,48.132344,48.29434
3348,0.532216,4,4,4,339.737556,215.207974,33.967169,46.826677,1108.602716,1036.206461,35.45915,46.273771,262.309697,358.904869,35.857254,44.711107,510.343311,700.124889,37.868186,48.035926
3351,0.209804,4,4,4,76.918706,114.871479,27.406475,45.600894,341.448216,356.032232,27.195219,46.767293,111.096894,82.820526,26.287683,47.05896,227.675641,167.685968,28.407163,48.319486
3353,0.591138,4,4,4,167.178012,222.877726,47.6375,37.449882,654.344656,633.90621,47.715524,38.222875,192.775119,139.574923,47.488731,38.411015,433.023663,332.41023,48.347104,38.844689
3354,0.152526,4,4,4,54.032019,67.251725,47.188778,23.143287,158.392293,174.268284,47.803961,24.199581,50.836946,44.006981,47.446822,24.223592,84.611456,66.95975,48.410137,24.792508
3357,0.16554,4,4,4,73.639747,112.221973,46.507568,44.275519,342.467882,404.845196,46.015504,45.149543,135.645107,100.803979,43.198985,45.335479,207.854212,170.565083,48.074979,48.20759
3360,0.332351,4,4,4,118.640159,180.054464,32.473816,45.655195,548.179348,673.981436,32.136542,46.103393,219.267014,163.667107,29.86683,46.339476,346.552328,272.008695,33.49271,48.311149
3365,0.401828,4,4,4,221.79124,183.154641,41.774207,31.441279,595.151239,581.992892,43.234363,32.235216,244.6054,235.243017,41.57119,30.533926,311.597401,337.267372,44.314825,33.238063
3366,1.092217,4,4,4,295.56113,356.982408,47.705767,41.672549,800.070498,776.958474,48.139338,42.477986,333.370415,354.185003,47.606141,41.807358,382.500911,414.951117,48.463042,42.760698
3369,0.086546,5,4,4,14.063185,21.758214,41.389045,41.078792,43.236882,58.355597,41.492402,41.385472,24.172553,18.511801,41.026614,41.265429,21.174303,18.679602,41.617165,41.620416
3370,0.555664,5,4,4,146.835871,86.81848,41.024609,41.406436,353.677714,255.057377,41.410967,41.513164,113.561697,154.867279,41.295616,41.029038,109.504246,132.366107,41.622332,41.617922
3373,0.234282,5,4,4,42.959162,63.051043,26.917158,41.003462,128.072033,163.674682,27.034751,41.368355,65.099321,50.770913,26.647416,41.256286,55.568061,53.723116,27.147172,41.618939
3383,0.249233,4,3,3,333.835875,267.621173,46.789167,47.362515,910.042552,870.047956,47.703849,47.768104,328.850857,384.894667,47.001825,46.500906,413.857868,413.087244,48.424282,48.424553
3384,0.24434,4,3,3,268.007334,318.981207,47.316713,46.867971,839.820469,871.251969,47.789109,47.738442,370.297634,325.436811,46.568419,46.975686,394.117463,406.153755,48.428395,48.424133
3387,0.252397,4,3,3,347.44193,272.705907,39.066913,47.349334,982.407459,937.530461,39.819767,47.677906,343.719795,407.403493,39.244851,46.333445,444.877628,448.839633,40.469618,48.413635
3391,0.222817,3,4,4,125.819812,76.863269,40.644073,21.793373,508.507283,458.711511,40.740248,19.711118,119.430033,165.125317,41.167364,16.469764,245.433384,345.224472,43.27751,22.799148
3398,0.212293,4,3,3,193.560921,234.260977,34.26971,40.27842,617.63026,655.235343,36.123882,44.175748,256.944339,241.96651,31.908591,40.595125,286.350552,317.950538,39.005792,47.997021
3404,0.71222,5,4,4,78.311523,365.551748,45.652146,36.002271,556.159778,731.999268,45.421667,37.809192,435.294302,140.92405,42.970249,38.059756,569.730905,332.007819,45.620369,38.331263
3407,0.575579,4,4,4,362.603581,128.727798,29.259015,47.944585,951.349982,794.142278,32.978621,47.317208,209.315481,449.360508,33.696395,43.617725,443.218906,637.103542,35.36651,48.165094
3411,0.290984,4,3,3,390.370504,420.522842,17.872489,30.342639,1345.676295,1429.986626,20.568838,33.16384,441.26336,476.644756,16.808844,29.199739,783.286723,755.335379,28.255589,40.271162
3412,0.489585,3,4,4,424.428278,268.624253,37.449924,26.759712,1425.64535,1236.795618,39.225227,25.652873,339.638047,449.747994,39.764167,20.992078,785.828947,1070.649935,42.945588,29.719077
3415,0.666486,4,4,4,108.878869,155.078192,48.193066,47.901655,588.64137,629.834646,47.986621,47.916928,230.335875,167.477359,47.373448,47.879018,349.388573,277.693458,48.419378,48.448211
3422,0.319697,3,3,3,1441.905223,731.311926,20.879774,38.354183,3164.090765,2591.596357,32.309924,40.287337,642.594107,1385.706664,35.164188,27.574413,1331.825412,2035.753211,40.431313,45.360018
3425,0.529066,4,3,3,1131.250282,2283.780033,44.315968,34.190582,4134.119127,5005.497753,45.899572,48.47664,2216.339158,1009.033778,31.850458,51.950508,3257.383825,2167.676759,51.012632,58.054667
3429,0.145738,4,4,4,101.326942,101.137613,36.76195,12.74438,388.980591,422.180659,37.18402,12.617938,108.877604,104.755555,36.667334,12.944664,208.275669,228.425591,39.989826,17.720377
3432,0.185043,4,4,4,132.733646,247.246178,22.490739,36.022034,737.351808,784.857651,19.28109,40.039902,294.581325,171.589345,12.835151,41.983129,556.924566,396.475279,25.178445,47.342924
3433,0.347212,4,4,4,466.638246,255.466144,35.919246,43.635527,1499.541079,1414.787269,39.797487,40.559172,331.326595,559.932291,41.669826,33.581739,760.109815,1055.23595,47.295835,46.300562
3437,1.111757,4,4,4,979.609242,463.763985,35.665043,46.728411,2456.423336,1977.257452,39.95236,46.611936,503.744347,1015.099972,40.984043,42.147195,1300.40315,1662.863287,42.536194,47.909012
3440,0.511608,4,3,3,563.799676,713.950507,43.710766,44.855121,2281.585444,2338.747771,43.967131,49.034051,840.596288,712.675861,37.439419,46.03449,1617.389086,1268.221469,50.730177,57.584968
3443,0.293571,4,4,4,136.678918,183.036708,38.637212,25.375586,730.542576,694.457264,37.561217,25.852348,196.249684,158.988686,37.330798,26.419999,424.428531,353.695819,39.979868,28.342675
3449,0.174938,4,3,3,228.016558,518.972809,55.029729,31.265295,974.884996,1172.592749,54.746532,39.309938,530.9858,237.357545,44.296847,40.979073,750.449526,488.907836,57.955909,43.597851
3452,0.318376,5,4,4,146.575084,77.112036,58.414626,38.077181,528.777837,457.797669,58.949167,37.356425,118.291421,159.698157,59.391565,36.170401,173.003326,310.419769,60.797965,38.468826
3457,0.500364,5,3,3,1562.123517,2258.493347,52.177053,45.556336,4304.195828,4975.090892,56.497352,55.232308,2211.665812,1445.348067,47.196376,53.922818,2604.420125,2028.484288,60.135609,60.422298
3458,0.704937,5,3,3,3180.27837,2342.166289,41.448784,51.255209,7314.216548,6451.672301,50.305146,55.991514,2227.786277,3122.59065,48.397153,47.153088,3019.618127,3790.223578,55.485439,60.087666
3461,0.498442,5,3,3,1628.88711,2255.570451,51.50785,39.889431,4576.96332,5433.343174,55.962993,48.155223,2270.387023,1648.950012,46.580501,46.191612,2867.71324,2576.115309,59.977823,53.491571
3471,0.410798,4,3,3,1266.764588,667.615925,35.007675,38.788422,3647.100937,3074.009056,40.576445,37.827462,918.576494,1337.783266,40.834232,30.775979,1750.004006,2344.17345,47.526567,41.808895
3472,0.501823,4,4,4,257.124967,224.666579,45.926045,30.945072,887.631399,975.734301,46.630675,30.571699,217.879013,258.46697,46.783207,30.347467,530.404381,483.293238,48.19312,33.906091
3473,0.252051,4,4,4,299.679209,586.058179,55.065281,12.242226,1428.010864,1660.347745,53.872815,18.573738,631.40305,425.679674,46.404985,18.62127,1106.275793,863.250576,57.683288,28.129567
3479,0.748531,4,4,4,1338.57028,484.167402,50.93459,46.500044,3523.45282,2849.910894,55.340746,45.127442,785.745934,1394.577547,56.201021,38.828797,1878.055431,2594.841515,58.641222,46.9174
3487,0.579101,5,4,4,188.289362,384.324967,39.135025,46.770348,902.637297,1043.933157,38.756428,48.86738,389.255263,224.396925,36.220255,49.398097,767.931448,543.577545,39.776111,50.51747
3488,0.47012,4,4,4,369.637703,874.084874,52.517057,18.077563,1903.804595,2358.019625,49.567503,27.909223,935.488374,506.29749,35.587979,31.522152,1765.329955,1189.249444,55.236385,41.066733
3490,1.192051,4,4,4,502.79524,607.781869,58.55221,50.653198,2105.960905,2278.622345,58.5324,50.795405,749.655999,763.194089,58.006243,50.316913,1587.868422,1295.937831,59.003252,51.399549
3491,0.482097,4,4,4,836.37187,373.699002,37.70637,36.071025,2256.081054,1818.61509,47.149857,33.622516,476.689122,861.695847,50.332153,20.59886,1179.151494,1743.318461,57.355764,39.383862
3492,0.28408,4,4,4,240.201904,285.695539,22.656556,20.723381,904.256056,969.88566,23.49806,22.849476,318.901891,252.42508,20.056579,22.73128,688.06282,383.956951,27.178215,27.993881
3493,0.433005,4,4,4,252.898812,599.114441,55.191577,24.188946,1142.468553,1435.352122,54.48785,34.32282,565.624338,321.149405,45.588202,36.042683,837.24435,794.056082,57.992799,41.00098
3499,1.068857,5,4,4,2343.087599,1108.817698,39.70134,59.432023,6346.242362,5166.92162,44.773393,59.054862,1546.73733,2503.985629,45.194086,55.155045,3184.630608,4747.606856,48.494922,60.221227
3500,1.210054,5,4,4,1246.447373,2651.428635,41.778371,33.377762,5817.952021,7162.336411,39.309822,44.44748,2834.02876,1743.066274,22.721452,45.673225,5365.736255,3586.608857,47.466177,58.437299
3502,0.499654,4,4,4,277.94219,150.858002,39.82465,57.970141,578.872011,561.422742,42.691027,58.17471,141.6134,335.027566,42.78504,54.583243,281.233089,350.779135,43.567624,58.986801
3506,0.36899,4,4,4,196.008574,216.616307,38.152152,37.705393,630.778517,575.415695,38.977774,39.205255,273.760801,203.531295,36.712171,38.230906,328.128729,343.85828,40.257777,40.240627
3508,0.078812,4,4,4,73.6051,16.012121,10.96513,40.055676,138.15232,117.089112,14.832638,39.311064,25.683064,68.364081,15.385892,35.577347,48.685065,74.258702,15.885753,40.236364
3509,0.198436,4,4,4,38.806858,180.747376,24.819443,34.647274,292.422118,341.017853,24.095334,38.963539,168.52805,63.5054,20.109649,39.627961,181.713271,122.273782,24.957678,40.350532
3512,0.103502,4,4,4,86.9497,34.673051,8.461058,39.456302,254.561672,253.574191,11.164569,37.63955,57.330065,89.498429,11.995561,35.602922,111.153819,110.295402,14.790621,40.182272
3514,0.294592,4,3,3,1006.13866,395.520437,43.35662,48.279557,2650.316896,2353.913945,53.027602,44.688147,565.560639,1210.696996,55.805907,31.094395,1177.382709,1237.488878,62.512661,51.160416
3515,0.251558,2,3,3,416.786149,811.148231,44.594433,25.507677,2145.183273,2395.887661,43.177485,30.939569,1043.104262,570.393768,35.491211,31.962602,1138.55579,1085.143563,46.945494,38.897329
3524,0.646231,4,4,4,454.262301,1207.84313,43.286173,29.396594,2081.88878,2576.461804,43.027327,34.641947,1275.405338,517.703147,37.85736,35.495852,1840.583308,1015.526239,43.976965,36.721391
3527,0.705507,5,4,4,203.379897,291.928073,49.884939,36.116842,485.773118,547.042587,50.443677,38.23145,221.979856,154.2848,49.834109,38.124096,326.330636,246.374881,50.694351,38.687524
3529,0.984973,4,4,4,1307.74165,1099.169878,44.074623,47.478554,4207.82034,4055.648359,48.722813,49.310832,1415.246714,1555.547389,43.603457,41.458706,2155.266582,2443.861571,57.691265,57.307581
3530,0.510156,4,4,4,569.302921,677.330371,47.478554,44.074622,2100.578359,2179.394158,49.310837,48.722814,805.678622,733.011434,41.458709,43.603459,1265.77116,1116.296567,57.307581,57.691263
3533,0.628489,4,4,4,924.085858,744.950774,26.546382,46.367091,2927.592209,2783.244902,32.545732,48.122316,953.12469,1087.55285,27.187497,39.232465,1485.599632,1716.94569,44.45981,56.949694
3537,0.692756,4,4,4,177.051558,547.683662,58.288329,52.455349,577.514432,773.087069,58.597149,58.187234,530.174186,132.921701,53.403242,58.703218,597.116997,402.800523,58.904582,59.038825
3544,0.389741,4,3,3,503.279478,1106.254246,50.7916,47.881233,2687.259617,2749.373087,48.553584,56.517114,1312.792055,594.021408,37.808296,58.358482,1283.885765,1343.926942,53.896084,62.78653
3550,0.984142,4,4,4,12.883703,10.722132,16.268141,16.268394,27.955045,34.19566,16.268746,16.268627,7.968579,17.942798,16.268692,16.267555,11.244353,14.263172,16.268981,16.26897
3551,0.806309,4,4,4,356.804142,263.977795,47.29954,48.154036,967.312259,857.015776,48.378843,48.566662,249.579283,315.445561,48.372979,47.864889,404.102427,524.070567,49.230609,49.182064
3553,0.753594,5,4,4,9.865526,8.210332,16.746678,16.746921,21.406208,26.184877,16.747257,16.747144,6.101835,13.739462,16.747205,16.746117,8.610216,10.921836,16.747483,16.747473
3559,0.52024,5,4,4,10.887878,11.473638,15.270791,16.745284,35.495349,38.625985,15.271425,16.745988,10.645581,14.093252,15.271038,16.744562,18.334781,20.161153,15.27241,16.747313
3562,0.562009,5,4,4,28.646758,51.778985,60.860442,45.865067,122.360252,140.995965,60.857595,45.918461,47.001788,29.924479,60.809162,45.931539,92.965724,68.809788,60.889336,45.955362
3567,0.776216,5,4,4,207.716163,107.366583,41.137121,49.712179,616.965185,541.915359,41.479903,49.611134,131.023485,207.432538,41.598046,49.258603,294.189363,390.424138,41.816867,49.855254
3571,0.391805,5,4,4,190.092415,263.108351,47.686023,45.924291,506.724167,555.888423,48.920945,48.731952,254.829259,131.137206,46.50518,48.908879,393.314718,277.663859,49.659996,49.7891
3573,0.273362,5,4,4,183.087067,124.703245,45.942689,47.923677,383.020899,344.251067,48.759376,48.969649,86.917608,179.008611,49.001752,46.463713,187.76454,274.372533,49.797061,49.660076
3578,0.269138,5,4,4,115.145948,220.153811,48.145456,26.045768,393.700515,463.549474,48.662283,30.467921,225.202393,100.397824,44.627043,30.952173,357.423592,228.2017,49.473953,31.936909
3579,0.684706,5,4,4,48.878226,102.397749,60.825026,47.811553,263.576699,299.980482,60.774943,47.941473,100.68211,58.700299,60.635355,47.996946,203.203007,147.71118,60.867627,48.059784
3582,0.635589,4,4,4,749.383306,447.568853,27.631077,43.988469,1669.525988,1444.102727,35.352274,45.560386,416.513002,586.806412,35.580776,42.02986,862.715595,1020.551008,39.012393,47.824772
3583,0.175682,5,4,4,105.996478,74.554572,38.868045,40.168472,224.070785,263.224352,40.814645,40.529637,49.873345,141.366011,41.007881,37.497667,90.032509,176.299675,41.570085,41.409584
3584,0.34145,5,6,0,81.703141,0,38.286074,0,138.405733,0,38.752549,0,91.286642,0,38.225369,0,115.890046,0,38.827446,0
3589,1.756947,5,1,0,7426.078139,0,72.498088,0,19495.032368,0,78.300669,0,4419.939824,0,78.893865,0,10477.738073,0,79.958069,0
3593,0.255383,4,4,4,434.102189,351.75458,51.593718,53.863254,985.850645,848.541639,56.485718,57.126048,371.754458,349.049427,53.880261,54.428411,478.47665,475.364467,58.861023,58.864689
3594,1.77452,3,1,0,9887.686131,0,58.14921,0,24882.753655,0,74.902295,0,6602.321222,0,74.35741,0,12823.883081,0,79.886431,0
3595,1.105391,4,7,0,102.908851,0,59.050129,0,582.560746,0,58.959148,0,307.281924,0,58.381189,0,460.550004,0,59.105415,0
3596,0.258025,4,6,0,69.13708,0,38.150946,0,222.411639,0,38.413345,0,95.603848,0,37.696509,0,129.155881,0,38.791957,0
3597,3.163792,4,1,0,9082.666604,0,79.382418,0,42490.903987,0,79.042397,0,13348.521337,0,78.104339,0,24474.635365,0,79.970227,0
3598,0.438253,4,6,0,291.390604,0,35.183391,0,941.755582,0,36.455532,0,336.249784,0,34.602043,0,525.094614,0,38.505362,0
3605,0.463876,4,6,0,447.387943,0,32.066793,0,898.696976,0,36.863158,0,264.350805,0,36.319947,0,412.462934,0,38.657981,0
3606,2.455711,5,1,0,5779.978234,0,79.735024,0,28910.895916,0,79.481214,0,8939.763721,0,79.0219,0,16802.929161,0,79.983447,0
3613,0.292112,5,4,4,79.765558,28.061118,40.986124,29.097686,157.585823,122.990692,41.470472,29.088682,32.955111,96.099328,41.52296,28.412262,85.098521,137.270444,41.611137,29.126326
3614,0.224094,5,4,4,25.345195,68.222204,41.50985,26.043835,113.842438,145.586006,41.487893,26.561292,80.190804,31.052613,40.670709,26.617194,119.216217,77.648832,41.565497,26.714973
3617,0.647373,5,3,3,303.005346,305.982652,58.747954,58.709048,838.447121,923.168921,59.869425,59.666791,340.345245,339.130292,58.502491,58.518088,497.200352,480.245317,60.735879,60.746319
3622,0.508982,5,3,3,144.224551,421.664202,41.475619,40.45749,540.504629,673.94195,41.501236,41.433201,418.476265,145.743263,40.590096,41.488889,582.973079,360.391176,41.568186,41.606688
3623,0.488408,5,3,3,404.473759,138.248635,40.458269,41.475932,646.986043,518.778847,41.433033,41.501175,139.868196,401.576513,41.488857,40.59002,345.869927,559.617341,41.606679,41.568141
3626,0.427379,3,4,4,388.921638,276.101466,36.946631,39.856654,969.361322,891.522866,40.771386,41.164069,334.528987,384.039874,38.882206,37.660322,469.704831,571.252396,43.278874,43.135757
3630,0.29386,4,4,4,74.325436,136.694431,31.836876,30.302257,342.776977,383.120835,31.675109,31.474641,118.782418,118.018298,31.015381,31.03429,209.399529,194.63887,32.333678,32.34855
3633,0.498801,4,4,4,613.99843,331.818253,23.504935,31.00253,1636.20261,1372.0618,29.400527,30.970212,423.254036,582.930244,29.339585,25.254389,787.2783,1021.624489,34.530571,34.142807
3636,0.267844,3,4,4,147.644556,96.735874,40.767772,28.053142,427.902215,441.874371,42.099297,27.756633,135.497931,172.821599,41.407765,25.733113,237.323,304.032272,43.386202,29.020757
3641,0.442212,5,4,4,65.73319,132.201166,37.091828,49.009436,201.058096,219.740846,37.184473,49.761185,74.947609,96.433139,37.058475,49.470978,116.211571,123.146964,37.280492,49.90398
3644,0.497425,5,4,4,45.34261,47.106867,35.803068,45.683661,127.426856,122.093776,35.841502,45.739973,48.367124,47.365661,35.801988,45.692658,47.415035,46.690895,35.872936,45.777265
3648,0.502565,5,4,4,24.71467,42.493592,38.441554,49.84276,143.046659,153.624054,38.419725,49.861295,58.614477,39.303759,38.350807,49.861929,89.618056,68.157918,38.456813,49.921504
3656,0.498604,4,4,4,199.851473,127.477757,31.141007,39.846703,475.90989,406.086831,32.067384,40.074736,111.042298,177.646691,32.14957,39.44813,216.794751,290.514914,32.489643,40.359837
3662,0.458964,3,4,4,424.960206,158.964397,40.089228,30.79524,1045.418876,819.228995,44.441828,29.576314,243.723094,465.792881,44.940987,19.598637,455.567768,550.062865,47.261026,32.31614
3666,0.681181,5,3,3,2976.721403,2965.088455,32.248381,36.266741,7803.376474,7890.401359,42.894898,46.978255,3216.244882,3105.245498,31.703968,36.571946,4105.15224,4767.900911,53.870697,58.098837
3667,0.214603,3,3,3,963.309411,703.020015,41.444892,36.777307,2198.226083,1928.284175,51.321085,41.179332,663.677139,939.684448,49.29682,32.953197,898.968169,1135.442247,57.420976,44.785838
3673,0.371324,5,4,4,28.759211,14.442194,50.684059,50.737274,89.27872,76.335037,50.714327,50.725304,19.046565,35.147431,50.727066,50.661253,45.127807,67.252957,50.752051,50.746439
3678,0.504745,2,4,4,595.243468,728.437392,17.611043,42.510361,1689.771124,1823.855701,26.177678,52.800032,702.436742,641.374697,15.150881,46.93282,976.640197,1125.395796,38.509995,60.536659
3679,0.034659,4,4,4,45.204507,25.908695,47.824117,57.087887,93.791265,76.312727,58.394284,59.999858,28.012071,40.820439,56.850542,51.142396,48.770131,48.130971,62.955286,62.972252
3682,0.249545,2,4,4,26.5011,42.579553,31.645922,22.763919,88.958303,108.340414,31.679328,22.899365,40.723855,32.518824,31.539503,22.869506,37.104819,36.406135,31.744303,22.975498
3683,0.320007,2,4,4,50.687513,159.784749,39.373222,26.476998,269.759085,294.503941,39.201316,28.433887,127.061898,57.583226,38.266738,28.637908,138.214966,103.073916,39.596107,28.883823
3686,0.210578,5,4,4,46.871383,40.753195,50.219895,29.156391,260.496702,213.44474,49.815089,28.953357,71.741609,64.963735,49.686716,28.734262,131.688493,113.503176,50.645992,29.406876
3692,0.309831,5,6,0,137.213508,0,37.070121,0,474.141357,0,37.560235,0,173.397089,0,36.400393,0,316.051379,0,38.598146,0
3704,1.258942,4,4,4,130.028572,132.891029,48.37166,43.352742,570.336355,577.355614,48.355208,43.339082,194.209625,163.542703,48.252947,43.310493,283.522053,308.087282,48.484585,43.459473
3716,0.367661,3,3,3,1218.828108,684.125834,47.363526,32.06695,3838.974723,3384.799818,51.102654,30.331601,967.26672,1397.084786,51.33433,23.245636,1627.140521,2138.613987,57.357946,35.259063
3722,0.468383,3,3,3,787.489621,334.902356,41.947118,33.090175,1697.50333,1391.640312,45.762837,33.068214,390.998035,729.112164,46.08979,29.389462,749.224851,925.560968,47.384251,34.050857
3727,0.48835,3,3,3,1247.303986,872.038816,22.3938,41.356204,2786.387816,2632.557809,30.289216,43.904232,955.616952,1340.697232,27.300154,36.459086,1448.914725,1665.82251,34.180817,46.858979
3731,0.386713,3,3,3,942.179395,663.869093,37.4329,41.748429,2132.114199,2027.435677,43.757645,44.078319,742.091254,1034.069904,41.202832,36.878947,1126.224346,1275.472516,47.036338,46.901193
3733,0.460908,5,4,4,34.112304,70.109903,41.577611,32.571792,154.892691,173.375849,41.566421,32.690354,68.385456,37.666577,41.448485,32.709259,106.296772,78.894638,41.618793,32.750595
3741,0.867212,4,4,4,391.018177,199.761295,39.424077,47.912877,1023.971513,865.663513,40.667281,47.853723,221.379728,401.702705,40.919404,46.567344,475.900863,637.180096,41.455396,48.346224
3747,0.332939,5,4,4,111.854541,103.795222,48.786739,33.535147,257.837727,274.982483,49.542771,34.077272,122.51051,106.602947,48.712829,33.590552,151.227589,130.635745,49.867965,34.405464
3750,0.930762,5,4,4,370.156775,160.36012,48.369199,42.705727,677.832639,495.383018,49.584891,42.836411,195.42631,353.09948,49.502409,41.722321,178.369205,290.362892,49.915934,42.982224
3757,0.240523,3,3,3,387.754543,221.335434,38.813378,24.101627,1053.352103,999.374074,41.289602,23.756999,250.522625,467.50224,41.593411,19.508997,513.147557,758.49098,43.337987,25.319732
3763,0.518369,4,4,4,40.978318,99.564651,49.2276,48.881969,172.442772,213.830401,49.224261,49.182695,101.288608,52.007502,48.912802,49.195127,155.244224,105.641278,49.278125,49.292998
3767,0.554268,5,4,4,25.735587,47.434935,60.86687,60.794241,110.361457,128.440131,60.864214,60.852265,44.047015,27.662837,60.817554,60.865907,84.674515,61.774555,60.89083,60.894963
3770,0.683053,4,4,4,340.639284,923.044759,46.048576,25.609306,1474.629361,1893.541651,45.817422,35.438047,970.219262,353.640661,35.951546,37.515634,1219.679924,842.807265,47.676113,39.606699
3782,0.657574,5,4,4,134.639607,85.924593,40.795219,41.044176,185.741187,187.486444,41.166744,41.165869,52.819125,146.920863,41.156393,40.768998,87.525982,103.354183,41.20907,41.207397
3783,0.360738,5,4,4,95.131217,95.997588,41.026934,30.365232,281.656635,271.115127,41.306714,30.667753,114.292866,73.349626,40.865656,30.639346,135.143263,122.269212,41.598062,30.90504
3784,0.519302,4,4,4,139.699696,149.90331,29.345322,32.064323,383.942592,390.442219,29.876874,32.498115,164.995321,154.760563,29.105108,32.100022,169.736262,182.537122,30.235895,32.758313
3791,0.491833,3,3,3,862.211221,1189.01092,37.719849,37.550064,2683.88551,2783.163743,39.870281,43.581504,1332.774957,982.565097,33.064962,40.770451,1665.941612,1514.941773,42.669517,46.979311
3796,0.311696,3,4,4,395.487169,223.152056,11.191106,42.677758,1175.532309,1193.177949,16.562002,40.040784,305.926188,471.018154,16.366672,33.404986,753.936284,1157.827373,26.240376,44.230752
3803,0.568291,5,4,4,145.241382,449.283433,60.064687,54.430246,473.754622,634.189472,60.360822,59.967696,434.919818,109.040168,55.351206,60.462483,489.835269,330.430893,60.655416,60.783992
3811,0.408933,5,4,4,104.51325,323.296785,60.064685,54.430243,340.90584,456.352053,60.360823,59.967694,312.960969,78.463467,55.351206,60.462483,352.477203,237.772501,60.655413,60.783988
3812,0.390174,5,6,0,99.826806,0,38.209524,0,348.04329,0,38.383672,0,140.059208,0,37.762563,0,199.234613,0,38.789335,0
3814,1.81376,5,1,0,3813.499362,0,79.272776,0,16366.774534,0,79.161539,0,9229.272754,0,68.872674,0,13962.377935,0,79.898392,0
3815,1.144237,5,1,0,2340.728377,0,79.338233,0,11445.158627,0,78.806776,0,4382.985586,0,75.449761,0,7647.023957,0,79.937759,0
3816,0.296647,5,6,0,95.710913,0,37.858574,0,479.376331,0,37.423758,0,523.314287,0,24.309286,0,449.064035,0,38.309789,0
3817,0.560692,5,1,0,898.677565,0,79.714834,0,4750.24346,0,79.324958,0,1833.93081,0,77.304999,0,3175.196682,0,79.964954,0
3818,1.778453,5,1,0,3424.312553,0,79.462833,0,17941.207562,0,78.771492,0,8954.397418,0,69.219635,0,12763.60254,0,79.920318,0
3819,0.204842,4,6,0,254.958835,0,28.915034,0,580.92637,0,34.954422,0,241.652867,0,30.391012,0,323.175619,0,38.265525,0
3820,0.525938,4,1,0,973.694062,0,79.44919,0,5102.010014,0,78.740174,0,2522.919331,0,69.280762,0,3584.026678,0,79.921755,0
3822,0.378048,4,6,0,123.402332,0,37.836772,0,376.606599,0,38.274127,0,133.954722,0,37.788579,0,206.108305,0,38.779993,0
3823,0.783702,5,1,0,2576.280443,0,79.161425,0,10465.288195,0,79.199595,0,2885.502197,0,78.983173,0,5675.117444,0,79.979858,0
3824,0.43448,5,6,0,93.705524,0,38.387629,0,239.252422,0,38.668097,0,78.200671,0,38.55815,0,109.101972,0,38.841631,0
3825,0.893941,4,1,0,2368.305855,0,79.531731,0,11096.029257,0,79.269436,0,3098.709762,0,79.030153,0,6165.913154,0,79.980002,0
3828,0.358489,4,4,4,86.068351,56.004004,25.163135,36.356825,459.467674,431.22317,25.052747,36.226867,98.765742,126.090729,25.135359,36.175458,158.655167,187.86866,25.298562,36.397573
3831,0.33619,4,3,3,119.046631,120.766639,44.193108,38.933628,798.819427,814.00292,43.773373,38.55872,192.321571,213.216159,43.854386,38.536691,295.593155,308.895634,44.426564,39.13188
3832,0.465418,3,3,3,135.469276,141.765795,43.392985,39.590743,1127.68529,1373.939052,42.821834,38.782953,249.495136,324.17461,43.012601,38.933606,367.997932,502.636572,43.560055,39.725377
3833,0.105955,3,4,4,49.731583,38.870212,31.32045,13.535227,328.591118,259.396647,30.715445,12.949421,83.605073,68.094783,30.735389,12.908522,121.687027,95.477595,31.681519,13.804098
3839,0.451168,4,4,4,60.260263,107.591446,40.395831,31.753587,518.737181,600.250917,40.252176,31.652978,162.910109,110.409142,40.164605,31.760842,254.03892,194.908858,40.422088,31.862646
3840,0.253166,3,4,4,53.092837,31.747744,39.215661,26.851184,225.652062,218.681433,39.189034,26.610666,45.679829,71.250167,39.356151,26.376402,80.552032,106.885387,39.622109,26.943389
3843,0.623301,4,4,4,58.055997,60.410471,33.777388,40.347392,658.990222,707.790608,33.278413,39.756018,159.186529,141.511112,33.345985,40.014344,247.884061,233.48043,33.819959,40.407033
3845,0.28493,4,4,4,49.645739,75.267309,48.153239,31.449767,226.073365,243.459527,48.080574,31.711146,90.375846,66.512373,47.539674,31.657458,137.775738,119.52519,48.430979,32.070985
3846,0.454926,4,4,4,193.623433,235.992346,56.916862,39.239,593.602625,593.470543,57.85813,41.340491,214.176722,181.087578,56.730517,40.827064,323.25952,307.34952,58.982796,42.434683
3847,0.372861,5,4,4,234.779777,157.195197,56.538799,38.841904,412.359253,376.671677,59.983306,40.216859,121.809708,188.652684,59.712324,38.247463,204.717694,251.067011,60.795941,40.763704
3848,0.512402,4,4,4,16.287043,29.108877,40.431481,32.67265,91.17046,109.096352,40.422359,32.677326,29.862854,18.188746,40.410322,32.690431,61.27745,48.323062,40.438889,32.698217
3854,0.386007,4,4,4,103.641604,129.726947,58.204083,57.708071,460.758915,456.461422,58.057005,58.076112,169.237924,131.378664,57.026894,57.823141,240.519708,249.730631,59.021847,59.011651
3857,1.51247,4,4,4,295.467949,262.697243,50.456467,59.046425,1434.596779,1329.287888,50.39521,58.992139,441.856459,420.956332,50.299108,58.911001,671.353143,798.778961,50.590228,59.132916
3859,0.390108,4,4,4,34.995788,23.857407,30.783919,40.403087,255.84803,222.233021,30.640446,40.255434,51.457698,57.276392,30.722546,40.254621,95.589436,96.530464,30.837188,40.426633
3860,0.121797,4,4,4,3.420751,9.082837,40.433893,40.384841,40.382223,56.247981,40.375731,40.316924,13.275239,8.824195,40.335828,40.393603,24.395495,19.256636,40.432046,40.43601
3862,0.214944,4,4,4,14.277741,4.364978,59.091696,32.400868,46.286829,37.526471,59.116616,32.389693,6.1674,18.505357,59.147555,32.34749,14.721606,16.319508,59.157913,32.402957
3865,0.403605,3,4,4,15.705087,16.735051,39.632117,39.629825,214.685118,208.134105,39.475871,39.485784,43.283548,42.273998,39.540141,39.544944,56.844356,49.759791,39.644071,39.645394
3866,0.212449,4,4,4,3.179336,6.44763,25.740479,40.432449,71.687536,84.503878,25.696529,40.347993,17.151996,13.088309,25.702854,40.406689,21.048196,16.326196,25.740412,40.441226
3869,0.276462,4,4,4,20.616744,7.764618,40.384843,28.102002,127.674897,91.661888,40.316927,28.060024,20.029665,30.132899,40.393603,28.028669,43.709819,55.374295,40.436011,28.100793
3871,0.607656,4,4,4,22.347422,34.862464,33.708734,40.433521,292.787613,385.843398,33.681757,40.381044,72.356366,63.019929,33.684028,40.416821,124.695744,108.262316,33.709515,40.440651
3875,0.16772,5,4,4,105.887549,70.874877,25.24483,58.774985,185.929254,169.452805,28.50563,60.12615,54.876156,84.858049,28.279997,58.240438,91.280895,112.744306,29.097737,60.747259
3877,0.401151,4,3,3,208.692954,209.969601,43.896644,39.439109,1116.013693,1026.67931,43.534409,39.243883,338.624105,317.629716,43.1979,38.950101,500.04627,551.619957,44.383899,39.853223
3878,0.303722,4,4,4,122.332099,71.844951,57.132375,31.124391,368.901971,389.94491,58.020644,30.287333,96.679977,143.288742,57.979603,28.218844,191.009946,172.937091,59.019399,32.017158
3882,0.410131,4,3,3,211.995228,154.485218,43.903547,44.158615,1039.440069,986.468773,43.683901,43.757258,244.496095,338.591346,43.804809,43.249152,400.249631,476.047584,44.416617,44.395038
3883,0.553689,4,3,3,176.095854,231.163267,44.244333,44.091527,1119.101487,1154.611671,43.956106,43.924949,367.899442,278.404864,43.6549,43.987192,525.864601,442.155373,44.419403,44.434153
3887,0.749438,5,4,4,226.273905,46.562672,59.759337,48.91803,421.758809,404.98972,60.643248,48.760218,59.151673,253.482,60.818613,47.73698,230.146,210.556591,60.865458,48.941181
3889,2.293528,4,4,4,97.953785,567.385516,59.130465,54.103587,869.19899,833.1578,59.033199,54.801386,603.369744,118.898857,58.333228,54.875752,489.456754,556.518084,59.141922,54.889852
3892,0.951638,4,4,4,235.421437,40.643302,58.339915,59.13047,345.696534,360.650861,59.042988,59.033204,49.333899,250.352129,59.121723,58.333233,230.912287,203.086982,59.136935,59.141926
3898,0.237082,4,4,4,26.297464,22.132939,29.955132,48.394205,171.668014,182.434379,29.789403,48.104149,36.659794,46.732238,29.876074,48.107005,70.197673,71.388251,30.039517,48.472505
3899,0.24154,3,4,4,51.284859,51.952373,25.005604,47.003769,375.613242,368.081389,23.276703,46.049355,92.818228,84.938394,23.47092,46.32113,146.184009,141.972286,25.586611,47.442811
3900,1.458058,5,4,4,168.861508,255.519516,60.712347,53.732271,717.745623,803.421685,60.700716,53.891256,222.267901,167.104311,60.61669,53.968697,449.54454,349.986539,60.8652,54.100132
3901,0.309131,4,4,4,213.604359,140.665025,53.832579,35.140845,431.427923,377.196543,57.685078,36.585676,105.911539,172.787796,57.806623,34.280108,217.887429,277.836293,58.985492,37.382277
3903,1.005767,5,4,4,371.545624,549.079733,49.878365,47.977053,844.073702,961.418158,51.030076,50.879413,441.086324,261.553827,49.458108,50.801036,652.968526,526.597781,51.414043,51.457018
3909,0.636218,4,4,4,0,0,49.306801,49.306801,0,0,49.306801,49.306801,0,0,49.306801,49.306801,0,0,49.306801,49.306801
3911,0.533751,4,4,4,259.608689,112.176189,38.488324,32.572389,572.346383,528.753449,39.825804,32.453319,156.283273,246.070888,39.752487,31.315033,341.589615,340.698289,40.343647,32.869342
3912,0.867283,3,4,4,188.029668,336.142201,40.30636,39.170752,824.270244,846.245144,40.236509,40.204475,322.203415,259.694964,39.465736,39.940146,490.707728,540.962437,40.746562,40.728056
3913,6.854584,5,4,4,257.991009,980.753525,65.496071,63.397574,1166.847059,1553.0016,65.491406,63.645894,1023.248434,364.205546,65.227041,63.653583,1214.272553,828.530326,65.50693,63.68748
3922,3.52036,5,4,4,124.375664,511.989614,60.880281,60.611212,573.463675,771.748927,60.875554,60.857037,522.083481,170.699817,60.631057,60.867724,610.481884,408.852669,60.888336,60.894555
3926,1.673414,5,4,4,129.328202,173.590814,54.826808,60.747687,512.426175,566.205735,54.83249,60.802087,140.295449,124.775138,54.823004,60.826941,326.521794,262.70913,54.892835,60.890343
3928,1.169059,5,4,4,30.09518,62.281317,60.889193,52.632502,100.117375,106.113377,60.892792,52.662395,53.103334,44.512723,60.871487,52.652019,64.647058,57.100815,60.898672,52.668099
3936,0.331992,5,6,0,0,0,38.859998,0,0,0,38.859998,0,0,0,38.859998,0,0,0,38.859998,0
3937,0.074747,5,4,4,0,0,50.757002,50.757002,0,0,50.757002,50.757002,0,0,50.757002,50.757002,0,0,50.757002,50.757002
3938,2.24622,5,1,0,10535.327615,0,69.657197,0,24053.244519,0,78.494223,0,6540.17908,0,78.179731,0,13244.416934,0,79.959686,0
3939,0.257327,5,6,0,0,0,38.86,0,0,0,38.86,0,0,0,38.86,0,0,0,38.86,0
3940,0.586735,5,1,0,2751.930593,0,69.657199,0,6282.942673,0,78.494222,0,1708.358729,0,78.17973,0,3459.571214,0,79.959689,0
3941,3.93612,5,1,0,18461.381045,0,69.657197,0,42149.245726,0,78.49422,0,11460.558467,0,78.179729,0,23208.602208,0,79.959689,0
3942,0.497808,5,1,0,1740.778902,0,75.929859,0,4268.13187,0,79.296662,0,1192.930453,0,79.063498,0,2378.060937,0,79.980582,0
3943,0.353362,5,6,0,64.311658,0,38.516706,0,229.496221,0,38.5979,0,49.181719,0,38.67424,0,114.000484,0,38.830436,0
3944,0.196195,5,6,0,234.132398,0,29.495143,0,418.774932,0,36.484207,0,101.094356,0,36.738185,0,219.592496,0,38.548071,0
3947,0.050201,5,4,4,5.192646,22.577398,65.357025,62.957738,19.204322,101.481318,65.387041,62.514771,6.965609,73.005363,65.264887,48.914807,11.495013,102.098886,65.498716,64.197312
3948,0.104004,5,4,4,30.412913,118.510077,64.363883,52.921515,163.094095,214.629819,63.631901,62.400284,129.972314,46.744433,52.22761,63.214889,185.820093,114.517496,64.481357,65.101974
3951,0.486683,5,4,4,152.940402,164.14896,64.197829,64.012041,530.573979,481.423237,64.559887,64.71983,185.844915,154.225968,63.812721,64.312721,255.555064,323.431478,65.417126,65.359203
3959,0.26568,5,6,0,0,0,38.860001,0,0,0,38.860001,0,0,0,38.860001,0,0,0,38.860001,0
3960,0.264044,5,6,0,0,0,38.859999,0,0,0,38.859999,0,0,0,38.859999,0,0,0,38.859999,0
3961,0.526574,5,1,0,1107.141039,0,79.272774,0,4751.627321,0,79.161536,0,2679.456754,0,68.872672,0,4053.579178,0,79.898394,0
3962,4.05408,5,1,0,8523.855601,0,79.272775,0,36582.678938,0,79.161531,0,20629.081269,0,68.872669,0,31208.420946,0,79.89839,0
3963,0.46802,5,6,0,154.519053,0,37.815017,0,709.557162,0,37.582368,0,624.594563,0,28.737284,0,892.215223,0,38.013901,0
3964,0.39131,5,1,0,693.550929,0,79.596343,0,2937.793059,0,79.554909,0,1468.94925,0,75.741233,0,2266.336849,0,79.96211,0
3968,0.625293,3,3,3,387.860091,550.803408,33.28251,41.493051,1557.505639,1776.928484,33.450178,43.551243,674.241663,588.991202,28.140952,41.39319,1022.643649,1007.443422,36.248664,46.928915
3969,0.572061,3,3,3,571.686969,370.714097,27.65772,43.968085,1952.038905,1715.34479,29.988886,43.161334,575.628674,724.540777,28.340783,37.706059,1055.396689,1084.211544,35.335007,46.708368
3971,0.495838,3,3,3,372.064246,494.566943,42.92913,26.424575,1563.320427,1702.307075,42.766367,28.653446,610.107671,531.110751,38.127894,26.226694,1065.661038,1030.239611,46.486331,33.853305
3972,0.473661,3,3,3,530.422759,974.690917,44.786093,25.570867,2138.628848,2272.890515,44.888323,31.242812,1072.742175,672.547668,39.263623,30.26918,1364.722421,1022.104037,47.046598,34.117629
3973,0.295167,3,3,3,662.921,390.063079,38.610025,25.624428,1734.020731,1671.194648,43.314878,25.322671,504.734531,760.903589,42.314019,18.591853,776.903651,1004.320481,47.125363,28.856043
3976,0.727681,5,7,7,55.589049,42.944014,48.621805,60.856409,144.220083,147.02621,48.655723,60.869294,42.380583,51.796809,48.648895,60.844176,73.182544,65.449004,48.67582,60.897207
3979,0.5018,5,7,7,24.08714,30.26361,39.92844,44.613141,53.395588,65.124416,39.946451,44.636448,28.789602,11.550094,39.921128,44.641,37.744356,31.286997,39.951812,44.64433
3981,0.026838,5,3,3,23.380561,37.141284,15.654927,38.656356,59.295606,71.372199,15.938205,40.892518,34.44215,22.515284,15.213356,40.550462,50.576193,35.356258,16.052151,41.548642
3985,0.365004,4,7,7,215.40431,208.084897,36.26524,55.905879,413.108654,490.069175,39.074102,57.992266,171.891903,192.729247,37.811113,56.604896,268.477123,216.528417,39.689972,59.053281
3986,0.286303,5,4,4,209.604445,181.754741,37.754527,25.790975,288.410635,324.081877,41.106397,28.406758,96.980807,103.77044,40.763961,28.07123,130.309039,118.787606,41.582664,28.958635
3987,0.48052,3,4,4,228.969756,312.22371,45.170658,32.166024,673.10641,674.659445,46.265296,35.401844,256.160588,203.868208,44.922775,34.915477,323.445832,343.659432,47.411409,36.538209
3988,0.500192,3,4,4,313.253205,484.9037,43.682561,27.884927,898.466428,938.77143,45.522502,34.73173,418.245103,244.053464,41.800274,34.682077,500.47216,383.155446,47.256637,36.851248
3989,0.499578,3,4,4,481.376144,271.97608,39.600365,33.776725,980.823293,876.709287,45.167968,35.005129,243.856988,460.353864,45.308694,29.376354,384.883477,501.145042,47.371032,36.733819
3993,0.698943,5,4,4,267.929048,257.051115,40.418219,40.507694,426.654333,467.599597,41.427805,41.3891,171.966048,159.239658,41.154859,41.219133,215.999753,205.689282,41.608604,41.610725
3994,0.300721,3,3,3,621.807528,425.036236,27.3504,16.360351,2115.981947,1753.426305,31.404193,16.329335,601.106475,618.559066,29.328985,11.098782,1244.54925,1325.384846,44.049701,25.592897
3995,0.525639,3,3,3,1245.683585,1896.45525,42.505412,24.063867,4646.825754,5260.082529,43.291352,29.490426,2080.646431,1647.815309,37.085417,27.093281,3396.31845,2864.076245,46.482137,34.612517
3997,0.249112,3,3,3,693.679059,460.749815,40.947695,24.264313,1917.332587,1823.959797,44.207633,24.50639,575.520555,831.036812,43.170699,19.079541,1010.787525,1208.613584,47.102933,26.997977
4001,0.503234,3,3,3,348.841127,495.51956,30.559822,40.283535,1486.26833,1636.584295,30.26988,42.506987,593.318409,480.543264,24.931019,41.252635,1012.241126,975.266653,34.05009,46.672628
4004,0.258002,3,4,4,164.785477,185.264195,43.547767,42.65286,570.852879,584.178734,44.598306,44.474572,190.972509,177.389467,42.872157,43.431031,327.541124,307.764988,47.090447,47.141292
4005,0.375057,3,4,4,316.725899,217.999291,41.124739,44.157223,868.787521,787.95803,44.347694,44.859309,238.411822,308.01195,43.958392,41.971051,396.518273,503.57966,47.224491,47.039392
4008,0.325853,3,4,4,191.952312,191.646015,44.076203,44.08596,722.869428,711.162206,44.584505,44.669604,226.570522,230.818502,43.350051,43.212933,412.368125,419.087991,47.093185,47.079078
4011,0.763698,3,3,3,651.440248,372.965255,34.213009,43.050981,2495.480943,2263.360681,34.42302,42.468383,621.845195,853.843894,34.505616,41.31943,1211.6388,1441.557514,35.656484,43.39211
4013,0.184606,3,3,3,385.525759,201.57613,9.194882,20.703903,1236.907499,1085.727502,11.572107,19.164102,295.679018,460.039171,12.19407,14.229718,555.626059,793.649152,16.685975,22.133337
4014,0.779007,3,3,3,603.746972,1095.925031,39.122216,22.95327,3299.979613,3701.159498,36.453514,26.217365,1324.873453,867.951618,29.923088,27.539751,2473.157819,1703.26959,41.602352,34.922292
4022,0.275069,3,4,4,133.066154,147.428923,21.010258,37.199892,450.450081,455.664909,22.132696,38.191532,171.833072,140.32478,19.433064,37.625979,221.510381,231.391694,24.252181,39.473756
4023,0.205669,3,4,4,96.801163,57.737384,37.709648,38.900148,230.802744,199.704701,38.940456,39.108707,55.827009,108.062297,39.017079,37.515564,98.279469,116.886589,39.589644,39.566144
4026,0.493476,3,4,4,188.75295,312.194685,42.13802,39.990599,1074.15293,1192.989509,40.9713,40.433453,401.502541,286.754443,38.563915,40.789873,806.759041,576.477971,42.922709,43.239716
4027,0.283383,3,4,4,277.174507,158.375744,14.123736,40.697692,991.736673,899.711641,16.204115,38.534955,235.945127,353.009554,17.292986,33.710751,470.979294,621.705279,25.201582,42.429292
4034,0.174741,3,3,3,226.87978,243.780925,40.305345,39.864715,782.014768,827.39638,41.197929,40.942735,272.356668,281.756186,39.501315,39.255579,419.940413,403.049725,43.271975,43.29642
4035,0.26508,3,3,3,400.519067,356.945519,33.599353,40.088204,1408.328686,1331.065043,34.522095,40.650297,453.907608,468.005622,33.123493,38.533378,695.140687,717.388241,37.010382,43.189711
4039,0.250887,3,3,3,338.782462,310.421155,34.002405,40.573589,1079.621365,1092.821632,35.139761,41.311964,344.553557,406.430269,34.215911,39.220734,537.312435,568.079635,36.811763,43.306832
4042,0.294934,3,3,3,216.881262,590.518936,42.422592,31.747276,1176.258628,1525.934537,41.649097,35.167634,675.579892,353.071558,35.86588,35.644678,766.895142,508.251246,43.219465,37.73197
4043,0.230113,3,3,3,498.410293,192.894295,35.851442,35.300688,1199.349009,942.995639,40.449528,34.831569,273.321486,555.342328,41.0578,29.16604,496.927323,735.211641,43.331919,36.080063
4045,0.114519,3,3,3,123.602276,133.403528,37.492665,37.177058,363.145134,368.951201,38.483942,38.449346,122.862526,132.066737,37.724782,37.457199,132.567727,123.576044,39.575117,39.584456
4046,0.251573,3,3,3,302.964456,298.333541,37.026494,37.097291,859.416961,831.758694,38.312719,38.390745,305.252475,281.325069,37.248297,37.575284,285.466197,306.641622,39.577897,39.567419
4049,0.253434,3,3,3,283.804411,272.608169,32.20481,37.505793,799.53684,778.847329,33.21249,38.549502,249.169317,300.66907,32.788041,37.342948,268.219277,282.189486,34.130642,39.580442
4051,0.279839,3,4,4,173.460042,173.570699,29.213619,16.910205,498.579928,549.735756,30.416119,18.643499,166.370877,153.003653,29.618912,18.194218,248.111428,202.148435,31.59412,21.189474
4052,0.250132,3,3,3,212.77531,582.404575,42.06046,29.316323,1049.899577,1366.260234,41.459861,34.082933,643.061331,296.850483,34.370682,34.861767,844.512599,550.777642,42.978451,36.783572
4053,0.189578,3,3,3,533.307336,244.710909,37.444495,34.061644,1380.78367,1090.878106,40.820886,33.859561,310.331009,620.30755,41.416778,29.227862,550.911167,815.124267,43.38163,34.954604
4056,0.250262,3,3,3,301.385711,296.778928,22.042625,37.097291,854.938547,827.424407,23.450916,38.390748,303.661807,279.859087,22.291326,37.575285,283.978636,305.043715,24.642209,39.567421
4060,0.560095,3,4,4,326.105083,154.629565,31.991211,42.800747,956.32827,749.631238,33.61287,42.51727,248.630211,333.299536,33.57477,40.668709,379.780229,496.426191,35.236637,43.386076
4061,0.254134,3,3,3,197.563183,193.868865,42.295331,25.200533,534.474199,555.155296,43.002841,25.804753,216.143221,195.237619,42.214297,25.313276,139.588292,154.561561,43.579997,26.31143
4062,0.418159,3,3,3,227.932564,559.330255,42.925494,27.446405,1000.913676,1264.801742,42.839323,30.047953,537.096141,282.397702,40.677682,30.33143,643.674398,497.863502,43.458687,31.105116
4063,0.101115,3,3,3,194.315706,115.65078,28.008104,15.628059,464.922884,392.883921,29.475002,15.913664,121.823984,191.73014,29.445414,14.323229,156.415899,185.716693,30.219005,16.419798
4067,0.245178,3,3,3,194.187962,178.246654,35.780945,42.447175,527.475601,529.730738,36.390585,42.971899,202.414715,196.345687,35.813565,42.359769,131.567788,161.489232,36.875695,43.571758
4073,0.189921,3,4,4,135.602157,70.07857,14.741388,24.595434,365.444647,298.088194,18.54794,24.509076,101.768226,157.41702,17.9873,20.39675,133.516059,176.816049,21.754256,25.654597
4074,0.614065,3,4,4,365.493198,620.792252,40.35624,27.044989,1707.799903,1961.296066,39.557134,30.260147,720.992537,510.197164,34.543881,30.142539,1356.468542,997.954432,42.414326,35.305193
4075,0.212028,3,4,4,185.116887,105.202789,13.244098,24.663085,621.937381,531.358634,15.792891,23.512939,154.238322,196.948978,16.208164,20.240189,334.979997,454.587131,22.230757,25.967908
4079,0.542241,3,4,4,556.586637,206.764016,27.661421,45.964616,1353.586008,1048.029359,33.695345,45.23445,307.43015,605.549359,34.532277,38.397653,565.982465,714.650171,37.367197,47.056919
4081,0.125371,3,7,0,133.671055,0,14.523691,0,326.960067,0,16.829856,0,86.839065,0,16.742626,0,143.990473,0,17.95579,0
4085,0.497554,3,3,3,920.39928,666.483685,26.460055,35.921943,2997.494657,2470.024107,30.909063,37.588928,923.111665,875.19743,27.546868,31.970986,1905.049512,1970.063097,40.541145,44.312619
4087,0.460085,3,3,3,440.589119,475.415824,40.603329,35.73694,1807.315479,1723.486995,40.646012,37.121984,622.365904,568.83199,36.694032,34.171824,1095.226372,939.266837,46.264527,42.152871
4088,0.4912,3,4,4,223.473717,370.256358,45.361721,24.341341,1008.268568,995.790596,44.969169,29.324238,440.484652,339.770335,41.093978,26.350581,331.136687,258.907785,47.411008,33.439003
4089,0.296162,3,3,3,666.051637,403.993493,38.591445,37.453715,1870.482062,1617.997715,42.753426,37.619988,622.675497,689.339751,40.186352,33.12572,880.311068,1062.95153,47.016243,40.219626
4090,0.104251,3,3,3,141.214005,216.528003,36.423173,23.465476,491.821905,543.105028,37.249237,26.475579,230.879649,152.353511,32.979706,26.10706,334.793479,259.58125,39.135385,28.343864
4091,0.089229,3,3,3,213.978716,130.948065,21.050072,24.642505,626.824033,412.975795,23.80626,25.684553,211.962927,146.729563,21.69312,24.352017,295.66235,242.199103,26.925751,27.035221
4092,0.064497,3,7,0,51.123899,0,46.075249,0,150.408239,0,46.759828,0,54.195947,0,46.071995,0,90.878604,0,47.41965,0
4095,0.246581,3,3,3,338.557621,505.050803,36.346117,33.197766,1135.507068,1248.617036,37.350723,36.927331,530.075546,354.644552,33.287561,36.407377,765.552859,596.89978,39.167002,39.347585
4098,0.485687,3,4,4,172.657574,175.108749,42.322328,42.288686,894.000239,987.675929,41.656486,41.272995,254.006836,290.890105,41.272452,40.635046,494.825235,438.192513,43.321664,43.37877
4100,0.544152,3,4,4,134.557664,119.574122,42.949437,43.078592,767.712326,653.291985,42.406338,42.715173,199.108088,181.892909,42.387318,42.574255,370.662998,430.605471,43.470022,43.427366
4103,0.23124,3,4,4,136.597867,116.777062,18.648709,41.177862,548.581677,581.347059,18.887258,40.207954,153.095247,186.752568,18.076648,38.62629,285.263857,274.166536,23.526796,43.229514
4105,0.502366,3,3,3,403.164069,987.885989,46.041274,36.611599,1710.222518,2102.424074,45.956467,41.251949,917.194569,473.455085,41.705433,41.710486,1167.569273,899.431499,47.214136,43.174453
4106,0.519051,3,4,4,281.337978,302.937534,44.552359,28.255586,944.509597,1008.907966,45.474138,30.219366,326.385008,285.896027,44.026217,29.405262,576.022595,476.758717,47.193301,33.769501
4107,0.492617,3,3,3,1076.297508,440.199046,35.745596,38.453743,2471.943876,2096.036233,40.65381,37.982226,539.147168,1084.403022,41.4054,33.179498,1055.660838,1389.162401,43.335777,39.587608
4118,0.725196,5,4,4,185.573208,572.348082,60.062735,54.449047,604.949508,809.057499,60.360164,59.968189,554.567323,139.555507,55.35868,60.460051,623.991859,421.542174,60.656219,60.784048
4119,0.222692,5,4,4,176.057248,56.914625,54.43024,60.064684,248.514957,185.646585,59.96769,60.360822,42.728733,170.428688,60.462485,55.351204,129.483416,191.947984,60.783986,60.655413
4123,0.497107,3,4,4,402.874635,289.308631,50.677525,38.530658,908.267282,886.747141,55.449136,40.488434,252.508088,365.243911,55.062139,36.779483,544.195024,727.611806,57.575965,42.30752
4125,0.504058,3,3,3,403.62606,267.346127,42.0177,46.851071,1333.663352,1131.626946,42.475479,46.814044,363.745036,491.158332,42.370597,45.611339,486.734263,575.511581,43.310978,47.462517
4127,0.298931,3,3,3,496.952683,279.561554,41.353548,38.646305,1316.931165,1119.806895,44.25559,38.730522,370.555583,499.66935,43.817573,35.968388,664.040345,937.763094,46.456731,39.835102
4131,0.654193,3,3,3,460.83778,577.436608,43.173641,45.753495,1939.059999,2154.953133,43.128607,46.050056,724.668934,629.917722,41.994071,45.652905,900.793237,819.007043,44.148068,47.445815
4132,0.464063,3,3,3,389.539153,274.508754,45.911453,46.692966,1435.332788,1257.402114,46.214498,46.504902,394.209931,490.953745,46.042134,45.298922,526.720115,611.444459,47.463491,47.435219
4133,0.676883,3,4,4,373.843379,166.914552,44.450537,38.601659,823.732542,622.804938,46.560361,38.722239,204.363659,327.131765,46.624208,36.98715,293.492466,353.259257,47.489809,39.201666
4134,0.498212,3,4,4,165.585386,337.15676,38.623911,27.962102,629.163441,722.732523,38.765995,30.869705,314.038855,179.128813,36.69915,30.950612,301.822834,251.854934,39.555349,31.953101
4135,0.496956,5,4,4,188.169488,175.305768,48.503985,37.15235,342.46297,348.342129,49.618808,38.090795,127.402434,138.901463,49.308716,37.693416,170.738663,161.633362,49.892452,38.341191
4136,0.650124,3,4,4,351.125155,342.816195,44.571375,35.968626,687.249612,750.443265,46.788958,38.127186,278.141411,321.229435,45.786952,36.607458,361.235124,380.946533,47.453649,38.904291
4139,0.319209,3,4,4,206.989781,127.742793,28.456357,45.817768,443.847961,330.670086,31.672124,46.817251,112.564843,165.234639,31.70577,45.058087,151.290723,184.689632,32.813962,47.445964
4140,0.496713,3,4,4,317.780679,200.831566,36.302982,30.491507,730.385982,680.603999,38.478327,30.9742,206.806121,296.623898,38.251296,29.118355,299.528471,297.800024,39.556172,31.912217
4142,0.507295,3,4,4,298.886751,419.537021,53.761485,34.702478,922.068144,946.070195,55.473151,40.479272,380.384452,261.803034,52.16649,40.052998,754.444414,564.143274,57.245393,42.814255
4149,0.502549,3,4,4,217.147682,149.610104,32.720865,42.680213,558.13357,511.888965,33.868663,42.948987,152.736707,233.132224,33.770998,41.726199,202.399833,241.639884,34.558009,43.532843
4150,0.456983,3,4,4,121.603955,162.307936,33.195797,42.324442,393.96637,418.461504,33.467218,43.066768,171.670743,123.793849,32.639371,42.906653,166.457636,142.785826,33.867486,43.570367
4153,0.498681,3,4,4,410.474898,342.267877,41.390379,31.989488,1140.248569,1120.744602,44.420605,33.746156,311.265913,417.437025,44.071789,30.534074,695.981696,923.725047,47.000892,36.085355
4155,0.481651,5,4,4,68.510133,119.121778,41.443204,32.562471,167.748354,170.948929,41.56179,33.000657,122.369777,43.967802,41.125186,33.00063,99.37464,75.139541,41.621405,33.055023
4156,0.49869,3,4,4,225.734087,216.670065,30.141195,30.286513,504.708046,525.803215,31.462354,31.414813,194.852357,225.707736,30.765016,30.341237,200.548953,200.593075,31.979103,31.979087
4157,0.495006,3,4,4,5.468563,6.541405,15.949342,14.543286,17.870851,20.175423,15.949576,14.543628,6.12127,4.209178,15.949269,14.54378,12.859404,12.081265,15.949904,14.544015
4161,0.497871,5,4,4,64.078943,105.813534,33.149951,41.228623,140.422854,137.902567,33.24546,41.586712,111.779625,39.0866,32.917864,41.577425,79.464506,62.206852,33.278041,41.628222
4164,0.236947,3,3,3,310.624248,133.299474,36.602744,38.999303,699.591671,569.504071,38.628066,38.952895,190.485521,314.677272,38.514097,36.830722,338.674128,442.55226,39.538325,39.464693
4165,0.20095,5,3,3,113.048341,263.433568,33.909947,38.92844,482.983831,593.308254,33.87719,40.733369,266.870849,161.546566,32.302332,40.632619,375.318803,287.222052,34.231303,41.534618
4166,0.501767,3,3,3,1419.187715,2297.433578,49.738999,36.014721,5292.698535,5945.895096,50.984602,44.096904,2453.952804,1818.292714,40.795191,41.567097,3700.30343,3038.853044,56.336187,50.865565
4167,0.854052,3,4,4,61.887871,60.96384,38.934446,36.709561,461.641377,483.877036,38.806262,36.515593,109.488172,118.488213,38.833715,36.540966,228.46837,205.125363,38.972774,36.758406
4168,0.525379,3,3,3,2387.015288,1483.022828,36.380782,44.56249,5885.535624,5197.03082,45.01749,46.383726,1854.806359,2506.406414,42.196786,36.5614,3058.679452,3749.140692,51.180068,50.739628
4172,0.64291,3,3,3,1764.606422,2868.871401,34.290704,41.577547,6738.110309,7553.036493,35.385289,49.621013,3075.832564,2277.154772,24.407288,47.213606,4674.184818,3850.71313,41.546347,56.868805
4181,0.360358,3,3,3,356.339716,855.907406,39.971483,37.812664,1436.653351,1724.969174,40.045739,44.59518,871.583049,431.596331,33.529159,44.735953,971.960649,712.302878,41.523033,47.30263
4182,0.054766,3,3,3,133.14189,53.404435,19.065351,45.396107,260.24264,213.50019,23.659792,45.508612,63.710539,134.063897,23.803015,38.20367,105.414836,148.029051,25.089636,47.103595
4185,0.502914,3,3,3,456.651696,1171.658776,41.865342,31.88813,2205.509071,2623.568564,41.283874,37.146436,1209.489803,582.769084,35.259324,37.824058,1521.013158,1153.347065,43.094377,39.783177
4186,0.37452,3,4,4,134.647355,188.134767,33.054591,26.278952,383.204405,495.119539,33.790029,28.948199,185.768518,140.964415,32.074872,28.523148,242.816338,199.932718,34.335638,30.617864
4190,0.426101,3,3,3,1194.206328,517.008084,31.124943,39.818119,2307.761198,1846.740889,39.368,40.474745,576.992121,1155.880598,39.531611,32.555074,900.199049,1313.746407,42.439245,42.185
4191,0.4929,3,4,4,384.294576,204.884002,41.922189,34.991745,885.426761,785.808026,45.522253,35.241992,230.077723,394.403669,45.483278,30.936183,430.884184,522.319899,47.322703,36.593296
4192,0.323321,3,4,4,202.940033,313.579558,43.667377,24.009654,675.969692,736.184042,44.882672,29.749774,330.65767,208.672429,39.570199,29.073376,466.496244,361.530671,46.965524,32.697942
4193,0.507433,3,4,4,215.374843,328.492384,45.621181,32.645673,680.834914,843.554084,46.36374,35.334967,283.961752,207.341334,44.684248,35.489024,424.01908,399.93035,47.341293,36.959645
4194,0.253644,3,4,4,201.057069,150.042209,41.76425,26.825202,495.765502,418.454714,45.187054,28.789981,142.960982,192.395642,44.647364,25.242665,222.390136,269.723605,47.321424,30.182466
4198,0.498627,3,4,4,518.147087,206.852732,18.905593,45.699996,1148.618029,938.435431,28.293931,45.343272,253.300464,540.064206,29.687356,38.819617,508.107835,716.93994,33.30297,46.969319
4200,0.12135,3,4,4,88.401581,109.360819,42.531424,40.406862,302.15347,311.073473,43.912648,43.72256,113.893666,82.203867,40.595597,43.536016,241.560595,183.6993,46.483763,46.910447
4201,0.378874,3,4,4,385.564999,284.91876,24.752308,42.253733,1077.756717,1021.533232,29.530253,43.370927,274.455966,403.14673,29.620064,39.057196,610.357531,823.98389,33.895938,46.293655
4207,0.251835,3,4,4,123.772098,159.633481,30.070139,20.189398,441.626934,450.009426,30.454097,21.685224,164.159731,105.86276,29.243724,21.908202,258.681974,249.807267,31.544158,22.878401
4208,0.180999,3,4,4,272.789064,191.751052,32.354979,17.163709,666.745323,624.280726,40.491072,20.112795,159.428901,272.503158,41.281584,12.8098,370.91666,486.14473,46.424696,24.935131
4209,0.706865,3,4,4,397.900711,322.649013,36.97677,32.032166,1129.641269,1130.425502,38.28444,32.546824,272.000636,401.53331,38.439863,31.338768,634.643345,645.330563,39.450658,33.751904
4210,0.246571,3,4,4,133.57647,149.311817,44.555199,26.360302,374.709172,395.417339,46.056985,28.579835,132.241642,108.685071,44.894126,28.351497,215.649311,213.680846,47.322501,29.960981
4211,0.312285,3,4,4,175.454039,145.903228,36.985769,26.756124,381.733763,361.203479,38.817907,28.020742,118.92291,153.460381,38.462844,26.782058,169.824688,180.964276,39.572869,28.647706
4212,0.506252,3,4,4,170.371837,239.864776,31.066993,30.057549,454.953192,445.156315,31.671874,31.690557,230.94678,130.55245,30.406757,31.564169,199.487682,177.816529,32.072744,32.079586
4218,0.24979,3,4,4,157.665028,136.803037,43.629352,44.496554,405.056118,398.924047,45.867959,45.914356,122.725132,129.580815,45.282134,45.048366,213.150661,243.540353,47.332851,47.270638
4223,1.048679,5,4,4,146.073618,272.157996,37.321179,36.955863,361.682357,376.771344,37.422503,37.417468,187.422932,89.238856,37.249472,37.427216,176.798056,161.185749,37.478193,37.479289
4224,0.255729,5,4,4,63.550201,58.288194,36.997189,37.070245,114.735582,98.342542,37.382098,37.408175,36.946275,42.168885,37.327454,37.282702,48.400836,58.132042,37.476519,37.472992
4227,0.246076,3,4,4,157.191208,132.603673,43.546748,44.583314,404.988931,396.501641,45.821684,45.887469,121.62407,130.539653,45.257513,44.945776,209.367107,243.525407,47.334051,47.262654
4229,0.337463,5,4,4,92.115642,86.438357,40.986563,26.360277,283.838639,306.050817,41.257679,26.584882,87.405994,101.766726,41.106496,26.152842,162.872749,136.122108,41.576795,27.122154
4230,0.466766,5,3,3,759.071175,372.028699,45.199052,43.847392,1849.612422,1535.859476,48.071575,43.841713,515.438309,773.465925,47.77841,40.986785,869.907685,1150.007421,49.733453,44.720907
4237,0.506152,3,3,3,697.584458,1526.84993,39.72498,33.829684,2721.386688,3431.112439,40.061813,42.141729,1583.775247,820.069829,30.789513,42.772809,2035.861319,1405.225829,42.54504,47.080519
4238,0.498546,3,3,3,1563.674179,698.310112,29.67249,43.447894,3609.158979,2865.820342,37.739252,43.471585,854.126189,1648.103406,38.481161,33.182963,1465.724883,2136.512794,42.863533,46.492272
4241,0.897753,3,4,4,341.813513,233.34276,45.968967,37.652658,713.89213,839.464254,47.103928,37.910319,214.730426,370.535495,46.951098,36.27586,292.794302,391.920929,47.514943,38.634077
4244,0.27104,3,4,4,19.929515,13.624088,26.983694,27.021167,80.756623,71.616263,26.986,27.000862,18.608128,28.161633,26.999727,26.924348,30.791506,38.824499,27.046713,27.044841
4245,0.747732,3,3,3,320.629121,1200.94844,47.081056,39.736954,1556.463669,2128.342843,46.911183,43.586713,1172.85425,468.603334,43.030936,43.855174,1063.523983,664.602541,47.41731,44.597023
4246,0.08564,3,3,3,133.283331,34.44986,42.632809,30.102532,226.310974,163.69989,46.552418,30.027675,50.39593,128.037432,46.787196,27.609268,71.156333,114.307908,47.502135,30.268004
4250,0.499988,3,3,3,702.907965,782.287815,39.550492,42.588096,2306.139776,2599.888033,40.823657,44.128159,827.83911,829.298929,38.770312,42.577958,1085.362885,1009.121034,43.076884,47.292691
4260,0.771093,3,4,4,310.293408,496.868813,38.190849,36.261003,806.515006,940.897536,39.027872,38.820661,437.208487,257.09803,37.203741,38.721569,495.293431,367.819846,39.544244,39.589842
4261,0.627159,3,4,4,678.60417,379.386162,20.309947,43.9102,1401.734287,1172.536694,30.860654,45.369634,335.284013,609.303222,31.513313,40.196932,559.404067,799.159933,35.539193,47.087221
4272,0.749317,3,4,4,357.736791,341.994812,45.162418,37.65869,1133.105084,1116.57554,46.070508,38.495469,367.472574,320.560905,45.289669,38.14373,537.547067,633.252095,47.393641,39.755643
4275,0.428401,3,3,3,856.292523,1207.387451,40.108098,31.050824,2863.350602,2865.86064,42.268957,37.887148,1370.230409,1029.700773,33.803897,34.298582,1467.605606,1331.608925,46.853412,42.200401
4276,0.250897,3,4,4,155.00852,114.773432,43.773254,22.544098,458.053699,496.600984,45.461728,22.172661,170.231823,192.162864,43.524839,17.868214,128.690762,129.054339,47.467209,26.067574
4277,0.067226,3,3,3,89.258772,143.558775,43.813182,7.836161,390.220689,428.087924,43.402105,9.882663,163.678006,116.453386,38.280522,9.571638,241.245969,229.031007,46.790206,12.529954
4280,0.48571,3,3,3,1763.737403,1111.759085,37.529399,29.378415,4689.729126,4062.536046,42.595406,30.425256,1436.044982,1881.288728,40.91771,23.139572,2528.673753,3088.147978,46.836186,33.622937
4283,0.463994,3,3,3,1463.52493,2285.592728,35.559293,32.202746,5237.148985,5755.285826,37.109262,40.051818,2429.491321,1744.684173,28.515177,37.860106,3774.052554,3020.267056,41.583467,46.467367
4284,0.555618,3,3,3,2731.988149,1826.322529,18.789798,38.944419,7016.862153,6466.505898,27.083424,40.784874,2186.080378,2919.378803,24.037206,32.056709,3725.484983,4565.617864,34.724618,45.885552
4286,0.224873,3,3,3,334.743462,263.276402,21.757831,44.557655,1292.90411,1344.637245,22.274252,43.183428,344.671928,476.519718,21.98949,40.092999,641.255831,681.658912,25.928674,46.996201
4287,0.240317,3,3,3,227.420445,365.714126,37.883113,42.817542,1143.979086,1198.049931,37.12412,44.373912,483.901681,290.593415,33.633741,44.687412,729.75146,566.195507,39.113714,47.205391
4289,0.529929,3,3,3,789.34463,500.972976,42.988267,33.331707,2422.320804,2284.697066,44.828935,32.863751,684.279804,926.936054,44.332803,29.35465,1192.044382,1305.934655,47.234213,35.078729
4290,0.454516,3,3,3,631.647852,1263.847824,45.58746,26.599225,3141.572833,3667.286027,44.78947,30.081206,1427.886977,960.966499,40.231962,29.938268,1672.844753,1314.451588,47.177968,33.772127
4291,0.313046,3,3,3,802.267934,437.703573,41.794489,28.173465,2198.37624,1989.609996,44.709971,27.747198,588.018929,949.809462,44.503304,22.588961,872.414044,1108.222529,47.329974,29.812459
4293,0.080278,3,4,4,33.299134,38.484394,45.70037,45.144588,137.118014,146.321145,45.700273,45.467915,43.972932,40.791665,44.791781,45.139958,74.137035,63.225011,47.297848,47.36341
4294,0.410273,3,4,4,205.585728,195.979696,44.94502,45.160031,812.970508,777.293585,45.127907,45.316573,245.410069,231.419408,44.323713,44.643381,363.095968,420.192226,47.317347,47.243425
4297,0.496944,3,4,4,216.366876,222.309846,34.875759,45.427577,815.708482,842.223482,35.210139,45.726373,246.697039,249.302905,34.54838,45.194962,416.120568,382.032494,36.768695,47.371759
4301,0.701173,3,4,4,401.581695,305.437371,31.365328,45.527747,1625.191799,1484.668322,31.541221,44.82131,441.148933,488.508235,30.974781,43.335529,692.20495,874.224747,36.430823,47.105805
4303,0.454616,3,4,4,310.647362,179.127733,35.899057,26.588808,1048.902802,920.370189,36.998472,25.336386,315.765564,388.382849,36.15428,20.288601,429.510998,520.474863,39.430496,28.399023
4308,0.150407,3,3,3,387.416213,521.256226,16.293296,38.212866,1234.663079,1334.192591,18.267888,43.266129,564.002538,442.570461,12.893345,40.969367,752.343537,703.369898,21.085521,46.966221
4309,0.226883,3,3,3,793.138182,590.502581,38.088764,41.644375,2036.62292,1877.67293,43.177385,43.752998,672.930902,858.834198,40.883268,37.761782,1063.388315,1143.778963,46.963766,46.877935
4313,0.928756,3,3,3,916.100026,803.330767,31.581983,41.673843,3149.436966,2827.402873,33.775786,43.045361,985.687694,1003.171649,31.359828,39.860155,1722.660444,1612.550388,38.983058,46.835524
4328,0.490483,3,3,3,555.010153,1019.969754,31.742152,39.62367,2229.787773,2373.340645,31.881753,44.537817,1114.66135,692.603159,25.26782,43.784061,1413.732706,1056.807164,34.248528,47.258873
4330,0.362824,3,3,3,809.569586,451.936659,38.699751,28.199613,2373.265634,2104.583294,42.458417,27.270192,627.091126,931.170597,42.218707,20.589803,1232.882831,1379.618488,46.86394,30.928111
4331,0.500009,3,3,3,494.072404,724.49215,45.343783,30.123162,2134.6285,2207.776126,45.143411,32.21593,849.378407,676.399075,42.372285,31.132,1203.449897,1139.722376,47.191238,34.595996
4332,0.514707,3,3,3,660.588895,1418.662252,44.029267,21.48047,2752.288861,3208.790323,43.955637,29.981866,1569.959705,873.749363,34.668194,29.412065,1890.921382,1373.807287,46.756134,34.757492
4335,0.489781,3,3,3,594.283159,260.621499,31.297471,46.846797,2041.990507,1593.608042,32.312154,46.083704,460.090759,747.478446,32.86387,43.239422,888.37339,1106.352065,34.505329,47.231712
4336,0.487745,3,3,3,243.625694,544.980644,42.688859,44.797079,1568.003577,1993.031242,41.957452,45.326602,708.52577,447.356365,39.622857,45.814208,1079.485953,888.982735,42.9718,47.337806
4339,0.124746,3,3,3,390.140338,194.803325,39.590717,17.491126,1167.493581,1007.980503,42.852297,16.403749,294.122384,483.576854,43.014601,10.987807,447.121821,588.063397,47.196096,18.991206
4340,0.664146,3,3,3,900.894631,1681.995706,45.672215,31.028482,4104.906912,4544.520988,45.292723,34.471121,1994.515102,1226.728751,40.746539,34.188167,2313.581995,1809.996135,47.214619,37.148949
4343,0.243386,3,4,4,226.834414,149.14717,40.01061,43.826753,624.770818,562.396507,43.713251,44.361626,168.691101,224.261576,43.373182,40.8008,274.136124,356.357485,47.183185,46.949195
4346,0.31163,3,4,4,357.915637,262.136455,21.029763,41.165887,1124.800636,1051.446227,25.040241,41.436299,312.515316,383.058943,23.998707,36.974455,506.122126,601.085482,31.978531,46.544425
4348,0.08693,3,4,4,44.867167,47.160019,37.359566,14.716922,215.681651,215.349844,36.635817,14.254205,61.005297,61.238478,36.091324,13.722492,116.97491,117.993161,39.222468,16.480691
4349,0.281312,3,4,4,403.176724,290.402342,33.325543,21.767149,1196.758043,1107.102541,38.684008,22.887056,326.678347,406.75101,37.836212,17.139133,564.404621,668.053275,46.468067,30.158832
4350,0.546,4,4,4,261.897772,298.56828,38.536912,30.533519,1240.104104,1287.678302,37.992521,30.295465,380.248268,346.968212,37.099888,30.034522,622.337472,581.152995,40.146978,32.857396
4352,0.47052,3,4,4,258.244303,219.892166,28.924597,37.734371,1000.042399,1024.916004,29.229775,37.256403,310.029334,340.281209,28.187539,35.901827,576.356566,502.382969,31.325574,39.373463
4353,0.424825,3,4,4,205.671797,216.524717,28.846314,37.410594,937.040239,897.264096,28.380444,37.384908,299.75638,290.604034,27.041582,36.245621,451.159137,540.196859,30.737635,39.265637
4355,0.079569,3,4,4,37.285087,38.66704,37.725095,14.332691,174.379312,179.706191,37.230276,13.894575,52.261073,49.407886,36.478443,13.60926,95.001635,88.351393,39.308614,15.732101
4361,0.128709,3,4,4,32.167251,16.545616,39.046488,39.477471,104.232515,93.127975,39.265056,39.338644,24.659943,36.108552,39.320951,38.976837,49.063354,58.080856,39.610692,39.59586
4362,0.515896,3,4,4,37.687231,50.330764,32.172543,39.547667,216.465746,211.833708,32.126917,39.543331,53.87557,58.781943,32.132861,39.526777,96.845851,107.902665,32.213072,39.637426
4365,0.273992,3,4,4,92.457396,43.868909,26.651575,39.38876,290.546603,255.738134,27.07937,39.147365,68.232095,104.317002,27.177267,38.463334,138.193372,171.738587,27.599795,39.549038
4367,0.505145,3,4,4,215.205174,306.885615,45.608019,33.114083,1017.939608,1109.200137,45.053397,33.993201,391.78986,316.304735,42.484205,33.31238,718.180193,614.839865,46.981461,36.70114
4368,0.348735,3,4,4,228.208658,303.756752,36.169017,23.221237,1126.36633,1179.653046,34.909389,23.831776,369.212652,307.924299,32.623686,23.67977,611.185929,547.366255,38.948607,29.047013
4371,0.323241,3,3,3,711.015298,495.958622,33.535147,37.101064,2070.965784,1878.300705,36.995089,37.687311,642.466932,807.66725,35.331524,32.613868,1077.448263,1203.505338,40.782055,40.652323
4375,0.63133,3,3,3,937.866235,1157.049914,39.905236,38.063772,3150.315687,3367.545618,41.196077,40.819831,1314.103351,1171.619105,37.312764,38.504665,2011.447974,1883.265331,43.59894,43.663628
4377,0.365345,3,3,3,1186.776328,1107.663579,27.95124,33.735994,3261.881322,3224.527911,34.256257,39.236342,1196.568836,1267.227617,28.844293,32.251231,1917.777476,1813.969182,40.634223,46.160913
4378,0.211711,3,3,3,638.4019,687.77564,26.696583,32.415325,1864.173987,1868.20307,31.600631,39.238826,733.056309,693.384874,25.292056,33.35991,1034.474429,1107.128527,37.613175,46.021662
4380,0.471514,3,3,3,733.634369,385.304394,39.093278,38.546079,1824.099659,1569.221989,41.754113,38.572282,595.785146,888.263913,40.761416,34.595677,819.427385,1021.36231,43.4222,39.5964
4381,0.360886,3,3,3,1068.01939,1197.392758,34.181652,27.507929,3223.217125,3317.785613,39.080443,33.833761,1252.031121,1143.487317,32.246977,29.38121,1910.244337,1726.322634,45.98722,40.789528
4382,0.316501,3,4,4,158.788221,210.604863,41.20625,20.504685,747.836066,803.624102,40.5588,21.363775,244.549086,204.630755,38.984834,21.468442,416.78343,352.607246,43.148597,26.920917
4384,0.200077,3,3,3,662.944593,610.173141,24.743708,33.626338,1795.27301,1788.81766,31.025021,39.066746,662.61341,708.228395,25.753542,31.847885,1050.66452,985.839287,37.056259,46.180354
4385,0.13817,3,3,3,424.563196,455.022088,20.771315,26.806161,1251.87816,1249.564085,24.721586,32.448798,489.5001,462.181544,19.561351,27.481869,682.366995,735.423244,29.807358,38.333548
4388,1.344975,3,4,4,288.396207,247.316345,39.197153,34.77456,999.990301,982.191814,39.322271,34.802754,295.116435,349.725989,39.225276,34.455692,433.241361,459.029721,39.621445,35.139213
4391,0.174276,3,4,4,74.246355,105.87635,45.608018,43.882806,351.19186,382.676983,45.053395,44.63811,135.168539,109.125971,42.484206,44.052255,247.774068,212.121381,46.981461,47.125482
4402,0.676532,3,4,4,549.78952,341.134542,23.38813,37.45328,1917.740367,1665.890089,25.440829,36.675607,514.509645,678.766835,24.956097,33.194913,815.091861,1155.320217,31.204134,38.981763
4405,0.284173,3,4,4,204.425331,144.307394,35.553897,25.65526,777.141381,698.422342,36.078632,24.79956,219.222024,260.237423,35.464246,21.735196,341.178318,458.088887,39.305025,27.417462
4408,0.604481,3,3,3,903.067855,1291.435681,42.964967,39.278999,3402.218848,3752.117072,43.618611,42.893666,1470.296106,1170.966672,38.294496,41.103705,2243.101622,1980.53038,46.74113,46.909222
4409,0.429202,3,3,3,1007.767546,682.308023,33.848095,42.452102,2883.291675,2588.494274,37.859252,43.118517,883.09035,1140.584825,36.179317,36.976244,1498.713073,1733.782598,42.083613,46.602381
4415,0.618153,3,3,3,1185.761787,658.959482,37.524505,45.019884,2621.041898,2137.378187,41.890625,45.910332,862.327361,1320.488544,40.655444,39.99637,1072.214601,1434.075096,43.909498,47.215281
4419,0.394419,3,3,3,607.668519,316.315747,37.976032,46.043183,1472.627297,1255.32269,40.675103,46.142122,494.265026,744.100142,39.619256,41.378691,662.244161,829.588869,42.178082,47.271828
4424,0.75029,3,4,4,532.206388,624.636177,35.650907,34.416448,1915.202836,2043.718307,36.481952,36.103089,667.744878,594.585311,34.333218,35.268991,1219.452867,954.73237,39.040775,39.265118
4425,0.625114,3,4,4,558.581318,454.49758,33.774962,35.47906,1728.021293,1590.30862,36.011646,36.500563,495.549515,575.426149,35.266555,34.031189,782.618964,1040.674804,39.276716,39.012815
4435,0.737437,3,4,4,251.4769,382.314469,38.573938,37.341209,1047.251514,1179.552606,38.55125,38.282199,456.49752,430.899072,36.791659,37.069178,580.82782,501.183652,39.494395,39.532309
4440,0.085442,3,3,3,107.196385,203.728563,28.137039,37.755394,460.1758,520.129772,27.955891,43.046727,217.860111,162.335554,23.256108,41.306242,306.479045,242.014709,29.874408,47.062481
4441,0.435452,3,3,3,1076.967661,560.58383,37.203951,44.010258,2771.413519,2443.908333,42.690103,43.638045,854.203926,1161.568418,40.969444,36.917167,1283.373259,1633.02703,47.024701,46.725017
4444,0.207268,3,3,3,286.227625,467.586862,43.547833,30.825552,1123.891733,1297.483442,43.866562,34.611663,481.091043,434.386033,38.939405,32.322271,735.267502,612.87465,46.806408,38.116112
4447,0.26449,3,3,3,673.429271,358.61946,16.88628,43.673556,1769.388181,1567.823646,22.679035,43.248564,545.798182,731.071199,20.639799,36.348907,818.480637,1035.576691,27.726024,46.65593
4450,0.127681,3,3,3,328.907906,267.994719,41.74483,43.455028,988.339413,986.836706,44.173829,44.182887,360.536894,395.534263,41.400791,40.395363,471.138828,473.881483,47.176164,47.172052
4455,0.176007,3,3,3,485.216126,381.260777,41.055371,33.80949,1386.883454,1367.990888,44.066183,34.583498,502.129216,560.367732,41.295475,31.101397,654.583281,674.978763,47.170581,36.969553
4457,0.422043,3,4,4,211.454261,96.97211,44.945669,46.931713,586.584666,492.402469,46.28375,46.635077,137.018456,208.456784,46.490323,45.260296,257.952524,281.23278,47.434572,47.414032
4467,0.499012,3,4,4,25.624275,115.038244,31.725751,31.334581,161.128273,196.455492,31.695843,31.671133,72.587742,39.276056,31.593349,31.701066,101.992661,71.19359,31.740363,31.745133
4468,0.318229,2,4,4,99.417989,44.014812,20.987058,31.578426,223.82476,198.530884,21.861302,31.546197,48.286497,71.301191,21.964832,31.367683,79.538806,98.179898,22.173878,31.72721
4471,0.186351,3,4,4,10.783204,37.282426,20.99118,31.431674,55.101446,60.247039,20.980209,31.695714,19.822843,13.942086,20.949428,31.705552,28.669679,25.305865,21.007539,31.745566
4481,0.144919,3,4,4,147.263684,98.91856,35.676741,39.483049,496.484932,464.384368,37.850881,38.455643,125.144534,203.085663,38.037537,31.896696,232.256555,286.605206,42.947439,42.63408
4482,0.309729,3,4,4,174.347942,247.372157,40.660503,38.227779,666.222654,719.167001,41.026544,40.651329,333.7661,200.748478,35.65784,40.192558,455.912084,351.047986,43.043586,43.259674
4485,0.354463,3,4,4,398.84715,265.966167,13.791011,38.761999,1367.115656,1279.030944,16.783967,37.340863,348.436087,544.922516,16.925071,30.330803,640.075536,790.494763,27.278154,42.393291
4487,0.694718,3,4,4,442.517648,383.706882,39.947454,40.757836,1276.634094,1257.17665,41.662351,41.715669,409.584287,599.212613,40.716645,38.048446,612.915681,754.914374,43.387932,43.285663
4488,0.182595,3,4,4,106.856958,107.040445,40.451474,40.441938,331.157468,321.258211,41.708089,41.809745,143.970743,111.023191,38.823613,40.554833,182.086688,157.854622,43.332698,43.395923
4494,0.306828,3,4,4,189.953576,170.138498,26.856327,40.737815,567.52774,529.206668,28.598135,41.873492,228.865382,193.733601,25.833431,40.345428,296.401791,276.634512,30.367525,43.379054
4498,0.50728,3,4,4,585.794008,225.766105,37.057193,34.950568,1428.782295,1079.570209,43.043741,34.20981,345.403007,566.217148,43.50006,26.699815,587.647566,694.048437,47.163243,36.633554
4501,0.501579,3,4,4,628.212113,230.273654,23.599274,45.325479,1491.643528,1105.115197,31.547984,44.620425,347.957896,612.694713,32.449484,37.072062,595.581388,736.743703,36.66208,46.945588
4508,0.473455,3,3,3,861.209095,597.045909,36.667679,43.403432,2257.927005,2048.331861,39.854264,44.335958,719.039129,870.62645,38.625875,40.943553,1059.257898,1416.520988,42.202521,46.228625
4515,0.757872,3,4,4,247.831551,168.94051,33.357,43.06438,1255.311476,1072.545566,32.522703,42.399509,303.046969,333.976919,32.81379,41.893581,577.749342,686.364428,34.739398,43.377175
4523,0.488118,5,5,5,184.194442,199.600772,48.294452,48.035394,346.99837,324.601151,49.54828,49.593128,121.674575,124.977829,49.248015,49.213048,159.598408,158.627583,49.890515,49.890941
4525,0.199625,3,3,3,564.57881,709.918591,49.739882,46.155329,2301.388641,2318.716713,49.874809,49.774718,827.153115,705.250683,44.349661,47.256331,1233.939548,1218.095213,56.80044,56.828948
4533,0.625416,3,4,4,218.347085,309.21354,37.375754,36.048307,624.532294,810.232854,38.072773,37.628265,308.843724,238.389933,36.33576,37.29098,387.096125,335.327718,38.619301,38.644094
4537,0.507216,3,4,4,500.225737,261.996651,27.742146,44.799317,1026.688858,865.947651,34.480119,45.701832,265.0145,524.711834,34.460328,39.424367,406.016293,563.034675,36.951175,47.193132
4547,0.531221,3,3,3,2591.675007,1671.55248,34.839075,43.129341,6371.597834,5598.860989,44.206578,45.771042,1986.609263,2663.27074,41.304402,35.516404,3215.743563,4002.923778,51.164873,50.647025
4551,0.11139,3,4,4,48.00547,27.062018,19.30283,46.863589,106.451361,114.866271,20.446498,46.823457,26.494921,52.504385,20.474492,45.446361,39.988287,60.000235,20.832104,47.459157
4553,0.298578,3,4,4,184.995319,134.264593,21.658514,45.407504,624.654837,570.798838,23.670759,45.279846,142.843663,239.530886,24.601783,42.186358,300.418197,415.615332,27.815161,47.003594
4557,0.528996,3,4,4,282.981849,443.012414,44.621789,41.212305,949.584505,1020.103344,45.524914,45.24397,474.384105,303.136799,41.093852,44.560406,662.46129,510.580183,47.102115,47.275917
4565,0.497366,3,4,4,258.455689,334.042421,34.018507,43.183523,736.134256,857.900424,35.543137,45.666836,273.316193,236.858481,34.025676,45.40674,428.492555,438.075033,36.765187,47.319443
4568,0.313622,3,4,4,490.259538,337.398453,15.603293,38.116256,1214.619598,1124.440038,24.156937,40.79461,286.750542,499.477051,25.292846,32.39408,670.840721,882.27159,31.546337,45.534893
4572,0.497258,3,4,4,79.043531,120.391388,39.39229,31.461271,300.791186,295.099707,39.427951,31.808569,117.651854,73.795351,39.160678,31.818827,147.031444,135.794633,39.62573,31.980009
4582,0.76238,4,4,4,636.738018,510.159701,51.809872,54.12079,1475.451759,1418.915295,56.472678,56.656813,474.372108,584.27943,55.148111,53.389337,901.899258,918.22692,58.695516,58.679544
4583,0.50091,5,4,4,462.597908,427.783244,52.513864,53.532153,1214.642557,1203.155924,57.026559,57.091527,432.736598,447.731726,54.075628,53.67347,755.72682,822.32936,60.196807,60.076061
4585,0.538953,3,3,3,1691.937597,2634.720929,36.115208,32.352544,5601.354741,6405.833897,38.403307,40.549728,2679.474152,2002.807653,29.940778,38.031651,4042.280651,3214.288934,42.344762,46.629976
4586,0.512625,3,3,3,2506.015686,1609.287007,29.041025,39.543049,6092.911038,5327.730421,36.916399,41.939363,1904.971164,2548.582729,34.507094,33.133417,3057.271986,3844.816583,42.610111,46.142762
4593,0.217119,3,4,4,244.203917,279.580561,25.503405,17.783546,969.273926,918.905023,25.728092,20.010417,358.018954,277.339315,22.791091,18.494444,418.650871,381.509762,28.500672,24.185074
4596,0.504262,3,4,4,523.562235,520.922651,44.774507,29.176721,1687.294688,1734.109947,45.768973,30.777105,581.114613,635.326096,44.53099,27.747454,728.719478,785.136,47.391497,33.578392
4597,0.497161,3,3,3,1365.22645,583.799681,35.504722,40.577388,3065.290255,2569.948055,42.947033,40.225029,776.417435,1516.192653,43.064812,31.179823,1278.788104,1816.279827,47.143379,42.617363
4604,0.492608,3,3,3,200.727926,759.313461,47.123981,42.712821,901.069942,1256.807992,47.048826,46.615581,725.223933,276.880487,43.499997,46.849946,629.083632,392.26774,47.441821,47.505846
4607,0.260395,3,3,3,109.502783,388.237328,39.710189,42.980764,464.238216,635.670917,39.689538,46.689384,367.891359,147.247554,36.870119,46.841979,311.229548,202.595636,39.993834,47.507747
4610,1.500822,3,4,4,717.827271,1577.27465,40.94318,28.454603,2449.212824,3011.335604,41.68807,38.382185,1608.500971,761.503586,34.069281,38.49306,1588.045122,1090.634973,43.111209,41.650653
4611,0.94251,3,4,4,508.013724,388.762923,44.582067,36.34809,1632.181102,1502.388232,45.653172,36.67431,413.522582,688.848527,45.703851,31.759782,824.796449,1138.700055,47.322248,38.523278
4613,0.468477,3,3,3,685.113259,497.34586,29.439075,40.816556,2412.539243,2218.131285,30.679691,40.459723,676.63362,894.714714,30.031255,37.273354,1008.983524,1334.634376,34.013919,42.647966
4617,0.282133,3,3,3,819.462305,333.656213,40.478939,27.593011,2296.445771,1812.337629,43.861832,26.571634,541.100974,919.641809,44.388557,20.620362,753.797428,1141.03387,47.346845,28.571523
4621,0.50482,3,4,4,284.11639,433.493026,44.34517,40.946181,870.037938,1067.682793,45.669674,44.826913,428.123481,285.852485,41.663136,44.623274,608.367792,467.338273,47.133354,47.296689
4622,0.616727,3,4,4,821.808863,491.9114,15.932324,41.703973,2185.901876,1811.867291,24.466715,42.706102,559.692065,859.575665,24.541035,34.882714,980.712679,1302.008421,34.703426,46.360889
4629,0.506278,3,4,4,846.867916,631.879328,10.184848,35.800304,2344.805919,2146.769314,17.526692,38.728795,572.899866,952.901847,18.514726,28.947462,1263.099176,1757.830495,31.273775,44.605659
4632,0.250422,3,4,4,264.137288,331.026663,20.332503,34.808482,846.194325,877.942186,23.679069,41.037738,363.397433,218.013824,16.083442,41.401523,678.959219,495.436745,28.493918,46.495867
4635,0.125218,3,3,3,256.501681,376.867733,39.81083,33.872024,900.030879,916.56199,41.584956,41.402204,427.677341,308.596096,32.553843,38.107115,468.789807,414.953369,46.727643,46.895427
4655,0.283157,3,3,3,214.165585,291.871396,46.197381,38.570907,1124.246958,1160.910071,45.439569,38.697117,423.778858,286.377056,43.382744,38.83842,640.241565,555.203133,47.231123,40.38724
4662,0.223756,3,3,3,287.876386,508.332672,44.01411,38.450825,1230.076486,1290.446269,43.776904,43.44833,579.964556,371.754795,37.360999,42.563711,756.260571,571.911657,46.870797,47.148199
4663,0.531281,3,3,3,1185.408225,680.232819,38.700221,44.044042,2888.045517,2749.577435,43.850375,44.156582,858.801532,1327.041417,42.79161,37.912435,1278.218689,1717.168596,47.191498,46.925362
4679,0.354233,3,4,4,540.604541,367.932706,32.107833,38.610868,1556.262998,1414.356919,38.234509,39.520676,414.461214,538.714509,37.725412,33.284559,715.359721,881.017964,46.454884,45.941186
4682,0.525565,3,4,4,542.548556,753.240995,38.69527,33.325542,2068.361021,2235.861265,39.702089,38.684007,759.918709,610.321749,34.223828,37.836211,1248.100608,1054.457445,46.072237,46.468065
4686,0.301052,3,3,3,923.475884,808.671753,33.517215,30.388318,2643.876459,2552.251694,39.301087,33.989484,898.593788,996.102468,35.05104,27.85288,1376.152081,1544.246278,46.357761,39.700163
4687,0.4391,3,4,4,462.481252,695.729617,44.702538,22.405902,1823.349408,2026.973553,44.9157,26.948498,700.537081,531.947826,42.23749,26.734852,1156.045915,919.143475,47.05803,31.999354
4696,0.180319,3,3,3,554.969186,486.216825,33.454642,35.813625,1595.534748,1538.780402,39.203218,39.666258,539.619285,600.390402,35.005648,33.046018,830.173388,930.136225,46.34188,46.059695
4702,0.101915,3,4,4,51.130652,67.815886,41.20625,39.659942,240.807191,258.771235,40.558802,40.148577,78.746106,65.892192,38.984835,40.2073,134.206481,113.541409,43.148597,43.270531
4705,0.476743,3,4,4,197.316399,225.796404,32.49534,41.44207,761.448948,780.875826,32.704365,42.029076,248.439014,223.192917,31.792497,41.694788,392.164262,371.738995,34.056305,43.432119
4707,0.881441,3,3,3,2089.757909,2626.173226,35.71134,34.058521,6446.682296,6789.442728,39.190903,40.864725,2905.786171,2360.178793,31.205776,36.857567,3814.932402,3682.918839,44.056128,46.540921
4710,0.16183,3,3,3,457.684437,269.759533,40.778203,44.823758,1286.349603,1086.730152,44.012283,44.928671,374.505873,514.880748,43.157947,40.081665,648.75776,753.477014,47.112977,46.97101
4711,0.14156,3,3,3,235.971134,400.357736,33.384827,40.778201,950.613104,1125.229466,33.466969,44.012284,450.389994,327.597601,29.501408,43.157947,659.101177,567.498405,35.000644,47.112976
4718,0.565129,3,3,3,1655.701838,967.764839,27.87078,44.689137,4672.218494,3946.634918,31.872125,44.738051,1352.207262,1874.060506,30.854715,39.572753,2343.775306,2736.868924,35.561617,46.926639
4721,0.220499,3,3,3,506.609423,293.75404,38.292243,43.791021,1239.854165,1175.126153,43.625146,43.976732,364.844394,562.706692,42.598368,37.595442,540.835791,729.582674,47.178221,46.897304
4724,0.247865,3,3,3,579.979235,338.52612,31.398192,43.624194,1429.396016,1350.530428,36.286073,43.835287,419.398255,643.317304,35.361256,37.340589,617.857889,836.677042,39.452767,46.872421
4727,0.075383,3,3,3,216.194347,165.704143,24.344499,43.114401,607.116137,592.691358,26.676495,44.079633,217.035465,247.68688,24.761842,39.6884,282.251387,297.422555,28.708882,47.125895
4729,0.376219,3,4,4,124.143545,187.653329,29.14399,37.495747,419.668687,476.991664,29.469336,38.759463,243.828628,139.435116,26.777525,38.520789,281.475965,232.491898,30.010424,39.551717
4732,0.175157,3,4,4,130.998289,77.43205,35.27449,37.91796,359.559981,315.905797,37.497711,37.946803,86.3895,153.711344,37.745673,34.454932,162.779604,207.125519,39.437225,39.314749
4733,0.432973,3,4,4,167.485987,292.311461,38.292706,35.976154,652.583786,758.085528,38.423763,38.036278,346.308421,178.822846,35.200027,38.271788,447.452521,348.497638,39.389978,39.487876
4735,0.055972,3,4,4,32.112992,28.985397,10.097609,10.406758,72.912728,66.360819,11.282795,11.3708,23.626268,23.276767,10.975871,11.000357,26.325453,31.412686,11.734043,11.725577
4736,0.252983,3,4,4,193.833637,250.675986,35.092457,19.25817,468.794899,536.95424,37.860931,24.62892,210.448133,141.829896,34.896684,24.500691,251.003209,195.071293,39.409232,26.857479
4739,0.239945,2,4,4,223.165134,121.114864,12.410232,37.27993,614.754096,533.045239,17.272874,36.981806,141.619181,260.079625,18.316603,31.882221,271.673529,356.020235,22.71495,39.094939
4743,0.45037,3,3,3,275.900879,757.538047,42.761148,38.458753,1496.899047,1945.922506,42.201801,41.345065,882.087415,467.855291,37.581524,41.603007,938.21535,636.433118,43.349523,43.479818
4748,0.508536,3,3,3,691.764023,671.639415,40.025366,40.205179,2531.682222,2602.228135,40.694905,40.550066,805.660439,875.399486,39.384709,38.744706,1410.440127,1406.236963,43.170325,43.172731
4749,0.156964,3,3,3,217.104315,223.269975,31.051212,39.736872,883.143666,901.858123,31.115672,39.863442,299.026777,280.155228,29.293632,38.440061,509.020428,466.781672,33.539891,43.110142
4752,0.245713,3,3,3,355.686741,321.044763,33.491078,40.268685,1260.767127,1282.037511,34.305237,40.443534,391.208594,442.987316,33.250289,38.352567,689.952973,707.078932,36.553118,43.139483
4754,0.08408,3,3,3,98.361071,92.713772,26.71217,26.905447,350.586689,348.830185,27.148948,27.162121,122.370769,118.018905,26.065898,26.227685,180.577784,169.101213,28.344708,28.362496
4756,0.262322,3,4,4,190.392323,119.445576,35.491415,20.957279,664.300643,588.99255,36.525741,19.678484,169.292281,204.172783,36.574521,16.695988,302.553752,415.747291,39.330152,23.175022
4761,0.167893,3,3,3,121.19327,113.318368,33.59333,33.697827,352.640439,372.50737,34.013461,33.964331,130.981956,129.716036,33.558661,33.575241,97.923059,130.459648,34.434566,34.423432
4764,0.579542,3,3,3,307.606367,727.253716,39.903159,40.4972,1363.795206,1685.164358,39.815714,42.507609,697.431536,387.444746,38.074192,42.712609,839.599287,677.36997,40.372509,43.516143
4768,0.493688,3,3,3,1003.438592,576.289556,33.43134,40.870674,2712.911151,2571.421966,36.806374,40.453157,643.322745,1180.871864,37.237702,35.328688,1292.561884,1816.90986,39.646628,42.869674
4774,0.332016,3,3,3,381.609161,341.546705,40.945018,36.537144,1359.162942,1351.200855,41.554562,36.67352,484.285349,498.939351,39.945866,35.016531,641.183108,671.960346,43.382942,38.240304
4775,0.403039,2,3,3,1172.465395,721.289039,36.542279,36.455413,2812.395938,2606.395794,40.778853,37.049446,687.186785,1331.657711,41.024292,31.965179,1246.542855,1808.284039,43.329348,38.783266
4776,1.084173,3,1,0,3355.389622,0,79.054459,0,17491.758491,0,77.887985,0,8043.942351,0,66.454607,0,12189.352208,0,79.871122,0
4782,0.069761,3,7,0,153.687925,0,38.87279,0,387.017941,0,43.716301,0,98.442576,0,43.788494,0,152.596383,0,47.250452,0
4784,1.577659,3,7,0,0,0,47.55,0,0,0,47.55,0,452.612877,0,47.352836,0,0,0,47.55,0
4785,0.453079,3,6,0,359.137136,0,33.911291,0,1056.59359,0,36.080201,0,250.734522,0,36.449088,0,638.407516,0,38.379005,0
4786,0.064107,5,4,4,30.672496,1.058845,62.651977,65.514996,106.176264,3.819133,63.431901,65.51611,61.197824,1.058892,56.84706,65.515512,87.4098,1.829697,64.894535,65.519594
4787,0.051282,5,7,0,2.800466,0,60.889918,0,10.157144,0,60.892078,0,3.001646,0,60.88968,0,6.147757,0,60.898709,0
4791,0.286181,5,6,0,237.705981,0,33.514644,0,497.074713,0,37.221569,0,100.653524,0,37.803171,0,227.911351,0,38.695981,0
4792,0.348834,5,6,0,2.382458,0,38.859324,0,9.509423,0,38.859363,0,1.222641,0,38.859827,0,3.861387,0,38.859952,0
4794,1.728815,5,1,0,5814.230277,0,79.093168,0,25684.270286,0,78.846298,0,9050.110514,0,76.653562,0,15983.567562,0,79.952992,0
4797,0.1646,5,7,0,133.477003,0,21.298865,0,407.629937,0,22.324752,0,237.840969,0,17.468842,0,344.93289,0,23.164931,0
4798,0.798049,5,1,0,2077.216621,0,79.624805,0,10030.191133,0,79.350161,0,3071.395047,0,78.816739,0,5774.120897,0,79.979911,0
4799,0.207665,5,6,0,157.879549,0,34.243708,0,475.174968,0,36.171856,0,287.871884,0,28.187548,0,417.425326,0,37.926441,0
4802,0.407151,5,6,0,524.124038,0,28.434136,0,985.42225,0,35.892441,0,289.879704,0,35.111593,0,472.029926,0,38.526685,0
4812,0.217763,3,4,4,121.15052,102.352642,19.895188,30.200104,286.097428,305.575054,21.379086,30.88939,88.570874,96.802653,21.047978,30.487451,132.451804,116.590464,22.032632,31.690036
4817,0.269928,3,3,3,223.697509,609.155611,42.132466,35.341767,1091.312888,1419.167253,41.600222,40.400839,668.975867,308.960894,34.867298,41.221044,878.082249,573.986431,43.020288,43.33961
4818,0.247851,3,3,3,577.094214,210.835227,34.936823,42.06046,1353.802684,1040.3266,40.17905,41.45986,294.143802,637.197903,41.061601,34.370682,545.755656,836.81234,43.321877,42.978451
4827,0.072214,3,3,3,205.725786,93.12264,37.316762,42.030362,533.410879,419.861284,40.750625,41.747618,118.876016,239.494512,41.394591,36.284433,211.580892,315.378858,43.378223,43.129248
4830,0.348645,3,3,3,1081.445967,504.179687,36.396359,41.66548,2771.355286,2163.731912,40.356043,41.514832,625.846112,1242.784217,41.02344,35.411317,1097.026738,1654.343725,43.34622,43.049886
4833,0.117423,3,3,3,373.049482,179.224856,36.118748,41.466749,964.832426,759.16644,40.161853,41.35498,218.354576,426.79102,40.855996,35.162569,379.171599,566.50527,43.333499,43.032488
4836,0.199472,2,3,3,681.431954,323.398454,14.650362,40.992816,1797.294533,1425.405668,19.378665,40.657273,404.63146,787.761398,20.350358,33.289962,717.27824,1056.946466,23.496322,42.855483
4839,0.247015,3,3,3,178.647124,346.201274,35.998535,39.834704,907.471547,1047.868567,35.539953,41.418491,406.75706,241.496829,33.05138,41.811553,568.451807,422.40012,36.694203,43.427552
4840,0.250687,3,3,3,440.434345,226.810329,20.35686,41.876669,1355.940369,1183.508978,22.78313,40.956657,311.646109,521.268652,23.457194,36.967092,543.006038,721.65675,25.988396,43.139165
4844,0.250878,3,3,3,176.506654,358.287774,36.131133,39.709995,1025.048253,1157.924095,35.313602,41.061356,439.583141,269.736724,32.679999,41.474728,645.015186,473.03656,36.723558,43.39254
4847,0.332746,3,3,3,251.612478,272.422716,37.380887,27.679621,871.774362,894.587714,37.679059,28.192007,300.166787,307.681603,37.111489,27.485351,255.485207,238.397429,38.416593,29.022521
4848,0.163716,2,3,3,289.754848,136.990689,40.553177,21.02918,874.185842,732.352287,41.858354,20.597323,192.797071,310.426706,42.285732,18.772989,341.110424,479.96972,43.471803,21.4495
4856,0.255894,3,3,3,237.314559,317.136065,41.797239,34.542369,1066.216321,1112.015497,41.488115,35.2086,437.518182,362.37985,38.800076,34.155681,560.885452,512.666623,43.324275,36.94574
4858,0.512723,3,4,4,241.192101,93.863903,37.711518,31.878542,451.374983,381.161976,39.199632,31.886979,154.980785,202.928483,38.876345,30.900986,191.500377,226.356639,39.612185,32.141417
4859,0.49714,3,4,4,448.806524,197.240442,40.386657,35.229793,1252.002219,936.973836,43.839383,34.662886,264.211795,480.115165,44.937145,28.707101,504.874197,610.990293,47.248277,36.563343
4863,0.478873,2,4,4,262.810956,124.770069,28.81132,38.945199,610.214383,505.635063,30.809045,38.96586,178.816115,254.222811,30.523637,37.308193,248.180129,288.319698,31.698565,39.54882
4866,0.492216,2,4,4,442.323457,233.971067,20.714311,44.997731,1342.387042,1030.861369,25.638377,44.668764,295.320718,495.025415,27.581218,39.254465,558.288302,635.863194,33.033089,47.036711
4869,0.364793,3,3,3,697.79882,456.290603,35.164136,38.411336,1886.271679,1636.80868,38.390237,39.065878,574.337899,706.022102,37.343468,35.619745,878.073441,1205.621467,41.044102,40.796662
4872,0.357222,3,3,3,1556.770112,1038.390113,19.123135,26.516045,4264.748288,3982.275852,26.555613,27.568467,1342.470107,1706.774719,23.119537,18.418544,2237.174429,2613.594056,34.717231,34.304784
4881,0.255505,3,3,3,646.15156,439.883125,35.102094,24.972197,1570.396722,1609.041991,38.097151,25.571022,574.86312,788.593386,36.393067,20.32658,748.305999,778.80687,39.759416,27.596546
4885,0.179154,2,3,3,459.3604,287.795454,41.277858,35.21561,1017.523618,1009.558058,45.424793,35.788246,370.365265,536.148038,43.602258,31.334397,452.931352,487.710135,47.348355,37.234866
4886,0.497023,2,4,4,102.999309,177.721807,31.56858,27.537225,514.559377,611.833083,31.365681,28.148234,205.670841,161.504868,30.473118,28.071971,236.572587,199.418832,31.940396,29.441475
4889,0.886465,3,4,4,441.361666,390.669456,32.712709,37.927689,860.966842,732.024963,34.434395,39.250674,256.088933,324.250879,34.260375,38.547885,279.689274,402.200075,34.935292,39.595298
4903,0.229447,3,3,3,167.572085,222.616232,38.228084,45.415702,892.949819,911.537997,37.588642,45.437278,341.000311,236.366506,35.798343,45.404925,518.691791,461.795068,38.991946,47.294047
4909,1.060753,3,2,0,2933.637129,0,35.382948,0,8345.318003,0,40.630435,0,2095.095511,0,40.895475,0,3786.644748,0,46.797625,0
4915,0.096845,2,3,3,213.007248,117.172549,39.154499,28.856189,485.628387,395.656114,42.047351,29.179706,111.629151,200.693373,42.336662,27.321649,158.451867,208.387537,43.518925,29.776381
4920,0.536529,2,4,4,74.672559,71.032577,31.576395,25.100893,389.284439,392.854617,31.479051,24.940439,107.071503,106.354801,31.442442,24.900646,198.512473,195.689936,31.717826,25.254975
4922,0.237414,5,6,0,3.868375,0,38.856467,0,15.006036,0,38.856843,0,4.43108,0,38.855895,0,7.653602,0,38.859626,0
4923,0.521781,5,1,0,2378.448784,0,77.449309,0,8197.571611,0,78.603638,0,2282.895019,0,78.168772,0,4366.545646,0,79.966725,0
4924,1.854261,5,1,0,8482.534987,0,77.418554,0,29249.009595,0,78.584388,0,8147.359291,0,78.142156,0,15577.222258,0,79.96628,0
4927,1.997895,5,4,4,663.385014,512.572524,45.328802,45.766201,2084.818668,1977.327021,45.782142,45.846669,598.955307,741.719393,45.623782,45.205782,1113.306934,1237.543359,46.363432,46.344804
4933,0.133097,3,3,3,115.573859,196.648502,45.806476,31.451441,480.465259,521.745044,45.7757,33.360092,229.257851,146.522413,42.249246,33.088417,294.970441,234.1433,47.242961,34.699716
4934,0.152086,2,3,3,318.504662,205.762618,35.635698,30.672186,1041.271342,1002.9868,38.106164,29.585489,254.494243,374.821949,38.553096,25.956607,558.523124,744.302652,42.79949,32.704902
4935,0.184337,3,4,4,195.484729,282.425087,35.137518,5.453868,909.566676,935.249584,33.441127,7.792251,380.092398,231.754401,24.713015,8.231018,715.604666,532.217506,40.310598,18.533811
4936,0.417342,3,3,3,415.803797,274.126766,41.546596,38.54981,1344.118944,1261.591639,42.280558,38.352849,366.33048,631.40488,42.131571,35.848446,555.015018,651.137519,43.492881,39.266888
4939,0.821386,3,3,3,537.73818,1085.860026,43.928914,43.841469,2057.456067,2345.436993,44.053195,46.398039,1183.853551,617.80556,41.19673,46.3455,1416.124758,1013.980548,44.716903,47.448553
4940,0.441409,3,4,4,143.063563,331.497476,46.375454,23.287004,601.141572,768.787157,46.330542,29.329957,344.476678,188.738481,42.430867,29.613426,440.662824,300.359921,47.257878,32.294633
4941,0.337282,3,3,3,369.234774,137.800511,41.166568,38.178618,826.942534,533.674855,42.804465,38.215226,213.03608,367.886019,42.801716,36.599633,249.664475,347.186045,43.564753,38.454539
4942,0.499955,3,4,4,256.824089,164.866483,41.102629,29.994096,782.851345,723.774038,42.153572,29.752266,265.540184,278.364819,41.206917,27.324112,478.007066,490.975911,43.353139,31.353281
4954,0.257237,3,4,4,108.884552,219.263551,25.537519,21.093223,370.904439,520.476576,26.046267,24.982273,154.392439,138.996063,24.284755,24.814895,219.647034,268.887181,26.973851,26.900886
4955,1.19329,3,4,4,896.194705,418.145502,38.754451,38.037415,2435.250622,1640.739139,41.258113,38.149359,592.893758,756.388497,41.477905,35.822826,1062.427004,1062.50852,43.384242,39.090649
4956,0.087097,3,4,4,100.638271,25.145989,9.864868,17.441633,135.409826,110.730345,16.974278,17.348323,31.526979,120.008759,17.17859,8.61588,59.245603,86.965507,17.964831,17.881649
4957,0.593082,3,4,4,146.065454,267.191275,32.465777,31.167367,606.949145,725.164763,32.455463,32.211506,269.249294,161.254917,31.33894,32.416887,452.502839,334.510019,32.897923,32.955922
4959,1.658583,4,4,4,315.22605,1414.088225,48.091331,37.896341,1146.759153,1286.133712,48.176675,44.200823,1735.2315,352.288095,40.578047,44.150035,769.694692,571.798394,48.43623,44.555809
4962,0.596506,3,4,4,352.186151,175.174169,34.616193,46.572035,705.639868,671.805338,37.46733,46.693379,209.462319,528.322814,37.164052,41.224373,329.048638,440.105976,38.294981,47.385103
4965,0.420151,3,4,4,210.088964,112.271548,32.793637,46.729817,568.447332,490.757921,34.337991,46.633116,128.862991,223.941417,34.601854,44.923549,260.340392,345.23928,35.405354,47.347818
4966,0.702015,3,4,4,129.616032,272.69249,39.142755,45.909787,549.6339,656.063986,39.119873,46.945804,281.592765,135.376755,37.934444,47.150539,417.76012,305.758532,39.426027,47.489292
4969,0.571862,3,4,4,497.898588,420.722793,40.795401,32.400913,1367.239496,1417.724798,44.163467,34.157125,518.402328,721.3314,40.978309,25.550205,782.947325,756.962137,47.02033,37.602362
4970,0.770165,3,4,4,687.995716,384.08284,25.940469,37.404511,2024.580626,1770.494169,31.00161,36.750267,593.623676,906.29978,29.26718,28.921716,961.410505,1295.420836,36.972699,39.367159
4973,1.000485,4,4,4,66.041796,49.299732,36.027952,36.045734,260.763658,229.807038,36.031169,36.039406,65.998153,65.651626,36.032319,36.032693,122.268809,148.712988,36.065297,36.063634
4981,0.577954,3,4,4,493.059178,425.337968,30.791292,42.443926,1337.108654,1392.195885,34.719088,44.118421,521.132162,708.077193,30.813823,37.026167,771.929808,748.966424,37.673786,47.072333
4986,1.098477,3,4,4,1051.846779,757.23496,33.388504,42.983235,2715.069099,2503.32173,38.260073,44.439108,933.260529,1056.602396,35.634282,40.31406,1312.834719,1593.106808,41.695519,46.959842
4988,0.500132,3,4,4,281.567233,489.329333,44.343375,20.069572,1044.107984,1106.791787,44.889626,28.723179,567.355518,334.999439,38.17532,26.940703,634.879302,513.01917,47.09052,33.327178
4992,0.89042,3,4,4,494.133973,817.689584,37.662802,40.187098,1731.18093,1802.221834,38.543982,45.033581,947.583757,584.371684,31.477378,43.751744,1036.028094,854.755985,40.619787,47.27872
5001,0.482088,3,4,4,386.263593,142.524401,20.875153,38.824289,677.631775,571.931994,27.626491,38.86297,155.73929,325.905988,27.970392,36.314749,282.336226,388.87212,29.160919,39.487209
5002,0.256411,3,4,4,62.80866,172.440255,26.579029,36.000626,214.925033,257.298214,26.741658,39.074317,132.908413,57.663477,24.971278,39.205179,146.141149,107.535324,27.025167,39.602883
5005,0.54711,3,3,3,1091.675898,1949.00403,40.162305,31.866584,2844.045602,3765.509942,42.090272,37.998879,1850.643341,921.890971,36.053197,38.197711,1501.604936,1328.530653,43.403997,40.176139
5008,0.499905,3,4,4,443.473804,254.773191,33.843519,29.6675,802.889605,763.036623,38.271899,30.768614,228.310213,303.731839,37.99372,29.061506,466.246849,411.551339,39.43578,31.882867
5009,0.496681,3,4,4,204.067058,531.817946,38.134303,23.105372,798.52063,850.641863,38.269331,30.404575,389.187897,234.846967,35.351883,30.165685,428.654917,481.651979,39.465007,31.78604
5013,0.250692,3,4,4,305.535999,149.213601,16.429089,36.700089,592.191539,519.298238,24.002528,37.462435,145.245968,238.807928,24.258505,33.709929,296.172425,326.305422,26.618521,39.248375
5016,0.051394,3,3,3,208.461812,123.984966,25.469003,34.459507,558.175751,476.193076,33.17453,35.378466,122.796972,220.103308,35.342503,25.525671,258.179508,386.520116,42.298505,40.891514
5017,0.194909,3,3,3,449.586344,760.651086,35.059909,26.240641,1741.287067,2041.323379,35.830689,33.712316,807.834385,448.770397,26.18058,35.803296,1429.756302,952.856952,41.009427,42.362213
5022,0.507548,3,3,3,1750.032277,994.66606,28.630743,25.348784,3606.441994,2752.118598,38.234048,29.174233,872.411512,1699.358237,38.756785,17.848794,1322.01239,1479.07224,43.218233,32.398249
5023,0.234765,3,3,3,564.979576,980.769112,37.617931,8.471999,2138.610854,2571.863918,38.816045,15.149457,1069.656485,557.075021,26.468236,17.62862,1703.183033,1115.924335,44.780058,25.702417
5029,0.256617,3,3,3,1038.987014,604.519408,27.816458,31.496157,2707.561354,2247.838319,36.648899,32.780141,583.712737,1128.730249,39.207016,21.667815,1176.188894,1800.036925,46.351817,37.801231
5030,0.495478,3,4,4,488.921416,200.625602,32.767773,27.147819,861.069202,835.829616,38.058105,27.091457,242.190692,366.665014,37.776376,22.826213,522.82861,435.065169,39.379549,29.238895
5038,0.160114,3,3,3,589.886745,362.275355,27.370259,27.211426,1542.958377,1499.214443,34.8692,27.155131,380.263658,652.156712,35.419021,19.464098,663.185587,924.631057,42.689651,32.827432
5040,0.419073,3,3,3,801.858857,1577.072691,37.240326,23.708726,3358.359952,3904.871619,37.062927,31.702572,1636.414291,879.116736,27.350663,33.191956,2578.837167,1594.206423,41.712806,38.724781
5046,0.2224,3,3,3,427.819366,814.106858,18.268508,27.494577,1774.109475,2044.752074,18.190166,35.476319,845.68261,465.450871,9.927669,36.897682,1347.211954,846.870094,23.238361,42.821688
5048,0.137584,3,4,4,115.685586,42.460873,39.118196,21.971849,534.772378,459.488465,37.869179,17.255475,125.144868,155.888861,38.901214,14.207098,215.780841,279.376088,44.530647,21.942926
5050,1.012241,3,4,4,124.409379,475.137308,36.563946,36.404579,1456.868264,1510.867883,35.045121,37.270716,639.255906,349.711218,31.810427,37.519128,938.684448,581.638879,36.490331,38.526129
5055,0.428325,2,4,4,165.97307,182.079651,39.702632,39.421643,1024.479001,1054.83428,38.069518,37.90377,336.571776,290.847764,36.414803,37.475118,495.47668,326.650359,40.868432,41.065376
5056,0.204997,3,4,4,68.870852,47.683276,39.364002,24.990762,291.538127,255.154074,39.34869,24.916756,80.551626,76.852761,39.304999,24.847451,138.163863,152.302883,39.618893,25.068006
5057,0.146145,3,4,4,68.992069,79.609189,37.699101,19.464129,307.667865,312.600403,37.398058,19.682306,108.376621,89.421194,35.736946,19.16577,201.535467,162.786919,39.202316,21.651178
5058,0.368895,3,4,4,175.425193,222.496342,37.673187,26.728936,819.802185,861.8522,37.169392,27.089583,267.210658,247.931741,35.891556,26.397148,466.70031,456.433303,39.269294,29.661969
5059,0.207348,3,4,4,112.865709,92.775264,37.131421,23.480317,334.595556,340.763296,38.259902,23.84017,87.204793,128.675916,38.225187,22.248169,162.674973,209.120375,39.495541,25.009343
5065,0.230551,3,3,3,151.039212,143.760291,38.785682,33.07635,457.649805,458.571755,39.162714,33.325578,177.750346,172.642908,38.598577,32.901174,217.891007,229.891266,39.599032,33.675312
5066,0.256655,3,4,4,88.732611,135.836662,39.34812,19.713752,397.973671,440.318209,39.295362,21.252506,142.592149,119.216703,38.989137,20.972072,206.037123,199.795409,39.606645,23.612065
5067,0.489932,3,3,3,340.662552,266.213313,38.684652,36.069772,1166.39649,1083.605466,38.965173,36.081655,371.691317,427.166456,38.629462,35.416812,541.633737,528.047449,39.581377,36.5613
5070,0.248717,3,3,3,180.119991,155.938909,33.224421,38.85349,515.367675,504.925325,33.659604,39.141738,192.56173,200.027703,33.20836,38.513252,235.28861,262.709047,34.051273,39.587061
5075,0.22786,3,4,4,96.295228,106.481201,38.054282,19.473705,400.61067,410.405459,38.024071,19.866544,134.266561,133.897265,37.030395,18.229692,235.094418,281.910055,39.390784,22.171039
5076,0.234246,3,4,4,151.977868,274.678758,39.828821,9.980078,478.476444,544.734595,41.254322,19.202914,270.547247,134.912676,34.76614,19.537934,312.8636,250.850809,43.136419,23.801322
5077,0.5093,3,4,4,349.925378,633.090132,43.009136,15.638315,1255.364826,1577.886295,43.976645,24.741159,617.803403,421.881514,37.179894,24.135482,1067.97536,849.881934,46.375676,32.796948
5080,0.431694,3,3,3,1045.238878,559.797374,37.526871,39.50433,2087.65593,1673.614767,44.540946,40.940701,540.393016,957.122818,44.505283,35.347529,1046.771563,1257.221628,47.186174,42.291896
5089,0.683092,3,4,4,223.860373,241.154549,30.27018,38.502858,1297.985474,1389.213479,28.817102,37.533535,377.89774,448.556207,28.014138,36.479687,816.692706,744.893464,31.273021,39.362241
5091,0.433853,3,3,3,1093.18634,604.332674,32.871423,43.487235,2157.253148,1730.08786,39.915936,45.422814,568.037155,985.29952,39.790755,39.227702,1059.802794,1284.772612,42.439898,47.019978
5096,0.392142,3,4,4,587.817672,314.544666,10.207418,41.648914,1256.918954,1067.449216,21.500181,43.301269,299.877573,593.150581,22.613905,33.386936,481.229943,716.900431,30.644346,46.639943
5099,0.260912,3,3,3,684.263152,452.559549,36.273735,34.974211,1531.994358,1302.990981,43.318647,37.395473,449.396595,668.032405,42.249655,31.228439,730.450312,677.64423,47.073072,39.753207
5102,0.184775,3,4,4,216.667987,119.880907,33.758739,21.713343,429.689389,377.424627,40.643318,23.283057,106.419797,213.40903,40.833988,16.288551,197.872381,246.788382,43.294208,25.17631
5103,0.242583,3,4,4,83.073652,155.822345,42.407488,24.427781,326.156684,374.449716,42.508089,27.004709,150.800185,90.861638,40.433498,27.154974,221.72989,168.449491,43.373259,28.231347
5104,0.249383,3,4,4,101.060697,156.336452,41.974745,24.866687,273.441698,287.980871,42.852836,27.876075,169.838994,86.166845,39.885118,27.605427,148.753606,145.248715,43.498936,28.533198
5109,0.170773,3,4,4,96.334924,53.627295,40.649327,23.84168,251.441183,224.040309,42.308478,23.815068,62.902065,95.369528,42.372392,22.188128,113.45208,145.79796,43.476039,24.558089
5110,0.247544,3,4,4,60.711625,61.906041,35.175444,24.437591,264.432828,259.783686,35.117331,24.418201,91.753977,70.352007,34.683105,24.361166,140.323811,141.623895,35.624863,24.863364
5116,0.246924,3,4,4,60.559652,61.751078,24.43806,35.155965,263.770902,259.133398,24.380677,35.136335,91.524299,70.175903,23.932702,35.079069,139.972553,141.269383,24.845576,35.62354
5118,0.243199,3,4,4,84.935975,32.537451,38.525476,39.463929,180.015801,180.648557,39.325008,39.322851,44.085952,109.612429,39.353559,38.033121,81.542004,77.252568,39.619189,39.622193
5119,0.261108,3,4,4,38.464175,105.290813,23.679689,38.185281,325.484934,341.934156,22.654998,38.704344,148.539467,78.12477,19.754849,38.890902,190.111294,167.38044,23.798307,39.544644
5123,0.499006,3,4,4,262.239889,106.824705,31.791504,43.103563,467.829168,435.614643,34.029775,43.112542,116.611448,291.677358,34.061339,40.760368,179.671822,210.798552,34.514939,43.547472
5127,0.511225,3,3,3,314.216959,210.720912,29.850575,39.286989,1193.332034,1142.485977,29.96126,39.041537,362.461937,471.288759,29.711848,38.189023,618.63074,542.037346,30.513985,39.586606
5129,0.152482,3,3,3,477.554206,793.754434,13.976436,28.509841,1643.435397,1842.914898,15.723516,37.005416,798.560835,491.737149,8.647086,36.602621,1000.521199,809.878407,20.070003,42.920537
5130,0.338204,3,3,3,1778.897782,1065.407543,24.328054,36.217927,4066.225596,3627.517933,32.594684,38.177417,1084.153637,1779.122711,32.227767,29.372201,1790.638666,2206.97319,37.94666,42.602685
5133,0.127108,3,3,3,370.261891,612.081705,37.085819,7.86278,1296.877075,1456.097762,38.612456,13.552333,615.220562,382.034596,30.845356,13.373229,819.452642,636.378001,42.624898,18.469223
5136,0.116206,3,3,3,326.248811,545.640662,26.826879,30.380929,1149.225019,1301.58593,27.968002,37.77441,546.348546,339.780241,21.707011,37.628237,749.728565,570.403994,30.853083,43.013809
5139,0.269003,3,3,3,690.988258,1214.066755,38.302224,26.041364,2429.120797,2829.548676,39.549267,32.796451,1182.718078,722.88578,32.428497,32.848178,1648.371681,1194.162855,42.712753,37.006202
5142,0.4901,3,3,3,2077.615633,1152.311297,32.098969,35.739438,4794.639993,4062.660346,38.954499,36.751741,1205.361472,2012.007588,39.129704,30.417339,2005.909433,2840.620341,43.183337,39.248575
5143,0.505957,3,4,4,409.836125,572.041275,41.551956,17.420477,1455.383023,1696.225096,42.877865,23.424178,623.706411,379.611006,36.929787,25.5564,1100.073474,784.50585,46.294273,32.891539
5144,0.247189,3,3,3,551.986885,1076.694834,31.984641,20.54559,1998.708636,2405.923009,33.465607,31.248068,1007.975965,626.036093,23.004616,31.088343,1459.986993,1087.557712,38.1708,38.842353
5150,0.244529,3,4,4,134.713043,43.770017,24.013306,39.327612,195.557398,163.108773,26.366073,39.38293,45.547563,141.374297,26.423914,37.117413,86.039922,112.370071,26.652488,39.593959
5151,0.248816,3,4,4,37.464202,117.608857,26.644169,37.694669,154.620095,178.026813,26.643291,39.345152,125.87211,42.538732,24.818984,39.384565,97.321098,78.050783,26.798298,39.62285
5153,0.249235,3,4,4,156.243589,101.000667,40.047625,27.034693,287.809811,273.279274,42.777008,27.945007,86.115662,169.73811,42.50933,24.673248,145.162438,148.665247,43.503401,28.523982
5154,0.095372,3,4,4,29.804024,15.473364,42.593432,18.223057,71.011031,63.915571,43.238645,18.221916,22.632292,28.008058,43.05892,17.853591,29.025558,37.954523,43.571811,18.366031
5157,0.143008,3,4,4,20.183878,25.093143,35.514644,35.420424,126.26058,130.249431,35.292295,35.267776,35.797207,37.739674,35.210323,35.15939,76.635587,73.716709,35.632461,35.637255
5158,0.257594,3,4,4,47.43076,49.015185,21.938702,35.374303,347.593984,357.30706,20.951186,34.752817,92.770693,89.209732,20.837303,34.803121,224.726203,203.015633,22.133843,35.559729
5165,0.49895,3,4,4,384.158002,167.874441,21.690647,38.600391,952.104923,706.914259,26.471797,38.555991,245.84316,343.889265,26.446384,36.200825,414.459075,487.182619,29.317002,39.416405
5166,0.514595,3,4,4,87.650536,195.870253,31.941807,38.332363,460.751867,627.993017,31.773824,38.820471,176.90712,182.190956,31.237709,38.612346,216.852784,231.666561,32.167184,39.596099
5169,0.500526,3,3,3,1702.571264,966.304948,28.148796,36.80165,4675.608788,3809.705659,34.850468,37.25912,1186.989685,1649.109755,35.020462,29.83002,2265.166361,3008.803464,42.294651,41.560814
5170,0.443285,3,3,3,830.801947,1404.165454,40.844016,29.11316,3420.921826,3997.888407,40.844106,34.889294,1518.104117,1076.397086,32.501335,34.287208,2540.078136,1907.504621,45.74271,41.912755
5172,0.504743,3,4,4,570.668478,408.852591,37.382042,30.351075,1692.154458,1451.890364,41.500768,31.923221,378.700007,622.209627,42.762581,24.975684,782.623176,1097.433494,46.881045,35.842128
5173,0.29197,3,4,4,256.700928,400.165768,40.687195,17.392453,850.792968,997.1723,42.773214,25.089731,405.657996,243.755697,34.938318,25.673589,620.146263,454.961467,46.347449,31.362918
5177,0.500772,3,4,4,266.468228,150.783732,37.231243,31.208817,767.757489,842.007834,38.384657,30.511607,177.081697,302.442527,38.614678,29.105908,472.042061,492.402622,39.43144,31.830643
5178,0.258812,3,4,4,190.079854,280.266051,42.46162,20.245683,746.143491,770.269871,42.859873,25.364385,315.069061,210.536646,37.124983,24.744086,439.061075,340.986501,46.758465,30.256696
5179,0.195513,3,4,4,75.226553,131.188432,42.122058,22.015774,285.475405,338.75808,42.328197,24.504379,130.645383,74.220795,40.005976,24.964878,214.144644,162.150356,43.280928,25.993894
5180,0.259537,3,4,4,330.639386,225.869267,35.452045,23.333968,1010.913985,877.507079,39.829798,24.033903,240.09611,354.851867,40.75694,17.406371,456.693315,613.510896,46.702515,29.322584
5184,0.501851,3,4,4,426.912076,243.676435,20.371358,37.597483,1246.374546,1317.204569,24.484186,36.324273,293.869787,495.497832,25.252884,33.357904,770.821416,784.756622,28.811239,39.083269
5185,0.237197,3,4,4,118.896047,101.422944,44.943537,27.832584,416.651113,451.918205,45.603306,27.505521,132.72353,165.320323,44.684752,25.300651,194.15119,225.796564,47.349298,29.497476
5186,0.490951,3,4,4,135.996846,275.410076,46.672859,33.442357,574.114315,660.675287,46.631159,35.683471,235.290716,172.862823,45.381953,35.641891,381.510319,330.143745,47.368093,36.731875
5196,0.606526,2,3,3,1312.769837,977.727304,32.651196,38.382684,4181.034267,4116.772985,35.376374,38.184812,1121.656899,1477.653734,34.989605,34.405149,2313.352086,2973.410043,39.829109,42.232475
5203,0.220901,3,4,4,210.498444,279.229709,19.631623,32.62933,959.159451,961.436935,18.307187,35.180034,391.056102,241.803654,11.382948,35.462638,755.443425,570.209286,24.75456,42.020809
5205,0.318428,3,4,4,189.652622,128.419758,44.008312,45.793071,606.121929,565.28829,45.297531,45.565418,149.362061,237.689043,45.464923,42.804365,315.524644,419.236535,47.261969,47.057885
5206,0.746035,3,4,4,210.299247,228.422079,46.643813,46.493127,813.061305,799.824752,46.74432,46.768654,307.705544,213.148746,45.901271,46.714746,568.051326,444.501266,47.374966,47.440012
5210,0.537252,3,4,4,301.434018,153.577126,36.992264,31.711368,985.29679,737.142949,37.894286,31.441259,255.133054,245.088416,37.871945,30.761338,721.959663,634.460938,39.223553,32.158096
5211,0.757535,3,4,4,188.065764,181.10322,46.835222,46.88397,696.789107,654.716116,46.963551,47.02828,258.57712,187.394267,46.387046,46.912077,478.623643,381.528599,47.427077,47.470028
5219,0.453607,3,4,4,97.613852,63.72801,35.682984,47.305252,330.862676,274.764834,35.844494,47.283018,106.242586,91.516237,35.654452,47.115064,205.221316,178.641115,36.1243,47.499852
5222,0.533504,3,3,3,624.425438,248.935765,37.156155,39.191661,1321.091632,1041.146087,38.913013,39.178037,360.272061,557.608148,38.827754,37.813736,525.464519,667.682768,39.59488,39.563182
5223,0.269977,3,3,3,92.06079,263.160299,25.195846,37.855218,394.991328,509.721764,25.178383,39.206468,225.39414,128.241195,24.260502,39.224293,227.747725,197.937498,25.362389,39.618523
5227,0.172368,2,3,3,205.576948,85.304494,29.806742,39.086472,445.52609,354.636773,31.42216,39.076265,124.395675,186.977239,31.305783,37.495926,178.667912,225.132911,32.050201,39.546251
5232,0.595536,3,3,3,1752.146089,1046.784762,21.453736,41.515992,3715.303677,2985.092262,31.249767,44.343181,1018.450982,1703.6566,30.609223,35.78028,1624.302327,1694.592243,36.022968,47.058267
5233,0.468642,3,3,3,807.766115,1248.410492,41.709303,36.016331,2308.296788,2743.842997,44.44118,43.339599,1209.667832,793.224122,37.423962,42.403856,1221.356888,1291.807985,47.133203,47.086798
5236,0.140414,3,3,3,221.046789,146.969072,35.469036,29.205892,562.797016,521.754788,37.859726,29.591046,160.936148,237.249173,37.481304,27.351037,239.316228,327.125466,39.494154,30.56837
5237,0.309106,3,4,4,138.315192,236.431367,37.87938,17.658116,529.746837,580.172052,38.098081,22.467484,258.54346,129.934617,34.853107,23.216854,363.416383,235.042092,39.318382,25.350143
5248,0.116255,3,3,3,584.737367,383.392042,29.147243,25.344965,1343.876987,1204.377794,37.465138,27.660235,377.628212,579.169458,36.5216,20.874952,612.949444,710.379159,42.929807,30.923194
5252,0.250325,3,4,4,75.984322,25.901989,23.468576,43.474198,176.394331,148.101473,24.481506,43.365851,47.937726,76.307247,24.429217,42.735794,67.422957,98.426252,24.862471,43.554157
5256,0.248953,3,3,3,990.243501,534.671159,28.204188,32.500033,2441.344526,2055.183311,37.772976,33.283602,627.745698,954.176159,37.773651,24.242272,1117.037284,1472.839904,46.398141,38.210225
5260,0.250649,3,3,3,1029.298904,547.391847,21.793913,38.989896,2353.807161,1969.220988,31.793943,40.645955,613.415573,972.296621,31.620645,29.967935,1085.409926,1432.010045,38.957083,45.752458
5271,0.109129,3,4,4,143.999979,95.267807,34.839816,40.766034,366.458515,316.410616,41.484253,42.813951,90.848727,146.044533,41.842501,35.587085,169.534127,227.111221,46.878636,46.392047
5276,0.209595,2,3,3,296.799654,116.622279,20.101148,42.828548,705.668425,495.010184,22.892009,42.783604,179.416384,305.069743,22.924638,39.620712,237.361576,332.290675,24.229661,43.435327
5280,0.482751,3,3,3,657.449196,248.717142,40.018139,42.993049,1518.58212,1036.546367,42.336634,42.979189,379.91443,663.854531,42.399093,40.30366,496.403707,711.445258,43.534226,43.46987
5283,0.490416,3,4,4,339.814203,122.454601,22.841084,39.047513,939.274314,641.164064,26.312129,38.70724,200.90234,265.609055,27.274992,37.396152,616.930008,615.570323,28.897549,39.274897
5289,0.146546,3,4,4,192.842623,75.639818,31.990211,20.727891,494.781845,366.570968,37.987966,19.842831,97.588363,170.312432,40.027506,14.22789,200.421587,264.559734,43.115319,22.40754
5292,0.152306,2,3,3,191.720007,124.897487,31.061993,42.018591,597.437446,473.24157,32.151095,42.242547,139.406673,191.58479,32.418575,40.516105,262.356174,288.268156,33.593685,43.36977
5295,0.222285,3,3,3,837.634773,475.262406,27.780721,21.021529,1755.969852,1384.847874,33.632816,22.953465,438.51797,855.467616,33.773479,15.427861,644.817334,782.723741,36.148444,24.68881
5296,0.103566,3,3,3,212.172928,436.734056,40.00024,8.009938,620.525506,827.556019,41.643596,14.173287,418.004795,196.05535,33.725096,14.553696,353.841272,288.172425,43.303541,16.607931
5298,0.349657,3,3,3,421.736477,748.872102,36.104651,21.056549,1834.390463,2040.704167,35.835691,25.416902,813.180965,508.397377,31.425452,25.656507,1392.163699,929.948301,37.942327,29.194815
5299,0.238157,3,3,3,250.183158,382.874113,37.595202,19.669836,887.394755,966.012796,38.082315,22.47367,409.701684,272.509276,35.23939,22.110262,562.308794,405.251969,39.36148,24.116976
5304,0.12538,2,3,3,617.984387,264.919705,28.571914,39.449801,1323.665685,909.006034,37.849417,40.580932,337.779994,416.734878,37.921514,35.644485,558.113001,495.670743,43.062738,43.170104
5313,0.516872,2,4,4,92.19883,122.420398,31.472725,24.455242,286.253624,395.641922,31.587256,24.710826,183.933799,165.264923,30.844544,24.030181,112.574061,120.231311,31.738236,25.079407
5314,0.300973,2,3,3,715.145443,531.291199,33.953958,32.557156,2262.126582,2166.54205,37.197218,32.645641,641.406426,828.931606,36.115089,27.942922,1195.593615,1518.671735,42.673419,36.745895
5321,0.760614,2,3,3,832.298679,551.451146,32.930366,42.339036,2431.205765,2262.778106,34.315664,42.347124,673.445695,1150.723555,34.086365,39.347039,966.854348,1184.334496,35.667789,43.440853
5322,0.98578,4,4,4,197.720309,452.925219,48.047613,46.386806,666.259424,896.753015,48.190293,47.957248,439.100286,239.793747,46.700757,47.915797,433.282659,277.764734,48.442574,48.47588
5331,0.47316,3,4,4,252.51142,264.07116,33.510838,23.000066,727.098373,712.04459,34.555872,25.249095,306.961823,185.050573,32.905392,25.211711,503.449742,288.16552,35.452638,26.831493
5338,0.105285,2,3,3,287.654855,214.765631,20.083306,32.698563,862.547769,826.714581,23.460159,33.40216,293.291032,362.882375,20.547305,26.143005,394.211627,473.939392,28.123127,38.587472
5339,0.076968,2,3,3,149.902913,97.227884,33.188284,36.525882,526.064385,383.69686,34.668106,36.750449,232.081181,172.910667,28.306238,32.259442,321.13411,168.662496,38.726902,39.373895
5340,0.251709,2,6,0,151.039482,0,37.984816,0,692.996778,0,37.790558,0,296.95717,0,36.15979,0,305.648809,0,38.761882,0
5344,0.248748,2,3,3,470.238987,449.054405,17.997254,33.930836,1601.945698,1813.528421,19.846572,34.108848,519.373219,636.635464,17.527596,30.653431,994.857368,966.799749,23.890107,38.840896
5346,0.261897,2,3,3,477.095618,715.453942,33.846071,13.718241,1815.02449,2021.342561,34.5522,18.518339,708.876926,522.029464,29.892381,18.4711,1335.936067,920.433385,38.312173,24.539156
5347,0.317171,2,3,3,835.449888,597.786376,32.403273,21.172365,2324.542226,2239.559024,37.454404,22.266406,582.879779,889.091881,37.702609,16.347474,1047.12403,1517.659468,42.943917,27.355202
5348,0.260535,2,3,3,472.533915,408.451455,33.887301,20.224511,1309.41898,1395.590964,36.708626,21.643401,450.791414,507.953351,34.79615,18.666591,767.090759,764.53195,39.168585,24.672727
5352,0.283516,2,3,3,491.217407,746.227924,20.002743,29.478652,1874.465797,2107.7257,20.730883,33.929815,738.95153,534.688764,15.761194,34.054744,1413.189159,957.965631,24.627273,39.026909
5354,0.153819,2,3,3,596.449409,173.100844,25.342696,40.798404,1622.409745,832.030615,32.838946,39.921801,432.003913,396.598243,32.292677,33.599379,794.921314,382.837037,42.093292,43.214031
5355,0.400124,2,6,0,85.546038,0,38.395301,0,407.54708,0,38.249283,0,189.030317,0,37.045755,0,286.785776,0,38.725637,0
5357,0.082054,2,3,3,206.050557,102.252046,30.139453,36.599495,570.527786,511.024139,34.524462,35.388283,145.750635,233.129134,34.579675,29.199024,256.039981,250.37361,39.113175,39.135233
5358,0.502944,2,6,0,914.411518,0,22.770603,0,2772.176013,0,27.857991,0,784.628769,0,26.365296,0,1565.443437,0,36.781983,0
5359,0.972108,2,7,0,500.988207,0,42.931498,0,582.152663,0,43.538725,0,198.645283,0,43.495217,0,203.250719,0,43.596479,0
5360,0.360404,2,6,0,609.64699,0,24.04597,0,1767.532216,0,29.521374,0,482.523343,0,28.691529,0,952.468018,0,37.315136,0
5362,0.058759,2,7,0,129.676031,0,34.966915,0,323.358197,0,39.810047,0,90.67539,0,39.20024,0,167.571355,0,43.101398,0
5363,0.086907,2,3,3,108.474549,189.886469,28.126326,39.914818,289.648453,478.65542,28.722457,42.513804,70.788849,132.650051,28.764509,42.24093,123.173438,247.79971,29.124973,44.153677
5364,0.230075,3,3,3,322.072733,241.036584,35.832275,45.097851,1200.999089,1123.589312,36.400286,44.488051,290.647194,405.193952,36.703249,42.047409,629.35893,644.563791,38.902398,47.072457
5369,0.218973,3,3,3,301.872394,202.660127,35.609909,45.591216,1092.852057,960.142169,36.306388,45.024767,296.789947,398.821399,36.029622,41.728997,546.782661,621.822085,38.618414,47.060143
5371,0.20661,2,4,4,93.873106,161.81606,20.941397,38.152571,853.752828,987.920864,17.785025,36.612933,266.041642,239.740982,16.151857,36.90753,369.802113,370.542344,21.434874,39.434939
5372,0.427796,2,4,4,280.182488,274.401334,26.666742,38.612988,1514.008221,1498.284877,25.423073,37.909552,490.515751,418.257441,23.760837,37.630541,804.78675,527.716118,28.027079,39.544085
5374,0.326773,2,3,3,593.808638,957.844736,40.407983,31.89282,2619.81652,3089.062835,39.997653,34.091088,1114.502584,841.225119,35.320782,33.643143,1819.153065,1478.761081,42.783596,37.897958
5376,0.246178,2,3,3,379.73898,195.308873,35.243988,32.907496,1335.132171,1139.086627,36.28965,31.865069,356.127594,450.87154,36.069342,29.34056,499.798392,747.92513,39.41096,33.625872
5377,0.223771,2,3,3,245.688767,440.640481,44.625817,32.29447,1462.282121,1627.164426,42.007127,33.432019,546.719267,398.128379,37.479203,33.895122,958.611749,613.870098,46.38744,38.674187
5378,0.253822,2,4,4,160.128898,125.722869,36.140056,19.800279,563.015358,568.794064,36.988991,19.043838,186.510861,214.498327,35.515613,14.886189,264.000776,234.81553,39.365429,23.404468
5382,0.124282,2,3,3,192.421624,104.08093,35.216309,38.155482,682.959939,590.383569,36.211976,36.98735,183.219417,228.669146,35.950638,34.276416,258.637996,375.032913,39.399531,39.145845
5383,0.242585,2,4,4,117.170561,110.754298,37.459706,19.946694,451.853668,507.317333,37.703617,19.188369,158.427293,184.286895,36.274794,15.808117,209.191565,187.87161,39.450256,23.059801
5384,0.258148,2,4,4,65.753393,60.561275,39.466687,23.661006,417.733601,380.129695,39.234606,23.391242,126.038341,127.413236,39.089256,23.038158,172.108054,175.171867,39.617037,23.805495
5385,0.253344,2,3,3,237.494576,250.98019,23.02774,32.448361,1267.737146,1155.200116,21.817843,32.05119,455.64079,382.991,19.250142,30.804328,325.534617,415.245495,24.735161,34.051275
5389,0.253033,2,4,4,122.66281,101.324225,19.929417,38.090242,438.291342,478.046936,20.841945,37.653132,148.754839,191.573479,18.840497,35.300485,184.008039,178.064421,23.486532,39.514028
5392,0.247011,2,4,4,59.999679,80.11993,23.227006,39.360614,439.120732,453.380089,22.743064,39.123749,137.628508,125.646273,22.37791,39.044538,230.709251,171.044536,23.354973,39.614576
5393,0.255124,2,3,3,367.97651,401.607447,35.719507,30.199825,1351.652931,1298.2625,36.423885,31.607488,558.779966,479.144412,32.545051,29.284248,335.230847,325.786716,39.545061,34.132747
5394,0.254555,2,3,3,401.00431,376.608593,35.085082,30.604679,1294.145497,1294.311821,36.64863,31.601624,511.402354,565.632015,33.452216,27.694059,315.058017,314.357383,39.556309,34.127215
5395,0.250331,2,4,4,43.549617,93.608595,35.402593,20.102801,246.159076,334.338374,35.160761,20.617488,119.99125,96.526879,33.945138,20.209572,122.253048,111.900099,35.63874,22.041332
5396,0.246703,2,4,4,118.778072,60.566876,33.739238,21.16087,322.717281,287.282759,34.782552,20.870359,101.171791,148.746148,34.37862,17.41582,93.267587,113.281943,35.662312,21.915336
5400,0.25122,2,3,3,374.78679,402.438806,20.326125,34.954884,1370.781543,1318.026878,21.201097,36.478475,563.719023,487.820746,16.760997,33.782762,351.803707,345.240096,24.643754,39.535757
5401,0.257776,2,3,3,254.579637,362.428908,41.382653,22.185369,1048.477769,1062.324958,41.381858,24.271666,440.247393,362.510255,38.377423,22.622945,513.361284,411.186732,43.346537,26.359343
5402,0.177849,2,3,3,260.128469,179.354538,35.624495,19.481618,711.19413,703.847171,37.693732,19.662104,256.609357,310.36228,36.085488,16.475787,247.083928,277.513048,39.533374,21.311235
5403,0.125001,2,3,3,268.422101,347.358221,39.333084,12.958282,1192.020552,1172.065693,38.747644,14.608083,460.306701,380.028263,34.299364,12.653274,645.223077,679.829207,42.891035,18.16063
5404,0.309646,2,3,3,829.542833,645.088513,37.419959,24.040979,2770.874163,2816.463212,39.244738,23.546317,857.985803,1056.639204,37.652488,19.249898,1586.479872,1570.510571,42.900816,27.751356
5408,0.237462,2,3,3,228.287579,333.957599,34.952634,39.461278,943.32013,965.893274,34.941005,41.381693,407.081446,324.001259,32.171632,40.043012,468.314636,369.359884,36.513091,43.441164
5412,0.162649,2,3,3,306.033549,377.014538,28.681954,26.42232,951.931802,1036.027192,30.842436,30.285788,452.971547,397.4386,24.760642,26.476224,453.118088,510.890504,33.874792,33.784246
5413,0.241668,2,3,3,296.979137,138.653279,40.32683,36.149597,694.055309,570.804297,42.426065,36.149863,206.8082,267.953077,42.060144,34.743608,265.186229,298.458864,43.518,36.729175
5414,0.36813,2,3,3,665.178604,769.945731,33.922331,29.025505,2079.076399,2046.33873,36.045227,32.534148,890.935924,830.152402,31.370947,28.829686,1123.585397,965.729437,39.134967,35.380355
5415,0.251722,2,4,4,94.653712,140.704905,38.259801,23.948757,500.042847,541.647577,37.464393,24.31696,190.195894,169.995118,35.315351,23.091795,192.197093,187.936825,39.491329,26.812354
5416,0.24847,2,4,4,110.033428,110.511012,34.013627,23.229428,323.377834,339.412886,34.791158,24.00332,144.230191,141.051733,33.228522,22.456577,128.046672,111.444923,35.632166,24.910246
5417,0.252824,2,4,4,148.92202,135.042727,32.895662,22.601645,433.489039,381.213328,34.191939,23.918512,175.743446,166.232233,32.314852,21.76746,138.531766,157.03251,35.623798,25.00502
5418,0.249831,2,4,4,151.073462,118.603053,36.389188,24.707092,520.917656,515.159498,37.26636,24.464635,164.390354,197.033848,36.230443,21.764123,203.250416,205.889636,39.471088,26.721332
5422,0.252089,2,4,4,75.638279,129.839173,22.229552,37.193003,442.684329,497.108046,20.727978,37.493019,168.199802,144.919773,17.588662,36.951732,183.174649,160.598055,23.451196,39.537388
5425,0.250753,2,3,3,267.058951,518.327611,22.411966,32.552864,1531.247802,1715.663709,20.357631,34.659382,599.438382,490.11959,15.958253,33.720143,1014.795481,758.844586,23.944944,39.143128
5426,0.251367,2,3,3,526.7986,284.851484,27.657584,37.07054,1769.018886,1599.290736,29.524351,35.231411,519.871533,621.960777,28.3609,31.092217,789.204166,1027.496,33.696716,38.761387
5428,0.255154,2,3,3,351.135111,543.763209,36.024368,16.818022,1692.897008,1800.283993,34.908821,19.225686,675.029606,558.465296,30.208116,17.186439,1168.755175,951.110837,38.552708,24.225935
5429,0.249602,2,3,3,516.463216,551.003004,35.783734,16.990523,1886.498215,1879.478989,37.139212,19.333209,674.327104,692.330118,32.89925,14.57328,874.202125,846.449609,42.867284,25.573921
5430,0.253516,2,3,3,419.950636,447.515778,38.140361,19.871268,1520.795768,1607.675764,39.203303,21.241592,556.730834,543.7379,35.754888,18.25009,931.490072,917.15301,42.798729,25.650925
5433,0.243424,2,4,4,87.161442,153.191882,20.040085,32.553162,425.490194,392.498986,19.276785,34.351834,172.339504,137.495308,15.82599,33.345225,179.511455,155.352956,21.706388,35.598264
5434,0.25433,2,4,4,161.316772,90.648246,21.675187,34.565529,427.227681,456.28522,23.676153,34.062578,154.921577,190.910778,22.260454,31.840269,166.047624,198.144957,25.041377,35.551576
5436,0.258121,2,4,4,75.187174,123.006487,34.918922,19.097044,339.817727,359.764625,34.771635,20.734013,161.451362,128.801791,32.881452,19.167297,130.955451,123.62663,35.634149,22.290125
5437,0.246201,2,3,3,457.916692,421.65492,36.999827,31.890922,1580.375409,1493.30436,38.667987,33.055116,525.920143,549.265793,36.087265,29.815048,886.723657,902.787165,42.828042,36.268567
5438,0.258773,2,3,3,435.230243,495.597471,38.000808,31.084506,1578.252405,1614.700876,39.077348,33.106079,585.745559,556.898592,35.377935,30.455836,975.443165,940.224943,42.759591,36.550892
5439,0.248057,2,3,3,314.193152,527.113742,40.148512,29.753407,1566.450215,1589.892933,38.802343,32.698009,599.9469,502.608805,34.505134,30.889225,1158.976171,969.934342,42.348448,36.225245
5440,0.247344,2,4,4,138.846958,78.398076,22.189979,20.587413,302.416858,306.598072,24.163071,20.733974,120.61261,146.884377,23.071342,17.562266,109.219994,93.42841,24.877287,21.955323
5441,0.198151,2,4,4,65.6973,97.992245,34.707134,16.639741,265.691285,272.109707,34.739624,18.534679,120.256928,98.022011,33.026732,16.99859,108.93363,108.131725,35.623322,20.001951
5442,0.251777,2,3,3,526.845452,331.229255,35.645935,33.87939,1613.523542,1577.317652,38.681586,32.94095,519.259927,619.567475,36.493404,28.727468,954.407961,1163.378167,42.750767,36.030776
5446,0.244475,2,3,3,309.904527,521.214436,22.430249,35.412431,1543.393252,1561.894217,20.933036,38.70713,588.449876,490.57008,16.412696,36.7977,1138.642946,957.059092,24.819701,42.698286
5447,0.573845,2,3,3,1364.368505,1704.354038,37.020359,19.975173,5606.994489,6093.752441,37.050836,22.671049,2085.435591,1842.386023,30.26036,19.568155,3382.140754,2804.054234,45.461115,34.640786
5448,0.308322,2,3,3,590.403201,1222.311986,40.10082,16.145487,2853.214964,3470.78203,38.988241,21.317692,1294.872497,794.900616,32.341949,22.583357,1893.149597,1540.944862,42.620272,27.72723
5449,0.215957,2,3,3,236.996228,114.468838,40.92103,24.046195,818.46043,633.933301,41.648049,23.554744,190.974993,258.960765,41.964736,21.872584,405.336409,366.500193,43.373382,24.47952
5454,0.6839,2,3,3,1407.83032,1810.657918,36.356308,35.250649,5344.496723,5997.125699,37.343487,38.635933,2121.863733,1826.7988,30.837459,36.06844,3486.762254,2727.491062,42.913538,46.53203
5455,0.127243,2,3,3,352.45433,536.594161,37.07589,22.305701,1477.068657,1620.724794,36.888061,26.126323,638.264524,465.262393,29.304372,24.915006,987.631831,820.754302,42.089754,31.5392
5456,0.256883,2,3,3,1073.771184,737.06936,31.489962,31.061997,3146.661723,2910.919833,36.287304,31.473182,938.112748,1276.798949,34.414509,24.363791,1692.518509,1989.255265,42.483442,35.900634
5457,0.205199,2,4,4,98.071484,70.07597,37.500867,19.825429,562.427713,519.071318,35.799945,15.991601,152.967517,161.416643,35.41327,13.96689,282.980077,315.061677,39.166114,20.800343
5460,0.279696,2,3,3,723.446304,1225.169811,21.043851,30.696733,3197.700744,3696.554079,20.244401,35.366142,1432.088219,966.072352,12.298752,35.158517,2349.189647,1787.900111,25.657318,42.544313
5464,0.513071,2,3,3,2153.68106,1519.674372,31.419902,36.337551,6165.119554,5707.606822,36.506958,37.334681,1893.502742,2520.465153,34.268745,29.682738,3341.473945,3928.633098,42.507168,42.126918
5468,0.249563,2,3,3,1065.476711,767.455664,13.346567,35.895582,3085.615377,2870.028059,18.256319,36.988312,954.10574,1249.131557,15.792156,29.34378,1670.543474,1948.070252,25.126241,42.073959
5470,0.157326,2,3,3,407.967722,418.492842,32.649048,10.824709,1544.990349,1574.193572,33.900938,11.922434,538.264114,525.175448,28.884305,8.762957,782.24744,770.111631,42.196448,20.079694
5471,0.135673,2,3,3,475.946543,341.799453,34.178579,14.545002,1487.75834,1386.968898,37.479657,14.669646,391.463449,527.687163,37.246214,10.722153,850.239075,963.961766,42.582422,18.598865
5472,0.250404,2,3,3,466.323468,398.133419,36.986371,20.825093,1819.102802,1742.32942,37.54229,20.219427,547.912641,613.344857,35.799004,16.378261,858.485401,946.371933,42.895941,25.460676
5473,0.250145,2,4,4,109.543272,137.17641,34.04744,17.83571,442.574611,428.156831,34.103391,19.612532,208.824573,164.544223,31.088156,16.761024,178.827714,169.398915,35.573867,21.961518
5474,0.251788,2,3,3,634.952374,668.682141,33.078125,26.880185,2226.812986,2213.229101,35.318451,29.771182,736.138674,766.300146,31.64184,25.668599,1762.415235,1800.049996,40.988903,34.744507
5475,0.243487,2,3,3,641.338162,618.490374,32.40384,27.370467,2105.330453,2185.672789,35.60237,29.363376,708.683226,711.017002,31.715656,26.161576,1772.205836,1761.968548,40.800645,34.515492
5476,0.247997,2,4,4,126.474057,89.127336,37.235974,21.429546,417.191469,363.034417,38.032176,21.4751,154.237003,166.052801,36.550689,17.404405,159.317329,142.024015,39.535588,23.359488
5480,0.251727,2,4,4,98.952545,121.931853,23.705846,33.717832,392.367257,372.431897,23.805118,34.548554,188.452065,153.270196,20.832541,33.011394,146.960014,137.801436,24.981241,35.623934
5484,0.249513,2,3,3,613.812716,639.185333,15.480972,32.837835,2189.556842,2166.870217,17.454971,35.548078,714.695631,753.794689,14.097777,31.093827,1738.82061,1783.638324,23.594634,40.888996
5485,0.253842,2,3,3,650.044793,675.107502,32.843273,14.485642,2265.937823,2182.119177,35.199332,17.876145,742.108128,738.332861,31.642605,14.005576,1846.931892,1858.146915,40.802367,23.50398
5486,0.124793,2,3,3,297.080014,280.099933,33.927069,11.048185,945.585693,943.66064,37.112583,13.02409,336.529621,315.209758,32.927049,10.403184,692.524999,654.724767,41.883553,17.503826
5487,0.24696,2,3,3,418.314849,551.777988,34.498037,15.970238,1640.707797,1766.501082,34.898267,18.814257,651.634261,602.225225,30.244015,15.584259,1070.873468,1014.754531,38.658534,23.780304
5488,0.246336,2,3,3,455.840151,331.910724,33.696888,20.914911,1456.92764,1416.592309,35.747402,20.66094,475.228377,570.260664,33.844401,16.221048,580.513757,700.223526,39.333317,24.182432
5495,0.376795,2,3,3,874.797677,959.368688,30.369073,32.931621,2913.970238,2961.490449,32.846013,36.719156,987.309831,1033.786208,29.494305,32.660655,2023.528124,2081.077667,37.563186,41.898373
5496,0.374162,2,3,3,967.808313,882.059691,28.829651,34.066159,3000.474999,2929.360174,32.442958,36.761952,1034.20297,994.41799,28.692931,33.148497,2072.027516,2032.735544,37.45126,41.948876
5503,0.250797,2,3,3,611.265855,663.02055,28.079799,32.345696,2079.267327,2100.213025,30.410114,35.991951,699.083998,710.585213,26.991243,32.152287,1452.372194,1465.578535,35.470643,41.714144
5504,0.24916,2,3,3,667.698531,603.459316,26.699009,33.678305,2117.301629,2081.441059,30.107268,36.020902,707.931129,710.446408,26.678862,32.050094,1461.898197,1461.84673,35.39706,41.700389
5507,0.236719,2,4,4,298.226178,203.738071,36.149265,20.082995,894.26143,798.851171,37.653903,20.358854,308.547399,358.934148,36.287043,15.618501,319.106289,373.180802,39.524696,22.817312
5508,0.250839,2,4,4,220.063497,314.464953,37.809003,17.598611,853.045829,927.42076,38.000254,20.368683,406.442267,337.881312,34.776557,17.44609,356.982492,286.549739,39.511141,23.468915
5510,0.24437,2,4,4,36.501326,72.332788,24.642862,34.895295,144.786271,135.215401,24.656237,35.517322,74.508454,76.447035,24.119201,34.898037,62.904803,59.64544,24.809718,35.68358
5511,0.286098,2,4,4,96.579046,29.251032,21.591537,35.591093,175.562484,168.021454,22.925293,35.495554,79.596229,99.885911,22.258148,34.717161,82.773943,107.42617,23.176434,35.662797
5515,0.253365,2,4,4,143.716942,119.264951,22.309806,23.165152,317.639055,309.886591,24.300876,24.340392,144.534887,172.785004,22.575035,21.547037,97.951602,80.573411,25.06573,25.074663
5519,0.124373,2,4,4,60.56269,62.496569,37.427565,37.298903,297.668164,291.7006,36.607206,36.713557,101.721645,90.797206,34.699079,35.561191,142.465254,138.470161,39.308655,39.326467
5521,0.282178,2,3,3,473.684582,871.658351,40.825977,30.70342,1979.880013,2246.664111,40.751182,34.556122,915.04555,587.353932,35.944808,34.462204,1215.970177,869.606396,43.094493,37.432717
5522,0.043519,2,4,4,55.55518,31.453699,8.481552,6.957979,188.332979,179.740527,9.156862,6.008362,57.26908,80.401611,8.586886,3.553076,77.609661,88.892142,10.545366,7.862788
5526,0.274496,2,3,3,438.910919,871.798816,24.595835,35.499166,2028.785186,2337.400504,23.944656,39.600707,920.385831,564.515842,18.425482,40.012924,1289.342583,894.730727,26.636186,43.301158
5527,0.129475,2,4,4,117.857869,65.691702,37.681982,16.217165,292.263945,260.137455,38.875309,16.287806,130.066753,152.096101,37.529503,12.85579,87.940923,101.775226,39.615853,17.035648
5528,0.248197,2,3,3,430.964518,478.810117,37.698498,30.809741,1767.466637,1830.371229,37.737221,31.531807,615.241038,570.678813,34.163974,29.501425,937.778113,863.894106,42.7559,36.374726
5529,0.259955,2,4,4,247.633386,324.689531,37.514055,17.959706,964.076826,962.292445,37.719357,20.695034,404.879033,356.757086,35.088788,17.569027,398.289477,402.059606,39.490329,23.71976
5530,0.249054,2,3,3,493.233169,471.742806,36.303666,31.011513,1902.396172,1902.78136,37.027662,31.214507,609.682068,658.127114,34.338725,27.722316,934.395134,978.311046,42.766937,36.240767
5533,0.122685,2,4,4,111.176139,64.134551,18.419583,38.941007,273.783114,245.451273,19.558272,39.031591,124.823386,142.557406,18.200317,36.900771,82.51115,94.174307,20.11542,39.606928
5536,0.129592,2,4,4,118.730566,70.020338,37.658861,20.094387,287.097032,258.699783,38.901903,20.215664,114.391579,147.151547,37.971922,18.226892,85.386931,97.405901,39.617767,20.652974
5539,0.245418,2,4,4,27.645876,30.011581,20.237484,31.614064,178.016402,167.214001,20.019728,31.509328,83.879126,77.183668,19.069078,31.0297,78.064427,76.496978,20.345955,31.726765
5540,0.253096,2,4,4,29.149446,46.978524,22.972631,31.451168,175.703434,205.422233,22.858103,31.415404,98.555422,84.425686,22.017211,30.946602,84.154075,67.847626,23.049982,31.732549
5543,0.25571,2,3,3,819.507199,811.993396,35.385332,29.94102,2784.53377,2859.570461,37.54919,31.576469,977.987465,938.124807,33.76189,28.877624,1796.520829,1747.55785,42.342743,36.140719
5546,0.119053,2,4,4,106.915811,69.783022,18.167991,38.772578,264.968584,245.863644,19.269347,38.993793,111.352545,132.358027,18.224024,37.107935,83.782683,89.371031,19.81618,39.608711
5549,0.249701,2,4,4,239.149858,187.736722,37.49327,25.516627,609.980558,611.375503,38.752697,26.032638,269.636902,311.256924,37.236464,23.567872,206.933807,205.699286,39.600185,26.82326
5550,0.246405,2,4,4,56.512128,47.750467,31.30539,22.618996,242.053022,230.068009,31.271333,22.51141,101.234311,89.882618,30.570884,21.980771,97.718191,94.627313,31.713299,22.873878
5551,0.248265,2,3,3,428.102109,484.783901,37.765446,30.686124,1730.72273,1770.42106,37.939401,31.835396,611.657434,584.997821,34.249614,29.206821,1030.690767,966.878645,42.594287,36.235414
5552,0.252101,2,4,4,176.951093,154.069813,35.435117,17.901699,565.876387,554.13682,36.932457,19.144781,211.681285,208.759028,34.478559,15.08751,210.069764,219.892676,39.462796,23.372813
5553,0.250761,2,4,4,208.56464,252.879478,37.979011,19.552487,655.065831,646.758372,38.633872,22.046596,323.803332,287.265043,36.341402,18.983251,220.331817,230.906931,39.594337,23.500897
5554,0.247374,2,3,3,517.31019,439.56767,35.653619,31.587615,1759.534531,1739.69331,37.748572,31.93847,585.484471,650.960679,34.797578,27.749126,979.333798,1022.845986,42.679273,36.127483
5558,0.250611,2,3,3,415.258805,469.464265,20.4276,36.923374,1727.675164,1765.130306,20.32254,37.842509,603.39205,581.482177,16.622642,35.059695,1038.087779,973.756358,25.316544,42.710777
5559,0.24867,2,4,4,167.810232,202.269448,35.708462,20.873876,573.555594,590.882238,36.798765,23.65672,224.083167,215.945698,33.844493,20.788749,218.559882,202.879962,39.44294,26.684005
5560,0.248531,2,4,4,185.184705,155.279193,34.988032,23.132066,538.057393,523.977107,37.101237,24.312804,199.94096,205.489968,34.833362,21.27651,198.066438,186.571206,39.477932,26.700945
5561,0.251297,2,4,4,149.193878,102.24472,36.492141,25.334674,505.201895,443.236034,37.417017,25.160404,178.886653,194.714696,35.733687,21.971622,148.779794,165.435704,39.551991,26.824017
5562,0.245947,2,4,4,102.670103,144.132298,37.967404,23.468792,377.47778,434.921225,38.282018,24.968669,175.225293,162.291313,35.728035,23.062327,143.949599,154.532238,39.554101,26.645793
5567,0.247776,2,4,4,162.742352,189.788722,35.88727,15.200619,534.570574,548.461694,37.11686,18.925877,206.008807,204.905066,34.562188,14.957129,203.737364,214.077816,39.467447,23.212655
5568,0.24732,2,3,3,339.343598,462.814052,36.042926,28.690683,1434.125493,1473.61124,35.87754,30.619001,575.902761,483.518825,31.840864,28.809968,702.736504,581.624988,39.199687,33.809884
5569,0.126935,2,4,4,67.194989,45.542257,37.070202,15.086029,200.94858,195.4018,38.202108,14.925956,68.352772,76.581075,37.247883,12.488966,76.092097,84.305921,39.549649,16.767557
5570,0.250495,2,3,3,467.235049,357.566159,33.6201,30.756944,1547.335054,1504.244936,35.447077,30.626077,514.426687,592.874618,33.230755,26.94265,663.216534,759.219632,39.255681,33.709624
5575,0.254886,2,4,4,227.091323,327.031067,37.756849,23.153243,872.116435,982.420326,37.981822,24.936351,398.734945,341.671181,35.054922,23.249755,406.121065,345.605714,39.478044,26.940437
5576,0.242899,2,4,4,304.036198,220.898793,36.188347,24.647021,942.587094,858.349236,37.554918,24.865329,328.930209,385.545556,36.056839,21.474568,339.025913,390.167853,39.516164,26.484602
5577,0.373872,2,4,4,132.809652,184.507381,34.572499,25.591777,506.582868,516.699485,34.720863,26.749269,218.305192,179.01362,33.202646,25.932441,197.600239,171.662435,35.628838,27.707849
5578,0.252169,2,4,4,94.072386,46.639231,34.466372,24.777068,308.291134,279.792347,34.890695,24.443221,94.248665,118.429479,34.585543,23.347308,85.436873,109.707919,35.669392,25.023021
5584,0.254065,2,3,3,257.876281,348.29145,41.270619,22.243094,1063.296344,1010.931689,41.264886,24.27774,433.934131,300.087671,38.376903,23.590067,659.635952,421.209379,43.182067,26.19916
5585,0.296845,2,3,3,429.436824,436.327417,35.699306,21.87542,1692.990854,1752.082363,35.983752,22.073762,580.753531,639.285191,33.711197,18.603652,791.1407,827.773341,39.250752,25.883473
5586,0.252999,2,3,3,1050.94982,500.932388,31.593498,22.484801,2806.588269,2336.687891,37.36318,21.486345,622.4088,1191.747286,38.720921,12.835978,1082.775876,1719.795813,43.100967,25.232902
5590,0.250929,2,3,3,224.617862,315.798754,35.472905,40.187036,954.101203,899.671185,35.379593,41.83544,400.146503,268.885087,32.996794,41.282883,610.759585,374.784744,36.726669,43.452915
5592,0.244871,2,3,3,770.868735,444.242829,35.609327,40.417252,1911.943761,1647.866742,40.160282,40.95525,524.522934,841.803846,39.749831,35.219407,927.685299,1237.36584,43.203229,42.918674
5593,0.268736,2,3,3,487.537737,845.99587,23.670049,35.609325,1808.464134,2098.277506,24.27354,40.160281,923.844159,575.641761,17.903634,39.749831,1357.956735,1018.095424,26.339359,43.203228
5596,0.186151,2,3,3,429.837239,806.613409,38.771783,10.976496,2109.093881,2460.500629,37.145678,14.83538,918.84504,611.213279,29.59666,15.2466,1477.814118,1060.287969,42.026028,22.334634
5599,0.268464,2,3,3,795.215254,670.21537,19.086891,38.097505,2542.601626,2472.158108,21.830249,39.026705,847.258754,909.882304,19.008956,35.400731,1168.588869,1298.07686,26.482615,42.972629
5600,0.121412,2,3,3,297.92767,363.517439,38.252941,36.21252,1106.026972,1147.365301,39.109977,38.821302,411.955966,374.122497,35.386489,36.537754,588.132087,520.45317,42.970468,43.099457
5604,0.249234,2,4,4,149.490731,98.278558,17.983024,38.133483,513.227946,449.942156,19.558322,37.810716,177.085631,198.142098,16.811042,34.927922,159.059495,176.05388,23.381921,39.513055
5606,0.124691,2,3,3,282.221198,379.886233,14.101836,32.74532,1046.143333,1042.240191,14.772884,36.127908,397.580705,377.608962,11.779064,33.403218,489.88736,380.730308,17.650811,39.409765
5607,0.059679,2,3,3,180.97602,134.929077,32.795526,35.413136,493.205178,495.944536,36.196459,36.163135,180.412978,189.057219,33.420702,32.939448,180.243809,231.789224,39.414671,39.271869
5609,0.248032,2,3,3,721.18002,851.815578,33.236801,15.693951,2460.327909,2437.810701,34.934953,19.670949,915.619452,884.053235,31.160678,15.948784,1008.199859,821.192676,39.238067,24.395396
5610,0.249797,2,3,3,360.044666,466.233332,35.724127,18.170352,1518.782936,1560.460751,35.55878,20.139867,594.737599,519.362839,31.572755,17.610226,768.470247,674.869906,39.127275,24.348337
5611,0.251457,2,3,3,442.458942,400.080657,34.165079,19.790415,1595.737081,1568.739048,35.25064,20.208328,536.412359,604.014416,32.832617,15.919138,831.49567,895.17664,39.051577,24.151832
5614,0.06735,2,3,3,202.964335,150.573774,20.104955,35.49316,545.214238,547.255007,22.624383,36.296581,200.717179,211.167595,20.626259,33.048109,197.027234,255.88279,24.635002,39.287229
5617,0.061904,2,3,3,191.729667,138.015598,32.565124,35.512701,508.010255,506.268788,36.238364,36.258654,181.971413,193.022571,33.695061,33.1057,183.565697,239.337756,39.422686,39.275102
5620,0.317638,2,3,3,1001.554956,721.068534,28.496454,35.383929,2676.652981,2673.749108,31.966149,36.084776,947.779699,1008.233675,29.61153,32.918547,979.125919,1259.650456,34.955516,39.256754
5622,0.255892,2,4,4,237.557505,322.367705,37.610926,17.728335,920.492918,1009.849116,37.823076,20.116835,410.730573,356.001368,34.852784,17.279869,428.216941,372.114401,39.461334,23.593491
5623,0.253083,2,3,3,833.131515,558.575764,31.865732,30.614665,2291.111187,2286.333264,35.610141,30.652094,783.39021,843.328334,33.181196,27.67342,874.061121,1136.628612,39.3469,33.767198
5624,0.257605,2,4,4,329.310376,295.918683,36.059741,18.697829,1307.604713,1220.158586,36.278848,18.685104,427.030734,470.145554,34.588368,14.000295,614.436101,631.161332,39.281737,23.311379
5629,0.242789,2,3,3,543.315518,805.882722,35.486435,26.929349,2208.042422,2211.915856,35.578349,30.418954,815.253006,760.846866,32.299864,28.119848,1097.635189,844.695731,39.146985,33.728158
5630,0.251025,2,3,3,827.714348,540.756108,31.846196,30.72949,2246.071832,2211.298769,35.690009,30.771154,757.847837,800.662709,33.434068,28.085658,880.457692,1150.162894,39.337939,33.713237
5631,0.24861,2,4,4,128.145989,144.700914,33.484735,17.294229,472.087069,497.766476,33.885479,18.654339,205.646101,187.98248,31.157762,15.306402,182.555515,181.798078,35.567306,21.887008
5632,0.298807,2,4,4,168.425566,166.959146,33.104373,19.139469,653.327188,659.087666,33.364494,19.474861,216.60465,253.829347,32.062649,15.40409,334.793327,325.960526,35.405197,23.191146
5640,0.256522,2,3,3,854.443659,568.920012,16.348703,35.54954,2330.896455,2299.74655,20.619164,35.676756,795.837255,829.433353,17.888493,32.719983,927.12992,1200.48423,24.663143,39.113325
5642,0.159492,2,3,3,212.08257,85.367272,28.85302,19.839514,535.70965,369.571989,30.512369,19.783886,145.096974,222.634131,30.397343,17.145755,181.479658,237.488212,31.555991,20.246707
5643,0.197505,2,3,3,210.591322,124.796854,37.335929,21.690559,588.548593,552.0412,38.507101,21.56881,153.420956,299.741729,38.477961,18.510846,202.505331,279.073314,39.584432,22.352714
5645,0.248355,2,4,4,50.033508,62.063957,31.401399,22.474841,237.898551,218.776158,31.293389,22.60525,129.767945,84.310218,29.92734,22.156254,91.048939,90.261592,31.718384,22.926673
5646,0.250653,2,4,4,289.361661,191.353946,32.99358,23.752395,497.938222,489.690641,35.150512,24.541653,265.20287,320.6938,33.604631,21.872949,186.731575,195.866624,35.663359,24.984822
5647,0.247516,2,4,4,163.7225,275.551346,34.711669,22.239341,482.313687,499.192143,35.169986,24.415787,319.433331,263.243211,32.723919,22.72911,159.576834,162.029868,35.672152,24.898741
5648,0.125861,2,4,4,57.864908,44.116275,33.895482,18.355202,194.813387,200.062927,34.449022,18.144191,70.460906,94.206659,33.382172,15.477669,112.887935,107.452578,35.50628,19.174274
5652,0.125477,2,4,4,22.365718,32.308053,31.473116,31.197962,117.812622,111.596584,31.310187,31.352689,67.201636,39.252899,29.845062,31.036787,47.14603,44.321731,31.716872,31.720538
5656,0.108774,2,4,4,125.571974,83.040347,32.993582,34.413392,216.086282,212.507145,35.150513,35.167419,115.087976,139.168932,33.604631,32.768491,81.034413,84.998678,35.663359,35.659883
5658,0.063491,2,4,4,48.350075,73.202955,34.419225,32.999589,231.663569,237.638489,34.012099,33.932569,86.002498,79.517801,32.46321,32.875708,95.828656,76.828708,35.560256,35.608046
5659,0.428265,2,4,4,455.305056,321.067382,33.360013,34.455475,1220.711059,1281.981933,34.625179,34.52382,463.924646,501.605447,33.514595,33.189627,434.947406,434.768238,35.634036,35.634086
5662,0.192817,2,4,4,153.929467,228.190334,17.59844,32.873182,743.117139,758.254443,16.757639,33.767979,272.186181,254.482382,13.9916,32.605652,310.962706,255.220338,19.660645,35.591012
5664,0.254446,2,3,3,476.860999,427.175663,33.57388,29.715014,1763.882554,1677.564816,34.549824,30.067963,565.918801,615.500675,32.373288,26.755268,913.8679,910.992758,38.951621,33.625385
5665,0.247707,2,4,4,210.104511,312.595369,34.140856,16.535141,563.282423,638.269004,34.992851,20.637973,327.410916,324.934137,32.597699,16.708243,142.170157,135.118976,35.677666,21.984934
5666,0.25117,2,3,3,422.332735,464.189536,34.560291,28.866336,1595.761042,1624.650939,35.242035,30.1483,614.739573,545.245753,31.230306,27.880635,894.035632,831.411428,38.963237,33.645492
5669,0.12862,2,4,4,144.437148,102.148549,33.12198,34.316974,397.787537,418.631345,34.451213,34.328846,146.438726,159.273467,33.312371,32.931178,146.746114,144.405039,35.617751,35.62022
5672,0.192813,2,4,4,219.4483,158.576549,20.223734,34.225937,614.685947,649.418812,21.696809,34.240479,228.797022,241.603021,20.304661,32.873302,227.62268,224.439285,22.891528,35.614565
5675,0.24828,2,4,4,335.591861,222.742228,21.067781,33.973973,732.912362,698.837162,23.83454,34.649833,289.910628,310.268833,22.310718,32.886593,184.700322,203.209837,24.916189,35.656195
5677,0.231949,2,4,4,227.657783,224.615662,37.396351,23.986798,885.397836,886.099966,37.616125,24.170282,311.398275,345.143114,36.110144,21.654292,479.481684,472.934872,39.368779,25.995071
5678,0.228158,2,4,4,267.857362,304.424393,36.554198,21.930468,1085.294085,1160.121359,36.640548,22.491095,425.795453,383.410514,33.508302,20.412397,550.362583,536.20902,39.273852,25.774698
5679,0.266785,2,4,4,350.81469,227.331014,32.30615,23.889098,767.533612,727.288438,34.60662,24.526712,298.078397,326.545152,33.390858,22.578039,186.50828,206.183416,35.667523,25.44605
5682,0.216159,2,3,3,299.699972,325.862135,35.977372,29.748104,1253.306103,1234.672301,35.878201,30.250246,477.082696,402.983366,32.459655,28.618546,604.241886,554.339291,39.213298,33.093851
5683,0.118998,2,3,3,186.102118,174.44884,35.140539,26.47351,707.978035,710.35983,35.707658,26.53593,223.818041,272.888694,34.079241,23.463819,312.185619,335.89143,39.262421,29.272366
5689,0.249994,2,3,3,346.004507,615.633524,35.362096,38.221162,1537.498554,1803.038001,35.110513,40.608653,696.637129,437.643626,31.754359,40.900024,1068.741691,790.808775,36.60147,43.317592
5690,0.245074,2,3,3,664.212488,391.615004,19.298093,41.059488,2010.399972,1752.043183,22.127269,40.654967,497.04104,764.946565,22.40463,36.391997,884.351471,1148.030989,25.675989,43.008779
5692,0.172677,2,3,3,218.720928,401.299331,33.36376,30.663235,1008.790104,1152.734918,33.052422,32.593454,442.060731,275.351902,30.372925,32.860722,698.788232,512.084692,34.323153,34.472126
5695,0.255368,2,3,3,422.959059,423.472688,19.557347,34.676115,1693.531728,1790.058663,19.814123,34.455226,565.680008,658.747475,17.049279,30.5489,830.461416,774.01642,24.394993,39.141644
5697,0.280053,2,3,3,627.242725,1105.280284,33.591064,32.420917,2562.894289,2901.630748,33.645532,38.025064,1270.612366,743.778102,26.218032,38.054208,1828.784079,1283.364916,36.693851,43.032646
5698,0.224398,2,3,3,917.677401,538.571514,13.15698,38.447357,2399.503681,2129.956826,18.932205,38.785594,619.975885,1042.411269,18.882258,30.669462,1055.951401,1486.755038,24.548168,42.471855
5703,0.121893,2,3,3,262.926515,462.959828,39.300077,23.447454,1071.762124,1216.043977,39.373861,27.928441,524.861689,309.847105,31.941203,27.993563,778.825447,541.535395,42.545187,31.568061
5705,0.249864,2,3,3,742.510823,689.080367,30.565622,37.121937,2726.569227,2764.873171,31.689387,37.388586,862.506726,939.157743,29.523023,34.011237,1292.32784,1252.948357,36.422063,42.928377
5706,0.275344,2,3,3,728.837158,885.374087,20.644948,35.343048,3086.647774,3162.029873,20.328095,37.003422,1124.949066,932.414583,15.638922,35.411391,1499.071978,1434.587657,26.488504,42.878554
5711,0.24608,2,3,3,673.971152,834.762872,37.194017,28.966205,2575.99655,2748.178779,37.929355,31.401051,969.40909,864.727266,33.327147,29.235838,1248.803267,1111.464406,42.913202,36.469468
5712,0.253849,2,4,4,341.078952,173.39819,32.178236,20.563848,757.569977,692.10259,34.530379,20.668775,262.850069,388.262657,33.684057,15.348405,215.735281,252.18187,35.652954,22.145722
5714,0.184169,2,3,3,710.957946,545.876697,32.766678,36.329491,2132.474101,2073.751002,36.91535,37.210142,621.817016,764.556174,35.448801,32.524765,1196.595012,1275.329296,42.511963,42.375854
5715,0.201322,2,3,3,572.788361,823.310332,36.788427,31.850208,2436.174239,2662.385559,36.427244,35.35825,904.190345,714.384616,31.244719,34.804045,1642.926387,1358.495581,41.944592,42.433005
5719,0.381496,2,3,3,1505.546477,1163.864783,17.93588,35.991161,4454.662943,4339.218106,22.770618,37.10488,1307.899704,1600.025363,20.987028,32.363337,2498.714935,2658.062916,29.302833,42.361877
5722,0.245925,2,3,3,801.475457,881.220291,29.451394,33.87738,2656.178179,2637.343786,31.702677,37.698992,967.505773,897.011905,27.767727,34.431125,1640.587168,1589.648872,35.973609,42.522272
5723,0.131303,2,3,3,478.066199,434.920934,33.64634,34.959123,1417.172536,1425.926965,37.636553,37.576062,482.23391,520.242327,34.336106,33.241002,851.079391,879.614933,42.516752,42.448554
5725,0.249539,2,3,3,785.984137,918.026625,35.602701,27.971471,2744.065444,2778.375297,37.451618,31.498303,995.473181,911.52266,33.13842,28.81965,1717.4698,1626.923841,42.389599,36.093542
5726,0.251,2,4,4,101.764386,90.442543,34.263493,20.273275,398.621237,363.976563,34.388731,20.359657,151.327468,159.190524,33.057623,17.121677,207.541157,227.612481,35.533892,21.878689
5728,0.256692,2,3,3,506.198148,519.636873,36.352717,18.370176,1746.156952,1773.964009,38.164782,20.523917,638.471575,634.654613,34.115998,16.459712,947.934886,982.392862,42.791148,25.696161
5729,0.252395,2,3,3,953.533083,834.571776,33.097023,17.106737,2791.679894,2700.951423,37.392932,20.031364,957.738372,1000.951363,33.875356,15.361726,1579.824282,1631.201831,42.58468,25.314194
5730,0.245721,2,3,3,396.056842,449.877076,38.383739,19.174362,1403.596896,1473.963565,39.55768,21.428184,492.637682,506.172345,36.807274,18.464487,710.130927,675.804469,43.088806,25.614224
5734,0.248435,2,3,3,452.326049,497.061031,31.383093,36.184971,1676.621617,1697.618285,32.303943,38.123955,625.489139,599.208556,28.366755,34.542747,911.91308,941.809109,36.317152,42.750651
5737,0.258766,2,3,3,875.58486,977.527726,29.232305,33.098189,2884.021975,2920.783831,31.665171,37.184982,1048.988705,996.320162,27.579064,33.664671,1740.140388,1685.177792,36.23378,42.507273
5738,0.252342,2,3,3,959.38094,857.575386,15.143375,34.616301,2869.63876,2834.831045,19.356825,37.234018,980.627256,1029.588345,15.652159,32.794327,1655.106341,1712.021288,25.282298,42.421267
5740,0.252506,2,4,4,120.262173,117.353359,30.039787,17.821801,462.766181,457.57001,30.236462,18.105588,152.905969,174.854234,29.38175,15.376243,230.699161,218.870227,31.571597,20.383898
5741,0.24806,2,3,3,823.59352,940.743397,34.928173,27.522517,2666.483518,2753.760163,37.67623,31.496428,988.106407,948.827275,33.160797,28.190274,1607.453958,1555.638409,42.517282,36.125254
5742,0.254631,2,4,4,131.950814,114.944893,37.16617,20.474263,483.501768,435.327529,37.634863,20.97459,203.965199,170.324849,34.867995,17.653055,164.590942,175.623221,39.534247,23.56398
5745,0.124451,2,3,3,233.004588,209.132399,33.583537,34.56538,863.326191,822.551479,34.543923,34.93909,277.92019,299.95895,32.327324,31.421866,447.274556,446.123638,38.950753,38.954107
5748,0.126192,2,3,3,234.07662,219.712885,12.585401,34.259178,900.403089,888.987416,13.161042,34.412361,292.119885,312.681184,11.049344,31.074101,490.08786,451.104471,17.43588,38.957723
5749,0.245722,2,3,3,611.612658,703.927837,30.260395,23.667035,2023.115073,1944.752159,32.913332,28.41861,696.654889,650.465538,29.230047,25.519978,1279.940057,1214.955566,38.259802,32.976833
5750,0.211535,2,4,4,110.162518,86.910489,33.4438,18.253669,311.517765,300.566093,34.558347,18.98145,131.920178,128.635489,32.896064,16.075685,130.22027,133.460265,35.604984,20.544548
5751,0.254743,2,3,3,697.269596,615.11397,28.906009,26.097525,1914.449194,1999.436701,33.82834,28.644852,655.243426,694.417036,30.587302,25.280258,1201.367504,1288.681545,38.492081,33.095203
5752,0.251297,2,4,4,87.060655,101.3179,38.454158,21.009444,325.732079,335.045361,38.648156,21.955279,118.827262,131.322985,37.748299,19.733856,147.524693,124.001763,39.553548,23.511808
5756,0.256181,2,3,3,618.993836,735.140672,26.111225,28.188375,2089.854728,2018.956773,28.301507,33.365411,731.782477,661.311681,24.671783,30.539514,1327.908932,1251.284896,33.068205,38.414752
5760,0.23056,2,4,4,120.08214,98.653671,22.038981,34.115473,345.049932,334.531093,23.247712,34.589116,148.239334,138.660091,21.22677,33.069131,144.16201,147.936674,24.305366,35.597222
5762,0.150815,2,4,4,120.822219,155.051149,15.933304,28.660217,557.494148,618.727329,14.898932,28.991022,211.06857,174.766762,10.619809,27.964456,323.007287,263.384721,20.012232,35.022278
5763,0.076514,2,4,4,72.257432,54.023662,9.614593,31.86682,286.282906,255.869685,9.91449,30.857456,78.411231,98.934478,9.419063,26.6289,121.848654,150.139506,14.51351,34.858289
5765,0.179436,2,4,4,125.875751,129.8921,18.341461,18.105462,476.73537,533.876835,18.918861,18.119433,171.375983,154.896686,16.151907,17.114888,268.921964,268.199876,21.935656,21.93805
5766,0.337176,2,4,4,240.802526,208.578576,31.791871,23.768373,751.198322,766.230165,33.285369,24.418499,260.973809,339.008342,31.635219,20.024694,358.922375,335.90026,35.432327,26.892179
5767,0.198694,2,4,4,80.313617,139.950763,34.271415,19.09958,298.760388,307.300662,34.513827,22.012517,163.189469,87.626263,31.211156,21.73152,188.234726,124.050442,35.485187,23.128583
5770,0.0929,2,4,4,80.886111,57.830465,30.276679,13.826056,320.067596,282.402934,30.615345,12.807141,85.367067,110.591615,30.304933,9.329992,132.214576,166.626786,35.237789,16.072335
5772,0.338206,2,4,4,27.683505,31.022602,31.686459,24.709177,140.562061,143.250917,31.655476,24.692519,39.658726,38.543486,31.637317,24.684781,71.142704,70.913362,31.73899,24.765108
5780,0.322807,3,4,4,91.028645,200.588815,38.89386,20.389829,469.314199,515.75775,38.502585,23.716868,220.15493,118.295488,36.263359,24.183896,446.523854,266.028338,39.199726,25.710095
5782,0.1857,2,3,3,331.643313,227.131478,37.420486,32.52749,1020.910009,928.583392,39.816644,32.56205,335.90315,402.198984,37.854486,28.64775,422.589557,621.185528,43.273977,34.649369
5783,0.123752,2,3,3,151.159732,210.977629,40.361405,27.638463,601.442433,654.998868,40.551382,29.414503,260.709182,221.23202,36.249791,27.713621,399.377535,271.079061,42.971253,31.85431
5786,0.025096,2,3,3,45.075791,31.043037,37.362722,40.288835,141.335128,128.950447,39.655355,40.237477,46.046594,55.072191,37.71802,35.763664,58.673283,85.237908,43.256945,42.908147
5787,0.298777,2,3,3,419.808025,749.155992,41.584843,21.988944,1412.044126,1709.027496,42.207345,26.057607,716.955303,400.3973,38.922168,26.392449,771.938074,589.521089,43.407359,27.902029
5788,0.048741,2,3,3,161.873422,86.096096,34.924384,8.329824,396.108267,340.605312,39.911504,8.447725,103.357514,185.791106,39.81656,4.962733,150.230206,184.103098,43.331102,9.726874
5789,0.252644,2,3,3,422.161961,311.285338,38.060953,22.943252,1324.839331,1218.617335,40.115547,23.256343,448.941903,520.917639,38.020903,18.706717,555.315733,811.928952,43.294641,25.760086
5793,0.194969,2,3,3,269.333747,481.857958,33.924655,38.188892,901.597281,1092.583515,34.433737,41.698259,458.995158,255.126261,31.719324,42.004952,491.510484,374.859298,35.348732,43.489907
5795,0.131348,2,3,3,267.013531,466.693538,39.717341,24.789754,1023.993306,1176.99259,40.169456,29.203214,538.614459,318.802473,32.71655,28.871462,555.976123,423.1554,43.111191,32.35629
5796,0.25173,2,3,3,963.261155,586.543903,32.902079,32.787329,2459.236949,2166.602275,38.546064,33.533117,671.873487,1077.152498,38.008543,26.665159,906.661143,1161.988146,43.239262,36.576008
5799,0.190996,2,3,3,380.684577,671.145632,32.268793,34.155032,1458.752311,1680.933308,32.64941,39.367081,773.937709,454.558553,26.089429,38.987131,798.697148,605.244276,34.987929,43.316649
5801,0.136851,2,3,3,241.732492,454.492915,40.563704,25.860412,956.319442,1112.155402,40.771605,30.062325,521.646731,290.197472,33.810298,29.984802,516.9073,421.802193,43.205453,32.704924
5805,0.504842,5,4,4,465.662314,365.875251,42.204408,59.299068,1177.12674,1077.91438,43.791124,60.041931,420.321062,446.283437,42.899602,58.822085,652.934262,756.76185,44.608551,60.712286
5806,0.375578,5,4,4,272.193749,346.430568,39.48455,58.406618,801.916925,875.726192,40.232709,59.888272,332.013607,312.698837,38.978448,59.038902,562.994748,485.751971,40.833716,60.758078
5809,0.248863,2,3,3,952.290451,579.86368,14.935971,38.697512,2431.228388,2141.926568,20.81554,39.526243,664.221435,1064.884672,20.217967,32.042759,896.335065,1148.754116,25.836851,43.024862
5812,0.46354,2,3,3,1375.676134,1043.23168,23.826607,38.977192,4839.850284,4343.346875,25.748743,38.889787,1411.983349,1629.677177,24.235886,34.927126,2568.402614,2901.642929,31.314326,42.584562
5813,0.269282,2,3,3,612.560916,810.404941,38.892464,36.152409,2507.732431,2798.411389,38.938508,37.997314,942.044278,815.937834,34.992288,36.724769,1677.525183,1476.46687,42.593609,42.806428
5816,0.504664,2,3,3,1704.347735,1349.033744,34.70108,25.836593,5628.845378,5383.285259,37.307873,26.201246,1644.025322,2053.032222,35.889794,20.584042,2957.497607,3502.663876,42.701659,31.571466
5817,0.245073,2,3,3,831.55562,414.304079,34.637721,23.174042,2331.945905,1894.3115,38.765486,22.540286,551.969648,929.800128,39.401777,15.747295,1097.701633,1479.63943,43.056449,25.13733
5820,0.63118,2,3,3,2086.393171,1295.630113,34.986176,30.162516,5612.268128,5035.321052,39.291956,30.605889,1383.934638,2405.249297,39.591317,23.340108,2163.634598,2884.312396,43.271371,33.965783
5821,0.258078,2,3,3,758.732393,887.550301,36.422839,16.761893,2701.122591,2935.513147,37.931009,19.562304,1043.100863,895.856463,32.939406,17.417159,1721.536934,1496.175513,42.457611,25.735856
5825,0.365511,2,3,3,1321.327879,819.560678,18.982346,39.006265,3557.132881,3191.220557,24.435001,39.424766,880.533553,1503.492009,24.801325,32.668422,1366.013436,1825.598002,29.620748,42.933349
5826,0.252719,2,3,3,989.140973,663.223239,32.551786,19.93868,2847.398977,2530.441922,37.203668,20.724879,788.495508,1056.382149,36.396548,14.604386,1282.207767,1455.742362,42.913486,25.530782
5827,0.405455,2,3,3,1178.850423,889.485927,36.54842,26.053328,3947.415748,3615.014405,38.57523,26.168744,1181.413458,1440.810447,37.144374,20.975346,1795.487007,2350.85208,43.067948,30.082911
5828,0.232278,2,3,3,390.274336,536.735166,40.821483,20.396035,1443.630083,1692.844392,41.306629,22.374133,604.60132,605.661506,38.236738,19.796611,766.52431,580.927778,43.294118,25.258032
5832,0.249574,2,3,3,976.01853,653.663638,27.110772,37.644295,2769.171836,2463.570822,31.531067,38.457418,769.519906,1035.38535,30.771891,32.535203,1251.913575,1414.782759,36.448544,42.755557
5835,0.24898,2,3,3,870.150836,988.401818,16.230331,32.328441,2759.978921,2860.689401,19.520202,36.998139,1037.219067,937.898759,14.534683,33.979908,1470.11234,1354.680117,25.337801,42.817747
5836,0.252085,2,3,3,1008.443169,885.79122,26.823046,34.155305,2927.616414,2829.766465,31.143158,37.241932,963.155286,1067.005429,28.279545,32.217383,1383.272349,1494.949301,36.401171,42.681585
5838,0.252539,2,3,3,488.605025,443.329553,36.56895,19.89543,1597.912183,1639.725894,38.786259,20.984917,515.244899,589.130571,36.614441,17.118946,882.995556,864.042048,42.869594,25.683844
5839,0.251794,2,3,3,847.174995,1019.849641,34.751396,14.196913,2775.839666,2903.831214,37.426288,19.174978,1035.039535,912.392179,32.678749,16.617405,1471.150184,1348.28489,42.706684,25.598903
5840,0.261501,2,3,3,548.857061,540.605098,35.608345,18.268502,1690.377969,1619.929439,38.609516,21.75101,667.477395,614.03053,33.746232,17.335039,779.039459,805.030572,43.058816,26.158852
5844,0.494674,2,4,4,198.411222,219.068943,22.935841,30.250149,699.192152,721.353045,23.462638,30.752873,262.589622,238.421367,21.856145,30.173709,352.730001,334.602711,24.731829,31.648985
5847,0.126075,2,3,3,463.009282,498.854168,33.519844,32.380409,1509.097067,1495.80128,36.550377,36.649179,538.602933,515.27339,32.068824,32.768132,775.369586,752.578211,42.617336,42.670336
5848,0.257493,2,3,3,1022.889368,946.350284,14.662461,33.508822,3073.483887,3098.714717,18.972601,36.490001,1055.313546,1105.089065,15.045897,31.994784,1545.170071,1594.574951,25.655737,42.604657
5852,0.246473,2,4,4,85.0019,91.101163,38.464141,21.248916,295.140994,255.789738,38.785129,22.450035,124.750663,115.364574,37.500127,20.300969,132.694705,124.559551,39.568148,23.322855
5854,0.252969,2,3,3,802.989715,893.191926,17.669226,34.08741,2450.371126,2464.346774,21.052633,38.570087,921.813837,877.515971,16.579945,35.102874,1051.089763,1095.738698,25.910297,43.089576
5855,0.243118,2,3,3,859.671766,767.204985,34.066636,35.579274,2336.893752,2316.29407,38.682141,38.755064,833.595147,881.752521,35.252991,34.509008,1031.45437,995.544988,43.109075,43.140703
5858,0.257171,2,3,3,637.179322,675.585791,38.166314,20.091347,2096.573257,2149.315398,39.891227,22.461218,739.588682,748.99239,37.280089,19.578609,1321.530746,1184.440418,42.896931,25.989899
5859,0.505556,2,3,3,1126.830626,1081.322709,34.835866,23.435335,3548.539018,3522.324381,37.875127,26.445384,1233.115512,1223.828748,34.388897,22.433607,1926.63529,2382.362911,42.742303,31.54024
5863,0.254163,2,3,3,910.170143,807.046405,28.419171,35.501908,2461.912094,2426.641677,32.763458,38.737767,874.811641,931.973348,29.637877,34.358208,1071.353768,1046.790391,36.702964,43.135695
5865,0.250933,2,4,4,106.645598,76.304867,25.833276,40.252959,233.643265,211.312524,27.136891,40.764338,80.178587,101.037212,26.737918,39.754298,65.703791,86.159377,27.603534,41.193745
5866,0.28087,2,4,4,84.899618,111.516731,40.26373,39.633136,234.95931,249.71249,40.770106,40.714399,105.340252,90.3325,39.934677,40.254962,91.854614,77.977446,41.196947,41.205782
5868,0.245091,2,4,4,80.529417,93.673546,40.102322,39.740606,242.387247,244.207229,40.600538,40.591667,98.324805,92.840064,39.764152,39.910756,89.471285,90.654001,41.18927,41.188242
5871,0.260182,2,4,4,85.33179,93.990243,38.56919,25.96953,259.871539,312.135411,39.033345,26.415582,109.646497,103.33211,38.10747,25.869779,98.674993,109.678631,39.607891,27.174854
5872,0.115222,2,4,4,67.31993,49.553787,36.579456,18.001643,166.749264,133.350325,38.42207,18.901779,58.264349,70.638465,37.50375,16.753793,42.504908,47.02462,39.610048,19.485884
5875,0.186507,2,4,4,72.114226,77.684607,23.387976,39.487409,222.734766,218.620608,24.024662,40.365644,82.084192,82.19461,23.160958,39.48971,83.721991,89.992693,24.753115,41.160852
5879,0.241877,2,4,4,116.23591,108.651726,19.570814,37.728106,368.314187,397.872067,21.068399,38.097023,130.269761,141.350688,19.149438,36.872235,143.839917,171.354952,23.1119,39.512301
5880,0.244301,2,3,3,885.994034,967.682671,33.703645,26.82682,2420.286378,2436.530925,38.426081,32.338363,963.457865,912.738201,33.310787,28.429325,1042.486593,1048.354288,43.103709,36.470391
5881,0.31803,2,4,4,173.154035,134.848992,25.980843,22.910946,452.080876,433.337739,27.702523,24.062016,161.283526,183.834365,26.621127,21.081073,192.245291,221.320325,28.778937,25.623636
5882,0.134273,2,3,3,550.358789,516.465384,31.813261,23.924406,1368.397269,1361.71489,38.176013,28.525853,515.066548,538.845481,33.718868,24.118881,601.01306,590.796653,43.057137,32.371601
5886,0.253083,2,3,3,918.508559,993.392609,28.220502,32.50704,2512.310516,2518.456825,32.552697,38.387433,991.709883,949.38915,27.954612,34.03912,1075.664899,1091.703286,36.673418,43.093525
5888,0.151266,2,3,3,447.509217,504.694252,22.611045,28.285051,1301.961769,1322.101663,27.156162,35.467786,470.933227,484.833464,22.704768,30.06782,609.49125,560.981227,32.981941,42.784729
5898,0.25147,2,4,4,191.396778,315.478312,15.406426,29.185645,562.425905,716.450106,18.974656,35.536634,241.898338,282.335465,13.094336,31.456029,178.386161,180.740292,23.435947,39.508485
5899,0.253808,2,4,4,329.242392,196.862679,23.037297,38.178899,721.316336,556.942116,25.872071,38.915093,281.424171,247.439954,24.375922,37.640925,170.67995,177.158355,26.97538,39.614037
5901,0.253228,2,4,4,75.138553,198.648492,34.891627,14.391811,378.2868,418.93824,34.527944,19.880952,226.936399,116.399231,30.519402,19.48774,187.310681,172.200212,35.565458,22.063243
5902,0.246342,2,3,3,304.957645,462.533107,40.284276,31.044739,1286.946044,1388.41974,40.138385,33.532918,518.823215,462.098674,36.253092,31.594059,422.883837,456.893746,43.408578,36.743709
5903,0.25771,2,3,3,372.699622,209.317473,39.258157,35.874543,1007.439743,1017.758967,41.535276,35.398463,317.414012,530.69034,40.628868,30.907221,390.080426,372.291555,43.449149,37.060224
5904,0.244341,2,3,3,427.917934,461.906819,37.615007,30.937241,1547.986915,1495.114581,38.77602,32.955486,553.172487,492.348943,35.375793,30.87075,806.998754,837.463412,42.943432,36.304948
5905,0.251992,2,4,4,221.196023,352.22799,37.807179,16.447912,593.207342,755.56963,38.812353,21.524744,304.930088,297.630126,36.696908,18.762406,196.084329,181.052694,39.605798,23.571734
5906,0.250991,2,4,4,346.848612,315.547887,35.546297,17.574841,830.170915,709.129806,38.081743,21.731652,345.163753,364.371193,35.960062,16.633671,209.509311,198.212235,39.599499,23.526083
5907,0.133804,2,3,3,245.7427,174.240294,37.133142,29.947895,782.537833,789.806688,39.390445,29.41384,251.797914,278.742265,37.469081,26.949763,435.16087,432.482154,42.96211,32.268354
5915,0.100353,2,3,3,247.068649,259.670862,38.223295,37.761655,808.543697,826.165736,39.966429,39.827636,285.048514,291.023145,37.406177,37.193773,508.200285,457.595014,42.91589,43.037907
5917,0.106882,2,3,3,373.851256,369.892684,24.950148,37.481167,997.621376,1048.970323,29.035648,41.995539,405.244698,400.41561,24.65595,37.143383,504.893892,558.470003,32.278399,46.758971
5922,0.067836,2,4,4,42.61646,35.316865,11.914237,8.48198,134.230857,133.759613,13.024493,8.88828,43.886122,50.312416,12.053092,6.731857,58.890986,57.953763,14.508437,11.222088
5923,0.248833,2,4,4,50.619569,34.361363,31.394969,22.822073,136.636017,146.70989,31.589865,22.811282,57.678135,67.566658,31.342535,22.460871,63.348165,85.949935,31.734179,22.941025
5924,0.24198,2,4,4,40.613022,36.010306,31.502796,22.621156,139.67777,118.333834,31.574013,22.681208,50.53416,42.172639,31.415015,22.583728,58.645615,54.663208,31.73559,22.773937
5925,0.178941,2,4,4,182.508439,117.989842,25.564798,17.490564,387.917446,272.426394,29.704198,19.699359,110.003056,176.918572,29.318264,14.797493,87.62257,105.913122,31.695241,20.666223
5926,0.142958,2,4,4,86.964859,150.569094,29.111554,12.181062,223.934619,323.023464,30.612819,16.855584,136.908623,82.707976,26.623231,16.874092,115.275772,90.030997,31.609119,18.996989
5930,0.25213,2,4,4,47.725844,47.148455,20.156071,31.446957,138.154631,163.298766,20.375887,31.531267,68.86555,65.527274,19.761999,31.245156,80.025857,85.348988,20.54221,31.722824
5934,0.406652,2,3,3,1264.649072,746.914915,32.034574,40.347291,2778.216548,2523.046965,36.84831,41.313693,676.184661,1401.375212,37.082414,35.188011,1212.29225,1811.583063,39.074464,43.061945
5936,0.105526,2,3,3,346.98506,209.831619,35.055204,27.973193,765.551077,695.27302,40.577532,28.87907,189.575996,380.501352,40.772823,23.734621,333.437482,488.785952,43.318187,30.284048
5938,0.125289,2,3,3,304.145547,201.267044,38.348215,30.282198,645.239243,569.960457,41.969659,31.247215,164.912046,319.981485,41.987708,28.167854,245.404289,354.913984,43.485964,32.007716
5939,0.152169,2,3,3,288.382642,362.299118,17.714194,29.654862,864.986958,893.361309,19.176614,32.151256,397.360123,252.019087,15.776802,31.848869,470.191382,398.823854,20.639811,33.58315
5943,0.320041,2,3,3,794.495975,514.339157,38.148693,41.033396,1676.475636,1467.91125,41.918214,42.28205,421.64901,832.433125,41.984962,38.243258,628.989455,927.338106,43.485233,43.360721
5948,0.822987,2,3,3,1266.268801,532.791021,30.920466,42.577409,3159.284486,2694.150783,34.179817,42.105911,694.797795,1449.176428,34.728321,38.104504,1313.404085,2218.790783,36.107523,43.151367
5949,0.517879,2,3,3,351.738006,793.282802,31.897734,38.811972,1706.678339,1977.190653,31.470043,41.621854,897.654075,439.127231,26.995553,42.085843,1372.124809,827.5071,32.596041,43.432865
5953,0.278562,2,3,3,792.632172,529.390606,31.522251,40.146858,1695.323751,1474.072051,35.699553,41.886765,422.343949,807.702435,35.807821,37.195426,669.39581,958.721594,37.449164,43.268879
5955,0.255754,2,3,3,617.547656,1129.493561,32.592175,30.555172,2797.085298,3109.435632,31.783081,36.373594,1392.948136,676.790796,22.760857,38.087423,1664.941194,1131.352993,36.228911,43.069016
5956,0.248502,2,3,3,1100.810592,595.613702,25.178174,38.459049,3017.499819,2705.075727,30.620006,37.55271,652.452387,1356.809862,32.235261,27.715907,1091.406541,1617.782577,36.547116,42.507965
5958,0.249738,2,3,3,574.057676,1182.804453,38.808617,24.093457,2477.995342,3000.031659,38.41261,30.756195,1272.02271,676.304807,29.023737,32.000195,1645.9702,1054.232702,42.482781,36.605408
5959,0.258884,2,3,3,562.613943,327.207699,39.244693,35.805232,1719.734968,1403.98244,41.015763,35.692974,558.05573,601.368626,39.707464,33.356844,577.974817,775.302959,43.453882,36.991242
5960,0.259582,2,4,4,163.955458,286.86193,39.732517,10.976053,763.75962,854.774608,38.822792,15.671614,370.431125,219.325722,30.903371,15.70147,504.899913,380.528253,42.588669,24.449248
5961,0.24655,2,4,4,26.35467,33.961358,31.644627,22.764355,95.017662,118.346472,31.668075,22.804509,38.514508,45.344918,31.556176,22.679457,43.273188,44.667545,31.742194,22.896785
5962,0.180292,2,4,4,20.700826,13.572974,15.889389,12.582856,58.664472,51.0125,15.920139,12.586506,16.236412,22.049282,15.91567,12.552998,23.446215,23.853317,15.947781,12.603035
5963,0.070096,2,4,4,10.347685,10.956301,31.555959,13.340267,34.44632,30.788813,31.620192,13.408566,15.498268,11.296348,31.377099,13.347121,14.117448,13.562746,31.739865,13.456692
5970,0.117519,2,3,3,172.357774,121.629169,42.699857,44.919053,422.977364,412.062023,45.611984,45.702254,135.948326,193.99455,44.651386,42.17037,126.111447,170.194415,47.464274,47.398687
5971,0.022331,2,3,3,22.291773,35.513392,45.084541,41.987602,80.659022,86.21038,45.599427,45.348646,41.015042,25.625746,41.12429,44.692718,36.334429,25.261837,47.361363,47.455252
5973,0.073381,2,3,3,100.895038,28.217019,25.903468,13.493608,289.427349,151.98866,27.268816,13.346225,64.910556,97.20683,27.586476,11.374096,128.978315,70.834934,28.492327,13.648987
5974,0.120236,2,3,3,161.275592,302.678352,45.530018,13.892341,697.979323,929.38837,45.3389,15.987671,346.493092,288.434256,40.634559,14.741556,454.182788,416.988918,47.119654,18.727273
5977,0.24941,2,3,3,452.021642,554.344098,31.445546,29.244099,1402.004608,1517.157328,33.612745,33.101254,671.037908,592.206956,27.476305,29.134459,677.112405,752.860838,36.624179,36.541931
5980,0.376522,2,4,4,98.454978,103.071286,24.40668,35.00417,376.043286,380.976164,24.54403,35.131164,125.139525,110.084081,23.968197,34.992849,150.710117,195.61729,25.285503,35.631113
5985,0.41193,2,3,3,397.351361,774.577326,37.71749,33.541285,1776.980564,1933.964328,37.407806,37.042266,869.730221,576.348947,32.942387,36.270599,1106.271099,800.317907,39.24498,39.430021
5988,0.242621,2,3,3,239.732024,475.576359,37.618602,39.721284,1098.365547,1192.56009,37.178656,44.158134,535.456034,334.812045,32.098153,43.593363,635.525587,467.417006,39.24995,47.290366
5991,0.197316,2,3,3,258.617172,339.69402,32.543117,37.781044,988.271066,985.636636,32.930147,40.400248,411.313931,305.708501,29.396237,39.170243,578.155038,490.503791,35.163927,43.21491
5992,0.203069,2,3,3,318.905849,290.668898,31.549406,39.334067,1043.323877,1093.963407,32.976248,39.947813,342.602076,387.51804,31.440499,37.327919,521.582605,572.607034,35.438329,43.111886
5997,0.332865,3,4,4,285.745077,225.809391,24.879876,42.428412,1048.730043,841.91199,25.506823,42.62535,290.249697,375.398598,25.121768,40.936285,435.051196,412.131261,27.7166,43.491562
5999,0.363495,3,3,3,308.871489,682.704024,45.874338,35.860618,1696.223068,2073.327044,44.726497,38.365317,851.270643,475.79046,38.819275,39.030442,1291.96833,902.411626,46.803714,41.62044
6000,0.345548,3,4,4,309.743351,160.413901,41.647272,27.419662,937.026883,716.486096,42.490969,27.264461,245.045739,357.217867,42.455822,24.380242,345.215202,390.8564,43.527806,28.125182
6001,0.124713,3,3,3,228.932653,152.702834,41.068086,31.877966,748.348829,697.303188,43.156919,31.374854,211.541238,300.120676,42.385194,27.130049,335.973696,455.867129,47.10637,33.69345
6004,0.197442,3,3,3,222.662964,262.004238,44.751101,35.134267,1048.217982,992.960251,44.000751,35.564388,374.156846,304.98371,41.332935,34.562679,531.398096,475.691136,47.107162,37.889022
6005,0.516632,3,4,4,285.114955,213.088488,44.454812,31.094509,1006.29389,871.739342,45.201826,31.133363,274.091848,351.651846,44.945329,27.074376,538.64873,520.728538,47.232924,33.657811
6014,0.162926,3,3,3,189.737799,211.901022,44.585886,43.946057,870.566876,818.905972,43.960313,44.327521,305.470019,255.576027,41.441724,43.030361,435.874579,398.733461,47.112143,47.179775
6019,0.129697,3,3,3,153.937394,169.60373,32.360853,43.91149,699.074755,656.986978,31.908341,44.282786,242.942919,206.53447,29.934764,42.912122,350.082706,320.048725,34.294594,47.173956
6024,0.260066,3,3,3,600.964468,258.171403,29.589701,41.56,1671.989882,1365.666288,33.28244,40.407625,383.123053,754.846138,34.016287,32.582569,802.903083,1189.929529,36.79371,42.504872
6028,0.22739,3,3,3,254.974703,514.304469,34.341537,35.313356,1203.16259,1430.072205,33.736367,39.233578,632.3003,339.021191,27.295531,39.804099,996.950305,707.35321,35.640032,43.066936
6031,1.069371,5,4,4,856.293387,213.191068,53.254139,55.21533,1226.73321,884.120445,55.091198,55.213461,152.722052,878.789967,55.286072,53.379194,593.100236,875.85719,55.321872,55.293211
6033,0.168159,3,3,3,162.005599,408.223331,21.192438,30.546775,1048.183242,1218.140545,20.064933,32.294605,532.994744,294.170358,15.312514,32.53622,762.77927,556.872555,21.540973,34.261804
6034,0.326316,3,3,3,778.924913,303.823252,38.917417,37.627272,2257.186029,1948.541984,41.065338,36.669133,543.325138,1008.364102,41.348813,32.456959,1037.588752,1412.039995,43.341145,37.970043
6036,0.241721,3,3,3,266.45162,593.808554,41.136302,15.95525,1547.359088,1809.179162,39.099612,19.660391,787.178018,432.949226,30.687233,20.385238,1208.032212,883.597917,42.310875,25.21236
6037,0.201302,3,3,3,281.218681,240.223049,43.466677,22.106129,1125.019132,1162.11344,43.666755,21.040691,325.938338,405.735098,42.778139,18.162192,553.702294,624.546389,47.088655,24.563974
6038,0.368149,3,3,3,427.678269,543.121099,39.40189,27.01696,2262.563986,2168.051245,37.91345,27.289475,757.922786,628.631952,35.551849,26.158498,1195.089006,1108.859676,41.46806,31.368945
6049,0.326836,3,3,3,562.021092,341.400158,41.732181,39.28744,1873.589132,1778.630375,43.491107,38.149114,505.212195,737.541631,43.14335,33.974965,889.22857,1147.165908,47.098046,40.783292
6050,0.155082,3,3,3,225.681225,289.02876,32.796479,30.898286,874.079283,908.83196,33.16002,32.93291,344.04365,303.33797,29.722683,30.979288,551.847544,482.032836,35.672668,35.794923
6061,0.090095,3,3,3,135.782861,121.950485,27.753063,28.328596,424.506728,469.163482,29.034943,28.640356,115.849788,177.245135,28.808991,26.289091,208.229916,395.99403,30.698877,30.223193
6062,0.027822,3,7,0,36.712141,0,43.85344,0,96.065033,0,45.914517,0,26.808748,0,45.650404,0,59.726618,0,47.260878,0
6066,0.256105,2,4,4,157.061073,138.46908,21.938187,33.28846,486.508493,481.747816,23.319621,33.91614,208.263697,169.148574,20.281457,32.601099,225.474062,182.123659,25.024352,35.575125
6068,0.185727,2,4,4,153.074826,117.326748,30.73899,14.193283,660.678559,554.561192,30.344591,12.864866,168.875622,208.955224,30.396119,8.626406,264.647083,310.433447,35.236733,18.623994
6069,0.158781,2,3,3,393.062031,330.234022,33.356477,27.520357,1359.877866,1278.373601,35.720076,28.15705,441.223625,473.821461,32.461084,23.624204,583.795712,650.582502,42.797738,33.316446
6070,0.249142,2,3,3,413.274823,585.3667,32.219954,28.53721,1581.190331,1861.702198,32.793239,31.427955,673.540634,596.914492,27.403273,29.017593,895.106004,767.306345,36.358918,36.518445
6071,0.04652,3,4,4,17.129075,27.311735,38.410339,5.883733,48.423127,56.397276,39.033455,7.804055,27.197793,13.619379,37.066592,7.889775,32.512716,24.541484,39.525906,8.434011
6072,0.471561,3,3,3,744.52477,379.19259,42.511078,41.755214,1596.835737,1329.830714,45.971954,42.107427,431.782726,817.954919,45.819567,38.179025,647.153061,848.008716,47.426007,42.925932
6076,0.374573,3,4,4,113.863171,166.204597,29.263701,37.906237,338.245006,370.982664,29.668336,39.088256,177.969827,97.001577,28.269094,39.070415,191.711159,159.507301,30.040405,39.601499
6079,0.223543,3,4,4,106.780312,93.499507,37.657165,19.926278,316.460438,308.287402,38.557618,20.86565,89.991355,121.436566,38.335069,18.660634,169.470557,165.209714,39.505247,22.302462
6080,0.4677,3,4,4,195.90193,300.752725,45.667161,26.041485,793.698754,934.906141,45.722013,28.935238,349.386657,251.087433,42.798002,28.567599,499.701585,486.21751,47.217951,32.648872
6090,0.134053,3,3,3,145.775334,195.258392,44.927733,43.160569,669.521078,720.69407,44.363546,43.921451,244.009853,172.96564,41.734735,44.337155,386.631209,373.632583,47.045624,47.077038
6093,0.292967,3,3,3,767.654251,713.731473,30.364029,21.360165,2296.198305,2391.841383,32.295629,22.886262,878.00152,898.035477,29.737574,19.684087,1376.365514,1448.730541,34.416603,25.668263
6094,0.418123,3,3,3,481.968011,242.484985,44.639535,32.395052,1220.821365,1036.811411,46.349506,32.334555,341.000743,574.792334,46.151178,29.323839,492.914472,612.274849,47.457044,33.031631
6102,0.498476,3,4,4,470.693865,308.169362,33.230642,24.191143,1256.753134,1219.682319,36.549888,24.568934,380.532675,569.004103,35.538259,16.617367,568.33016,619.141355,39.337034,29.034715
6103,0.258405,2,3,3,594.603388,466.532499,28.974984,31.653544,2066.96017,1879.696534,30.932033,31.853954,654.177004,733.242878,28.474651,26.860763,989.007387,1226.884583,36.476166,36.115837
6106,0.613359,3,4,4,589.643995,353.005104,33.045375,36.869827,1430.354774,1350.18368,36.947813,37.211057,430.471081,683.341105,36.09088,32.046072,614.934153,726.149538,39.404447,39.314014
6108,1.029249,3,4,4,958.558613,541.499954,24.396406,37.27974,2276.821577,2015.147776,30.386734,37.673609,670.178354,1156.718821,29.329176,31.943796,888.758921,1156.631158,33.782996,39.34545
6113,0.530253,2,3,3,1435.902228,903.924967,31.960301,34.861672,3727.104763,3315.509307,37.861893,35.822743,1049.815784,1559.659452,36.943035,28.758455,1677.657269,2110.197047,42.994177,39.377803
6117,0.35027,2,3,3,665.031508,338.474165,40.109613,39.731983,1546.498175,1218.227455,44.746888,40.181733,482.751795,734.055308,43.60211,34.557373,653.645809,865.341095,47.305535,41.406892
6121,0.595423,3,4,4,293.591821,186.984161,25.377064,34.868304,516.449158,401.395791,27.845471,35.454683,291.498974,367.342926,25.734895,33.141701,141.044684,154.764397,28.342423,35.682897
6122,0.795226,3,4,4,245.749221,373.180089,28.804041,33.962264,496.97322,628.076478,29.651587,35.369358,469.4673,381.084554,26.308002,34.072498,162.983168,169.165124,29.891066,35.688308
6124,0.32752,3,4,4,141.237783,125.672799,25.387979,34.495939,311.179934,307.181524,26.479359,35.243313,123.766018,152.713611,25.869089,34.151418,128.696083,124.997743,26.874913,35.664528
6127,0.545776,3,4,4,330.936794,301.863408,32.955924,27.356865,734.878082,663.161172,34.803509,29.11855,281.830863,337.806543,33.837246,27.081556,241.165022,302.053862,35.653158,29.782523
6131,0.283401,2,4,4,131.432608,148.313235,20.037021,33.42405,320.20331,330.749949,22.088859,34.95763,154.106572,114.490747,19.358656,34.414413,158.808603,134.439959,23.036853,35.642025
6132,0.124805,2,4,4,66.299813,63.173721,33.362674,33.555305,164.654483,164.029827,34.767989,34.774521,58.335704,69.552159,34.023239,33.400848,67.99566,76.611265,35.624619,35.605492
6135,0.288066,3,4,4,174.672002,159.326756,18.502155,33.367051,387.876563,350.023606,21.878253,34.959116,148.753364,178.29793,20.115519,33.127034,127.289495,159.42728,23.206883,35.628204
6138,0.232795,3,3,3,451.648585,369.932246,30.940003,38.928693,1277.578123,1247.108378,33.677148,40.293588,501.536186,542.409152,30.470368,35.657703,692.161775,695.406952,36.204877,43.10599
6140,0.665944,3,3,3,1620.056528,1705.848442,32.013887,31.298803,5440.647096,5340.349035,34.452124,34.644754,2072.67844,2044.335744,29.20038,29.422497,2768.525493,3104.594869,40.018993,39.816082
6143,0.105455,2,3,3,269.397777,175.601097,29.901669,24.84836,746.716311,673.514623,34.367953,25.302876,251.171288,280.445538,31.568108,21.105557,343.978177,427.482289,39.066677,28.050735
6156,0.176069,2,3,3,362.396118,259.218067,39.095494,18.808568,1121.06101,1059.18126,42.244297,18.873012,346.247631,434.435939,40.368353,13.77109,477.877778,631.302556,47.054524,22.780084
6158,0.143901,3,3,3,453.449485,316.861236,33.006494,13.322596,1313.280275,1245.219109,38.791214,13.840767,460.083069,528.600026,33.811188,7.905116,688.469593,720.093418,46.252847,19.959723
6161,0.199204,2,3,3,409.060045,297.69308,39.126215,42.542431,1268.60629,1202.598088,42.242591,42.702745,400.44192,489.839387,40.110227,37.381847,543.085686,717.504627,47.050352,46.708005
6166,0.210004,3,3,3,329.499367,518.903729,42.564327,15.232907,1434.118209,1532.538097,42.074192,19.375243,634.76455,479.781621,34.829572,17.061628,824.117483,678.082259,46.652135,25.021165
6169,0.221998,3,3,3,346.208081,550.097772,21.212563,37.174564,1508.776207,1621.473455,20.678542,41.42406,673.073809,508.433427,13.568755,39.11719,882.560845,716.49248,25.403538,46.927049
6172,0.490846,3,3,3,685.886599,1081.289403,43.464842,24.877826,2729.357015,3049.821835,43.700872,29.581969,1234.498477,916.287215,37.811677,27.924384,1743.067005,1211.403087,46.804949,34.375905
6173,0.109661,2,3,3,321.158229,200.045095,36.466547,14.756468,1036.436657,879.713746,38.820347,14.409369,282.976315,374.004145,38.313685,10.526751,497.440516,610.465634,43.043378,16.78086
6178,0.496158,3,3,3,693.309169,1088.227816,30.365115,38.932381,2731.164366,3051.70288,30.722304,42.966133,1239.156093,920.580592,23.883196,41.546606,1751.938132,1219.977495,34.126266,47.176483
6180,0.172224,2,3,3,250.171857,364.339733,18.687838,38.727071,1040.825165,1076.796767,18.602441,42.405123,436.590154,326.50251,13.228523,40.782485,631.385597,509.395599,22.492434,46.967701
6181,0.322006,2,3,3,681.395452,464.844613,38.723253,42.829401,2007.732064,1938.272992,42.429147,42.726895,609.753295,817.582547,40.795268,36.886818,949.368699,1180.994825,46.971193,46.679096
6187,0.070849,2,3,3,119.761397,183.026019,44.487021,41.199918,418.9231,420.090719,45.263962,45.252428,210.70172,153.003599,40.273357,43.291295,203.032739,188.01631,47.294432,47.328988
6188,0.24159,2,3,3,629.010423,413.088165,34.05607,44.424006,1464.511945,1453.67851,37.616922,45.190643,529.755664,727.371654,35.892343,40.12817,651.941362,709.017802,39.407916,47.282672
6194,0.254701,2,4,4,136.942409,80.883374,36.998048,22.148557,358.12697,348.878476,38.485606,21.98648,72.497459,155.226786,38.902872,18.574175,136.547378,167.576239,39.568799,23.580551
6195,0.249449,2,3,3,432.587983,507.026378,41.127296,32.55609,1480.300073,1575.017552,42.842871,35.320152,621.542904,538.273413,37.179867,32.524679,953.484919,809.189297,46.609362,39.244337
6197,0.24979,2,4,4,119.793561,198.983187,22.988204,31.008971,417.014348,421.614018,23.562105,34.234457,238.41442,114.754943,18.568279,34.074954,259.619747,202.751422,24.777956,35.539608
6198,0.249238,2,4,4,218.42814,128.252552,12.931751,33.491401,482.731445,461.052456,18.887855,33.969243,125.306501,260.426997,18.82868,29.089516,224.585214,297.403577,21.822752,35.368081
6201,0.372033,2,4,4,155.519118,80.059593,28.324645,29.599202,423.792882,347.937227,29.299665,29.547118,107.040166,139.069727,29.326459,28.820697,126.282426,146.139975,30.018865,30.01027
6203,0.123134,2,3,3,194.48262,246.319834,42.051434,39.465368,780.535192,804.146237,42.28397,42.012914,295.435057,264.38605,37.750014,39.290224,454.976817,357.462881,46.666938,46.987755
6204,0.102464,2,3,3,203.152688,170.024343,11.025188,41.578724,704.06327,697.601185,12.500533,41.614112,235.733302,251.152964,10.160991,37.43033,319.827216,388.292516,16.780025,46.62435
6210,0.249348,2,3,3,327.421701,286.401403,21.196043,37.008026,1346.903252,1364.617057,21.202436,36.236405,433.905318,456.341992,19.425411,34.323327,705.736043,621.476844,24.298169,39.298061
6211,0.251463,2,3,3,293.04705,344.419616,21.987059,36.053903,1461.525908,1458.036646,20.76328,35.878036,487.639202,455.193396,18.427198,34.418653,678.012598,748.061876,24.411084,39.159167
6214,0.250404,2,3,3,497.938774,367.044656,30.536247,21.559139,1639.637088,1633.186077,32.582588,20.86109,520.217405,586.600149,30.677605,16.98837,955.447109,1048.808336,36.310375,25.287512
6216,0.064286,2,3,3,29.775256,68.122586,39.152293,37.36141,203.168574,230.023604,38.376352,38.0512,95.918719,62.885265,35.873285,37.862764,116.487865,89.431686,39.457177,39.533079
6217,0.274708,2,3,3,290.830765,134.367432,37.365234,39.098712,981.582913,872.344903,38.055223,38.365104,279.304407,406.15128,37.733253,35.932223,382.441774,499.209601,39.532916,39.456126
6220,0.18453,2,3,3,86.391023,199.51456,21.383652,37.277622,590.013982,674.295735,20.639829,37.988801,278.216914,182.725626,17.950537,37.822777,349.314452,261.931383,21.625843,39.528534
6226,0.152705,2,3,3,166.069987,121.566386,17.744902,38.287931,930.634788,978.352166,15.991609,35.179197,258.379861,311.623807,15.413259,33.295139,431.735785,362.485176,19.586267,39.328957
6229,0.255098,2,3,3,241.688894,250.339317,23.050859,37.656507,1602.715652,1639.857956,20.274109,35.153847,440.39624,457.518093,19.693541,34.498015,814.689997,768.98153,24.403449,39.146833
6230,0.243441,2,3,3,239.86003,300.262214,22.478554,36.654036,1787.503802,1943.122061,18.430619,33.236495,515.774959,483.551902,17.183483,33.564212,1008.721097,806.897913,23.634258,39.048917
6240,0.247287,2,3,3,610.278277,460.737618,20.371977,34.099449,2579.059091,2528.32292,20.108614,32.199621,719.126592,891.629923,19.232388,28.941237,1300.719207,1372.543979,25.435945,36.281553
6244,0.235728,2,3,3,529.135501,366.793378,16.927636,42.188061,1638.045952,1577.561358,20.544992,41.781577,482.722435,637.860886,18.936933,35.85306,755.292325,934.984854,26.317267,46.542334
6248,0.253986,2,3,3,740.271893,536.638468,30.847256,22.02655,2607.181045,2637.326068,32.299649,20.406499,802.522173,980.226797,30.599478,15.805214,1397.682006,1379.966438,36.438439,25.66829
6252,0.269518,2,3,3,314.036753,536.250323,25.158043,39.533876,1747.476374,1933.809463,22.67449,41.076455,650.663459,479.902753,17.956688,41.444885,1138.413773,739.576766,27.413522,47.0442
6255,0.256763,2,3,3,625.876039,448.725917,36.627273,21.032544,1827.323031,1812.095996,41.162687,21.255579,582.700539,734.487647,38.547276,14.898472,863.538948,921.388381,46.809249,27.15099
6256,0.304297,2,3,3,339.492457,590.761327,44.541243,21.427927,1673.581711,1823.927044,43.421015,24.713562,707.205527,534.788321,38.212601,23.364631,982.522802,695.62213,46.863656,29.488951
6258,0.228662,2,4,4,94.816214,101.857613,37.987823,24.207138,352.739238,389.604922,38.269189,24.468828,114.598196,106.486398,37.537973,24.254958,168.317983,171.177779,39.501943,25.970536
6259,0.181661,2,4,4,130.219654,101.700539,35.282151,21.096215,371.904031,345.184284,37.343132,22.015048,102.793532,137.737648,37.026338,19.395688,200.234993,183.733544,39.332523,23.7633
6263,0.266706,2,4,4,100.536435,98.724855,26.062681,38.299291,347.687158,374.987873,26.473137,38.485715,108.45007,105.516236,26.009892,38.275872,150.004867,171.879168,27.356292,39.534902
6266,0.245328,2,4,4,105.428001,68.074583,24.94484,38.857409,283.251086,278.133687,25.975856,38.868815,71.674715,130.024845,25.999889,37.315068,113.752563,144.173764,26.660762,39.553356
6271,0.186889,2,4,4,74.117946,44.796353,38.117521,23.733807,268.882469,251.170093,38.435268,23.276183,62.036115,101.885584,38.655767,21.790439,92.036642,116.291265,39.580875,24.157879
6273,0.186131,2,4,4,42.027169,76.668642,39.110768,38.007833,241.414051,266.132017,38.646996,38.449097,104.018561,59.068454,37.083746,38.735279,115.417593,84.283604,39.543006,39.59105
6274,0.248975,2,4,4,76.468422,97.814121,30.983565,30.543815,343.419666,369.11895,30.850049,30.722075,130.127673,112.070233,29.926438,30.357299,143.190226,136.795953,31.675715,31.681878
6280,0.245629,2,4,4,86.352291,100.23368,21.922074,30.457262,372.721594,388.735651,21.825432,30.59122,134.364445,123.494163,20.803808,30.049064,153.521666,156.421608,22.811972,31.65989
6282,0.173314,2,3,3,282.428005,438.413352,34.818676,30.03858,1065.674317,1188.885221,35.479742,34.637966,450.192656,399.46089,30.456171,31.962202,681.068227,541.915569,38.82415,39.111103
6283,0.249092,2,3,3,631.348004,411.179662,25.397423,34.713821,1719.230482,1544.373259,29.637679,35.420587,578.414806,651.805354,27.133061,30.357157,785.054987,978.210917,33.650909,38.825159
6288,0.258623,2,4,4,99.799237,91.678967,38.192287,21.883093,436.241309,392.686197,38.024217,21.713487,130.242841,130.129092,37.519509,20.274835,222.532442,229.039606,39.451084,23.607326
6289,0.251296,2,3,3,631.274559,418.018649,30.134388,29.733281,1763.420016,1631.34714,34.445961,30.125158,589.892706,659.829997,31.74446,25.711469,862.582151,1052.143955,39.008282,33.367904
6290,0.249119,2,4,4,86.864428,91.540855,34.610428,23.801601,341.314078,347.492785,34.700585,23.981016,111.642462,105.028615,34.146514,23.593756,171.361028,167.594803,35.582745,24.881956
6291,0.244991,2,4,4,86.08006,99.75803,38.422728,25.116123,378.141077,422.562807,38.267773,25.022415,129.023941,122.893789,37.341458,24.550343,218.736342,209.852538,39.436697,26.540263
6292,0.143311,2,4,4,79.077251,89.811618,36.873471,18.266262,315.863739,328.768057,37.018944,18.959931,107.061465,109.22403,35.397878,17.268586,160.364853,168.632551,39.323373,21.412599
6293,0.253919,2,4,4,71.990749,34.028682,34.957211,24.965488,288.906998,213.704911,34.991926,24.763277,88.23228,97.495463,34.725725,23.973158,92.19763,90.595258,35.665093,25.086095
6301,0.109296,2,4,4,72.858088,68.486544,35.790352,36.180999,274.074605,267.920369,36.348735,36.476997,93.100331,88.758769,34.354573,34.757222,144.707503,133.749153,39.201752,39.263434
6302,0.255351,2,4,4,168.08248,171.647965,17.239712,35.734696,657.573951,660.926959,17.783323,36.162028,211.683844,229.944945,15.182534,33.85099,322.859,357.798575,23.191613,39.151425
6307,0.323522,2,4,4,115.107903,125.934996,23.93444,38.168867,414.016179,439.036033,24.429817,38.559428,155.791919,163.002141,22.633266,37.517716,171.45709,157.998689,25.843469,39.581962
6308,0.326785,2,4,4,148.627737,136.731626,22.723576,37.960308,495.546478,456.825843,23.876058,38.497988,180.264463,174.598661,21.723635,37.281199,172.391067,198.482408,25.934103,39.547122
6311,0.250266,2,3,3,537.49677,388.703863,35.319193,32.759061,1673.651003,1720.722244,38.317122,32.18765,535.950822,674.287294,36.057491,27.472041,916.855398,1038.773813,42.803105,36.185046
6312,0.249918,2,3,3,433.857539,594.29676,31.847256,28.393712,1940.793107,1916.396655,31.071437,31.195807,731.225785,616.524254,26.249078,28.660855,1113.189588,1015.240529,36.058839,36.210601
6314,0.173051,2,4,4,95.889113,70.596259,15.386052,38.036467,303.639233,309.104293,17.178493,37.845833,102.423812,106.721112,15.313856,36.596208,138.717287,132.01802,19.743502,39.491579
6315,0.176169,2,4,4,72.524121,97.271834,17.53174,36.870226,328.040064,322.037944,17.000431,37.768608,110.777644,108.334694,14.950788,36.611438,140.892089,147.07364,19.920677,39.462127
6318,0.245865,2,3,3,303.202796,256.677922,36.654882,32.136545,1066.639125,1134.086805,37.384912,31.871844,365.881801,410.710616,35.890333,30.026566,396.40706,338.147364,39.495402,33.945525
6320,0.248262,2,4,4,116.185385,77.6928,37.580593,25.890449,415.568542,383.225798,38.046753,25.475085,133.98308,158.256779,37.238344,23.374235,144.603243,184.597823,39.554972,26.693829
6321,0.249863,2,4,4,132.866338,160.11547,37.049485,22.996107,573.934323,558.564947,36.81945,24.051449,214.811017,192.171211,34.273603,21.990169,227.679477,267.976294,39.428325,26.619823
6322,0.242818,2,4,4,53.900585,96.002177,39.127722,25.132138,300.110792,328.231038,38.73279,25.604566,133.650092,105.820715,37.152239,25.005033,134.730524,103.115197,39.563327,26.578047
6323,0.245808,2,4,4,163.655732,132.34105,35.79853,23.959259,592.261776,610.938272,36.57125,23.273931,192.739217,219.149794,35.03593,20.417978,291.151769,243.914355,39.286448,26.514796
6327,0.249881,2,4,4,121.245206,96.12824,19.805963,38.200505,455.242417,441.437125,20.424495,37.881618,151.921944,163.384398,18.421435,36.267888,168.073308,188.574074,23.392105,39.494799
6335,0.243612,2,4,4,67.994935,103.09156,22.104036,37.925166,298.823337,318.510074,21.925942,38.632008,131.547607,107.569331,19.195645,37.970479,122.655664,102.495375,23.211491,39.598722
6337,0.257238,2,3,3,444.826531,633.739455,41.1573,30.150071,1801.133004,1827.604468,41.331819,34.472411,737.816753,579.2442,34.84975,32.171414,923.882656,849.799079,46.712494,39.418664
6338,0.246728,2,4,4,90.255093,103.573233,38.328323,20.616463,335.579287,391.380968,38.554869,21.06611,106.729903,140.141582,38.032147,18.904379,140.060963,129.64399,39.559497,23.326456
6339,0.250484,2,3,3,587.602456,426.215333,31.042991,29.5445,1725.883283,1663.697735,34.600984,29.948216,581.385761,677.219886,31.879359,25.322883,778.353231,840.338265,39.11735,33.619891
6347,0.244537,2,4,4,102.430526,108.455384,25.006645,37.771918,322.359278,357.261804,25.716545,38.400471,96.449989,135.281576,25.363325,37.129556,116.136922,127.408591,26.630511,39.573078
6349,0.074359,2,4,4,40.547637,54.39414,36.930959,35.130192,137.473937,151.238529,37.729742,37.369979,57.371043,40.965126,35.159593,37.14821,75.045997,79.0129,39.38115,39.353714
6350,0.11819,2,4,4,88.926853,63.066938,15.235902,37.033415,239.254308,213.72611,17.759321,37.805135,62.701879,91.825694,17.680535,35.106668,121.219736,119.359864,19.585843,39.380822
6356,0.127341,2,4,4,135.998767,115.333236,12.436177,14.192089,424.85879,405.656294,15.246125,15.647802,130.591587,156.334757,13.502361,11.496661,197.243825,196.74337,20.057037,20.059476
6362,0.245092,2,4,4,83.06666,79.918113,25.615551,38.580715,208.851474,211.837073,26.310039,39.17975,121.884411,132.81608,24.590756,37.220635,82.826564,75.132904,26.672512,39.621887
6363,0.247631,2,4,4,99.633128,83.563816,25.245566,38.510774,280.050451,256.039969,26.086992,38.992159,142.928498,151.255165,23.95352,36.647251,97.421523,125.447036,26.754106,39.577068
6366,0.2498,2,4,4,100.011218,84.527273,38.090767,25.781715,243.661383,230.983747,39.060081,26.401909,124.216525,150.031953,37.567493,23.798331,89.347694,94.399889,39.61232,26.832078
6370,0.251434,2,3,3,659.446197,440.900374,24.983664,34.195867,1841.169245,1707.789465,29.202009,34.719702,618.598404,690.760752,26.510134,29.682893,906.373876,1099.85155,33.562827,38.642347
6372,0.250927,2,4,4,174.740468,141.870916,35.491325,18.601281,500.856766,484.206086,37.445513,20.089155,233.633039,225.308927,33.529793,13.999968,235.081758,201.198658,39.416394,23.368639
6373,0.248227,2,3,3,351.767424,370.100386,35.836599,30.447191,1251.167581,1248.27708,36.693641,31.542709,547.011429,498.876905,32.476951,28.57689,305.532336,310.176602,39.557287,34.006521
6374,0.252192,2,3,3,540.469821,335.674667,32.144302,31.182986,1757.765154,1643.654638,34.503863,30.112459,532.500193,662.149712,32.941729,25.725995,919.532615,1142.929077,38.931694,33.258319
6378,0.249766,2,4,4,156.642331,127.561246,23.146899,37.229716,409.061066,396.409687,25.354292,38.195337,207.985409,192.348791,21.247615,35.173563,183.723178,149.569566,26.748542,39.549846
6390,0.252612,2,3,3,556.3329,398.827084,17.126975,38.56156,1716.675434,1742.884898,20.543183,38.035602,544.512285,693.425987,18.15484,32.652735,926.088396,1068.04714,25.595592,42.559655
6393,0.215912,2,3,3,257.982257,296.574186,36.816958,19.610536,782.593796,777.801418,38.013169,21.795166,354.657636,326.347626,35.201454,19.334815,239.510037,213.340196,39.573879,23.253911
6394,0.151867,2,3,3,312.179535,207.060511,35.86339,17.208711,982.809033,970.045527,38.599936,16.248813,296.187676,359.743447,37.102496,12.614765,557.785198,657.568463,42.799315,19.957
6398,0.250552,2,3,3,319.435534,269.864388,21.429157,37.293758,1110.565718,1168.364256,22.355162,37.073468,378.912971,428.58369,20.643017,34.888034,411.53779,360.841307,24.586903,39.525147
6400,0.175224,2,3,3,180.330493,249.698107,37.478325,17.482089,675.813227,684.594734,37.817621,19.567483,299.688942,252.371385,34.889162,17.797936,262.258701,235.449272,39.51571,21.189665
6401,0.168359,2,3,3,264.715279,185.763177,35.099646,18.58787,826.382191,837.303752,36.828641,18.139945,275.993587,333.873421,35.216453,14.832639,266.685097,253.216143,39.500491,20.778693
6402,0.25806,2,3,3,374.029456,341.829576,30.791305,21.439748,981.965524,1011.822689,32.741592,23.135718,412.589888,444.717737,30.530467,19.808529,290.507672,298.420499,34.203058,24.919046
6414,0.37539,2,3,3,782.890378,1023.879814,35.310695,37.236908,3531.649665,3479.634631,34.673512,38.975221,1363.238135,1113.979751,30.556336,36.951083,1911.311103,2010.992321,38.373939,42.840097
6416,0.25292,2,4,4,145.709591,178.254768,36.654245,16.382678,636.163913,616.620981,36.331192,18.242479,230.6946,207.583176,33.729355,15.227339,260.9281,305.81903,39.369771,23.151614
6417,0.247007,2,3,3,237.994354,325.758369,41.479325,33.766616,954.561784,986.365823,41.57781,35.137517,417.811117,322.830424,38.460948,34.125798,469.452272,377.872745,43.367956,36.812666
6418,0.375066,2,4,4,268.158266,253.533994,35.301356,20.358803,874.288717,890.630763,36.745109,22.04967,287.91564,335.188419,35.197804,17.442118,439.404209,355.595536,39.293881,26.928106
6426,0.247591,2,3,3,258.966434,348.798096,23.662199,39.449097,950.654671,977.600043,24.160931,41.497622,418.206152,319.953714,20.685252,40.36606,452.319432,366.054648,25.902289,43.455722
6430,0.249855,2,3,3,580.693075,416.161581,15.557863,34.639581,1724.999743,1644.273345,19.25598,34.973128,577.909712,677.069019,16.344911,29.876146,771.413751,851.499209,24.244543,39.01684
6433,0.244032,2,3,3,272.823225,270.222748,34.528842,40.877791,942.226347,835.372474,35.182119,41.978457,307.622105,252.53803,34.241744,41.423943,461.290306,395.292133,36.684116,43.42849
6434,0.248296,2,3,3,273.648562,273.65232,23.425804,40.900545,902.586466,987.771613,24.391723,41.468895,270.221985,322.039276,23.773716,40.345212,400.737639,497.308439,25.966725,43.343791
6438,0.203495,2,4,4,212.656572,184.686836,31.634628,11.471107,729.643062,693.950747,33.625554,12.606131,240.395045,231.334442,30.809933,9.361795,376.224193,396.591112,38.813042,20.165446
6442,0.297266,2,4,4,245.214262,286.13218,22.150913,32.587285,989.757022,992.155096,22.359333,34.288749,366.161411,258.861408,17.767975,34.159396,508.003914,495.47002,27.658647,38.960067
6446,0.592954,2,4,4,309.594619,148.37185,29.734201,25.082859,785.459743,686.829072,30.914874,24.887666,288.44226,385.520829,30.147207,21.504023,169.532926,201.876471,31.730281,25.758507
6447,0.129542,2,3,3,235.879664,369.174623,37.222518,22.224271,850.864762,958.83965,38.47377,27.542557,397.545474,269.140778,30.826164,26.747733,539.861548,427.576775,42.587132,31.988074
6448,0.235324,2,3,3,623.214351,445.056901,26.610541,30.744476,1678.773636,1521.771479,31.561138,32.359904,474.908617,669.639204,30.667224,26.393652,767.635702,958.774287,36.143481,35.870982
6451,0.211441,2,4,4,122.22437,62.838044,36.636469,38.749566,306.07109,263.853783,38.421527,38.71629,109.57572,147.272419,37.407106,35.877332,66.851921,84.004998,39.620187,39.604009
6452,0.61263,2,3,3,594.655981,1177.329742,45.206105,28.068135,2183.920171,2775.451281,45.645627,33.555556,1302.078117,852.595646,39.421436,32.293084,1551.881333,1162.74289,47.114856,36.450842
6453,0.134865,2,3,3,232.308419,199.715297,34.35338,14.90318,634.427106,660.979426,37.033094,16.18548,240.146172,271.215216,34.558969,12.899055,241.808729,246.645818,39.460992,18.550474
6454,0.266304,2,3,3,592.189524,446.386967,29.540489,20.883706,1944.197923,1664.687106,31.964354,21.844279,567.571387,648.502525,30.695285,16.988073,827.112442,965.569955,36.870137,26.151432
6458,0.140397,2,3,3,215.656024,249.58582,35.275274,26.240425,709.276058,682.273331,36.681759,28.609548,289.520344,258.49151,33.188337,26.410859,268.918798,262.176146,39.435854,30.62293
6459,0.24802,2,3,3,487.431239,428.620038,33.094833,29.379481,1310.749855,1335.79085,36.437853,31.202178,538.684057,549.964608,32.637471,27.610515,491.777491,506.716701,39.421393,33.883736
6468,0.268556,2,3,3,550.540671,473.421123,17.700998,34.148436,1447.446522,1457.697866,21.867571,36.284844,590.108738,609.094394,17.553718,32.149993,535.469844,574.319427,25.167154,39.386312
6470,0.134544,2,3,3,225.900538,259.325051,38.016718,27.185458,751.550782,740.562166,39.710734,29.852011,296.094858,285.755229,35.728751,26.797541,369.792178,357.932918,43.134815,32.450316
6471,0.352483,2,3,3,762.620229,710.808307,35.224982,31.843883,2157.398921,2194.357982,39.05006,34.487816,851.542199,834.614041,34.520645,30.615807,1037.885395,1062.247567,43.070555,38.232425
6475,0.123361,2,3,3,203.815754,236.627291,13.835197,36.664979,686.253889,677.423516,15.274553,39.8241,271.555225,258.563925,11.742978,36.308796,337.244568,326.359364,18.262068,43.167033
6479,0.378745,2,3,3,843.782237,769.366792,30.920563,36.005853,2427.945896,2437.433156,34.540049,38.646609,923.884681,917.102395,30.488777,34.489069,1134.290727,1196.766046,38.536888,42.995635
6481,0.253159,2,4,4,105.443288,135.865407,37.974276,19.138553,340.841012,369.559731,38.575265,21.681384,190.738215,153.833398,35.336166,18.54579,161.800428,137.363185,39.536695,23.566631
6482,0.247359,2,3,3,534.400406,504.919416,35.243658,30.193949,1675.442357,1675.553869,38.203586,32.252094,623.847529,621.106608,33.919078,28.381965,747.376573,795.990702,43.044306,36.437971
6483,0.248003,2,4,4,210.659505,161.687251,37.913803,21.806879,685.014216,662.980828,38.52353,21.821541,271.686146,306.146402,37.173733,18.211531,213.472996,229.580874,39.596469,23.394506
6490,0.257598,2,4,4,37.039927,96.407153,25.049201,34.45908,176.841287,231.077613,24.989125,35.246005,102.272497,94.605784,23.997648,34.620927,72.110396,64.885368,25.20187,35.682567
6491,0.248543,2,4,4,108.726961,46.997517,19.289907,35.35205,272.519702,216.674925,21.067017,35.269706,104.557027,113.649119,19.777107,34.088679,82.69186,95.727171,22.004328,35.660959
6497,0.250351,2,3,3,511.287988,552.12376,35.941733,29.356655,1728.22058,1739.225268,38.030636,32.102397,644.698089,637.901945,33.617406,28.243233,830.338674,768.957226,42.938239,36.547528
6498,0.250904,2,3,3,551.643256,502.347714,35.01638,30.472836,1839.209065,1825.972765,37.452543,31.706383,671.85645,664.675441,33.034746,27.721427,803.094217,855.299747,42.980863,36.457349
6522,0.248515,2,3,3,426.965222,486.315926,19.974935,36.44066,1533.736381,1577.218923,21.293307,38.761571,577.542372,543.771541,17.029507,35.799165,955.966909,917.899398,25.355482,42.790885
6525,0.347015,2,3,3,462.646586,712.845309,39.826094,20.8614,2225.380708,2248.18812,38.675917,23.980818,829.517316,688.564176,34.664184,22.047087,1516.954931,1281.743718,42.493311,28.727291
6526,0.199353,2,3,3,280.519877,356.705251,39.457287,17.47756,1029.943853,1066.808555,40.205148,20.22853,391.487875,365.557714,37.029805,17.813659,575.08248,531.599697,43.090547,23.425076
6534,0.196251,2,3,3,280.615626,350.047301,31.994169,37.433114,1019.168345,1048.663637,32.715856,39.999221,385.111509,360.397204,29.960585,37.709644,559.920559,528.337975,35.148967,43.152582
6536,0.122716,2,3,3,218.466477,176.272692,27.226943,39.308243,653.969989,635.490509,29.314824,40.191175,224.456723,240.326783,27.471774,37.058883,333.064041,346.942432,31.6807,43.109468
6537,0.129156,2,3,3,187.182735,230.9786,15.242077,37.406631,675.971647,694.570832,16.075468,39.958893,253.468037,237.873324,13.230575,37.681493,367.834443,353.546345,18.720453,43.138353
6540,0.208168,2,5,5,17.03388,20.195998,15.913901,11.927997,68.822377,67.973628,15.915176,11.947376,24.9797,21.390604,15.883104,11.92796,37.294178,28.844788,15.945386,11.981118
6541,0.249518,2,5,5,20.8034,19.497638,15.912597,12.46345,68.718996,69.663037,15.925373,12.4725,18.977216,24.125477,15.921804,12.4498,32.561467,30.753328,15.947472,12.496651
6543,0.165927,2,3,3,177.437597,252.796879,37.32383,16.508227,812.899406,807.397154,36.838084,18.120443,327.97546,277.032493,33.611956,16.239736,253.856377,258.734083,39.510006,20.628773
6544,0.174471,2,3,3,218.677013,281.858845,40.211446,17.215769,826.728089,872.498387,40.685062,19.316088,317.160416,288.428065,37.807313,17.514374,367.777336,349.070659,43.317822,22.131023
6545,0.243103,2,3,3,456.572991,340.561172,33.553051,20.522404,1442.771561,1422.065993,35.724302,20.419126,491.078729,576.398066,33.397575,15.817609,614.254385,606.279767,39.288882,24.146775
6553,0.190873,2,3,3,497.391994,397.894547,17.37428,39.545124,1701.905419,1732.195248,19.030018,39.138966,535.039985,646.286308,17.214473,35.412909,981.010833,965.987223,22.734485,42.916713
6555,0.177656,2,3,3,302.281854,220.298204,37.89248,19.374023,909.203805,857.712749,40.260982,19.699194,288.416513,334.013464,38.804176,16.487182,360.282367,385.493466,43.337697,22.295625
6556,0.153329,2,3,3,353.557578,345.989642,38.783104,16.584327,1171.551898,1243.050175,40.288358,17.552646,413.834931,461.461381,37.904317,14.49919,710.566359,674.79667,43.020596,20.531115
6562,0.124592,2,3,3,128.596159,59.087684,41.199489,43.027901,330.715153,269.200042,42.58546,42.908596,112.764003,117.979615,41.89396,41.747419,141.154819,142.696908,43.512879,43.511067
6563,0.246668,2,3,3,116.981883,254.594863,36.466349,41.199489,532.962634,654.750341,36.367822,42.585457,233.576214,223.250338,35.383778,41.893959,282.511546,279.458516,36.85608,43.512879
6567,0.236837,2,3,3,648.800831,506.945991,31.114922,21.239847,1930.949778,1914.670593,33.54014,21.894786,695.723196,781.307843,30.99432,17.322511,1086.302582,1039.127462,36.240075,25.179775
6569,0.383871,2,4,4,250.952862,256.337517,35.917483,20.703867,872.377549,854.75074,36.872355,22.838938,331.754197,294.497488,34.227145,19.713641,352.983574,438.768402,39.424486,26.978507
6570,0.251262,2,3,3,134.343978,268.059054,42.883888,34.877795,585.996776,695.249287,42.802543,36.130223,251.476196,227.560176,41.551492,35.607319,319.064479,295.130099,43.491843,36.956008
6571,0.369071,2,4,4,233.305434,237.618372,32.528688,19.526749,780.447796,819.139121,33.499252,21.100516,261.979086,317.479013,32.19094,16.874024,421.370874,369.482022,35.394564,24.883313
6582,0.382513,2,3,3,733.537727,846.635254,21.30462,31.764218,2300.340839,2251.06699,23.993942,35.780663,954.983481,875.14337,18.624204,32.048815,1199.363233,1061.25875,27.912967,39.21942
6588,0.210285,2,4,4,81.704138,152.232199,34.370942,31.701227,491.782034,509.833513,33.069431,32.897582,187.997987,111.047357,30.539658,33.611306,288.074361,212.939118,35.269716,35.456402
6589,0.354413,2,4,4,202.483949,236.988063,33.041944,32.206358,799.015531,945.389485,33.234172,32.391615,301.681724,268.484385,30.937645,31.779957,466.595797,425.957321,35.300669,35.363555
6592,0.261436,2,4,4,90.344306,171.717068,20.768109,32.31203,610.86652,616.844218,17.922017,33.028137,223.166362,136.221553,14.313732,33.660815,350.744502,270.761055,21.896044,35.445836
6598,0.248987,2,4,4,96.15114,109.742314,34.385748,23.275825,353.341624,347.359381,34.633596,23.976803,178.300169,130.650356,32.137736,22.829758,128.074959,107.065899,35.632405,24.928888
6599,0.250202,2,4,4,144.375911,135.395065,32.995048,22.461756,453.934276,435.480119,34.029011,23.44841,188.696875,163.396752,31.809417,21.734075,194.295332,163.952489,35.552486,24.918876
6604,0.25499,2,4,4,138.801481,159.694378,33.259423,16.841655,433.348725,463.549867,34.216058,19.452671,174.31953,188.543552,32.410655,15.747892,184.072376,204.124713,35.571527,22.067433
6605,0.130116,2,4,4,58.847951,60.382914,33.948133,13.525175,199.138825,205.152852,34.474656,14.423697,83.884467,70.849999,32.72865,12.920652,101.97571,88.826615,35.549899,16.227551
6606,0.250196,2,3,3,396.659064,496.337551,35.035919,28.192342,1462.805518,1540.66278,35.823768,30.461908,579.617425,554.476557,31.901843,27.652019,973.19018,928.086703,38.839716,33.507212
6607,0.253438,2,3,3,549.266824,424.541294,32.013743,29.715486,1762.390654,1641.793256,34.523394,30.175907,611.369109,648.086644,31.411381,26.075092,1011.883223,1063.25246,38.799382,33.403959
6614,0.372169,2,4,4,177.138981,171.121133,25.711536,33.895187,507.714709,492.772076,26.747212,34.761763,200.382467,211.006531,25.433915,33.329484,214.057317,227.484507,27.655134,35.606253
6615,0.37271,2,4,4,197.765133,181.140338,25.245845,33.705868,583.419315,560.939981,26.44478,34.511786,211.725355,217.923428,25.192205,33.196625,226.886111,255.012423,27.655943,35.583923
6621,0.251995,2,4,4,176.469835,235.109061,38.430524,24.85421,713.363415,751.254568,38.471264,25.694512,339.756545,298.211866,36.083924,23.959258,267.566017,234.017378,39.570288,26.892984
6622,0.247674,2,4,4,99.828403,108.692002,34.27879,23.25157,296.181534,293.995781,34.923232,24.217644,136.294756,128.892038,33.451899,22.825657,101.435703,106.139587,35.656133,24.889441
6623,0.252981,2,4,4,282.920495,203.714062,36.80751,25.424537,855.068543,804.00362,38.018586,25.55301,324.820552,378.296119,36.373964,22.336085,262.734776,310.70106,39.573564,26.893311
6625,0.123478,2,3,3,264.689858,321.116604,39.345778,37.713263,996.806317,1001.206313,39.954062,39.926004,398.778684,360.39397,35.993698,37.126771,547.694393,565.764883,43.066311,43.032797
6626,0.256286,2,3,3,667.907231,551.815942,20.145292,39.313424,2090.655965,2085.670951,22.607209,39.902609,752.561603,828.373409,19.45252,35.983887,1191.052843,1152.013679,25.945526,43.05281
6629,0.126095,2,3,3,276.607119,331.193638,28.846778,37.616624,1021.814702,1024.218708,29.45733,39.914827,406.526855,368.421387,26.222286,37.115756,554.526832,576.753575,31.858568,43.034649
6632,0.272039,2,3,3,137.203608,257.652254,42.957979,35.71614,749.375689,787.524331,42.513245,36.466956,334.732007,235.522832,40.634061,36.13745,566.162587,337.820503,43.324553,37.377637
6633,0.251577,2,4,4,102.985901,39.214316,30.4498,20.281872,259.759316,149.913194,31.224592,20.32196,77.971274,56.311966,31.049018,20.028433,82.910312,72.229333,31.724172,20.530434
6637,0.272484,2,3,3,150.462391,223.463915,36.842418,42.018391,743.619581,744.766263,36.580899,42.528841,301.461886,246.713106,35.373652,41.892724,532.061333,342.447574,37.272438,43.493944
6644,0.250445,2,3,3,436.464061,520.245526,19.8959,35.735735,1737.952236,1789.031279,20.248569,37.707167,655.031786,584.465274,15.453042,34.983999,1012.041401,1010.991634,25.353826,42.645319
6645,0.258257,2,3,3,529.079019,464.376693,30.35909,37.351493,1825.534292,1791.803529,32.105932,37.983929,616.605822,668.263146,29.228056,33.54686,1043.22509,1024.67467,36.396112,42.675487
6647,0.248888,2,3,3,436.379886,516.244643,37.603758,17.783605,1748.65924,1764.9184,37.865966,19.96397,652.138997,585.419015,33.361579,16.880659,1031.635792,991.210229,42.59725,25.314578
6648,0.114084,2,3,3,308.502231,373.007032,33.943607,10.36071,1031.232748,1036.361325,35.620449,13.521667,400.669325,377.73982,31.775338,10.774511,394.344218,316.920912,39.346412,16.914839
6649,0.250895,2,3,3,828.869097,690.432375,31.82339,18.390379,2376.542619,2400.044362,35.28703,20.004679,855.880582,902.87217,32.118528,15.917393,776.336276,986.306774,39.403659,24.409085
6652,0.262687,2,4,4,197.154262,278.475946,20.48994,33.371848,534.834644,560.293717,21.673143,35.072438,323.662625,268.146068,17.749158,33.735028,147.476294,133.092401,22.475818,35.682376
6653,0.24845,2,4,4,264.539118,202.484112,22.490153,34.250167,548.741528,541.420351,24.339178,35.046804,276.226048,311.746491,22.556406,32.866496,143.050578,141.815834,24.93148,35.677899
6660,0.300885,2,3,3,366.692925,675.070599,42.045217,33.905124,1238.177023,1526.547453,42.52145,36.617895,635.479314,349.294391,39.842864,36.886149,661.303615,496.485739,43.458156,37.905947
6669,0.249043,2,4,4,49.568758,43.864141,20.019291,31.479269,259.845772,258.144423,19.703125,31.22076,71.112568,80.270113,19.591597,30.996125,126.21163,131.512313,20.415485,31.686814
6670,0.250641,2,4,4,34.758422,31.695287,22.866591,31.605166,190.44686,199.241255,22.753643,31.428239,58.088793,58.687873,22.646241,31.334732,97.022077,82.876621,22.981755,31.724007
6674,0.253321,2,3,3,1011.103933,673.798747,32.242062,31.723432,2788.137658,2476.393063,37.442636,32.676764,785.007661,1065.991068,36.47403,26.941947,1266.504393,1439.16011,42.932107,36.383257
6677,0.248516,2,3,3,1002.257206,663.110983,14.156772,37.460265,2760.941096,2454.751283,19.478215,38.451725,776.528201,1060.607373,18.431922,32.085156,1255.854462,1424.969111,25.536679,42.7374
6680,0.254431,2,3,3,848.589248,1026.114287,29.332726,32.075926,2781.586524,2912.775837,31.761232,37.036507,1041.050192,912.809555,27.370277,34.656669,1476.283228,1351.295319,36.378405,42.852241
6683,0.253446,2,4,4,44.470915,53.054537,31.481194,20.093016,159.313206,175.915335,31.543274,20.285398,57.4523,94.31431,31.359226,19.047592,89.613153,79.980775,31.720482,20.580135
6684,0.251614,2,3,3,825.173336,986.977034,35.089517,27.103679,2743.619926,2848.065976,37.535857,31.383439,1057.04267,901.28003,32.337044,29.105055,1445.672191,1337.286333,42.734127,36.429387
6688,0.249586,2,4,4,71.513391,180.585031,24.283547,31.70491,336.93202,374.649046,24.059235,34.517509,201.512344,104.614613,20.158455,34.324776,162.085432,149.467042,24.901921,35.609819
6691,0.25669,2,4,4,29.191667,29.39042,31.631518,23.062141,151.473778,139.188618,31.566523,23.030467,55.824008,41.562542,31.388497,22.984734,87.003734,67.301071,31.722758,23.145607
6692,0.254221,2,4,4,64.108345,171.901541,35.102958,21.234963,295.8655,355.36986,34.961485,24.125901,180.321466,96.356411,32.195369,24.011626,143.435192,135.748125,35.619449,25.065263
6695,0.25246,2,4,4,214.003949,348.297431,25.236699,35.55794,570.70969,735.216315,26.252952,38.408123,300.656028,289.06734,23.937871,36.97145,186.039749,170.151068,26.924998,39.616352
6696,0.248207,2,3,3,873.283219,614.71572,34.137302,32.239427,2118.213152,2037.666089,39.585462,33.746656,806.046095,945.827044,35.9275,28.243281,757.211311,1004.693531,43.336271,36.601555
6697,0.191378,2,4,4,125.856069,132.179862,28.730522,12.905317,348.932113,309.350615,30.250539,16.553588,156.59289,106.502478,27.782629,15.036981,157.576406,97.196475,31.603445,18.438438
6704,0.208109,2,4,4,35.901672,28.243953,23.336897,35.513865,105.542062,103.769721,23.455201,35.549959,46.156213,102.823771,23.219117,33.846479,56.722427,35.699295,23.5576,35.691597
6705,0.284431,2,4,4,37.212998,48.634049,25.794501,35.412124,138.172487,142.930616,25.821381,35.547742,145.358761,64.717671,23.891396,35.257516,38.224694,66.66052,25.931191,35.684799
6707,0.178533,2,4,4,117.42576,155.845969,12.842689,15.397443,386.867668,352.122552,14.512802,18.971045,166.716526,94.518806,10.039385,18.815304,97.81939,78.489827,17.889625,20.674842
6708,0.091749,2,4,4,77.697577,58.043401,27.138483,12.96472,173.718112,181.869853,30.144661,14.055968,49.670516,84.817204,29.808041,10.960706,42.507354,48.099117,31.700701,15.545543
6709,0.248893,2,4,4,61.283164,51.880323,35.129029,24.600542,177.691208,201.895943,35.40448,24.640452,65.716037,138.795052,35.115334,22.554639,113.788473,100.423543,35.64595,24.930163
6713,0.183087,2,4,4,195.066986,128.877616,8.203392,28.358477,422.268902,302.53236,14.277598,30.496131,120.513892,188.865395,13.489812,25.986927,97.120935,117.564601,18.090057,31.658462
6716,0.244064,2,3,3,149.406791,259.335643,34.945345,29.262491,744.296533,788.014793,34.626151,30.039775,242.06962,304.65953,34.049966,28.885228,386.423048,349.578077,35.565502,30.964234
6717,0.248197,2,3,3,301.430014,153.323646,33.074868,30.475082,848.995256,593.916283,34.374081,30.546249,327.651773,256.291425,32.950933,29.59009,321.903838,360.214644,35.60782,31.029067
6719,0.254763,2,3,3,417.449001,719.820121,34.853407,36.863945,1471.778394,1801.247366,35.419662,40.712251,764.835341,457.421023,31.141871,40.775672,1016.397937,667.571262,36.754986,43.402145
6720,0.246441,2,3,3,703.41604,402.772268,30.91394,40.95513,1760.361412,1435.43548,34.430059,41.560162,444.394828,748.906036,34.513315,36.69268,650.888913,995.327572,36.762514,43.152462
6723,0.256416,2,3,3,369.311097,450.235589,35.729121,29.389127,947.421,1074.944732,37.954951,32.411461,417.728161,404.085786,35.262995,30.59737,486.132099,360.234906,39.439963,34.14038
6724,0.351453,2,4,4,267.230246,241.317418,34.827422,19.603094,901.131585,901.707822,36.218604,20.695665,241.927915,322.735629,35.953006,16.500603,424.26799,480.644976,39.273216,26.009526
6725,0.486687,2,3,3,1580.851798,1271.392029,35.213729,25.812744,4989.990598,4520.146513,38.121192,27.341907,1535.784235,1817.482707,36.266213,21.696044,2591.976067,3111.282331,42.848372,31.461912
6726,0.251247,2,3,3,1051.195109,551.585922,31.474412,21.604552,2756.019224,2322.02241,37.476391,21.413541,643.308985,1106.041876,38.381971,13.792302,983.91388,1522.151982,43.17769,25.387576
6727,0.25026,2,3,3,636.916811,900.351709,37.919165,15.866874,2471.963802,2746.513024,38.451758,19.67861,1028.381559,810.791368,32.684072,18.04531,1796.313318,1426.672074,42.292063,25.446245
6728,0.250132,2,3,3,438.245514,831.383641,40.607171,16.958291,1799.144214,2198.281721,40.622992,21.795981,910.118804,522.139857,34.46488,22.403928,1245.333411,812.039738,42.937328,25.943317
6734,0.259924,2,3,3,563.387182,1085.53263,39.264273,26.305883,2345.926221,2794.733543,39.180573,32.014149,1141.981184,651.71114,31.611526,32.823305,1541.061918,991.034527,42.682004,36.893038
6735,0.234665,2,3,3,1102.470019,540.971917,29.456367,32.505772,2803.814543,2320.611485,36.57075,32.197528,636.769709,1184.158058,37.853622,23.716031,986.830989,1537.800357,43.117159,35.743004
6743,0.277104,2,4,4,210.749978,117.81473,16.25371,37.910437,737.34058,622.514933,18.174567,36.92846,174.817128,253.118425,19.013801,33.715521,288.193242,400.436576,24.151204,39.121749
6744,0.315546,2,4,4,124.764185,213.475366,27.274397,35.691495,658.521797,773.235594,26.296185,36.478921,262.884753,188.184426,23.097062,36.770915,412.594934,303.132427,28.413117,39.405057
6746,0.131849,2,4,4,10.136269,14.69318,31.693583,31.635982,48.095985,56.477232,31.676178,31.649914,18.497654,13.464281,31.591799,31.663281,28.581463,25.291004,31.738342,31.74076
6747,0.352057,2,4,4,58.104378,26.839601,31.510496,31.69447,183.209949,142.933518,31.605325,31.659575,37.577627,67.154421,31.655698,31.467512,70.601591,99.862974,31.739944,31.730572
6750,0.257657,2,4,4,21.825299,20.378246,23.129395,31.690464,88.350781,92.519189,23.131149,31.678351,25.525521,24.08307,23.117838,31.676672,39.244245,46.711494,23.176763,31.741699
6752,0.188841,2,4,4,73.221848,125.251185,38.179417,20.338079,391.929174,463.635636,37.285989,21.068341,156.567136,110.804945,34.585844,21.501184,240.529359,180.493517,39.233205,24.149712
6756,0.249038,2,4,4,71.409551,32.61303,19.466493,31.595265,223.481236,178.395453,19.91907,31.485497,43.995246,81.167252,20.165399,30.980397,89.805432,127.154402,20.445949,31.690721
6758,0.246204,2,3,3,379.884118,311.122562,35.241938,31.343671,878.486679,780.342227,38.059348,32.971201,351.788315,350.717712,36.145141,31.019968,278.454784,381.291728,39.571027,33.928922
6759,0.244443,2,4,4,25.637775,26.071602,31.648351,20.22314,127.921466,110.95721,31.603788,20.214478,29.197388,32.722927,31.633313,20.170912,51.98582,50.909716,31.738759,20.329549
6760,0.249503,2,3,3,300.042758,330.413773,36.784617,31.163299,702.208103,773.812873,38.621627,33.07598,303.802986,338.530858,37.002365,31.333198,306.2015,240.503877,39.557803,34.06055
6768,0.250672,2,3,3,623.11791,866.117889,32.258395,34.389891,2358.33753,2624.135883,32.91039,37.929111,979.591739,785.185553,27.948212,36.351577,1727.699863,1363.258989,36.017728,42.818416
6771,0.257393,2,4,4,28.768149,36.808335,23.083811,31.567265,121.319248,157.789934,23.079265,31.552828,44.099296,36.970876,22.980431,31.5846,79.229353,74.214619,23.158341,31.72996
6772,0.250309,2,4,4,72.605376,38.613275,19.478223,31.539153,259.51023,206.393661,19.750537,31.405323,57.103374,85.681312,19.969734,30.907252,115.517271,141.838811,20.463116,31.677776
6774,0.253017,2,4,4,42.345296,55.711292,35.42352,24.678946,167.739874,189.84432,35.442991,24.810532,67.707566,60.966847,35.100486,24.650222,94.022445,74.687326,35.663522,25.066976
6775,0.249793,2,4,4,74.23879,50.317596,34.889203,24.652135,231.682538,212.111059,35.216679,24.635345,69.375942,90.577551,35.05741,23.978604,90.392372,119.990737,35.665316,24.944507
6776,0.24776,2,4,4,23.758811,42.136276,31.664216,22.719999,137.902935,170.775658,31.585708,22.726885,53.495646,32.205654,31.393348,22.824588,78.679498,63.428391,31.725926,22.922551
6778,0.245834,2,4,4,62.932877,96.380916,31.203892,21.689253,308.767032,349.238449,30.993278,21.963456,139.517286,97.115907,29.638061,21.803822,170.258139,151.154172,31.644365,22.819499
6779,0.251737,2,4,4,32.06343,32.565827,31.603184,22.912848,142.498811,133.214039,31.58039,22.914489,40.049313,40.29364,31.549376,22.866733,62.703523,66.103763,31.73482,23.022988
6782,0.254951,2,4,4,73.59084,103.097927,19.622204,30.478482,379.24247,421.388818,18.99834,30.495543,149.620647,116.982547,16.781148,30.30796,212.201339,185.720395,20.469759,31.633763
6786,0.254261,2,3,3,643.980836,885.357954,37.964358,28.787742,2352.519678,2610.200169,38.989611,32.30433,993.367018,792.657188,33.450317,30.746895,1754.803901,1385.473639,42.383406,36.456468
6789,0.241389,2,4,4,37.520006,27.191983,22.590292,31.633629,146.53747,130.097893,22.608576,31.595415,34.439297,47.404067,22.635408,31.451607,61.021959,69.481954,22.756076,31.730025
6791,0.254588,2,3,3,1134.274723,599.991239,12.86046,38.602663,3092.689514,2747.218535,18.655055,37.638658,661.721096,1385.22222,20.701536,27.782459,1106.917913,1639.943929,25.938865,42.529183
6792,0.248491,2,3,3,585.544627,1102.663028,32.637548,30.472141,2669.826603,3005.041727,31.800936,36.434518,1344.915861,642.315539,22.752581,38.298608,1591.978395,1074.249751,36.100058,43.091435
6795,0.253791,2,3,3,183.921773,356.396613,42.340025,22.043491,945.830593,948.262269,41.706676,24.514508,506.509123,286.638676,36.856664,23.813508,347.841039,351.654568,43.475011,26.226812
6798,0.53475,2,4,4,159.574422,212.647342,31.545545,38.109966,523.846923,563.364958,31.870852,38.968726,247.111737,199.808317,30.542486,38.41287,223.757771,235.744616,32.393695,39.593969
6799,0.807973,2,4,4,311.515052,209.096408,33.073223,38.954045,746.871497,627.30764,34.04744,39.265615,245.994538,348.439442,33.72349,38.041202,256.064688,288.110251,34.536165,39.612539
6800,0.255524,2,4,4,59.516674,117.168629,40.635674,25.696814,237.499652,253.893729,40.669598,27.229726,115.085996,66.310254,39.419525,27.21142,126.575436,98.67349,41.157318,27.751802
6801,0.23718,2,4,4,149.731018,124.849321,36.135963,23.775593,391.836322,394.914819,38.084725,24.860381,141.931648,182.114599,36.753589,21.572378,160.369862,187.396859,39.523939,26.280492
6802,0.364774,2,4,4,32.314599,24.48368,22.995108,25.141397,78.281609,77.100428,23.048472,25.155752,45.245169,20.807707,22.930164,25.153703,27.836108,34.277813,23.072737,25.174342
6807,0.180997,2,4,4,36.287622,30.660045,9.616434,12.688667,107.552176,102.810441,9.708496,12.721228,34.053734,37.550297,9.657906,12.656719,46.231265,44.334622,9.792897,12.784077
6809,0.179998,2,4,4,104.949929,80.770847,18.205088,15.487018,201.46297,215.857253,20.22546,16.992776,67.182393,99.58163,19.83715,14.619437,95.715708,74.365083,20.719358,17.983973
6810,0.246681,2,3,3,260.129286,151.112309,33.657345,30.461464,801.883293,757.253178,34.492309,30.17365,313.385492,251.202332,33.130392,29.60608,346.698338,381.531532,35.592665,30.992651
6811,0.20968,2,3,3,193.609486,307.921352,37.86455,29.766637,804.030826,819.705605,37.836771,31.673978,295.509654,314.674462,36.227714,29.979072,384.372303,377.438043,39.452908,33.077562
6813,0.217199,2,4,4,24.966092,20.488027,22.048907,31.727677,89.613659,46.281574,22.054307,31.742862,42.701843,91.847384,22.011803,31.407131,42.27781,15.768544,22.06953,31.749608
6814,0.036933,2,4,4,3.062944,7.518749,31.732521,31.653954,10.094968,20.259036,31.738548,31.707021,19.269324,6.862886,31.241619,31.677503,6.803335,8.866648,31.747705,31.746208
6818,0.090238,2,4,4,52.460284,42.101601,29.312653,14.026307,116.148251,106.8712,30.958139,14.938405,40.472929,51.549662,30.366356,13.539551,51.050544,38.354779,31.677997,15.425725
6823,0.082095,2,4,4,49.028195,30.742453,36.459349,38.270289,169.053452,146.922974,37.318882,37.839471,44.492936,57.254931,37.220097,35.868877,69.875897,89.905576,39.455126,39.336369
6824,0.221608,2,4,4,82.147755,122.604772,24.520565,36.860432,376.546674,425.784187,24.203715,37.591598,143.210826,115.98026,22.319052,37.367199,220.434347,178.319013,25.599978,39.474768
6830,0.264424,2,4,4,45.245157,81.320534,39.329845,26.456722,299.827843,350.694986,38.8686,26.367043,115.712833,68.276583,37.997772,26.798245,181.314104,142.807605,39.52055,27.2888
6831,0.264536,2,4,4,108.627319,44.575062,41.804404,28.901166,268.77255,218.888291,42.899907,28.778684,56.908594,113.515144,43.113605,27.463479,102.21309,112.6359,43.552027,29.136061
6837,0.251146,2,3,3,207.772914,393.672496,41.992888,32.707564,682.848259,910.940694,42.539223,35.523733,370.056803,172.518871,39.535696,36.186155,415.024079,366.735003,43.421882,36.915846
6838,0.253327,2,4,4,31.261912,39.289017,35.5445,21.897105,107.911127,103.805792,35.588639,22.080578,47.919893,34.514192,35.387326,21.996464,45.794156,46.440137,35.690717,22.18339
6839,0.245076,2,3,3,400.77765,211.605519,38.256104,35.447633,894.154756,675.546842,41.778437,36.000492,175.889709,381.622312,42.486516,33.04264,360.410787,406.907796,43.457169,36.748005
6842,0.250495,2,3,3,192.467906,353.474312,35.852354,39.437245,588.85293,790.733917,36.35446,42.202485,325.029704,139.844525,34.235712,42.902349,333.577595,322.694364,36.919255,43.488857
6847,0.28248,2,3,3,915.181897,885.246936,38.440167,19.681432,2363.15746,2304.932364,43.319897,24.7663,1077.244969,854.106836,36.866271,20.946774,1049.2476,1070.264162,47.133073,28.59534
6848,0.513682,2,3,3,410.532155,558.235142,45.904828,32.100273,1869.967962,1638.931763,45.571489,33.584737,815.238199,590.337581,42.516952,32.10763,1251.03591,950.204109,47.14593,34.919447
6849,0.437688,2,3,3,1224.840681,1095.152981,34.266325,20.893585,3154.548379,3414.181169,41.028693,25.282787,1171.813918,1351.545913,36.030443,18.116238,1596.555796,1806.921704,46.687893,32.579878
6854,0.22462,2,3,3,684.61633,756.599108,31.956809,37.883305,1856.543039,1888.316742,35.641454,43.283994,917.678579,634.660621,28.762197,40.853095,874.990377,823.595965,38.739211,47.143121
6855,0.188095,2,3,3,98.179339,185.78775,42.915386,21.107748,456.468041,473.517034,42.741209,22.384058,198.453097,140.767682,41.346696,22.11897,241.338597,186.942127,43.489702,23.073338
6856,0.299774,2,3,3,150.145203,220.355307,42.966273,26.820804,605.526006,1046.062369,42.99047,26.410688,231.835815,443.349046,42.321665,23.688626,263.842094,565.663655,43.546036,27.84507
6857,0.645481,2,3,3,2291.161012,1516.57468,31.622852,29.114134,5285.646504,4183.006413,37.272468,32.042144,1507.883057,1671.609151,36.571971,28.70411,2177.954254,2380.543103,40.492707,34.309586
6858,0.224876,2,3,3,532.5984,645.044822,15.142005,12.447782,1596.696287,1629.987743,18.993628,18.777214,622.424746,475.683492,13.770068,17.338921,955.350037,723.392614,24.146705,24.544862
6861,0.160747,2,3,3,83.59058,170.409944,20.91365,41.081596,398.891604,428.35753,20.729876,42.578067,185.638569,124.494899,19.053573,42.318294,211.526515,150.155885,21.336657,43.539583
6863,0.262111,2,3,3,197.019638,317.17185,38.424354,22.14314,835.578939,917.45258,38.355906,23.657813,379.671032,299.487951,36.061272,22.745522,300.693381,337.013087,39.568869,25.048884
6864,0.211499,2,3,3,386.125057,552.438462,33.825545,12.776342,1478.475525,1541.798577,34.478782,17.307625,603.974863,368.361173,29.124247,17.996722,1111.230061,708.283126,38.237618,22.601944
6865,0.248536,2,3,3,235.859276,150.039618,37.773696,23.918372,608.033103,660.468216,38.857181,23.811432,159.298791,333.14187,38.829138,21.401941,253.320652,293.333719,39.585167,24.568115
6867,0.493059,2,3,3,381.740229,176.516571,38.355822,36.362769,880.22466,573.067935,39.210359,36.462639,292.148708,406.976426,38.940926,35.441711,189.032086,210.026365,39.63987,36.625784
6868,0.493216,2,4,4,478.981277,475.494551,38.961886,19.435122,1256.236134,1251.332015,43.482144,26.610499,457.769395,543.015612,40.247729,17.998162,613.737386,670.468954,47.071607,32.80472
6872,0.499416,2,3,3,447.210883,253.404612,35.123946,39.059519,1256.698471,913.890219,35.914943,39.18946,397.185541,501.58951,35.55615,37.775276,338.49818,387.456545,36.645838,39.611374
6874,0.505081,2,4,4,514.667115,545.801319,38.300092,17.47882,1418.052538,1455.517994,42.738915,25.119785,614.46756,524.782058,36.481414,19.332455,818.09831,703.785682,46.765665,32.996985
6875,0.501002,2,3,3,1768.325355,1763.217196,27.206835,24.480114,4868.422758,4918.566775,34.051121,30.891376,1930.845538,1896.815353,26.604662,24.18199,2688.298879,3272.770323,41.985885,37.929074
6881,0.33939,2,4,4,91.754993,270.770776,28.294847,41.286131,691.209599,808.811641,24.967705,43.928269,353.288549,126.992689,15.494844,46.062497,365.692672,295.309135,29.163947,47.30636
6885,0.367422,2,3,3,856.535156,703.06144,37.189694,43.738669,2378.575393,2388.903857,39.628273,44.837855,907.50611,1017.353737,37.184283,41.071215,848.428319,1341.657314,41.851138,47.146264
6892,0.837693,2,4,4,775.616838,387.804359,31.705374,34.420577,2464.074795,1185.39616,34.910929,36.129756,819.703684,629.835585,31.732682,29.783164,1238.179535,400.714303,39.99698,38.104737
6896,0.377954,2,3,3,265.396765,516.548701,46.253641,43.25354,1454.240952,1404.005852,45.362009,45.497277,730.388612,398.107067,40.56842,45.099878,1055.892954,739.262562,47.026873,47.282819
6897,0.169168,2,3,3,135.139057,61.799183,33.352497,21.726899,589.716648,304.844238,33.216664,21.616309,224.550474,143.954485,31.801809,20.69269,299.855006,149.9593,34.360412,21.928333
6898,0.230289,3,3,3,214.115428,274.234884,41.788826,22.528108,922.031989,1018.22349,41.635219,23.046814,407.212475,360.896706,38.520134,21.082997,519.082818,394.665182,43.309323,25.173045
6899,0.266121,2,3,3,357.620935,508.651914,41.741516,23.229635,1221.488457,1708.92139,42.280282,24.412631,551.977296,606.805148,39.959259,22.32282,519.689379,909.656774,43.486613,26.558154
6905,0.155932,2,3,3,187.820322,148.89578,40.440206,19.298869,727.875223,657.011317,40.761681,19.027338,251.837705,281.668434,38.846135,15.670696,283.745782,373.820806,43.386274,20.839345
6906,0.381211,2,3,3,620.971511,821.580402,34.821797,19.827169,1789.232535,1948.429036,37.043577,25.128045,810.984094,653.869671,32.861885,23.059325,767.764141,710.082142,39.41455,28.202393
6907,0.138839,2,3,3,176.808784,209.215569,40.11573,15.633709,655.342529,706.929147,40.705029,16.935029,269.115053,230.210842,37.166985,15.334877,409.974665,309.504705,43.067725,19.622145
6908,0.246289,2,3,3,529.810767,404.195943,32.100672,19.332697,1333.514433,1251.078626,36.299373,21.478764,422.444128,545.847698,34.866266,16.750392,540.723428,613.94546,39.37291,24.268102
6915,0.298007,2,3,3,660.138296,453.201777,31.754319,35.348627,1524.90908,1418.082729,36.614284,36.979223,455.453132,649.68102,35.714473,32.596335,542.97083,628.105471,39.455165,39.393449
6916,0.261352,2,3,3,395.735064,583.500645,20.546685,31.659614,1255.379997,1351.865662,22.323581,36.556248,577.229173,397.715351,17.272108,35.743374,558.704678,483.907441,24.891558,39.449148
6919,0.143072,2,3,3,336.932016,218.316944,11.183093,35.32393,780.41816,705.155392,16.1385,36.808096,223.923672,342.099378,15.429468,31.520319,273.029485,331.698298,19.120711,39.342925
6921,0.253704,2,3,3,323.587976,357.91442,40.106273,22.003291,975.008108,1042.227529,41.59808,24.12604,419.65329,362.894803,38.650377,22.340876,525.791677,388.86422,43.326726,26.203225
6922,0.368503,2,3,3,782.045769,612.857915,32.256747,22.541104,1865.946903,1748.494659,36.669721,25.292909,637.169954,756.140533,34.80165,20.893021,708.250131,736.964258,39.434469,27.902199
6923,0.133547,2,3,3,237.276059,169.803023,37.472271,16.396649,733.833298,670.762685,39.819855,16.62966,201.273588,298.343445,39.374726,12.223294,260.276382,376.71041,43.35667,19.081768
6924,0.249572,2,3,3,618.146892,349.314269,30.327196,20.759413,1546.795656,1366.70681,35.423151,21.11885,386.079808,613.378969,35.632065,15.565378,588.539789,657.728215,39.332913,24.35662
6925,0.249778,2,3,3,233.932834,299.887257,37.817979,21.761843,1028.422129,1094.192613,37.587947,22.382047,373.185823,340.109734,35.86455,21.346913,518.206759,469.088895,39.400982,24.521368
6926,0.262731,2,3,3,279.585305,159.726771,37.344097,24.414568,860.094003,784.159269,38.291232,24.090755,279.375434,361.03729,37.571759,21.732307,323.791471,284.534984,39.557064,25.091122
6927,0.232631,2,3,3,309.893598,605.177754,36.222863,13.525978,1477.026084,1650.870173,35.246799,18.382581,678.119201,424.748584,28.819513,18.377133,707.517306,723.530416,39.13837,23.573868
6931,0.299098,2,3,3,745.478236,424.359862,15.992621,35.828851,1831.73101,1610.581168,21.843373,36.331214,466.839056,742.403734,21.915917,31.051851,693.430639,776.845505,26.065702,39.269666
6934,0.250898,2,4,4,199.585556,214.650301,14.830724,33.795047,614.108652,646.351617,18.131118,36.19036,206.027929,212.629395,15.15241,34.39896,323.689128,304.872985,22.999869,39.268532
6935,0.247163,2,4,4,226.7481,195.529667,19.50042,34.49928,640.909631,589.628422,23.030455,36.62454,197.378639,209.98572,21.561019,34.377424,280.734501,315.427636,26.495184,39.231683
6937,0.250742,2,3,3,364.602023,260.685267,42.770515,37.622365,950.363362,928.874173,45.420912,38.146651,284.296223,380.31919,44.753542,35.860638,470.802454,460.685557,47.302676,39.642669
6938,0.140229,3,3,3,125.626149,185.047261,45.704114,32.535298,521.367957,535.01676,45.677423,33.894481,214.094485,172.983648,43.236467,33.115641,272.140968,282.736052,47.311069,35.13861
6939,0.247451,3,4,4,147.809277,160.363877,36.681586,17.55839,356.62252,385.544715,38.520975,21.365352,126.94223,111.235597,37.605527,20.809687,171.281296,144.01133,39.528156,23.343473
6941,0.244404,2,4,4,212.658194,180.31653,20.01444,35.064805,564.19297,530.495218,23.683664,37.089464,184.765044,205.17348,21.95675,34.480402,280.668588,290.641658,26.391645,39.283716
6942,0.265916,2,4,4,230.735936,235.10402,14.168971,33.476343,603.443757,615.127927,19.36307,36.784036,210.949172,218.987765,16.084359,34.642183,309.124962,323.177907,23.666464,39.268409
6945,0.253112,2,4,4,173.776703,73.31199,39.136321,27.898625,530.996485,487.733825,40.950126,26.465419,112.723309,205.065257,41.724232,22.911646,211.230375,253.156563,43.393558,28.519593
6946,0.352806,2,4,4,129.04033,177.827099,42.147054,29.086781,579.727006,518.185723,41.895627,30.449467,235.610656,154.353655,39.742022,29.977235,264.506593,269.985046,43.431444,31.66821
6949,0.477779,2,3,3,376.105892,633.57569,42.1328,39.86108,1664.823332,1907.435531,41.924984,41.45523,817.345348,547.724212,38.362835,40.984794,814.207317,800.760948,43.411205,43.41706
6950,0.227611,2,3,3,323.548648,159.937234,32.877097,42.40981,927.446694,777.757742,34.618698,41.983788,236.389528,404.834877,34.648929,38.012292,362.241079,402.849027,36.330542,43.397192
6953,0.297934,3,3,3,261.759812,416.69485,26.400066,39.84835,1153.20279,1305.451919,26.168123,41.287466,540.851335,382.159465,22.230476,40.684667,557.140738,543.576586,27.803899,43.405061
6956,0.24634,2,4,4,223.130284,208.869146,12.971551,33.879589,617.383786,557.771474,17.732413,36.890353,183.618236,219.000911,16.164226,33.970706,284.660458,308.43005,22.947173,39.246437
6957,0.251019,2,4,4,262.044137,215.101479,11.17829,33.779708,654.687505,646.780183,17.496823,36.189285,204.387334,236.129934,15.262763,33.428192,316.881751,353.318797,23.030949,39.147188
6961,0.509524,2,3,3,633.229824,245.845415,37.013527,39.56308,1794.971428,1358.968653,38.537071,39.168623,403.984843,869.650235,38.879395,35.233701,613.131006,780.126478,40.005591,39.955562
6964,0.510988,2,3,3,669.614988,608.378225,39.937485,40.504278,1830.479771,1720.595407,41.83825,42.026697,664.47249,760.80672,40.330328,39.462207,665.059797,926.041988,43.486674,43.387917
6965,0.250672,2,3,3,333.536592,340.200627,33.791363,39.707894,880.744741,908.643072,35.601237,41.799887,361.660469,340.387919,33.649967,40.072675,448.269057,342.898357,36.852863,43.475471
6970,0.159535,2,4,4,129.092706,159.95991,34.303717,8.600781,369.315969,389.710142,36.780303,14.093221,153.818613,113.050098,33.178482,12.979324,205.445049,206.710303,39.224515,18.59013
6971,0.253362,2,3,3,300.73116,278.919395,40.520914,34.792258,784.354426,758.877253,42.251695,36.028353,304.500315,315.995095,40.755279,34.48895,384.169137,297.699575,43.448651,37.002137
6972,0.373149,2,4,4,332.604256,302.450788,33.395421,17.972754,815.817041,847.167344,37.056394,22.419712,269.124289,315.885292,35.64508,18.163112,437.030733,404.568665,39.29408,26.785203
6973,0.170723,2,4,4,161.535908,138.279698,32.774342,11.497992,408.998022,400.887275,36.602026,15.025965,124.841173,156.81938,35.549663,10.71308,227.456209,214.639058,39.196447,19.288977
6974,0.599276,2,3,3,505.495576,987.178645,45.73397,38.456141,2278.30985,2376.786764,45.409108,41.856473,1040.358997,669.808163,41.696643,41.468001,1369.130361,1299.736079,47.191787,43.69066
6975,0.124451,2,4,4,91.349995,93.279538,35.104027,9.96476,256.696192,265.203304,37.312044,13.015064,93.355136,71.076221,35.368131,12.729018,127.267045,136.169129,39.374385,16.347223
6976,0.250692,2,3,3,431.240875,260.003639,41.212212,37.631094,1084.319324,1037.897354,44.848192,37.75477,319.31576,472.247383,44.111644,34.030118,591.477318,621.395442,47.16938,39.49812
6981,0.252188,2,3,3,295.751157,227.941947,36.908882,32.700677,1041.241303,979.236817,37.577572,32.580127,322.29324,353.129647,36.765999,31.217269,434.366776,483.577043,39.474817,33.984816
6982,0.250529,2,4,4,72.477779,54.015442,40.339337,23.403563,215.158097,220.744623,40.746833,23.415042,49.528204,71.107631,40.837615,22.977856,96.142232,95.71261,41.18522,24.0586
6983,0.240304,2,4,4,80.083096,87.586735,40.072422,21.523843,258.055551,264.745384,40.49581,22.567676,80.308553,72.980311,40.183106,22.386238,123.033166,116.558585,41.152618,23.61337
6984,0.251447,2,3,3,242.283763,320.57232,37.721293,31.392831,947.197951,996.413329,37.894336,32.505776,342.991135,298.254768,36.416763,31.9721,448.987742,407.127968,39.462458,34.018888
6992,0.301531,2,4,4,104.13949,85.052959,28.046311,40.380289,237.80111,236.689256,28.886234,40.821969,63.066309,88.761073,28.862974,40.402891,96.049353,100.021579,29.215451,41.196042
7000,0.251125,2,4,4,176.952414,176.254661,16.615997,36.847636,781.055646,788.144308,15.756965,36.195018,244.014135,223.521274,13.143722,35.312932,347.363306,262.419581,23.440226,40.931472
7002,0.259156,2,3,3,214.451328,278.307686,38.187839,32.268187,718.770117,771.429948,38.64914,33.325938,275.41017,199.341149,37.573987,33.316979,392.089224,313.035949,39.512935,34.213675
7003,0.248491,2,4,4,132.830438,141.902762,37.025196,18.420775,495.529609,491.648844,37.449224,19.823752,142.725661,156.003617,36.955938,18.0676,278.391209,238.789891,39.322637,23.178479
7004,0.248259,2,3,3,321.532422,250.607466,36.386662,32.295694,987.96453,948.403845,37.710753,32.556463,297.360022,336.705963,37.078496,31.313234,405.23099,436.550435,39.491751,33.93705
7007,0.181165,2,4,4,119.69036,40.854971,39.420578,43.008437,353.128136,312.631379,41.277115,41.736517,67.27186,140.977259,42.255136,38.590655,129.249716,167.818764,43.446554,43.348548
7010,0.113973,2,4,4,53.926827,43.708244,18.3481,42.015189,183.476886,191.383906,18.99101,41.826863,52.230414,56.296925,18.677885,41.337439,87.682408,81.189175,20.204055,43.446994
7011,0.254376,2,4,4,141.587987,67.005408,29.492249,19.789008,153.72098,133.253527,31.558094,20.457648,44.650967,133.28762,31.508477,17.514699,26.981488,38.856016,31.747001,20.623134
7012,0.245572,2,3,3,254.737587,222.873265,41.177783,35.316422,666.200362,617.914673,42.543613,36.153912,191.976251,252.851821,42.295999,35.097068,335.151621,289.961974,43.476011,36.826794
7013,0.126715,2,3,3,159.187387,169.389352,40.197731,29.397613,378.382686,397.407208,42.338429,31.277794,147.979673,120.341657,40.896971,30.914264,163.486747,201.935857,43.488534,32.14426
7014,0.139823,2,4,4,64.731876,112.613104,30.124913,9.397092,165.597629,183.348191,31.071488,14.825608,104.396439,51.511515,28.348334,14.576441,88.616502,65.392902,31.660704,15.984036
7017,0.255723,2,4,4,129.7505,72.886734,17.398837,31.082863,139.034564,129.651481,20.481212,31.612291,52.084608,118.763287,20.243565,30.276017,25.475632,30.529803,20.663884,31.746245
7018,0.246748,2,3,3,248.649434,293.818898,41.300658,34.299237,695.357159,738.058748,42.466455,35.887842,302.647517,271.868651,40.650729,34.879265,276.025111,338.458353,43.51495,36.829463
7019,0.242141,2,4,4,160.643101,126.594497,28.68465,16.808677,253.639415,263.723458,31.210279,19.422897,93.580672,143.663093,30.695947,16.327755,117.314436,110.535979,31.696336,20.222445
7020,0.152035,2,4,4,87.960191,133.977486,29.333222,9.059867,204.551003,224.207867,30.890495,15.127781,120.671391,81.023877,27.979059,13.595088,78.386036,65.94188,31.68962,16.653858
7021,0.250814,2,3,3,266.991295,180.430117,41.062897,35.99582,638.61653,552.337854,42.660932,36.438859,216.805162,261.622214,42.031493,35.165286,266.632624,230.721143,43.522786,36.973125
7026,0.248142,2,3,3,250.589836,208.293015,37.5509,32.816283,701.659153,668.582154,38.612669,33.292724,188.355392,244.256117,38.526846,32.548487,288.38009,345.345905,39.566851,33.987537
7027,0.25035,2,4,4,117.381358,114.546843,33.830487,19.093358,349.938557,350.09419,34.662952,20.467174,98.407955,119.438878,34.477333,19.183423,143.249422,144.503634,35.617279,22.004895
7028,0.257527,2,3,3,209.851341,247.598499,38.228433,32.615262,711.586344,727.143826,38.656047,33.389166,257.496199,188.599935,37.790357,33.374817,347.718088,303.801928,39.53951,34.187611
7029,0.25073,2,4,4,98.310799,107.136726,39.669265,21.10703,237.76867,255.887924,40.648118,23.162182,76.341187,65.872425,40.349265,23.159895,118.664929,102.60589,41.163341,24.060233
7035,0.256005,2,3,3,850.305658,1009.912979,38.086907,29.119715,2457.478279,2805.034948,42.198681,34.177073,1019.194335,867.523667,36.174096,32.104395,1463.193865,1247.195354,46.614874,39.407036
7036,0.252981,2,4,4,131.721548,80.471672,40.845459,23.2846,421.194525,376.696731,41.854254,22.751389,114.051965,128.210843,41.682049,21.035848,164.836127,198.281343,43.470771,24.790221
7037,0.246889,2,3,3,861.826668,889.496843,34.247784,28.204069,2598.131662,2423.543299,37.87976,32.515876,813.604198,928.456167,35.749838,28.393359,1213.657801,1331.827166,42.952906,36.307678
7040,0.238243,2,3,3,778.949082,994.091385,17.44271,34.374918,2315.661878,2680.016015,21.386172,40.592201,1006.377383,790.531144,14.503097,38.896474,1412.345745,1178.580192,26.141039,46.835882
7041,0.248282,2,3,3,114.876796,321.546448,43.053781,22.435546,662.413726,840.783511,42.575789,24.622595,392.69482,210.2147,39.011724,24.705673,361.798567,304.322941,43.459626,26.017045
7042,0.253281,2,3,3,968.096662,853.326961,32.919475,16.883206,2559.873932,2669.919231,38.2505,20.223703,922.421206,898.416701,34.45228,16.960495,1346.34087,1286.68658,42.851043,25.726444
7043,0.131039,2,3,3,411.160006,514.662703,35.650123,9.72767,1321.66479,1398.275139,38.268844,13.991119,498.345006,411.300049,33.843459,12.735115,687.063681,655.04981,42.86998,18.745114
7044,0.251042,2,3,3,424.50022,130.999781,37.094381,24.49819,1623.838293,1187.644275,37.409235,23.550907,307.497419,682.557608,38.365039,19.096984,524.112521,702.68573,39.532972,24.570183
7048,0.24926,2,3,3,102.422741,346.607173,36.635143,39.541075,670.486705,874.126719,36.133964,41.905277,425.512046,197.540135,32.451999,42.262757,377.488818,303.319325,36.865866,43.500234
7049,0.250671,2,3,3,204.853559,244.102264,42.028548,24.109942,568.519047,623.129002,42.843034,25.419952,237.419695,174.426518,41.746668,25.269664,274.556931,310.099902,43.518287,26.115783
7050,0.330916,2,3,3,1139.963239,1408.321187,34.431087,15.57904,3546.662802,3713.903087,37.704835,21.993736,1339.481762,1128.521228,32.916692,19.838376,1863.320933,1705.192739,42.766073,28.37615
7051,0.25999,2,3,3,1047.018393,795.470733,32.09918,18.3889,2782.28705,2594.251839,37.719457,21.028635,782.689113,1013.768734,36.795831,15.852641,1282.212835,1369.584559,42.948963,25.949552
7058,0.421841,2,3,3,1386.485789,1797.160361,21.61349,31.171305,4398.538512,4720.361939,24.970258,37.274597,1708.46338,1392.045657,19.251779,35.733108,2359.330449,2151.123882,30.491066,42.906968
7059,0.247524,2,4,4,40.593611,44.167999,31.513344,20.071941,207.477434,216.982365,31.394519,19.902505,59.084302,55.55809,31.319474,19.907407,103.978891,110.749183,31.70906,20.384933
7060,0.239899,2,3,3,851.661383,580.53631,34.01035,32.252571,2032.714031,1769.773538,39.634734,34.135216,527.041671,824.839042,39.577689,29.374395,845.705906,946.887552,43.253558,36.427064
7061,0.326041,2,3,3,735.333872,1150.908556,38.960538,29.660199,2473.762025,2869.479672,40.328962,34.587116,1114.899549,698.529467,35.287589,34.937315,1337.880994,1204.222092,43.138906,38.038237
7062,0.248559,2,4,4,107.997158,68.504387,30.301063,19.534991,220.636848,181.846828,31.354125,20.105622,78.66281,91.078472,31.021274,18.955683,86.421287,76.684169,31.721409,20.439951
7066,0.25332,2,4,4,59.068402,50.674347,22.662387,31.405996,197.417185,200.639933,22.806764,31.430432,55.005202,66.671162,22.758476,31.233126,80.648691,90.300575,23.057097,31.720022
7070,0.136959,2,3,3,490.234417,332.555884,11.08219,38.346095,1165.672844,1012.288085,16.139616,40.476339,302.784868,475.288763,16.072149,35.097463,482.960795,544.275134,19.453031,43.16587
7074,0.250599,2,3,3,559.877656,869.976981,21.428893,34.324321,1937.314645,2230.698794,22.759867,39.283842,851.302587,547.467808,17.445699,39.616444,1042.982962,943.495361,25.811499,43.20785
7076,0.125853,2,3,3,431.050763,272.866289,34.510246,28.903288,1167.866981,1058.97947,38.966534,29.24323,297.372062,503.786085,39.043286,23.723104,551.265778,597.177023,43.07874,31.786069
7077,0.11168,2,3,3,254.688633,430.78196,38.872331,22.643898,1017.401843,1114.46937,39.109704,27.248535,480.200488,292.887114,31.964322,27.092517,570.444373,543.589921,42.904807,30.748005
7078,0.248512,2,4,4,176.446628,93.944693,36.76094,21.685132,384.231353,372.265028,39.788179,21.86447,113.768489,130.002619,39.36511,20.025295,219.440601,195.294623,41.012782,23.823331
7081,0.120417,2,3,3,414.847668,261.708416,10.54361,39.244267,1122.314512,1017.141641,14.312263,39.656042,284.205212,483.682379,14.421145,33.034336,526.266247,570.94249,17.966711,42.995241
7084,0.199072,2,4,4,142.463469,45.634144,14.355396,40.65317,184.027663,125.892479,21.022689,40.958473,23.485084,140.406807,21.607222,37.221602,69.418102,89.945868,21.730357,41.168955
7085,0.196047,2,4,4,43.246134,133.403732,24.847972,37.072698,121.7778,171.971775,25.087844,40.727243,131.832181,21.100059,21.458642,41.105602,79.853695,67.307038,25.249781,41.193751
7087,0.246481,2,3,3,523.973962,786.674138,42.976309,25.596753,2239.731178,2407.882709,42.674121,30.472543,924.151665,608.781395,37.130861,30.711453,1155.009137,1134.241258,46.904814,38.643985
7088,0.251542,2,3,3,831.920093,441.475886,31.028018,37.101041,2428.552828,2183.491162,37.235703,36.012922,582.925707,1052.509508,38.253412,29.00103,1103.768235,1150.900748,46.334561,39.35888
7091,0.249877,2,3,3,536.200271,799.757854,22.788381,31.693138,2285.829714,2452.89131,22.474694,36.978519,939.649041,622.483091,16.689829,37.183007,1177.219118,1159.70539,27.009748,46.201792
7094,0.252502,2,3,3,253.688901,420.050607,45.055794,21.413962,1005.797675,1058.787163,45.220403,25.202777,476.369267,305.546363,40.836004,24.566439,621.273716,560.239391,47.13807,27.398023
7095,0.306578,2,3,3,1421.746879,1190.16085,13.616845,16.425223,3738.158097,3535.443467,20.28786,20.979452,1161.950851,1366.366807,17.656605,15.158053,1665.64188,1855.509705,27.562205,27.389597
7102,0.249664,2,4,4,70.493297,72.613835,22.3718,31.057294,172.193011,176.201192,22.775017,31.492816,59.092005,63.21984,22.605636,31.269136,67.721946,83.547605,22.969856,31.72341
7103,0.248985,2,3,3,163.464812,151.478349,38.695554,33.410859,437.379741,372.053649,39.223491,33.842409,218.955229,147.785542,38.178001,33.510307,169.255001,206.647821,39.619942,34.062074
7104,0.251312,2,4,4,64.8706,85.201424,38.957371,21.789239,202.35104,218.476339,39.238378,22.939527,72.89187,54.408117,38.8762,22.983255,111.217882,90.839731,39.593559,23.545474
7105,0.253805,2,4,4,127.169091,61.527435,38.797762,23.32801,215.084774,213.043135,40.758785,23.613742,56.974738,165.204652,40.73176,18.248559,108.079512,97.036244,41.175447,24.188376
7106,0.123737,2,4,4,22.703835,50.652628,40.850285,14.508975,53.949382,79.47,41.095595,16.613162,25.636987,17.341507,40.801419,16.703237,24.439854,21.274286,41.217312,16.896151
7110,0.250969,2,3,3,207.41347,191.691307,23.348165,38.387675,561.392229,486.572162,24.149362,39.136705,257.84916,193.321967,22.813542,38.495963,230.255881,273.005208,24.681676,39.576648
7111,0.251509,2,4,4,25.74133,26.80286,39.528804,26.8224,91.624506,98.631625,39.558042,26.842486,26.357126,24.77795,39.536261,26.846089,41.552576,38.171795,39.641309,26.914475
7112,0.253462,2,4,4,116.271961,40.118116,37.653815,26.764998,222.198739,212.547742,39.167069,26.611522,48.120491,93.745574,39.300338,25.831924,86.241474,103.622957,39.615732,26.952814
7121,0.127307,2,4,4,38.548305,28.335351,20.154777,40.684173,88.095615,78.426657,20.701669,40.971575,21.133512,30.209754,20.731237,40.677071,35.819824,46.351754,20.900633,41.189476
7124,0.048715,2,4,4,3.313564,17.744628,41.171918,39.866368,23.835348,24.333039,41.062815,41.056145,13.070443,4.607232,40.534221,41.132631,12.038393,9.352522,41.210584,41.217979
7125,0.256737,2,4,4,93.517326,17.463069,39.866368,41.17192,128.239412,125.616492,41.056148,41.062815,24.280928,68.883546,41.132633,40.534221,49.289442,63.444456,41.21798,41.210586
7132,0.249867,2,3,3,407.058379,500.461976,34.828152,39.449495,1432.52427,1529.380987,36.037332,42.587566,619.84541,516.554529,30.723941,39.770037,941.359633,795.437959,39.071979,46.881614
7135,0.247043,2,4,4,32.85973,45.827082,22.786649,31.451512,120.651445,122.672852,22.813663,31.617604,35.306824,35.990551,22.782703,31.580113,50.152447,55.433438,22.908139,31.737553
7136,0.249196,2,4,4,73.017612,48.578264,19.423114,31.422302,215.333973,189.140701,19.967741,31.455051,56.210838,68.149996,19.950619,31.194737,87.476582,104.27891,20.452138,31.70936
7143,0.31331,2,4,4,163.971876,132.110965,24.197767,34.1571,402.259634,384.518507,25.754521,34.884882,101.316429,161.167241,25.789849,33.707232,148.752378,162.10325,26.561533,35.631651
7146,0.248611,2,4,4,35.226908,37.55897,31.570412,22.788112,109.483532,113.128527,31.644523,22.867544,39.275248,41.301453,31.552019,22.774512,50.84876,51.910489,31.739561,22.948011
7147,0.241077,2,4,4,132.333923,97.5687,33.22292,23.304226,308.216284,294.097793,34.820663,23.974949,72.98467,128.174371,34.945443,22.53537,119.393527,137.822253,35.637093,24.658715
7151,0.309465,2,4,4,198.276301,190.627046,24.720725,36.282484,601.298817,576.773761,26.4743,37.701509,165.87561,201.762561,26.150775,36.28474,317.241129,286.455973,28.411027,39.421645
7153,0.242993,2,4,4,175.419902,176.008145,35.229666,21.784114,498.180205,485.088867,37.337191,24.379423,135.023584,174.224105,37.109629,22.344695,257.437508,236.586038,39.355364,26.422752
7154,0.259909,2,4,4,88.662433,65.649216,30.819343,22.747793,194.487927,177.069637,31.462843,23.031746,57.428923,66.575303,31.377554,22.789325,78.193494,89.49583,31.728277,23.215016
7155,0.251417,2,4,4,35.813312,51.251478,31.56861,22.71509,134.083019,144.552591,31.598463,22.884084,61.520951,41.269344,31.298993,22.849756,75.557806,61.188518,31.728321,23.016564
7158,0.24778,2,4,4,100.790051,62.684316,30.464744,22.448041,214.27467,194.652568,31.373065,22.66314,59.373876,88.359017,31.316352,22.057429,84.75487,101.839763,31.72228,22.905685
7159,0.251479,2,4,4,57.180937,81.551957,31.312512,22.21575,166.990982,189.32911,31.520728,22.77944,65.042584,54.22548,31.249703,22.717288,89.382675,73.09382,31.720188,23.013908
7162,0.068286,2,4,4,30.797524,21.577084,9.199613,40.180948,73.675005,67.982134,10.709316,40.592681,21.818176,29.209127,10.449563,39.581809,32.30097,36.57253,11.388287,41.145719
7166,0.319857,2,4,4,197.144944,101.583428,25.943996,40.17103,297.255996,273.317264,29.234713,40.751388,72.637822,224.837777,29.284632,37.244725,130.032286,133.765399,29.696621,41.177284
7170,0.251773,2,4,4,36.031996,78.734671,31.567001,22.281469,97.378055,147.038445,31.667517,22.888341,66.208446,47.966668,31.233936,22.794903,37.524607,40.309467,31.744277,23.031101
7175,0.247747,2,4,4,223.280922,158.789619,37.717115,25.826328,535.762249,437.561343,38.934843,26.373091,148.235581,215.372653,38.830283,25.185003,195.962123,229.729366,39.604405,26.746064
7176,0.897348,2,4,4,223.223757,187.18772,32.449966,34.562181,875.294893,800.705171,32.531639,34.527344,330.582547,346.280264,31.606016,33.674709,310.212968,307.765229,33.259692,34.978925
7178,0.306084,2,4,4,156.52289,209.692469,35.087344,25.417413,395.304723,496.776923,35.455438,26.116045,182.939929,133.448899,34.963446,26.084899,200.071611,171.327979,35.671416,26.431333
7181,0.41215,2,4,4,283.23896,267.634136,27.28133,34.74483,695.414843,734.209602,27.965862,35.252008,238.681281,258.899818,27.670785,34.89207,284.35213,341.553435,28.311954,35.655151
7183,0.472534,2,6,0,465.35135,0,38.962102,0,1552.146462,0,41.430457,0,670.445302,0,34.06848,0,730.77038,0,46.849268,0
7185,0.221901,2,4,4,88.566732,65.369853,30.508469,21.557877,252.74085,231.171302,31.119045,21.735952,70.650393,97.910022,31.01308,20.875016,113.374178,137.468909,31.690646,22.151049
7187,0.591903,2,4,4,169.567474,153.84981,24.844006,26.800541,498.091408,475.30773,25.317749,27.038778,157.933424,173.299286,25.063591,26.729087,241.957734,241.023088,25.737551,27.315833
7191,0.568434,2,4,4,184.965572,110.44857,26.339342,31.424311,467.838186,390.704004,26.868423,31.505323,111.92735,196.513886,26.911851,30.891669,196.493028,257.317966,27.169467,31.702824
7194,0.064265,2,3,3,146.843738,245.888644,38.856685,32.903604,585.559018,639.926069,39.1083,38.381706,275.642513,169.69161,32.004394,38.107265,328.036079,314.474736,42.905674,42.958409
7195,0.298601,2,3,0,0,0,35.699999,0,0,0,35.699999,0,0,0,35.699999,0,14.329752,0,35.699342,0
7196,0.029008,2,3,3,73.696953,38.445803,41.372544,45.573624,223.807822,167.48601,43.876307,45.360489,68.723836,83.964034,42.558111,40.584997,100.317901,109.687784,47.185602,47.118832
7197,0.358583,3,3,3,475.242219,437.127954,43.825,46.005946,2070.354016,1484.777026,43.4403,46.468141,1037.909231,539.215227,35.581734,45.508414,1361.012656,693.120496,46.706304,47.439954
7202,0.554443,2,3,3,2051.876421,1590.333014,33.406407,33.854583,4768.909454,4517.898164,39.530801,36.909186,1345.949037,2486.735581,38.829522,28.603844,1949.102935,2352.043574,43.255378,39.912843
7203,0.03681,2,6,6,26.760985,49.495429,34.578329,27.790547,81.113877,133.858423,36.345492,32.95442,71.302332,36.270058,22.659291,32.439036,34.760559,63.802248,38.633644,38.151304
7204,0.28767,2,5,5,312.295637,28.88584,19.625459,24.820661,988.682325,215.305262,21.693796,24.736471,286.619892,41.475662,20.854403,24.790864,432.163107,86.424117,24.653534,24.846204
7208,0.329064,2,3,3,1124.49929,983.073526,30.120372,36.238168,2752.691764,2742.285212,34.951631,39.747063,873.088781,1397.40397,33.419885,32.164991,1215.365753,1336.203679,38.080206,43.147904
7209,0.144751,2,3,3,272.51052,195.057863,33.529541,36.153826,881.108124,816.639711,35.550794,36.051842,270.129746,304.432328,34.15023,32.983567,339.636006,435.489033,39.335912,39.148686
7210,0.093312,2,3,3,122.052664,142.714943,36.330037,35.307083,481.479975,487.13665,36.56956,36.505916,179.915701,159.427928,33.849718,34.89743,263.875776,177.157833,39.203705,39.439405
7211,0.333258,2,6,0,78.334213,0,38.30491,0,406.506136,0,38.005249,0,160.501481,0,36.98142,0,127.654942,0,38.819043,0
7214,0.214454,2,3,3,373.388437,285.81851,28.672158,36.219989,1097.40035,1062.678471,30.778575,36.781008,361.600772,394.278925,29.341794,34.283166,456.391001,528.456275,33.140822,39.305526
7215,0.034762,2,7,0,67.284946,0,36.564212,0,208.654959,0,39.198842,0,77.881275,0,35.507378,0,138.841903,0,42.664014,0
7221,0.447867,2,6,0,149.914845,0,37.788085,0,731.688112,0,37.394798,0,210.344192,0,37.06499,0,613.881096,0,38.403295,0
7223,0.408437,2,7,0,14.328406,0,43.595887,0,72.813773,0,43.593863,0,161.859578,0,43.233402,0,26.141855,0,43.599632,0
7224,0.155807,2,3,0,153.438638,0,45.144117,0,511.783707,0,45.910396,0,221.063534,0,43.397761,0,248.431422,0,47.368453,0
7226,1.298529,3,7,0,227.20692,0,47.4639,0,729.904924,0,47.496237,0,648.638721,0,46.988867,0,291.117876,0,47.546024,0
7227,0.091241,3,7,0,91.310934,0,11.932475,0,386.563088,0,11.785281,0,212.098691,0,5.959748,0,249.056205,0,14.206684,0
7231,0.259711,3,3,3,224.697925,459.070013,38.626505,41.459538,1158.067398,1388.606375,37.877193,43.956282,562.30639,319.780317,33.30039,44.593483,860.949447,627.411498,39.528534,47.188712
7234,0.462619,3,4,4,325.080969,305.710919,35.714674,22.88482,1097.818797,1126.082655,36.863127,24.003094,336.642144,416.456064,35.861764,19.703147,633.769416,708.323243,39.20782,28.187348
7238,0.432323,3,4,4,429.210846,322.3565,16.801841,35.296764,1181.986176,1147.857382,22.260331,36.257,330.364932,483.13799,21.299561,32.009986,626.64315,764.701338,27.730375,38.936432
7241,0.410819,3,3,3,371.286607,488.649363,40.863425,44.472237,1364.107059,1434.875489,41.181868,45.879734,590.235222,383.057922,39.028127,45.761103,924.706791,724.30659,42.247762,47.350731
7242,0.550232,3,3,3,644.177407,418.918665,40.943798,46.18083,1823.568951,1702.464594,42.315416,46.213605,453.68105,794.884008,42.397842,43.631151,875.953316,1172.753927,43.544156,47.264773
7245,0.390806,3,3,3,515.739844,765.645614,36.169161,24.516921,1404.568362,1653.388352,41.584497,35.181822,656.37084,430.904148,32.876773,35.024105,907.809101,757.758731,46.321439,41.531845
7246,0.501358,3,3,3,917.235201,526.963795,34.525667,37.97342,2495.119979,2066.165617,37.373668,38.151535,612.791558,1025.511824,37.587019,34.001586,1235.351508,1673.206592,39.734155,39.49587
7250,0.455906,3,3,3,519.194769,785.24423,38.414986,31.243776,1383.547188,1589.769428,43.06969,41.877629,647.686875,429.514966,35.894363,41.391365,869.731564,757.750165,46.698042,46.891608
7253,0.242949,3,3,3,288.767611,397.571303,37.063509,42.196121,778.776121,861.747233,38.46917,45.831843,341.968673,254.638013,36.478333,45.336669,463.061387,433.549093,39.442636,47.346122
7265,0.119868,3,3,3,132.755966,192.747373,44.840295,42.352355,702.257256,707.897268,43.334984,43.276235,261.815504,198.525928,39.724144,42.59036,408.298595,342.094185,46.860834,47.055526
7270,0.118768,3,4,4,39.43928,58.044664,38.625558,17.989692,119.120582,134.155473,39.074845,19.277487,60.61337,33.708948,37.624497,19.303572,69.097444,59.611682,39.562338,19.775713
7273,0.142596,3,4,4,53.205973,67.644934,38.379724,37.681884,171.187262,182.076471,38.845412,38.74767,73.342299,48.240798,37.595906,38.696189,96.587083,92.868693,39.533055,39.541437
7282,1.064453,3,3,3,1122.54118,530.874302,43.106376,46.92719,2541.236837,2120.989123,44.693427,46.961459,728.237568,1289.245969,44.517535,44.679063,1009.7205,1280.7162,45.415153,47.453378
7297,0.248756,2,3,3,388.209532,475.382232,19.865659,33.380719,1407.96272,1471.188141,20.861203,35.747666,550.891371,535.778916,16.84027,32.728839,934.331138,905.156137,23.982772,38.934426
7301,0.24972,2,3,3,355.751234,437.971477,35.801987,18.813392,1163.290496,1218.417765,37.078163,21.833786,482.519128,458.703879,33.829508,18.921799,665.613882,650.415674,39.250674,24.369668
7313,0.247219,2,4,4,149.431806,145.755423,16.916173,32.891123,479.64828,450.355578,18.809275,34.016626,198.332511,180.550133,14.605749,32.016109,190.477987,184.763623,21.821951,35.562805
7316,0.255869,2,4,4,168.45756,128.714835,16.383634,33.578947,426.640324,415.295023,19.930151,34.335488,164.060702,189.644939,17.180673,31.922453,162.548629,166.52681,22.167429,35.594417
7317,0.247042,2,4,4,113.137013,160.779343,23.08293,32.36515,377.436274,380.530491,23.716273,34.460105,182.77484,148.419096,20.786401,33.073893,135.37984,139.273675,24.848292,35.619572
7321,0.242002,2,3,3,538.102093,263.981998,31.708902,31.903548,1738.026247,1535.217029,34.243586,30.120883,506.895965,611.972078,33.026342,26.028285,778.677218,1006.259427,39.081392,33.201739
7323,0.129658,2,4,4,65.323932,43.57797,33.573175,34.681851,177.215379,174.375886,34.705021,34.73428,63.593553,78.832267,33.870855,33.01819,70.784904,69.916476,35.624327,35.626077
7324,0.065195,2,4,4,23.207385,33.225606,12.749312,33.529121,92.383541,93.973756,12.803036,34.602506,40.482949,34.017232,11.367951,33.655734,37.082267,37.002108,13.474742,35.618541
7331,0.24882,2,3,3,466.85064,355.730605,28.692194,35.778488,1490.878694,1476.462022,30.610825,35.725407,519.938107,597.253865,28.219998,31.472856,639.4496,626.870272,33.791075,39.290857
7333,0.126894,2,4,4,49.965826,65.626115,14.101823,33.471513,183.968341,186.859072,14.518785,34.558469,77.534658,66.878821,11.94194,33.618614,73.113078,75.307288,16.041065,35.611349
7334,0.125009,2,4,4,63.385955,47.365597,17.222943,34.430702,177.211281,173.540647,18.331496,34.676008,64.122298,75.692511,17.399874,33.037549,71.14362,69.290433,19.180057,35.622115
7337,0.252196,2,3,3,440.756907,310.291982,34.22574,31.578081,1375.384567,1345.73086,36.257072,31.323243,479.772628,557.864154,33.974938,27.703761,610.483939,605.369551,39.316897,33.89167
7338,0.357605,2,4,4,108.332162,177.75803,23.678971,21.445613,445.451034,474.925794,23.682724,23.499155,217.576637,187.934145,20.333895,21.45576,137.234487,132.591103,24.905806,24.908441
7342,0.302846,2,3,3,514.352524,1142.052249,18.722605,33.124583,2392.128444,3031.012404,17.766067,38.337153,1167.829133,666.814158,10.352168,39.562219,1713.909146,1337.051265,21.508851,43.070957
7346,0.397923,2,3,3,855.915844,1681.451613,26.062221,31.308944,4293.184828,5087.747258,24.085042,35.778238,1884.267777,1195.731292,16.170115,36.815864,3079.820082,2152.837384,29.256905,42.825975
7349,0.279638,2,3,3,618.445248,752.981914,34.939078,32.051624,2294.296843,2483.435524,36.233074,35.265222,893.825723,746.613518,30.116549,33.079132,1284.99297,1134.005021,42.386266,42.637183
7352,0.062636,2,3,3,138.525481,168.660334,19.788973,32.051624,513.89929,556.264442,20.714745,35.265222,200.207922,167.233877,16.309719,33.079131,287.82543,254.005656,24.821437,42.637181
7358,0.128123,2,3,3,448.939217,324.751556,24.789793,37.957304,1401.678184,1308.700572,27.586724,38.15543,371.327813,496.692174,27.333544,33.564744,802.582355,908.467289,31.636955,42.321219
7361,0.120454,2,3,3,345.855419,402.682167,36.688008,24.904476,1305.548888,1324.988558,37.595356,27.084863,457.544049,417.674366,33.860607,25.1324,844.084666,809.529487,42.348703,31.025019
7367,0.249738,2,3,3,806.028735,802.714185,17.336891,35.348166,2738.181398,2815.149464,19.669552,37.19874,963.109035,922.49045,15.67467,34.256264,1767.186475,1713.121075,25.008028,42.397024
7369,0.090687,2,3,3,194.709858,221.9676,35.3231,33.524184,740.271904,772.461641,36.292081,35.78682,265.914425,258.371961,31.593542,32.063303,369.285862,343.098953,42.629755,42.753843
7370,0.11026,2,3,3,272.929431,239.332079,33.357525,35.183117,949.295056,908.85963,35.655435,36.178716,316.010228,326.305146,31.96714,31.440304,421.589203,453.957878,42.736991,42.609716
7376,0.137484,2,3,3,340.317622,298.424848,10.697606,35.183114,1183.682664,1133.263447,12.552823,36.178714,394.03537,406.872175,9.678511,31.4403,525.682534,566.043263,19.096081,42.609712
7386,0.251546,2,4,4,123.997818,164.173589,37.378269,17.197651,555.011942,565.348088,37.013925,18.935484,214.824031,176.807395,34.332056,17.012697,239.394259,230.657952,39.409357,23.323994
7387,0.249586,2,3,3,630.782386,597.262066,33.044794,28.30394,2105.27887,2109.230784,35.905089,30.177045,700.244879,714.013673,32.309121,26.584157,1485.664277,1485.339395,41.649874,35.363288
7388,0.26291,2,4,4,140.308465,65.842854,33.343542,21.656821,433.844524,381.038822,34.293616,20.748349,143.920973,171.805431,33.472835,17.227838,165.538337,174.957264,35.600834,22.382179
7396,0.256753,2,3,3,654.99584,614.338404,15.190748,33.85419,2184.508465,2190.024776,18.111064,35.769882,729.055734,745.892376,14.453222,31.746498,1545.779919,1547.098345,24.536405,41.606206
7399,0.249229,2,3,3,519.293526,322.154705,17.737845,40.023851,1615.6796,1580.46114,20.873506,38.768234,516.80243,620.669449,18.513733,34.098722,964.539672,1169.419442,25.375507,42.338575
7403,0.24958,2,3,3,437.399331,309.287286,18.81611,36.629153,1375.887776,1350.580637,21.073891,36.302602,479.227367,552.751431,18.467604,32.420943,620.494704,613.940869,24.392616,39.306657
7411,0.517223,2,4,4,412.620199,618.650852,38.101311,36.451539,1593.453864,1644.703386,38.272851,38.190621,753.679446,599.971185,35.57512,36.90909,684.491912,640.826343,39.528996,39.543202
7415,0.247611,2,4,4,184.406009,297.877654,25.471027,36.41923,825.427452,865.447465,25.225686,37.915995,380.73348,289.270911,21.91876,36.874484,365.833759,331.696517,26.672624,39.526176
7431,0.376195,2,4,4,117.009622,179.675316,26.930058,33.767303,468.135548,472.575559,26.978723,34.848881,211.363953,163.983609,25.302722,34.222893,178.720062,154.551934,27.742963,35.655873
7439,0.263191,2,4,4,100.864644,48.621361,22.166245,31.453822,333.608774,299.431716,22.579783,31.120371,103.230513,131.803491,22.242673,30.06108,93.449337,122.084472,23.291623,31.700589
7441,0.260467,2,4,4,61.38874,147.082586,35.173882,22.533728,380.798258,442.676588,34.573518,23.814887,182.133327,142.55444,32.280175,22.971987,180.090714,161.715569,35.581596,25.225434
7442,0.209948,2,4,4,125.127513,100.487358,32.837466,21.68406,415.705687,385.442439,33.74358,21.944974,150.110458,176.290935,32.147207,18.547419,142.306556,151.100865,35.585969,23.547417
7443,0.249373,2,4,4,132.186869,29.909785,29.679282,22.870826,373.909854,318.230631,30.700508,22.235356,117.572428,151.441611,30.235258,20.430392,82.385457,116.663932,31.724052,22.93787
7452,0.25213,2,3,3,486.106268,495.206475,36.608154,18.583672,1933.767519,1911.038644,36.984286,19.3517,659.201623,625.075349,33.393867,16.2686,980.930083,957.025125,42.708629,25.524796
7453,0.266002,2,3,3,626.890896,878.031106,35.105394,16.751148,2364.019787,2422.417464,35.73562,20.915156,978.877073,792.197484,31.200393,18.643,935.234823,723.145774,39.336519,25.11153
7454,0.24896,2,3,3,796.32845,625.154097,32.201865,19.240262,2224.909036,2212.237122,35.698177,20.532401,759.095389,897.658358,33.334796,15.831627,643.394189,846.137123,39.474722,24.418018
7455,0.249574,2,3,3,512.750402,439.708398,35.869931,19.745688,1799.138004,1779.548425,37.618358,19.931547,584.508147,654.534623,34.937225,15.385117,879.614226,899.024954,42.858637,25.495405
7461,0.105668,2,3,3,222.355801,395.81943,39.478962,33.225543,901.712402,1026.623926,39.585926,38.592713,446.568433,260.314762,32.242169,38.70954,663.745149,457.865909,42.578019,43.089231
7462,0.147372,2,3,3,552.041356,310.115141,33.225542,39.47896,1431.811635,1257.600057,38.592712,39.585924,363.055736,622.819965,38.709539,32.242167,638.576327,925.711941,43.089226,42.578015
7465,0.125173,2,3,3,262.316126,469.544007,15.197681,33.20444,1079.778967,1226.971325,15.199779,38.517504,530.574284,306.521157,9.210995,38.758857,789.861122,548.165812,17.975145,43.078957
7472,0.247789,2,3,3,833.863293,655.177199,34.748767,37.550955,2727.717121,2618.132658,37.440918,37.84157,797.224117,992.248416,36.038774,33.080957,1434.39983,1699.853603,42.721957,42.396884
7474,0.129449,2,3,3,218.838236,439.233341,40.791031,34.637719,1000.588233,1231.749706,40.220536,38.765486,491.126759,291.554127,33.877767,39.401774,781.555623,579.813477,42.650483,43.056449
7475,0.1988,2,3,3,674.547418,336.078238,34.637717,40.791031,1891.645072,1536.641569,38.765485,40.220532,447.750809,754.242123,39.401773,33.877766,890.441704,1200.264822,43.056446,42.650481
7481,0.15575,2,3,3,524.152226,291.172205,34.748274,40.244787,1533.866827,1300.674097,38.477357,39.733084,390.837159,593.869431,38.555283,33.805872,740.019643,942.733699,42.992856,42.645996
7484,0.216995,2,3,3,530.729632,622.700078,38.282124,17.525389,2594.157073,2599.918792,36.564402,17.364621,882.084235,776.625792,32.851602,15.504205,1335.019737,1240.358853,42.616676,23.955757
7485,0.244402,2,3,3,1018.840663,678.544206,31.534845,19.000565,3286.643299,2978.15876,35.143636,18.246013,854.531688,1122.677948,34.999545,12.95096,1647.038299,2025.29649,42.435827,24.343897
7493,0.251557,2,4,4,130.240158,114.07208,24.358952,37.695039,470.718552,427.964414,24.946454,37.998712,205.001749,164.059628,21.515097,36.282919,158.614875,171.369065,26.840439,39.52214
7495,0.253741,2,3,3,718.866284,859.831526,19.111778,34.65552,2635.421637,2692.613295,20.394856,37.800481,956.035756,888.999975,16.138592,34.972697,1600.998142,1401.856648,25.415222,42.795111
7496,0.242555,2,3,3,801.80897,685.976321,34.985615,36.853664,2396.737995,2399.595377,38.44859,38.438297,817.810209,878.458286,35.466259,34.528434,1307.660556,1425.33578,42.831039,42.697086
7500,0.497352,2,3,3,1069.928292,1088.967802,35.29813,22.961015,3485.873455,3484.377846,37.888885,26.252398,1185.71675,1231.857655,34.700181,21.947727,2339.502004,1907.701894,42.332734,31.835165
7503,0.058752,2,3,3,191.781287,168.483895,35.15016,36.701775,546.484124,560.608999,38.94801,38.742649,193.634437,206.561423,35.748549,34.926841,313.460391,325.583973,42.845858,42.790523
7506,0.039965,2,4,4,38.882933,38.881669,37.431504,37.431635,152.219751,153.063295,37.624148,37.603869,54.065627,58.546174,36.063035,35.537986,82.472812,81.412387,39.36969,39.376451
7509,0.190077,2,3,3,623.459496,550.574286,28.033553,36.590444,1784.696521,1833.830181,31.393364,38.651357,635.580228,671.05871,28.466324,34.87176,1021.16221,1060.706105,34.731641,42.779929
7512,0.211011,2,4,4,203.107672,208.089061,18.281965,37.377176,799.794747,808.701329,18.582841,37.601416,288.873445,305.924678,15.730783,35.610178,437.597381,429.025362,21.545573,39.377441
7516,0.260023,2,3,3,717.628199,632.038354,13.522966,30.57948,1975.490826,2058.351733,18.628561,33.320676,674.009585,715.36939,15.177922,29.662786,1234.095955,1327.157519,23.970947,38.310726
7517,0.181852,2,4,4,13.690843,13.958653,31.695777,20.798492,81.475272,78.478102,31.641025,20.763882,27.904406,23.498895,31.56261,20.736653,35.717847,40.494714,31.740334,20.829094
7518,0.349118,2,4,4,166.383685,73.072324,33.774781,26.938959,485.236588,425.513235,34.673745,26.547004,119.304096,208.753768,34.755333,24.520485,206.011951,273.494641,35.612306,27.195001
7527,0.250418,2,3,3,720.456741,527.167339,36.665874,39.476075,2443.920345,2235.740373,38.554729,39.261776,728.292003,892.002646,37.164041,34.752972,1103.381598,1459.36133,43.072932,42.710941
7528,0.129198,2,3,3,278.209326,372.612125,39.312624,36.638816,1149.801274,1255.631221,39.285454,38.590048,458.114373,374.533928,34.81397,37.197675,746.642457,568.681811,42.724707,43.073949
7536,0.102667,2,3,3,226.789726,205.309547,27.168548,39.826311,810.751321,758.280355,27.917578,40.480349,264.684928,307.709057,26.540294,36.84403,219.030284,268.9952,30.319107,43.402191
7537,0.156831,2,3,3,320.690833,350.836126,39.677801,39.024363,1161.903457,1242.16481,40.463328,40.073215,471.532497,406.93178,36.809722,38.264878,413.876624,338.758812,43.399478,43.462743
7540,0.24828,2,3,3,534.932241,582.491079,21.646489,38.640481,1947.13691,1884.813624,22.571779,40.325786,761.320351,721.760084,18.651133,37.168601,553.275226,620.179431,25.984648,43.419277
7543,0.254967,2,3,3,531.424732,575.129139,22.172423,38.959296,1931.062115,2052.620479,23.064554,39.971539,773.104601,675.836227,19.028562,38.07211,687.988735,571.597269,26.212686,43.452729
7546,0.25267,2,3,3,980.644777,825.275029,32.683404,17.281199,2861.939403,2765.933358,37.148628,19.796028,908.801299,1058.418947,34.622223,14.571589,1354.307031,1454.332726,42.839324,25.529986
7547,0.249995,2,3,3,477.955793,333.368327,36.701406,22.293226,1455.201123,1361.366653,39.424333,22.353774,494.76154,537.125917,36.947128,18.102123,505.470116,462.502533,43.339176,25.998966
7549,0.252476,2,3,3,459.325304,405.118407,37.231547,38.422864,1485.396839,1415.598317,39.347197,39.685482,510.917155,496.297492,36.705184,37.01936,679.242244,711.93792,43.153152,43.11187
7550,0.050095,2,3,3,80.382251,91.137804,20.130703,37.231544,280.878324,294.727515,20.922659,39.347193,98.473703,101.374488,19.224725,36.705181,141.260361,134.772994,22.854693,43.15315
7560,0.244291,2,4,4,33.350043,37.667312,22.708248,31.539339,110.179018,119.380829,22.757564,31.621552,36.844956,74.811383,22.695841,31.064451,52.617668,51.053362,22.835686,31.739125
7565,0.251723,2,4,4,231.194471,193.663897,37.649978,38.200642,453.84495,443.589785,39.141097,39.162457,227.409721,245.371609,37.899668,37.64146,125.19425,160.88704,39.631106,39.619577
7566,0.189024,2,4,4,145.42614,173.608608,22.988914,37.649978,333.100548,340.801359,23.945971,39.141095,184.254508,170.766562,22.386781,37.899666,120.813335,94.010896,24.318134,39.631106
7569,0.250929,2,4,4,229.939029,206.468631,20.240576,38.011462,502.200222,496.189662,22.692848,39.044962,247.306422,249.218885,20.136226,37.572558,152.801621,185.84474,23.54145,39.609753
7576,0.257015,2,4,4,198.975183,235.267121,21.427861,37.661999,420.836613,418.853137,23.232007,39.229043,251.657929,225.0588,20.404005,37.996196,145.753691,125.067986,23.7732,39.63187
7583,0.059327,2,4,4,17.964725,24.537198,38.717694,37.995565,66.558948,70.006912,38.883914,38.808394,27.228321,26.867741,37.848348,37.891411,30.150862,23.378458,39.576621,39.604714
7588,0.251523,2,3,3,576.39949,418.30127,38.83329,34.724145,1804.088272,1526.756667,40.637723,35.188573,647.798706,645.327554,38.330647,32.48164,609.69911,819.244944,43.429255,36.797909
7589,0.249233,2,4,4,165.611661,68.217223,32.243854,21.031081,393.17905,336.398371,34.404678,20.547237,108.391633,180.864886,34.229062,15.762312,154.854365,162.942374,35.603302,21.939987
7590,0.065322,2,3,3,86.356845,152.941726,41.796031,22.807013,373.123745,460.029543,41.631049,24.212784,162.795148,144.442379,38.613222,23.409911,210.523574,153.98389,43.307469,25.835523
7597,0.254788,2,4,4,29.105478,16.858277,20.505156,31.707559,130.356684,106.973465,20.477925,31.653638,37.94696,36.1781,20.42728,31.588159,70.467433,61.625409,20.623494,31.735644
7606,0.248363,2,4,4,320.840448,354.725543,35.994186,22.0882,731.330714,846.343782,38.382584,25.179854,372.212743,352.969951,35.37587,22.597365,201.350001,215.237745,39.60222,26.773081
7607,0.137655,2,4,4,49.08724,42.316105,38.388859,20.490886,124.132209,139.983771,39.140791,20.783872,58.057579,67.660389,38.10521,19.414002,55.50875,65.428744,39.602692,21.234619
7608,0.24197,2,4,4,368.866688,330.661835,34.807734,22.237892,895.400017,742.04698,37.727028,25.273703,376.34754,391.554889,35.099341,21.263479,211.645529,197.378467,39.594816,26.550217
7620,0.261124,2,4,4,404.188384,353.956148,15.520226,35.679211,986.955192,813.578061,20.601534,38.244124,406.685945,428.972178,16.15424,34.663653,233.725431,229.000753,23.889618,39.594539
7624,0.196827,2,4,4,134.503223,134.536616,17.911243,28.523959,363.370648,316.595923,19.861532,30.556313,159.78852,112.645195,17.105258,29.606426,160.120314,105.934801,21.287572,31.684492
7628,0.141374,2,4,4,118.631697,104.226998,14.167384,28.082893,267.690234,292.643224,17.430549,29.865898,89.326677,122.684974,16.384788,27.378175,70.377808,71.169002,18.934654,31.692295
7630,0.185328,2,4,4,119.545881,145.51319,36.002592,34.56301,463.098593,475.604873,36.368957,36.213329,175.872078,120.052739,33.340239,36.322258,259.995484,218.858649,39.150298,39.288492
7631,0.120361,2,4,4,94.50352,77.639055,27.676558,28.829312,308.881515,300.759314,28.998064,29.122683,77.968234,114.220096,29.085288,26.697417,142.137718,168.854029,31.46052,31.34986
7633,0.323204,2,4,4,290.760588,301.723146,13.706561,26.359684,1171.680266,1163.74657,13.96628,26.893129,372.2815,366.116362,11.321087,25.100227,554.362921,657.112609,21.446478,30.950519
7641,0.248957,2,4,4,103.378883,55.637918,19.577967,35.223759,313.272926,278.173776,20.747407,35.015436,84.329278,124.983993,20.614004,33.792494,126.855792,175.714894,21.978632,35.57689
7645,0.249606,2,3,3,809.553121,432.950142,35.232986,34.497653,2138.769717,1749.806997,39.557398,34.581936,511.417991,886.235814,40.03617,29.176685,787.371511,1207.439537,43.319083,36.48582
7658,0.254075,2,4,4,147.343472,256.264967,25.295987,35.250354,672.973219,754.125056,24.532896,38.751644,330.088759,195.588154,16.641707,38.680978,442.884778,326.624087,28.05478,43.133652
7664,0.115828,2,3,3,142.727691,209.250925,40.311055,37.303688,665.921486,662.449306,39.512382,39.549028,237.225091,210.69677,36.571677,37.800979,369.275456,367.489637,42.985443,42.991002
7665,0.055408,2,3,3,98.711449,65.335874,3.808531,40.556462,312.621574,311.974893,4.851881,39.656856,98.349192,112.39045,4.062125,36.678998,171.329754,174.611647,6.827227,42.998642
7671,1.068576,2,3,3,3707.56003,3820.665978,29.249684,22.007385,11419.453395,10941.507888,33.530534,28.322695,4361.692828,3838.943757,27.346145,23.030611,6092.875207,5232.803502,39.721234,36.009243
7675,0.250839,2,4,4,248.449955,172.676305,18.680505,35.572206,740.629224,679.253489,22.134854,35.879131,251.247651,238.570813,19.251436,33.317776,441.674491,507.408198,26.210571,38.660922
7676,0.247582,2,4,4,175.811768,248.458293,16.107318,32.115523,679.120282,738.368303,16.832523,35.205231,238.728485,252.641108,12.938765,32.573563,495.83366,432.770186,21.963408,38.896023
7680,0.247373,2,4,4,275.055434,175.166006,30.854317,22.127334,769.206055,693.553919,34.882307,22.44984,253.744567,240.362423,32.515888,19.503637,418.496566,416.605737,38.940619,26.152217
7683,0.097574,2,4,4,127.130466,104.053056,35.939911,10.854481,301.231369,299.370632,38.267576,12.623682,96.881415,128.366388,37.573614,9.807045,83.149887,78.094554,39.597479,14.358935
7684,0.173082,2,4,4,84.668802,105.715131,39.023684,18.558701,215.112427,231.809331,39.397366,19.589953,99.991044,80.241343,38.882106,19.26929,75.730831,98.773722,39.635184,19.910283
7688,0.19781,2,4,4,253.810932,206.865305,36.036652,37.12605,600.384706,596.949036,38.310043,38.32409,193.663606,257.172455,37.625559,36.301982,162.63033,152.449428,39.600934,39.606601
7697,0.226675,2,4,4,37.33726,101.329479,43.27233,41.505131,196.636892,250.123441,43.079337,42.783247,107.280634,51.391396,41.505463,43.063228,111.586106,90.428733,43.524044,43.549026
7698,0.263302,2,4,4,115.246719,62.697937,41.583602,42.944982,348.147418,286.222938,42.457052,42.805734,77.722618,135.121375,42.720826,41.176622,137.46954,147.340206,43.515083,43.503152
7705,0.25288,2,3,3,301.115544,304.116591,31.739606,36.78441,654.923198,701.025639,33.437606,38.650036,270.889449,333.345487,32.371096,36.604599,251.607993,211.417785,34.121336,39.605486
7708,0.239339,2,4,4,133.446595,69.649431,19.153094,42.647779,398.810479,326.572968,21.584723,42.388632,86.633533,154.425564,22.418302,39.965957,155.104493,180.078501,24.267936,43.430302
7713,0.248057,2,3,3,813.354753,613.494534,35.091929,32.247681,2400.1923,2181.650064,38.627014,33.319861,748.546982,910.792375,36.769785,28.725844,1289.684927,1616.002611,42.881401,36.062353
7714,0.253937,2,3,3,225.038634,431.623391,41.777926,32.109435,738.537812,973.459162,42.398413,35.417257,416.068173,193.495743,38.729031,36.061704,448.052175,390.645374,43.39838,36.965416
7715,0.501751,2,4,4,394.857973,303.574938,37.985043,25.578524,1150.341823,1123.919904,40.49783,26.679565,352.450354,492.471127,39.390691,19.430701,567.77801,678.705696,43.233175,31.010236
7716,0.251577,2,3,3,896.137283,939.938427,27.028252,21.145802,2585.110311,2587.264255,33.236055,27.757974,1008.655098,994.404608,25.81977,21.16099,1752.984798,1423.290962,41.009922,35.553829
7728,0.232551,2,4,4,131.99996,198.026041,36.731458,33.839266,526.927399,562.270103,36.886863,36.552462,247.478946,159.722407,32.097836,35.967227,334.153346,259.316271,39.127336,39.325515
7729,0.240118,2,4,4,223.749166,131.084882,36.219202,40.604034,627.186832,566.846044,39.703558,40.333836,167.195255,281.410605,39.453653,33.992973,273.273391,374.731882,43.229201,42.929116
7734,0.406015,2,4,4,52.216278,90.321493,39.599794,39.125607,267.391212,291.794493,39.574073,39.317651,130.687602,66.319358,39.393938,39.386676,141.741698,101.110304,39.640353,39.631054
7735,0.506376,2,4,4,78.038558,134.730551,29.304461,38.917092,386.824071,432.540325,29.145874,39.190044,165.433557,122.335697,28.198881,39.100094,191.747705,185.495317,29.587005,39.610575
7738,0.144549,2,4,4,12.427291,15.853812,39.626625,39.612886,49.528952,44.67468,39.62803,39.631938,20.242255,13.700932,39.597053,39.62476,22.665863,15.706816,39.64789,39.648949
7741,0.087496,2,3,3,213.294425,172.953228,33.583432,36.32542,564.273436,575.909071,38.629007,38.455633,159.293514,220.132239,37.792956,33.953816,279.019338,372.075538,42.985158,42.548467
7744,0.154088,2,3,3,375.630387,304.585964,33.583434,36.325421,993.735534,1014.226919,38.629006,38.455635,280.529997,387.672384,37.792955,33.953817,491.377784,655.258001,42.985158,42.548468
7747,0.142771,2,3,3,353.901574,305.041297,10.95734,35.385139,965.386245,997.055323,15.200182,37.922829,290.130941,370.55796,13.750164,33.502088,485.415142,626.485999,19.634624,42.485507
7752,0.287756,2,4,4,141.181906,102.568924,42.907476,43.219869,600.932617,504.493146,42.863213,43.069021,194.582961,188.120209,42.468835,42.537435,237.602278,274.557256,43.545602,43.528434
7753,0.152142,3,4,4,33.013937,86.375602,43.090774,40.615729,243.147186,318.652282,42.098299,41.146411,112.69371,78.665908,39.305621,41.31972,152.382555,112.855374,43.33049,43.447258
7756,0.21976,2,4,4,84.477928,117.326866,21.770137,38.912589,476.639169,470.769807,21.254907,38.94734,206.719944,129.614057,19.19034,38.851912,231.35752,201.53962,22.207385,39.589628
7759,0.127336,2,3,3,228.526763,209.87821,37.370987,38.185693,759.86198,723.966911,39.242624,39.590187,242.286463,285.942616,37.357697,35.478525,303.210544,383.21341,43.244894,43.048424
7760,0.246612,2,3,3,363.645922,442.378328,33.056442,37.375778,1312.980575,1415.488133,33.86984,39.523984,545.872559,415.925627,29.912715,38.486068,717.201283,532.074441,36.510126,43.305163
7764,0.212714,2,3,3,253.688759,316.728165,36.826237,18.882185,971.498983,1041.969556,37.167071,20.366433,384.428358,371.231967,34.432612,18.028181,472.944353,552.120235,39.366231,22.862899
7776,0.249231,2,3,3,430.073553,358.741535,29.412005,35.733254,1171.284082,1247.56052,31.85699,36.729444,404.05346,465.478649,30.290285,34.143011,690.166403,696.672968,33.752124,39.21332
7780,0.263924,2,3,3,434.844323,347.015247,19.886971,36.299823,1155.037296,1225.797963,22.877772,37.091762,394.351148,475.95589,21.186205,34.451052,685.989504,704.050679,24.878979,39.25006
7782,0.248537,2,3,3,286.029223,176.226033,36.998835,33.169824,826.834926,752.047675,38.250512,33.105227,274.450749,348.426519,37.425879,31.147347,304.6705,265.536504,39.557998,34.032072
7783,0.231456,2,3,3,140.584235,249.695642,38.823961,31.73814,685.514893,755.56353,38.519927,32.617147,319.609504,243.199605,36.347044,32.026324,249.519505,282.238059,39.577891,33.6678
7797,0.244158,3,4,4,120.675137,119.296972,20.740808,41.317409,483.200375,411.240068,20.947223,41.946723,172.886919,153.042,17.880899,40.386961,212.692245,243.773524,24.380695,43.332089
7800,0.254122,2,3,3,300.111339,287.58144,40.548301,40.770413,943.119113,913.651117,41.720987,41.826492,347.416869,356.209935,40.030742,39.871991,425.851667,562.083089,43.417109,43.291002
7801,0.247575,2,3,3,299.445994,281.604862,34.24039,40.744681,900.578756,905.83884,35.43883,41.769013,329.095233,348.335248,34.049742,39.847671,535.072335,427.390923,36.712109,43.406537
7808,0.37026,2,4,4,275.320416,354.471976,35.00408,15.458779,853.780326,858.189111,36.800078,22.163433,352.661986,263.758192,33.303102,20.301199,438.950607,429.874935,39.28584,26.655739
7809,0.253565,2,3,3,367.898135,248.001496,39.233957,35.247671,779.262565,773.643124,42.269732,35.99518,209.499583,322.153343,42.156259,34.403772,398.440761,331.176266,43.438075,36.990215
7817,0.223662,2,3,3,200.325031,384.396455,37.42777,41.22161,890.823367,932.305433,37.172468,45.021653,405.894043,260.092371,33.71163,44.624255,533.501506,505.838748,38.762555,47.198564
7820,0.259148,2,3,3,326.142037,504.426527,24.207498,33.266141,1257.738044,1284.197078,24.656656,37.131732,537.150421,396.264623,19.722629,35.994265,717.29578,701.454718,27.547949,39.647135
7834,0.249567,2,4,4,41.277216,40.52466,31.50953,20.198693,98.936113,80.113518,31.663569,20.431336,18.068893,82.974833,31.704824,19.265393,26.013996,38.480815,31.747099,20.484739
7837,0.258373,2,4,4,30.513792,49.476112,23.096669,31.433121,82.99141,77.66192,23.154657,31.698861,25.814202,69.260031,23.134057,31.215103,26.102093,28.893803,23.19628,31.746684
7843,0.134843,2,4,4,91.511273,68.700518,28.563185,29.82032,136.414575,135.764852,31.244267,31.248759,48.21309,78.234009,30.836593,29.553908,54.786294,58.827975,31.711572,31.706012
7846,0.230518,2,4,4,159.619636,103.190963,28.451931,30.220651,239.465476,225.184394,31.218595,31.276316,78.721115,144.908058,30.910918,29.221315,89.013576,111.362222,31.715109,31.69663
7850,0.16452,2,4,4,138.980897,98.551496,27.156936,13.007229,242.423901,226.182585,30.733562,15.951847,91.24106,128.863679,29.722814,11.232042,81.01374,85.523913,31.694656,17.257182
7851,0.250333,2,3,3,250.41889,431.241213,45.075244,34.333354,1014.933045,1068.760641,45.144897,37.623527,468.506841,307.639657,40.923355,37.112601,613.467634,574.68839,47.141176,39.533859
7852,0.13332,2,4,4,56.725755,79.683592,34.13159,12.056554,176.680792,187.786302,34.760212,15.032074,78.390192,44.445998,33.17174,15.278492,86.581936,72.920218,35.594845,16.485955
7853,0.251088,2,3,3,418.232925,255.330673,41.540843,37.720085,1055.801148,1005.683015,44.981663,37.889051,307.98347,475.845151,44.333299,33.979354,559.306734,617.049216,47.208488,39.513568
7872,0.507205,2,3,3,427.888583,689.142262,45.733538,43.29689,1664.126614,1766.021259,45.913833,45.725756,730.113622,486.656578,43.292518,45.480588,856.967603,818.737791,47.347417,47.364178
7873,0.251724,2,3,3,246.871185,257.495647,25.348597,44.973815,833.164732,863.113749,26.110935,45.776258,300.255615,248.554748,24.619269,45.36998,425.650814,395.683498,27.469364,47.373292
7881,0.478445,2,3,3,1395.412133,1847.660593,42.988575,23.69265,4122.339307,4910.968854,46.725428,31.585889,1874.09995,1342.364946,39.084013,30.686624,2641.409373,2114.996708,50.681355,39.024903
7885,0.210648,2,4,4,88.609326,92.035915,25.111687,41.590109,342.091904,331.822962,25.334358,42.022274,129.015143,86.078525,23.511927,41.996702,146.07684,155.801792,26.798957,43.435714
7892,0.124824,2,3,3,496.545668,384.616535,32.295772,35.871791,1328.23505,1243.420704,37.774183,38.37843,379.244053,479.24072,36.695042,33.706082,614.809265,653.397535,42.950535,42.872231
7899,0.249064,2,3,3,257.724599,155.79174,23.773175,42.640647,603.99171,502.955217,25.392795,42.990788,198.388292,251.117119,24.903083,41.524038,232.74205,219.774725,26.077921,43.545771
7906,0.248693,2,3,3,182.96448,207.075835,23.559395,38.171119,726.351414,726.549654,23.63839,38.548142,239.75344,193.246863,22.963231,38.477251,373.909999,338.011168,24.536846,39.538124
7909,0.342756,2,3,3,943.827256,1391.000618,49.403515,35.525486,2607.490764,3228.708883,53.628292,43.950191,1279.500989,875.978224,45.373524,43.40896,1738.150639,1409.417557,57.087608,48.947926
7910,0.759186,2,3,3,1017.776937,945.265553,43.394491,41.24761,2762.828245,2839.918259,45.572607,42.746539,1135.834955,1094.028549,42.999611,40.660537,1400.403652,1516.973731,47.310835,44.433363
7920,0.123322,2,4,4,47.87102,21.845892,39.69767,20.351064,73.762243,49.339314,40.985584,20.52124,17.302115,23.543817,41.024545,20.34187,21.837435,24.226423,41.219693,20.579002
7921,0.248415,2,4,4,70.213796,165.205585,40.377046,23.233403,295.659728,315.416917,40.340791,26.60667,111.548173,84.141084,39.429384,26.533598,157.51241,172.79354,41.113939,27.424177
7936,0.350661,2,4,4,83.740798,153.210316,29.912823,39.329348,342.917099,339.438044,29.919228,40.62529,149.608058,96.114264,28.82795,40.505914,160.386734,143.864507,30.432432,41.179169
7937,0.408965,2,6,0,224.39855,0,36.231528,0,656.20465,0,37.442307,0,189.841529,0,37.102636,0,265.905798,0,38.748281,0
7938,0.281757,2,1,0,1264.296817,0,67.689348,0,3762.906574,0,70.0226,0,1758.931196,0,62.799875,0,1967.676431,0,71.173707,0
7940,0.881419,2,1,0,3816.988907,0,68.078827,0,12220.971399,0,69.862169,0,6174.953377,0,59.354607,0,6881.061788,0,71.161304,0
7943,0.051599,2,3,3,53.455975,111.169639,38.601609,35.74749,191.073408,409.21936,38.843707,36.43537,68.220804,168.913474,38.171765,32.584634,95.681319,193.653302,39.556521,39.295497
7944,0.003797,2,4,4,0.982324,1.44645,40.506645,0.654072,4.007174,5.414647,40.519176,0.681647,1.080445,2.517143,40.453438,0.449839,1.439395,2.964148,41.186243,0.802971
7945,0.24739,2,2,2,485.302415,514.369495,27.610794,26.946527,1364.556959,1436.823754,30.820852,30.491193,536.100615,501.35636,27.131641,27.876924,657.470607,698.102683,33.758798,33.718325
7952,0.084298,2,7,0,24.539086,0,43.37186,0,114.840606,0,43.309468,0,60.856358,0,42.474343,0,70.824305,0,43.550589,0
7953,0.084388,2,3,3,132.647103,55.012759,38.598804,27.905423,383.18849,176.092539,40.89776,28.150862,177.170772,59.113474,36.289666,27.886902,170.003406,73.632951,43.34097,28.498711
7954,0.300842,2,6,0,82.727624,0,38.115818,0,379.011263,0,37.952424,0,208.079244,0,35.29379,0,252.434139,0,38.678948,0
7955,0.760005,2,7,0,12.246703,0,43.599062,0,77.892828,0,43.59786,0,23.003268,0,43.597214,0,0.819793,0,43.600001,0
7957,0.045651,2,7,0,74.726688,0,40.947687,0,224.540361,0,42.101304,0,106.944276,0,39.109376,0,102.75158,0,43.451611,0
7958,0.13276,2,7,0,215.246703,0,14.208611,0,567.960764,0,16.468236,0,239.608868,0,13.842359,0,303.471523,0,17.888008,0
7959,0.188065,2,2,0,591.874816,0,38.839143,0,1337.234109,0,44.368786,0,558.262372,0,40.295052,0,595.065566,0,47.241849,0
7964,0.031108,2,3,3,127.503999,119.651767,31.813263,32.822684,317.022508,315.474372,38.176011,38.220032,119.327693,124.836661,33.718869,33.04826,139.239293,136.872413,43.057135,43.074326
7967,0.126205,2,4,4,74.518936,124.286996,21.535439,44.831016,197.037351,414.55047,22.023072,45.692912,82.062483,179.063911,21.465563,42.880891,55.292555,195.175656,22.313688,47.355104
7968,0.259324,2,6,0,13.858731,0,39.615586,0,116.951396,0,39.515805,0,85.1871,0,38.699757,0,82.332775,0,39.620736,0
7969,0.199039,2,3,3,206.435771,196.013611,44.909084,45.144117,668.963716,653.789513,45.839967,45.910395,249.965178,282.402543,44.196322,43.397763,348.650337,317.364263,47.333111,47.368455
7972,0.491942,2,2,0,1408.144674,0,40.048935,0,3617.465957,0,44.17399,0,1462.919924,0,40.274164,0,1481.828022,0,47.269197,0
7973,0.638144,2,2,0,0,0,47.550001,0,0,0,47.550001,0,0,0,47.550001,0,0,0,47.550001,0
7978,0.192149,2,6,0,42.666865,0,38.361075,0,135.817201,0,38.552527,0,51.279068,0,38.227488,0,39.673033,0,38.847332,0
7979,0.354836,2,2,0,626.997611,0,40.926739,0,1593.734077,0,44.659767,0,602.662076,0,41.906869,0,884.998267,0,47.127398,0
7982,0.19899,2,6,0,163.538622,0,33.606966,0,354.040975,0,37.148369,0,163.915922,0,34.0627,0,37.771387,0,38.849205,0
7984,0.096624,2,3,3,69.691053,53.32171,46.187879,46.721512,212.758125,188.349758,46.768808,46.92815,79.61244,86.995842,45.983422,45.707036,106.534248,127.87507,47.459757,47.422433
7988,0.067044,2,3,3,170.921159,178.925772,35.893819,35.111831,461.731005,524.08331,41.499719,40.110989,192.852171,189.034077,34.79881,35.15022,245.010706,258.177069,46.68491,46.596267
7990,0.241374,2,3,3,615.353036,644.171371,35.893822,35.111833,1662.331205,1886.812949,41.499722,40.110992,694.309411,680.56345,34.798813,35.150224,882.091386,929.493131,46.684913,46.59627
7995,0.161691,2,6,6,6.893511,18.23565,38.838037,38.72098,51.083078,66.231411,38.793006,38.750392,29.402166,11.085236,38.552258,38.811449,31.093315,22.696618,38.848931,38.853914
7997,0.121475,2,3,3,380.346287,403.404649,32.131053,30.943791,1002.640476,1099.437595,39.439258,38.19253,422.335427,397.805201,31.175026,32.373111,515.902049,522.050335,46.405943,46.38054
8002,0.021611,2,4,4,16.425091,2.370206,38.232578,39.61289,40.245889,6.679035,39.109223,39.631938,15.762166,2.048342,38.466976,39.624764,17.893997,2.348229,39.600266,39.648949
8004,0.084749,2,3,3,281.441397,265.35438,30.94379,18.977264,767.039383,699.507398,38.192528,24.580276,277.534857,294.648743,32.37311,18.248813,364.216367,359.926921,46.380539,29.5495
8006,0.128093,2,4,4,0,33.587256,16.700287,40.488375,0,60.188454,16.700287,41.075138,0,24.675818,16.700287,40.856293,0,20.302854,16.700287,41.221647
8008,0.427963,2,3,0,1166.172431,0,19.174205,0,2975.488375,0,26.548585,0,1253.33111,0,18.902708,0,1517.432799,0,32.633398,0
8009,0.064824,2,2,0,128.938835,0,39.537753,0,336.974988,0,43.807483,0,127.398486,0,40.375686,0,175.062297,0,47.05917,0
8010,0.003654,2,4,0,0,0,0.785397,0,0,0,0.785397,0,0,0,0.785397,0,0,0,0.785397,0
8011,0.152751,2,2,0,267.210519,0,41.034955,0,692.799343,0,44.609064,0,263.852658,0,41.7454,0,326.08358,0,47.234838,0
8014,0.162712,2,2,0,193.575821,0,44.178346,0,524.935453,0,45.963652,0,178.370673,0,44.917423,0,342.251402,0,47.243507,0
8015,0.056439,2,2,0,113.52893,0,13.422946,0,282.498035,0,15.890364,0,108.361794,0,14.098763,0,129.428375,0,17.290868,0
8017,0.092271,2,3,3,306.42307,288.908116,30.94379,32.131053,835.124345,761.597997,38.192529,39.439258,302.169773,320.802743,32.373109,31.175027,396.545421,391.87523,46.380542,46.405945
8023,0.522497,2,2,2,1019.844683,1130.050488,32.946694,31.652934,2896.624551,3065.218212,36.33752,35.937503,1173.399314,1025.903359,31.911931,33.530752,1407.259094,1505.786904,39.656114,39.60045
8046,0.102943,2,1,0,781.742016,0,26.959903,0,1882.302293,0,51.815995,0,527.791253,0,48.909071,0,978.321812,0,62.127025,0
8047,0.39652,2,6,0,131.193571,0,37.81087,0,435.655194,0,38.156468,0,105.080771,0,38.235725,0,199.288401,0,38.79143,0
8048,0.842924,2,1,0,4868.581076,0,47.196839,0,10766.692139,0,67.244351,0,3006.676363,0,66.028425,0,5387.113477,0,71.121137,0
8054,0.115977,2,6,0,34.948684,0,37.977686,0,186.002911,0,37.443528,0,78.022032,0,35.460822,0,97.631936,0,38.677834,0
8055,0.231212,2,1,0,904.557467,0,62.919539,0,2613.502674,0,68.560973,0,914.079101,0,64.03333,0,1380.971616,0,71.137627,0
8056,0.172216,2,6,0,231.567578,0,27.790546,0,626.265319,0,32.954417,0,169.691818,0,32.439034,0,298.502956,0,38.151301,0
8057,0.424779,2,1,0,1970.653217,0,57.523573,0,5737.518594,0,66.454375,0,2502.147718,0,49.221706,0,2938.225806,0,71.096258,0
8058,0.557409,2,6,0,67.491215,0,38.700981,0,81.288647,0,38.844558,0,41.21664,0,38.803959,0,60.822965,0,38.856227,0
8059,0.304513,2,3,3,372.342118,240.495957,40.355459,42.12397,1353.296741,957.244928,40.999522,42.21318,609.090852,381.424438,36.832565,40.539117,561.434011,512.523323,43.380904,43.415597
8063,0.131671,2,1,0,663.082059,0,66.085245,0,1969.763577,0,69.468373,0,883.109709,0,60.773695,0,1005.150855,0,71.164197,0
8064,0.041578,2,1,0,187.092075,0,58.655894,0,610.254624,0,65.006403,0,244.506614,0,49.309453,0,378.812974,0,70.930793,0
8065,0.288757,2,6,0,118.480275,0,37.30213,0,156.941414,0,38.672784,0,42.617159,0,38.652466,0,39.018671,0,38.854339,0
8066,0.463327,2,1,0,1894.760391,0,61.726505,0,6548.577032,0,65.707879,0,2656.288179,0,50.623402,0,4158.710706,0,70.944346,0
8071,0.164389,2,6,0,119.512146,0,34.578327,0,362.247267,0,36.345488,0,318.429791,0,22.659289,0,155.237522,0,38.633641,0
8074,0.158828,2,3,3,425.204004,200.114181,37.427007,32.792569,1292.919271,932.193937,39.900787,32.459456,486.467416,392.34211,36.605464,30.089624,534.659747,562.071423,43.282429,33.795431
8076,0.042334,2,3,3,43.858126,91.209487,8.218841,35.747493,156.76679,335.745336,8.336704,36.435369,55.971977,138.585601,7.998435,32.584632,78.502045,158.883472,8.629597,39.295497
8080,0.402674,2,7,0,34.244929,0,32.846223,0,83.564654,0,32.887738,0,16.788903,0,32.89638,0,34.583772,0,32.908337,0
8082,0.141265,2,7,0,132.218069,0,20.867673,0,424.264447,0,21.591855,0,149.568889,0,20.608515,0,136.721098,0,22.60458,0
8083,0.068651,2,7,0,70.093041,0,35.943393,0,220.428709,0,38.664576,0,75.549043,0,35.727572,0,72.339169,0,43.317954,0
8086,0.21239,2,6,0,195.241201,0,32.562965,0,979.593045,0,30.323816,0,476.429406,0,19.981065,0,658.755123,0,36.795102,0
8087,0.071891,2,3,3,114.023072,66.181147,35.032719,37.874315,303.203786,290.758466,37.496807,37.653323,109.886074,112.619322,35.713708,35.545075,138.367791,147.195636,39.433894,39.407112
8090,0.044305,2,3,3,40.786127,70.270155,37.874314,35.03272,179.188668,186.858472,37.653325,37.496808,69.405051,67.720605,35.545073,35.713709,90.713747,85.273322,39.407112,39.433893
8092,0.083737,2,4,4,92.519695,51.885494,24.772493,8.271953,208.537242,145.892387,29.138068,10.155489,51.770801,86.755237,29.293831,5.142538,61.529409,81.136234,31.631838,11.842912
8093,0.424661,2,7,0,480.653832,0,40.769584,0,1404.89216,0,42.076776,0,462.936465,0,41.210192,0,1006.771241,0,43.247811,0
8099,0.352913,2,6,0,327.925285,0,32.454394,0,1459.833568,0,31.62162,0,581.45322,0,25.470486,0,1191.209406,0,36.457385,0
8100,0.228203,2,6,0,362.58394,0,25.120413,0,941.56888,0,31.650072,0,380.132283,0,25.286932,0,515.360252,0,37.702147,0
8102,0.198436,2,1,0,1284.891126,0,66.652005,0,5335.720918,0,66.525284,0,2492.434401,0,45.708917,0,3729.001484,0,70.90054,0
8103,0.117275,2,7,0,128.524504,0,12.986291,0,398.18451,0,14.578552,0,125.682942,0,13.502432,0,207.343137,0,16.545189,0
8104,0.159891,2,1,0,1245.38921,0,67.187377,0,4757.578648,0,68.066276,0,2164.051213,0,53.406342,0,3231.599814,0,71.021955,0
8105,0.686698,2,1,0,3704.933802,0,68.710588,0,16203.391874,0,68.156245,0,7910.064741,0,50.389218,0,11691.073866,0,70.987151,0
8106,0.264738,2,6,0,285.86823,0,36.305742,0,871.738017,0,37.373916,0,275.706707,0,36.697784,0,467.775673,0,38.660417,0
8107,0.230629,2,6,0,337.146291,0,26.491643,0,1077.309888,0,30.161957,0,464.116817,0,21.970535,0,627.918636,0,37.229005,0
8108,0.953547,2,1,0,4287.151979,0,67.666537,0,20015.880776,0,65.880223,0,9842.467628,0,40.320941,0,14929.548459,0,70.76946,0
8109,0.194346,2,6,0,109.333426,0,36.112851,0,401.528974,0,36.618596,0,158.461708,0,34.14379,0,263.22724,0,38.413413,0
8110,1.581421,2,7,0,0,0,43.6,0,0,0,43.6,0,389.046649,0,43.451076,0,0,0,43.6,0
8111,0.186921,2,7,0,273.252229,0,14.631397,0,873.144199,0,17.131811,0,422.144614,0,9.984079,0,508.91904,0,21.149545,0
8114,0.37096,2,3,3,726.99393,624.70514,34.920792,36.517744,2256.354873,2151.550417,37.640643,37.995073,785.552483,921.128421,34.680704,32.573062,1202.776562,1394.40407,41.450908,41.259257
8117,0.03409,2,7,0,68.987134,0,36.050771,0,159.705214,0,40.743343,0,56.091621,0,38.694141,0,73.74521,0,43.303684,0
8119,0.067512,3,4,4,18.652085,9.53988,44.35065,14.921195,70.111507,34.772372,44.480493,14.945345,37.153394,57.21886,42.537239,10.983991,36.452101,24.341178,45.093294,15.009175
8120,0.035972,2,7,0,41.624941,0,40.656421,0,27.812511,0,43.500527,0,5.302406,0,43.543604,0,11.251213,0,43.592434,0
8122,0.050861,2,7,0,14.256106,0,43.387608,0,54.913506,0,43.412781,0,64.588319,0,40.464037,0,28.660323,0,43.576852,0
8124,0.87375,2,7,0,148.776824,0,43.517365,0,568.743571,0,43.528228,0,645.17778,0,42.426349,0,282.463061,0,43.591943,0
8125,0.343076,2,6,0,37.744982,0,38.727354,0,147.092788,0,38.740491,0,182.340705,0,36.616961,0,82.414311,0,38.84311,0
8126,0.174077,2,7,0,209.884049,0,15.904109,0,855.530284,0,15.994126,0,397.455931,0,9.348508,0,621.247747,0,19.920887,0
8127,0.229268,2,1,0,1103.357463,0,66.784074,0,5194.876144,0,64.41819,0,2333.099931,0,41.180398,0,3888.082179,0,70.633056,0
8128,0.303185,2,6,0,313.923503,0,31.277157,0,1292.698384,0,31.276509,0,468.36371,0,26.523079,0,983.993603,0,36.619989,0
8129,0.902465,2,1,0,3408.695815,0,69.225217,0,16600.628753,0,67.740429,0,7789.599899,0,50.435203,0,12375.615225,0,70.927588,0
8130,0.305343,2,6,0,207.752949,0,35.03503,0,925.614971,0,34.486588,0,338.324414,0,31.153442,0,846.613346,0,37.174089,0
8131,0.965939,3,1,0,3316.50348,0,69.999675,0,16609.147535,0,68.870574,0,8263.443989,0,53.370009,0,11872.959848,0,71.04379,0
8132,0.170621,3,7,0,135.920356,0,19.426337,0,616.5056,0,18.948186,0,269.523043,0,14.569738,0,564.630648,0,20.756448,0
8135,0.192553,3,7,0,104.301245,0,46.822977,0,557.164084,0,46.369392,0,223.495226,0,44.889699,0,322.602613,0,47.36907,0
8136,0.966976,3,1,0,3791.207747,0,69.316269,0,19154.235628,0,67.471186,0,8939.23152,0,49.540098,0,13294.447445,0,70.969821,0
8138,0.480094,3,6,0,396.460477,0,37.284163,0,1764.172517,0,37.045579,0,876.214274,0,33.18302,0,1202.861927,0,38.474349,0
8141,0.086281,2,7,0,39.083335,0,43.075091,0,208.227436,0,42.750038,0,129.681962,0,39.394518,0,162.878681,0,43.370901,0
8143,0.189251,2,2,0,523.3959,0,34.479819,0,1488.904399,0,40.034073,0,373.790061,0,40.317893,0,675.582646,0,46.721951,0
8152,0.247476,2,4,4,113.048128,68.126684,33.916305,24.276111,336.16105,359.962837,34.716324,23.843311,108.855769,137.05233,34.198347,22.545286,144.027064,162.185759,35.614573,24.836797
8153,0.119144,2,4,0,94.552776,0,8.287985,0,304.644579,0,10.585712,0,73.561688,0,11.12714,0,161.771947,0,15.671371,0
8154,0.05946,2,4,4,37.293107,47.187711,36.175422,34.472275,160.871291,152.036576,35.884859,36.235001,70.441381,36.711853,30.772906,36.589984,102.54834,80.734254,38.914675,39.180024
8155,0.150148,2,2,0,496.287999,0,16.233777,0,1373.127447,0,21.727041,0,308.902038,0,23.154158,0,642.132807,0,28.101627,0
8156,0.519081,2,2,0,534.155744,0,44.946089,0,2550.342061,0,44.160735,0,1265.606953,0,37.510334,0,1920.926752,0,46.66442,0
8157,0.269531,2,4,0,169.048187,0,39.77928,0,729.223225,0,39.459771,0,319.308005,0,33.838557,0,464.847587,0,42.791424,0
8162,0.067959,2,4,4,30.882405,31.970547,45.196506,9.264681,159.842208,128.469597,44.010862,9.378871,58.928802,40.138907,41.010948,8.36243,108.456442,58.152291,46.787086,11.660739
8168,0.19562,2,2,0,491.344581,0,22.515789,0,1288.789504,0,27.416547,0,281.673618,0,28.53591,0,570.99274,0,31.346837,0
8177,0.250314,2,3,3,491.72032,1049.292125,33.875316,31.44263,2270.833252,2726.23836,33.159241,37.54748,1202.424567,614.340291,24.820931,38.740467,1678.771169,1070.72891,36.060616,43.101452
8178,0.251067,2,3,3,1062.952205,500.122865,13.51717,39.851729,2773.338394,2328.906943,19.637036,38.969587,631.694117,1226.173191,20.885131,29.78786,1105.461286,1701.820679,25.783883,42.423249
8185,0.238183,2,3,3,730.600534,383.381759,35.926195,23.145902,1964.519449,1685.410507,39.81546,22.796719,530.456914,849.684928,39.48208,16.350262,606.566368,911.008517,43.412544,25.342355
8186,0.243761,2,3,3,897.769667,701.155922,33.477743,18.563921,2576.285821,2503.457962,37.838943,20.129291,795.074233,1053.203396,35.87484,13.832234,1304.370128,1666.523559,42.841698,24.838702
8189,0.327846,2,3,3,520.342609,1015.94927,41.090122,35.802789,2252.86519,2644.983172,40.854811,39.958002,1163.522074,714.851696,34.802114,39.629629,1228.248112,793.875481,43.21148,43.429594
8190,0.426794,2,3,3,1328.88535,756.077966,22.48645,40.5481,3637.43545,3235.249916,26.994051,40.33421,1052.14223,1545.075188,25.940965,34.534101,1157.53063,1632.409533,31.181035,43.19603
8195,0.229663,2,3,3,781.50836,619.462832,34.598811,18.745342,2576.535316,2400.09327,37.248095,19.387618,799.064516,910.624813,35.063803,14.588239,1034.236126,1176.400664,43.050925,24.699003
8200,0.511579,2,3,3,1643.598313,1144.618563,32.150907,35.487668,4428.554175,4280.286362,35.908346,36.121912,1434.611157,1825.341761,34.134036,31.583974,1270.52042,1700.233805,39.487432,39.368082
8201,0.254221,2,3,3,554.839886,835.029722,20.627629,31.891983,2184.479927,2295.44025,20.96504,35.628024,939.107504,709.67864,15.682915,34.174864,897.987912,649.872604,24.592302,39.478297
8209,0.251067,2,3,3,804.840185,642.045485,27.445927,34.442716,2240.151061,2238.936168,30.6944,35.712625,779.452692,908.399041,28.348907,31.412398,654.637263,848.188612,33.993523,39.359245
8213,0.251587,2,4,4,55.342562,51.784316,19.981513,31.387054,242.15323,237.814638,19.901118,31.304607,104.381691,88.3927,18.599055,30.865665,106.083367,93.789271,20.50857,31.717363
8221,0.250835,2,3,3,658.843592,809.78019,29.320238,32.095,2224.329087,2242.206811,30.72795,35.696551,871.525349,810.964052,27.188557,32.721082,850.718698,674.671707,33.895182,39.460962
8229,0.250265,2,3,3,836.038372,708.225054,26.980662,33.508709,2395.573035,2434.508693,30.226222,35.086809,873.896702,911.284331,27.124291,31.333159,794.339562,987.189949,33.912817,39.260683
8232,0.251303,2,3,3,859.462049,724.787581,31.401957,28.508535,2445.700407,2468.886515,35.083353,30.062669,890.926773,922.553242,31.662018,26.569918,812.082159,1004.298784,39.382629,33.81601
8233,0.250419,2,4,4,143.328146,98.181683,36.688469,21.119837,481.32252,433.590916,37.590192,20.746599,159.799487,186.851342,36.408212,16.296595,167.486077,185.989297,39.526515,23.37997
8252,0.250126,2,3,3,453.208638,521.361524,37.273324,30.013832,1798.83943,1811.532618,37.641583,31.734714,653.116557,594.386954,33.413044,29.137919,903.783251,885.474192,42.823357,36.397941
8253,0.263387,2,4,4,223.549893,342.939998,34.139009,16.729437,694.94287,704.14173,34.768059,21.038982,369.810379,302.173815,32.256854,18.356578,215.358281,229.832295,35.656278,22.468971
8254,0.252552,2,4,4,287.759171,150.792535,33.055175,20.931055,520.7647,480.611188,35.110845,21.457722,246.110181,331.714235,33.892466,16.85422,156.262981,171.691133,35.674242,22.137725
8255,0.250968,2,3,3,533.053886,487.018678,35.459725,30.80309,1860.237715,1878.63837,37.340182,31.447228,637.770573,676.078,33.810022,27.486868,883.794339,873.042106,42.859776,36.436362
8263,0.506974,2,4,4,384.57118,617.987028,34.428356,32.723448,1180.065571,1205.802092,34.961464,34.931225,669.489224,527.875415,32.602622,33.663883,349.879808,376.344729,35.668309,35.663606
8275,0.254767,2,4,4,140.012513,111.643102,24.146136,37.812341,475.755772,444.459026,25.061254,37.921448,173.840943,186.589376,23.116107,35.538754,174.920684,173.586063,26.933942,39.522099
8279,0.245874,2,4,4,202.987089,307.580388,23.392526,32.586339,536.580216,615.817799,24.276526,34.853766,320.903859,313.465423,21.611363,32.786563,129.866885,119.910843,24.85541,35.683609
8286,0.028182,2,4,4,36.846096,32.76063,35.917823,36.607389,142.81701,133.785443,36.288549,36.651246,47.149147,52.198617,34.510763,33.582512,66.672452,68.001047,39.287369,39.273646
8292,0.265439,2,4,4,160.310025,166.205614,32.770456,22.064731,595.561178,595.974813,33.255015,22.850918,232.856998,199.440427,30.696382,21.183724,293.979918,292.701584,35.411565,25.197849
8293,0.248578,2,4,4,409.998117,268.389336,30.734127,22.425951,918.899531,873.055353,33.971839,23.372241,358.790965,400.139618,32.090108,20.156049,276.506114,300.304549,35.621614,24.882521
8300,0.23807,2,3,3,290.728987,441.492171,31.354881,33.676217,1116.3371,1312.944931,31.658602,36.190582,543.174023,335.073848,27.139066,36.235631,598.208804,514.127613,33.591997,39.381402
8301,0.315323,2,3,3,662.438859,447.837027,28.477888,35.822152,1964.070123,1694.619233,31.300729,36.342546,506.946491,801.377015,31.275489,30.745943,776.691081,892.670745,34.841326,39.202788
8304,0.36494,2,3,3,392.936548,229.675272,33.572675,38.767576,1095.121598,1025.272793,34.663583,38.625007,280.911646,555.412514,34.668301,35.74265,374.858498,519.061988,35.628951,39.528068
8310,0.253305,2,3,3,534.681764,507.837823,17.714108,36.161129,1889.15758,1927.714142,19.578299,37.066875,661.471932,677.669775,15.570023,33.048601,918.014105,889.639156,25.639941,42.863474
8317,0.248656,2,3,3,940.130036,738.703996,33.085391,18.355455,2813.784151,2713.969336,37.158623,19.678588,854.376834,1021.062594,35.226009,14.734409,1596.077032,1739.090182,42.536181,24.99116
8328,0.36077,2,3,3,1257.562615,807.672242,21.841638,31.62637,3105.434727,2469.610819,28.968899,34.65534,797.456564,1282.30665,28.983367,25.617577,1188.8254,1383.079085,35.126761,38.861304
8329,0.21167,2,3,3,465.059617,732.091924,31.852297,25.099047,1410.848547,1785.65362,34.872294,32.650981,737.262956,454.569541,25.964572,32.760523,800.45392,679.818207,38.881144,39.083364
8331,0.028803,2,7,0,38.005939,0,39.893121,0,135.512009,0,40.721655,0,44.834858,0,39.134617,0,100.584234,0,42.871258,0
8332,0.063564,2,3,3,247.42726,175.114634,12.348727,16.632783,667.480154,544.034405,17.467005,19.376481,176.022868,260.862348,17.200898,12.404908,301.552954,361.910353,23.547023,23.255974
8342,0.080028,2,2,0,144.130558,0,40.717593,0,379.191093,0,44.371267,0,150.706938,0,40.855817,0,179.384663,0,47.20443,0
8346,0.252479,2,4,4,291.012937,202.566383,18.482174,38.085147,820.179548,748.492376,21.166441,38.36673,280.170525,246.984869,19.311497,37.628535,444.137123,442.453065,23.382614,39.444137
8349,0.254126,2,3,3,310.469622,161.587558,20.468157,34.890166,875.132383,613.411395,21.93717,35.00381,338.822323,263.857631,20.30206,33.907532,331.740418,370.621689,23.157135,35.58488
8359,0.2798,2,4,4,219.215488,212.661385,38.151606,38.232577,575.154559,521.07756,38.999461,39.109223,200.287406,204.078252,38.507183,38.466974,244.465438,231.679811,39.594928,39.600264
8363,0.207885,2,4,4,139.962529,161.76763,20.004058,23.817999,495.926078,491.677043,20.482191,24.476813,166.090984,152.916753,19.53471,24.112396,211.882404,255.151681,21.669537,25.148117
8364,0.540877,2,6,0,214.532231,0,37.395625,0,785.684784,0,37.679044,0,441.597146,0,34.133288,0,387.650497,0,38.72565,0
8366,0.174332,2,3,3,434.576267,256.661273,38.110956,41.407282,1296.094375,1153.394352,40.4439,41.03437,467.833076,506.852719,37.958004,37.167303,522.552574,677.585138,43.344898,43.18363
8369,0.261162,2,3,3,790.350829,523.198934,36.086954,33.976686,2035.503958,1886.694789,40.171023,34.677329,761.510694,865.771231,37.136995,30.201411,752.756606,938.572234,43.36309,36.953334
8378,0.075324,2,4,4,72.556872,46.9948,37.470907,38.664848,175.532862,194.920254,38.827974,38.651487,49.214385,100.74934,38.684745,36.132854,72.006664,81.269865,39.584681,39.567831
8381,0.322601,2,3,3,923.419952,996.149192,14.471333,33.712251,2372.228013,2618.414441,19.753894,37.806128,959.339954,1273.262756,14.72742,31.113241,987.220844,1374.045858,23.934001,40.875208
8385,0.234967,2,3,3,333.348839,306.389738,24.739217,37.841326,881.797738,867.066628,25.991345,38.637516,465.469882,273.47709,23.204527,38.273324,418.626374,411.434424,26.740824,39.320856
8386,0.223289,2,3,3,260.185668,346.622651,37.803578,36.905927,751.646516,820.573682,38.417564,38.301622,288.476447,408.332291,37.689348,36.434495,384.118334,361.238153,38.974168,38.98214
8400,0.686067,2,3,3,1703.125805,2596.350643,46.619935,43.993705,4874.604569,5976.101154,49.818576,52.467824,2398.381027,1628.7287,42.604891,51.88959,3212.154462,2658.07099,52.680918,57.449434
8408,0.421946,2,1,0,1735.820013,0,68.569215,0,8534.373742,0,66.480432,0,4077.20011,0,44.248137,0,6356.318868,0,70.823124,0
8411,0.176202,3,3,3,232.838414,272.923553,19.216023,39.127705,598.941953,660.48119,21.185814,41.857226,253.570671,198.34822,19.037585,41.291257,275.051579,190.204608,22.315155,43.527878
8413,0.318791,3,6,0,149.437643,0,36.876444,0,584.903708,0,37.050166,0,322.101087,0,32.179343,0,342.140877,0,38.571805,0
8414,0.130646,3,3,3,86.691319,234.748603,19.158128,44.433379,462.878069,685.217697,18.613899,45.876373,230.462731,247.60681,15.173438,44.454515,341.421302,372.188145,19.637528,47.320631
8416,0.744413,2,1,0,8526.019187,0,47.666421,0,24670.777429,0,62.175066,0,9084.503618,0,47.321334,0,13336.787681,0,70.946094,0
8417,0.076294,2,7,0,86.354042,0,9.32113,0,252.402267,0,10.885007,0,83.170948,0,9.832131,0,180.876049,0,12.271536,0
8421,1.071049,3,7,0,124.488637,0,47.510381,0,623.259863,0,47.492588,0,505.157371,0,47.046246,0,574.735107,0,47.529131,0
8422,0.344047,2,6,0,115.85687,0,37.776131,0,630.105194,0,37.056071,0,354.840804,0,31.960452,0,464.86338,0,38.415433,0
8423,0.442629,3,7,0,24.096734,0,47.540618,0,123.930766,0,47.535688,0,208.477953,0,47.047544,0,96.732198,0,47.546209,0
8424,0.298791,3,6,0,145.581427,0,36.733585,0,780.911678,0,35.466756,0,206.074332,0,35.311237,0,435.295079,0,38.347938,0
8427,0.505578,3,3,3,774.398056,728.968377,32.982459,33.357013,2006.11851,1969.748571,35.091334,35.145046,709.686857,783.923519,33.820646,33.264228,989.938599,1140.744843,36.525026,36.468885
8431,0.246496,2,3,3,534.082426,702.175914,33.193433,30.934906,2494.755357,2438.583811,32.266311,32.447358,922.261636,766.477742,28.452695,30.623906,1265.561633,1359.888496,36.355241,36.271444
8446,0.256346,2,4,4,141.576995,40.389319,16.846178,31.530573,408.168599,356.310444,18.787644,30.837215,134.424036,164.003309,17.565989,29.142445,104.522509,135.4861,20.646705,31.68671
8448,0.429824,2,3,3,541.277914,251.070631,36.542861,35.546857,1367.704459,1030.82974,38.360287,35.550604,363.552299,519.879366,38.279322,33.842331,510.372941,658.079193,39.563394,36.109384
8456,0.253967,2,4,4,432.595183,285.717529,13.425526,33.113707,990.78677,936.762681,18.999951,33.978689,380.848744,423.09402,15.566639,31.105005,304.008869,337.118033,22.118121,35.590424
8476,0.215301,3,3,3,454.927772,349.717807,16.138032,35.241254,1107.059893,1054.147004,20.491671,37.085056,354.940484,460.102656,19.040741,33.347384,458.249977,500.90367,23.096288,39.369394
8490,0.446667,2,6,0,138.986003,0,37.923585,0,305.827398,0,38.570436,0,114.946505,0,38.269066,0,194.230783,0,38.807897,0
8503,0.262865,2,3,3,590.855553,303.096986,16.386815,36.989845,1915.299013,1694.01515,19.156132,35.134899,564.611966,667.296048,17.651765,30.760885,868.823056,1118.067215,24.642242,38.693353
8507,0.282581,2,4,4,143.104528,79.570335,19.434907,34.966611,422.981111,426.310214,21.220238,34.506559,127.402518,170.551545,20.49813,33.052596,188.895874,233.868179,22.974506,35.533604
8511,0.371988,2,4,4,210.657074,241.011196,20.763699,32.390882,772.556703,826.465465,21.649907,33.297188,286.480125,303.314656,18.2768,31.264854,440.841759,386.126033,24.810899,35.444752
8516,0.250267,2,4,4,65.488211,73.660266,21.160969,34.903709,203.009731,241.735959,21.590815,35.178507,89.218455,140.734463,20.493884,33.36371,135.534121,111.602677,22.013405,35.648442
8519,0.142977,2,4,4,10.40826,47.016213,19.501944,23.573209,70.43475,131.389691,19.476797,23.703811,31.998053,51.636656,19.377443,23.55416,36.044031,30.203,19.511036,23.800515
8521,0.051286,2,7,0,53.110758,0,41.18511,0,189.334452,0,41.738962,0,75.440468,0,39.547585,0,104.991964,0,43.332986,0
8522,0.562227,2,1,0,2579.302043,0,67.423835,0,6996.961643,0,70.275025,0,2398.446049,0,68.746454,0,3909.621463,0,71.174095,0
8523,0.236581,2,6,0,432.552151,0,22.670047,0,866.083073,0,32.890705,0,211.886829,0,33.353299,0,351.848927,0,38.32775,0
8524,0.130844,2,1,0,681.704679,0,65.495982,0,2053.461218,0,69.164066,0,752.80804,0,64.681825,0,1200.59513,0,71.132238,0
8530,0.112158,2,6,0,231.571676,0,25.029957,0,569.577693,0,35.537963,0,195.403295,0,30.008751,0,262.51417,0,46.036757,0
8531,0.168338,2,6,0,147.296858,0,30.355122,0,311.793072,0,34.008626,0,108.74263,0,32.790112,0,39.922132,0,35.684861,0
8532,0.20937,2,6,0,249.085028,0,27.134891,0,675.464329,0,31.240613,0,229.5197,0,28.734644,0,440.394362,0,34.767132,0
8536,0.273755,2,1,0,1309.727819,0,49.34518,0,4684.561073,0,53.687034,0,2146.653157,0,28.299433,0,3562.338381,0,61.594627,0
8537,0.324771,2,6,0,577.533337,0,23.16598,0,2077.378951,0,25.49864,0,730.821283,0,19.922841,0,1439.597896,0,34.990119,0
8538,0.723518,2,1,0,2174.914053,0,59.273562,0,7753.067777,0,60.46617,0,4045.365688,0,45.460384,0,6207.937403,0,62.208281,0
8540,0.196769,2,6,0,300.602789,0,25.77548,0,908.26484,0,30.313767,0,403.039141,0,21.649199,0,616.004938,0,36.760287,0
8541,0.724997,2,1,0,1226.79094,0,70.692313,0,5160.857044,0,70.65344,0,2911.14526,0,63.677888,0,4470.590249,0,71.130331,0
8542,0.339908,2,6,0,145.132291,0,37.184996,0,813.024145,0,35.953313,0,395.891939,0,30.550947,0,578.829061,0,38.174323,0
8544,0.636715,2,6,0,714.127073,0,30.30722,0,2087.188827,0,33.87564,0,654.294524,0,31.999765,0,1104.770803,0,38.149923,0
8545,0.36104,2,1,0,1476.110976,0,61.733297,0,4482.661627,0,67.596238,0,1706.235709,0,58.944827,0,2686.390855,0,71.06642,0
8547,0.097389,2,6,0,50.156289,0,38.201646,0,247.916435,0,37.934988,0,110.835038,0,36.326585,0,109.894138,0,38.774618,0
8549,0.336458,2,6,0,665.087874,0,21.25478,0,1663.182047,0,29.414442,0,433.207746,0,29.238749,0,820.290143,0,37.527077,0
8553,0.253451,2,7,0,334.590267,0,18.693681,0,1192.501846,0,20.141191,0,393.974475,0,17.459443,0,885.525651,0,23.979544,0
8557,0.216496,2,7,0,285.673921,0,39.893124,0,1018.584149,0,40.72166,0,337.003902,0,39.134617,0,756.04743,0,42.871261,0
8562,0.09963,2,7,0,143.243168,0,12.363277,0,477.744648,0,13.302973,0,157.396741,0,12.162681,0,264.86003,0,14.910268,0
8563,0.325461,2,6,0,497.317182,0,25.771742,0,1372.803177,0,31.400726,0,657.143476,0,21.910074,0,682.160705,0,37.851198,0
8564,0.096568,2,7,0,10.51539,0,43.583618,0,67.660989,0,43.561762,0,31.245418,0,43.483905,0,14.953405,0,43.59908,0
8565,0.248519,2,1,0,2719.427654,0,50.090664,0,7125.131668,0,65.453879,0,2089.185644,0,62.541696,0,3807.332844,0,71.052285,0
8567,0.095736,2,7,0,68.639294,0,42.364726,0,235.950735,0,42.716129,0,90.345834,0,41.758891,0,106.156121,0,43.516357,0
8568,0.360545,2,6,0,219.171443,0,35.712467,0,886.316978,0,35.810316,0,432.94678,0,30.165691,0,580.688093,0,38.242126,0
8569,0.461739,2,7,0,197.478844,0,43.128789,0,569.530363,0,43.359182,0,124.741157,0,43.422202,0,201.590367,0,43.585743,0
8572,0.550817,2,7,0,218.061317,0,43.192518,0,25.537516,0,43.599522,0,54.972262,0,43.573099,0,25.658934,0,43.599797,0
8574,0.153184,2,6,0,115.360264,0,34.316546,0,376.151728,0,35.81623,0,82.940531,0,36.541264,0,158.867378,0,38.589839,0
8575,0.056318,2,7,0,24.30417,0,43.120748,0,4.39446,0,43.598723,0,3.048746,0,43.591587,0,1.403258,0,43.599939,0
8576,1.15259,2,1,0,12779.584616,0,49.405137,0,33041.99821,0,65.455619,0,8929.300078,0,64.476872,0,16996.76089,0,71.070562,0
8577,1.137268,2,7,0,490.792645,0,43.120746,0,88.740677,0,43.598721,0,61.565661,0,43.591582,0,28.337062,0,43.599936,0
8578,0.444659,2,6,0,707.96057,0,25.085595,0,2048.467714,0,30.338633,0,707.576913,0,26.044167,0,950.838964,0,37.81315,0
8580,0.229313,2,7,0,52.736126,0,43.453943,0,68.05218,0,43.583841,0,32.637591,0,43.547236,0,35.755591,0,43.597983,0
8581,0.410084,2,6,0,347.141234,0,33.346401,0,180.210979,0,38.734779,0,33.66114,0,38.791679,0,80.999317,0,38.848355,0
8582,0.866521,2,7,0,269.167257,0,43.342083,0,289.173746,0,43.579808,0,56.600636,0,43.587975,0,99.872168,0,43.598864,0
8583,0.896696,2,1,0,8191.756705,0,44.187807,0,22717.979461,0,61.639727,0,5806.699506,0,61.811327,0,11933.756037,0,70.954381,0
8584,0.351691,2,6,0,63.99001,0,38.516884,0,157.719767,0,38.72987,0,52.322938,0,38.649297,0,154.79768,0,38.806687,0
8585,0.101589,2,7,0,70.839142,0,18.211102,0,106.395734,0,18.96782,0,35.873069,0,18.892467,0,65.955024,0,19.047692,0
8586,0.26307,2,1,0,2451.135859,0,43.031508,0,6782.902129,0,61.124493,0,1742.688547,0,61.150054,0,3616.876614,0,70.925138,0
8588,0.298756,2,6,0,267.519363,0,32.821675,0,761.585643,0,35.610672,0,190.876984,0,35.752873,0,408.92541,0,38.404493,0
8589,0.091557,2,7,0,117.634485,0,40.061359,0,304.946415,0,42.057825,0,74.286932,0,42.203591,0,130.08766,0,43.466186,0
8592,0.651454,3,7,0,277.002619,0,47.088427,0,521.78583,0,47.444759,0,84.123101,0,47.506598,0,26.106076,0,47.54985,0
8593,0.444515,3,6,0,397.54761,0,32.833612,0,1178.816422,0,35.380058,0,370.928778,0,33.958443,0,936.452727,0,37.841646,0
8594,0.815444,3,1,0,6219.371191,0,55.908224,0,16942.177171,0,66.840727,0,4150.645594,0,67.479691,0,8454.550534,0,71.113371,0
8595,0.281316,3,6,0,183.308202,0,35.30904,0,810.988078,0,34.843646,0,226.853028,0,34.230094,0,382.162793,0,38.410896,0
8596,0.481476,2,1,0,4102.807531,0,48.103242,0,11280.278332,0,63.672444,0,2852.504118,0,64.054504,0,6006.275142,0,71.003639,0
8597,0.064061,3,7,0,58.947628,0,9.424855,0,193.06787,0,10.130597,0,52.004358,0,10.009704,0,87.025488,0,11.235576,0
8598,1.837035,3,7,0,493.377771,0,47.356099,0,240.6237,0,47.54662,0,9.915079,0,47.549897,0,0,0,47.549999,0
8599,1.236635,3,1,0,10237.597768,0,52.217822,0,29258.15195,0,64.587954,0,7291.755076,0,65.21105,0,14501.433918,0,71.067284,0
8600,0.120836,3,4,4,62.602687,69.512504,29.903508,15.602236,218.618999,226.742522,30.37837,16.411482,66.757767,54.368721,29.879894,16.592885,109.659314,103.575013,31.587108,17.659164
8601,0.077439,3,4,4,50.428536,60.324916,11.822999,10.882199,148.428623,172.396723,13.005615,12.562466,38.383352,50.764002,12.991052,12.046631,74.549168,88.058692,14.135105,14.089538
8602,0.203978,3,7,0,167.006985,0,45.984731,0,448.628918,0,46.841783,0,105.535582,0,46.950605,0,195.551265,0,47.487203,0
8605,0.451629,3,4,4,21.048348,10.222078,31.729825,31.744882,75.314048,59.82703,31.734547,31.74002,22.981985,30.565611,31.728614,31.713254,38.741542,42.697944,31.748148,31.747771
8606,0.328642,3,7,0,208.2841,0,32.265877,0,599.004085,0,32.735635,0,151.188175,0,32.75172,0,274.280362,0,33.12468,0
8608,0.048531,3,4,4,38.513454,35.14661,8.612512,40.459063,117.667733,105.058332,10.00954,42.482694,43.753481,40.598358,8.203132,39.712794,60.723414,67.971289,11.745158,44.654795
8612,0.239987,3,7,0,95.036221,0,47.146291,0,401.447614,0,47.126402,0,176.446686,0,46.395212,0,229.54705,0,47.487472,0
8613,0.188398,3,6,0,80.215121,0,37.193551,0,213.176796,0,38.116765,0,46.642027,0,38.310375,0,89.51359,0,38.798362,0
8614,0.452089,3,7,0,177.66067,0,47.15209,0,482.776927,0,47.368519,0,121.98109,0,47.374451,0,218.612194,0,47.532876,0
8617,0.235691,3,4,4,34.840328,40.337511,31.570089,31.512776,123.231379,133.552427,31.615025,31.592849,43.895604,37.796058,31.500212,31.56165,74.939731,60.403988,31.727694,31.735189
8618,0.257895,3,4,4,90.314793,74.542666,38.519787,38.858252,226.690012,208.673147,39.200924,39.265674,59.936049,73.784896,39.176841,38.951713,87.685177,112.334793,39.618362,39.599371
8622,0.245993,3,3,3,439.554696,308.521135,37.914577,34.280258,1016.60246,910.974947,41.519178,35.496293,321.889499,426.480584,40.579901,32.66064,446.727148,489.792583,43.406769,36.729036
8623,0.128418,3,3,3,144.505314,245.57963,41.043628,27.388528,510.929835,588.965096,41.657567,30.519636,237.838766,156.609212,38.111795,30.398133,283.694346,236.951336,43.320159,32.233583
8624,0.136223,3,4,4,48.974972,61.082572,42.295511,15.468088,181.133292,225.859297,42.530312,16.020724,82.456223,81.804711,40.578963,13.885999,113.557173,101.850643,43.409499,18.157137
8625,0.145461,3,4,4,83.611322,33.677097,40.549655,18.297749,322.350899,248.660027,40.885915,16.525812,80.755087,111.613905,41.009405,12.230058,115.742714,155.724091,43.425557,18.670619
8628,0.263332,3,3,3,475.543332,332.677843,20.534807,40.460188,1088.851938,977.286141,24.690532,41.888667,346.565933,458.593685,23.618518,38.648755,480.282949,527.144144,26.557826,43.367691
8631,0.273536,3,3,3,341.306789,242.208193,23.968723,41.943163,1155.152379,1026.777846,24.980946,41.852746,358.305851,478.317815,24.020691,38.614518,575.010903,537.839259,26.899523,43.37543
8632,0.336408,3,3,3,298.909492,431.809821,27.53265,40.371019,1246.177136,1436.36969,27.49094,41.392821,603.704419,445.081433,23.468067,40.52047,664.211875,677.342778,28.976788,43.365132
8635,0.291128,3,3,3,327.585083,546.494386,25.158122,37.435196,1153.850503,1323.015418,25.85326,41.130922,532.660653,354.692929,21.934873,40.939727,634.447697,540.024319,27.5157,43.398862
8638,0.120294,3,3,3,292.395032,252.587239,10.480181,11.947766,793.358148,768.810742,14.242958,14.466202,265.030119,312.491493,12.034471,10.3833,369.409334,371.417227,17.955073,17.95126
8641,0.257981,3,4,4,105.02065,93.700136,41.961191,23.124373,371.14948,291.833465,42.36249,24.061782,138.938402,134.629855,41.146487,21.329989,158.939508,170.134074,43.492547,25.075032
8642,0.355385,3,3,3,192.980929,330.533238,46.819596,40.113231,675.751158,804.691986,47.010963,41.193906,347.1088,262.291037,45.602978,40.832481,374.810988,315.083981,47.474738,41.782157
8650,0.079787,3,3,3,72.692594,104.265775,13.371597,43.915789,303.78269,309.44561,13.335324,45.527581,123.015735,102.441497,11.584393,44.365066,157.878307,165.352259,14.400808,47.279494
8652,0.351521,3,3,3,266.40769,175.449287,45.424909,40.64302,638.71626,575.721618,46.273301,40.825466,204.79629,335.405963,46.023779,39.571189,243.965849,281.287405,46.726551,41.1244
8653,0.40882,3,3,3,242.701589,354.781218,41.126644,40.353703,810.790673,890.127698,41.368723,41.272337,439.700591,272.627337,39.838819,41.03907,411.457308,360.813343,41.805968,41.818555
8657,0.590018,3,3,3,655.393106,470.773698,33.065877,45.292061,1604.494523,1349.899451,34.890568,46.010218,476.557937,751.162441,34.553049,43.674669,592.812429,778.4382,35.830571,46.646841
8660,0.105714,3,3,3,157.575008,140.880595,13.967822,43.788879,417.051402,421.170312,16.030066,45.426361,165.762967,165.758787,14.009986,43.033678,208.344584,231.814759,17.363785,47.249039
8662,0.239177,3,3,3,142.505483,254.506584,39.201752,46.348537,598.565831,837.666013,39.189469,46.758038,290.767241,179.287727,38.405209,46.988411,420.280206,394.458351,39.446415,47.468554
8664,0.775951,3,1,0,3967.068768,0,55.679236,0,9976.878716,0,67.785363,0,2555.388039,0,67.829564,0,5008.375863,0,71.131681,0
8665,0.103649,3,6,0,96.029307,0,32.484042,0,302.425361,0,34.760462,0,82.362367,0,34.342851,0,173.845002,0,38.193478,0
8674,0.274951,3,3,3,158.234562,254.238383,27.945311,45.594432,540.472383,634.556242,28.166872,46.775041,265.981419,210.135116,26.833984,46.309336,301.155711,260.722399,28.568867,47.488491
8677,0.255316,3,3,3,277.675293,327.590771,44.927177,24.270624,1027.527008,1010.325818,45.387056,25.815573,404.946937,356.676732,42.943909,24.075105,530.059224,565.239349,47.278588,27.551688
8678,0.367897,3,3,3,165.942232,368.058397,41.563057,29.572311,569.70816,746.494469,41.691107,31.303568,332.356062,232.317965,40.534518,31.049347,367.631912,297.300033,41.942402,31.7898
8682,0.216564,3,3,3,226.363699,261.713522,45.107933,44.384292,876.286434,859.35662,45.365792,45.441745,342.685785,304.705416,42.962281,43.807773,460.417826,496.156748,47.26613,47.223107
8685,0.056863,3,4,4,39.021574,38.3578,6.126895,35.981467,91.953516,95.041208,8.498695,38.167533,30.90668,30.426426,7.558603,37.444574,42.807503,40.434399,9.792171,39.521778
8687,0.049958,3,3,3,147.815019,220.298081,49.113504,17.659799,435.028986,519.448279,52.939477,23.127565,219.386359,149.185995,43.163934,22.343973,273.356171,232.151536,57.044416,26.257574
8689,0.094466,3,6,0,95.043433,0,31.604635,0,218.401081,0,36.12232,0,50.114738,0,36.624389,0,108.637408,0,38.531722,0
8690,0.91337,3,1,0,4170.380054,0,67.323801,0,10695.837838,0,77.188702,0,2913.760613,0,76.59191,0,5550.245002,0,79.937725,0
8692,0.208608,3,4,4,75.049364,127.081047,46.125559,17.964579,462.066822,522.412383,44.592581,17.981887,171.397839,116.877453,41.966653,19.31903,288.992529,233.193351,47.008486,23.53437
8693,0.324018,3,6,0,244.867887,0,34.289787,0,752.89166,0,36.097886,0,350.58794,0,31.428535,0,494.164852,0,38.30206,0
8694,0.473658,3,1,0,2425.90571,0,62.476441,0,6419.639476,0,75.437431,0,1706.378042,0,74.916814,0,3471.966072,0,79.880698,0
8695,0.055429,3,7,0,32.087861,0,12.919705,0,113.391871,0,13.03252,0,32.896057,0,12.946801,0,55.600713,0,13.286681,0
8696,0.641992,3,7,0,186.024635,0,47.326145,0,674.24639,0,47.374149,0,147.785112,0,47.420049,0,0,0,47.55,0
8697,0.214613,3,6,0,260.669142,0,29.254841,0,676.82073,0,34.186352,0,189.205184,0,33.493353,0,464.460327,0,37.789667,0
8698,0.275332,3,6,0,104.351032,0,37.512657,0,355.37661,0,37.910722,0,113.997666,0,37.433239,0,276.183312,0,38.606314,0
8699,0.828358,3,1,0,3928.607448,0,65.854136,0,10157.83545,0,76.721157,0,2641.235479,0,76.597591,0,5241.043021,0,79.928362,0
8700,0.313534,3,1,0,1867.799371,0,48.308063,0,4833.533807,0,65.048897,0,1276.124533,0,64.514757,0,2662.281369,0,71.023317,0
8701,0.11467,3,6,0,39.447566,0,37.732578,0,88.573572,0,38.496588,0,26.355841,0,38.381857,0,95.701788,0,38.680782,0
8702,0.83396,3,1,0,4681.211294,0,51.389375,0,12212.39794,0,65.980108,0,3202.645947,0,65.640545,0,6385.308261,0,71.076518,0
8703,0.161279,3,1,0,973.965273,0,47.567259,0,2544.23956,0,64.58478,0,659.285981,0,64.422834,0,1311.47962,0,71.047882,0
8704,0.249531,3,6,0,329.246086,0,28.072555,0,994.544283,0,32.028233,0,265.611181,0,31.613567,0,539.18706,0,37.792745,0
8706,0.436929,3,6,0,594.94988,0,27.600278,0,1626.052773,0,32.731075,0,491.438894,0,30.975891,0,744.338258,0,38.173822,0
8707,0.140092,3,3,3,619.842669,455.839078,41.766994,47.6677,1462.511115,1249.294456,51.104786,52.726599,421.190725,609.816039,49.686,43.347596,645.940689,736.254397,57.306561,57.113796
8709,0.133867,3,3,3,590.308794,354.115238,41.841748,50.59959,1391.909024,1067.894201,51.151165,53.657548,399.757476,498.665845,49.777305,46.347184,622.071207,732.482785,57.296337,57.044416
8710,0.094768,3,6,0,44.874352,0,36.84005,0,224.138469,0,36.010307,0,68.533766,0,35.009929,0,221.521149,0,37.626298,0
8713,0.208377,3,6,0,65.328297,0,37.910447,0,152.244252,0,38.532738,0,138.84858,0,35.516779,0,0,0,38.859999,0
8714,0.530009,3,6,0,700.40519,0,28.049722,0,1894.570486,0,33.115942,0,458.650271,0,33.654755,0,815.992052,0,38.292113,0
8715,0.528376,3,1,0,2722.559285,0,55.347124,0,6871.301907,0,67.654859,0,1877.123869,0,66.876855,0,3497.051073,0,71.125468,0
8717,0.129616,3,3,3,145.069235,158.805789,44.788785,44.306239,540.416775,542.434208,45.244044,45.228459,237.558792,196.292273,41.66781,43.296538,322.120678,255.429548,47.168903,47.30404
8718,0.438441,3,6,0,250.932928,0,36.02825,0,1277.066904,0,34.772475,0,710.78864,0,25.738617,0,984.88649,0,37.713458,0
8719,0.406772,3,1,0,1855.30657,0,59.953391,0,4694.951299,0,68.81645,0,1300.794957,0,68.142343,0,2373.37705,0,71.151857,0
8720,0.319545,3,6,0,189.057273,0,35.858161,0,467.365354,0,37.664047,0,113.368592,0,37.786073,0,250.468319,0,38.700842,0
8721,0.271101,3,1,0,1298.059771,0,58.263442,0,3552.837618,0,67.563637,0,1064.986256,0,65.223588,0,1798.15786,0,71.124911,0
8733,0.188935,3,3,3,93.78449,193.446517,46.932674,45.197285,420.174292,751.333731,46.82695,45.433508,184.537389,297.937741,45.602938,42.989357,280.441127,393.577758,47.406145,47.276849
8738,0.453531,3,6,0,9.693147,0,38.858416,0,31.583781,0,38.858985,0,4.50749,0,38.85967,0,19.445276,0,38.859829,0
8743,0.343014,3,3,3,424.495976,440.182094,38.751572,44.029987,1423.324651,1414.053012,39.664927,45.290796,619.285327,524.229963,36.522522,43.228894,809.08573,652.577298,41.359633,47.319883
8746,0.195098,3,4,4,67.292107,58.339429,19.454478,19.893294,150.994758,132.564209,20.67672,20.787271,44.480827,40.000883,20.52178,20.646627,57.691982,57.571758,21.094887,21.094971
8747,0.144904,3,3,3,150.283838,147.241377,19.135279,33.900337,493.297462,486.367677,19.876768,34.490465,216.529863,193.048214,17.478615,33.047126,278.568546,234.64773,20.957176,35.491276
8751,0.242294,3,3,3,174.827839,293.993295,26.103456,36.947284,530.608857,637.306504,26.610471,38.814723,273.665089,200.170694,24.76811,38.446913,305.164461,248.583353,27.097448,39.547773
8756,0.044994,3,7,0,33.998062,0,46.199801,0,116.89489,0,46.583493,0,26.630822,0,46.778902,0,56.397698,0,47.445579,0
8757,0.07688,3,1,0,279.598313,0,65.591951,0,1053.367018,0,66.992429,0,453.511898,0,51.759695,0,719.943951,0,70.952085,0
8766,1.954974,3,1,0,6052.612053,0,76.27014,0,24509.011975,0,76.471236,0,11684.27189,0,57.428382,0,16406.568238,0,79.809372,0
8767,0.831017,3,1,0,1944.815471,0,78.545417,0,8487.289252,0,78.227586,0,4067.568832,0,66.859126,0,5706.679271,0,79.90484,0
8768,0.3379,3,6,0,66.952915,0,38.457168,0,454.833479,0,37.833987,0,115.91004,0,37.85092,0,276.912839,0,38.686857,0
8769,0.219901,3,7,0,214.31028,0,21.15484,0,667.181886,0,22.663966,0,192.909981,0,22.124211,0,370.453347,0,24.394711,0
8770,0.997474,3,7,0,324.240374,0,47.27182,0,1365.450777,0,47.25976,0,907.769489,0,45.838818,0,1249.0831,0,47.445768,0
8771,0.283446,3,6,0,105.973091,0,37.545915,0,387.736195,0,37.802938,0,73.904301,0,38.254411,0,194.660002,0,38.73608,0
8772,0.41706,3,1,0,1058.676868,0,78.08287,0,4820.878473,0,77.308416,0,2184.443252,0,64.070586,0,3205.779736,0,79.859361,0
8773,0.326317,3,7,0,306.146862,0,31.087647,0,1295.549662,0,30.97369,0,586.850999,0,26.802668,0,1041.749855,0,32.557675,0
8774,0.804518,3,1,0,1741.421794,0,78.885753,0,8199.04708,0,78.240436,0,4004.071173,0,66.211315,0,5631.50443,0,79.898312,0
8775,0.138281,3,6,0,113.818576,0,33.593763,0,453.582126,0,33.870356,0,201.246215,0,27.457211,0,441.453705,0,36.685215,0
8776,0.689901,3,7,0,79.400875,0,47.511117,0,476.074777,0,47.470665,0,236.67865,0,47.273533,0,0,0,47.550001,0
8777,0.199752,3,6,0,56.113155,0,38.085655,0,196.30054,0,38.288863,0,78.336813,0,37.568353,0,191.061595,0,38.628108,0
8778,0.352639,3,1,0,1053.56362,0,68.250444,0,4750.550178,0,67.21911,0,2268.292286,0,47.240766,0,3594.20548,0,70.867774,0
8779,0.874414,3,1,0,2366.809448,0,69.080659,0,10920.287164,0,68.099162,0,5281.59963,0,50.578451,0,8075.916784,0,70.963667,0
8780,0.183262,3,6,0,31.093027,0,38.559231,0,149.327259,0,38.458151,0,92.592043,0,36.811874,0,234.629658,0,38.458239,0
8781,0.252504,3,7,0,114.744406,0,29.96178,0,434.931978,0,30.029787,0,209.602863,0,29.049609,0,323.279564,0,30.31129,0
8782,0.271312,3,1,0,780.403457,0,68.601068,0,3609.409758,0,67.379544,0,1775.848699,0,46.270218,0,2853.147751,0,70.829886,0
8784,0.162498,3,6,0,81.616968,0,36.614522,0,355.56069,0,36.376865,0,173.003626,0,31.61137,0,379.839506,0,37.626294,0
8785,0.080916,3,6,0,63.682755,0,33.969515,0,250.493842,0,34.329282,0,112.432686,0,28.152836,0,189.140659,0,37.626299,0
8786,1.245091,3,1,0,4284.803211,0,66.505743,0,17903.163148,0,66.278327,0,8480.955395,0,43.986206,0,12869.25409,0,70.851312,0
8787,0.33576,3,6,0,358.329572,0,30.92024,0,1095.775781,0,33.912107,0,446.816331,0,28.777629,0,724.367469,0,37.795855,0
8788,0.646273,3,1,0,1534.340251,0,69.840529,0,7183.597467,0,69.099787,0,3542.060158,0,55.15105,0,5285.603055,0,71.04483,0
8789,0.199041,3,6,0,71.666517,0,37.633768,0,251.617518,0,37.946641,0,109.236445,0,36.484602,0,178.794549,0,38.654049,0
8790,0.878842,3,1,0,2521.420107,0,68.623294,0,10077.018538,0,68.868501,0,4561.486556,0,57.377463,0,7109.525036,0,71.050594,0
8791,0.270286,3,6,0,91.542341,0,37.76457,0,322.859657,0,38.037893,0,145.650612,0,36.560869,0,231.204255,0,38.672234,0
8792,0.199707,3,6,0,85.696477,0,37.169743,0,207.838786,0,38.224203,0,33.901792,0,38.589692,0,83.772987,0,38.811337,0
8793,0.11043,3,1,0,354.229105,0,67.468737,0,1398.133008,0,67.955252,0,632.679562,0,53.15827,0,987.806589,0,70.988428,0
8794,0.333733,3,6,0,237.649776,0,34.726087,0,582.107479,0,37.209008,0,145.096746,0,37.300024,0,269.226918,0,38.691938,0
8795,0.143806,3,1,0,503.097797,0,66.249084,0,1802.6659,0,68.060501,0,772.560746,0,55.997122,0,1190.447927,0,71.038193,0
8797,0.587266,3,3,3,333.195872,416.222765,57.03293,51.378161,1277.102807,1326.306617,57.154244,51.878688,494.342167,426.840761,56.191333,51.454367,711.886943,720.807767,57.880454,52.573527
8804,0.095486,3,3,3,47.399648,51.634482,39.135191,27.447549,264.97319,339.183956,38.739031,26.868188,75.448961,85.853894,38.549723,26.89749,132.510534,133.551415,39.544397,27.767632
8812,0.206218,3,3,3,64.107096,88.178613,32.9701,32.83041,612.725462,761.955919,32.301918,31.873044,159.430933,163.92516,32.282869,32.236354,255.035625,257.142165,33.069914,33.068889
8819,0.806189,3,3,3,168.111332,243.47177,41.213495,43.378036,1904.07283,2490.150794,40.623021,42.378483,447.781756,511.105758,40.730362,42.796162,726.598538,795.112507,41.267771,43.539231
8828,0.428349,3,4,4,16.66795,17.761061,43.594726,43.594052,227.847245,220.894596,43.548527,43.551465,45.937218,44.865774,43.567562,43.568984,60.329426,52.810513,43.598248,43.598641
8836,0.092783,3,4,4,42.833129,43.56223,31.333588,31.320202,246.719522,206.194901,30.971173,31.19221,77.267283,54.093278,30.629785,31.170986,120.670564,76.537239,31.663317,31.713445
8838,0.092107,3,4,4,32.335041,28.440621,31.501189,31.554697,165.594509,159.206438,31.37494,31.401656,58.31376,34.129943,31.07489,31.502655,66.223741,44.991725,31.721839,31.736484
8839,0.044652,3,6,0,1.059642,0,38.852781,0,5.86845,0,38.847324,0,1.327447,0,38.850065,0,1.86944,0,38.859385,0
8843,0.275673,3,4,4,16.151096,21.799007,25.864917,43.524439,217.832706,225.514097,25.383056,43.16859,49.531425,42.879306,25.50721,43.355838,69.455179,53.650038,25.887016,43.587944
8844,2.759835,3,1,0,9360.270661,0,66.722517,0,26753.486691,0,69.878967,0,7988.285708,0,69.008851,0,15756.186752,0,71.15536,0
8845,0.7896,3,1,0,2102.185543,0,77.747794,0,5743.05383,0,79.445739,0,1631.379188,0,79.219257,0,3312.078035,0,79.982783,0
8846,0.362051,3,6,0,264.030882,0,34.555867,0,876.346277,0,35.891975,0,299.922209,0,34.017458,0,548.31881,0,38.309328,0
8847,2.628269,5,1,0,9669.098147,0,75.193404,0,24241.336853,0,79.096141,0,6664.098958,0,78.863708,0,13403.323154,0,79.975636,0
8848,0.497014,3,6,0,505.236671,0,31.48825,0,969.14873,0,36.839742,0,233.330662,0,37.066329,0,449.823465,0,38.651105,0
8849,0.266843,4,4,4,260.387871,250.982167,49.686419,50.229473,689.588892,644.048195,54.65481,55.166242,207.467566,253.177261,53.245473,50.90529,355.700871,372.044584,58.57843,58.527166
8850,0.131422,4,4,4,179.986491,222.373704,20.734638,38.351119,543.911946,504.498631,22.776037,50.356278,214.439081,144.75498,19.652143,48.679201,335.37561,247.233892,24.856836,58.050995
8853,0.431577,3,6,0,275.489245,0,35.433252,0,826.911629,0,36.902648,0,251.059242,0,36.225509,0,401.736008,0,38.639708,0
8854,0.832054,3,1,0,1598.024898,0,70.542021,0,5035.399886,0,70.938518,0,1488.619257,0,70.776703,0,2929.645053,0,71.191646,0
8855,0.446082,3,6,0,128.14466,0,38.052743,0,316.946469,0,38.549505,0,91.848686,0,38.471132,0,148.016377,0,38.828814,0
8856,0.389829,3,6,0,573.449872,0,26.391253,0,1419.799371,0,32.939753,0,430.913777,0,31.18123,0,852.996221,0,37.767683,0
8857,0.09067,3,4,4,57.312627,100.691861,53.205674,45.926203,206.950254,397.818707,54.194914,46.66012,57.80055,173.626216,53.597077,34.854801,95.051402,250.370551,57.609239,55.623872
8861,0.367932,3,6,0,105.366513,0,38.057398,0,362.584348,0,38.285872,0,123.853794,0,37.885546,0,177.597177,0,38.796485,0
8862,1.723752,3,1,0,3805.777391,0,70.138828,0,11656.495654,0,70.816308,0,3438.868526,0,70.583948,0,6641.25979,0,71.188587,0
8863,0.5598,3,1,0,1083.855275,0,70.523502,0,3339.828645,0,70.951095,0,961.208268,0,70.832671,0,1917.07619,0,71.192416,0
8864,0.259454,3,6,0,26.553207,0,38.744337,0,135.568675,0,38.686224,0,30.050395,0,38.728796,0,50.357714,0,38.848738,0
8865,0.635771,3,1,0,1296.01146,0,70.39261,0,4125.275912,0,70.86731,0,1165.289633,0,70.739895,0,2300.639571,0,71.190817,0
8866,0.423268,3,6,0,316.433379,0,34.371987,0,822.444244,0,36.852528,0,225.202034,0,36.61267,0,413.097521,0,38.619108,0
8867,0.025972,4,4,4,14.628949,21.154642,6.906378,39.028408,78.852932,90.070534,6.719237,38.939034,26.830317,21.297958,6.374736,39.153483,49.78061,35.732467,7.079758,40.329073
8868,0.092403,3,3,3,37.343249,70.834445,39.300233,38.493783,229.67516,337.568634,38.90783,38.137852,50.006434,110.166645,39.106234,37.322524,80.874798,206.173002,39.605945,39.390687
8870,1.711638,4,7,7,198.968614,291.514737,53.44726,53.275787,1615.187416,1729.321935,53.019289,52.936152,517.726159,334.522481,52.70609,53.220239,776.733235,530.572143,53.544132,53.57437
8871,0.269866,4,4,4,128.867537,182.083655,27.446951,26.968909,577.288126,675.853391,27.359764,27.149531,200.782432,172.181463,26.887182,27.163927,398.82291,291.661979,27.802386,27.848695
8872,0.748329,3,1,0,966.01309,0,71.033075,0,3401.561005,0,71.102919,0,973.442973,0,71.059369,0,1977.602808,0,71.196915,0
8873,0.331865,3,6,0,44.431692,0,38.667683,0,114.002293,0,38.781477,0,31.197692,0,38.771642,0,53.3896,0,38.852112,0
8876,0.390262,3,6,0,24.797558,0,38.813156,0,110.24201,0,38.805821,0,47.512976,0,38.715796,0,73.044829,0,38.849485,0
8878,0.315387,3,6,0,85.689994,0,38.132319,0,251.102061,0,38.475281,0,87.656716,0,38.177635,0,135.05504,0,38.809395,0
8879,0.047487,4,4,4,7.375397,13.409815,10.61535,32.228909,60.139418,69.84118,10.553499,32.141738,19.88831,15.118148,10.493236,32.209254,19.845187,20.01679,10.629867,32.375338
8882,0.382677,3,6,0,140.493813,0,37.5891,0,600.775701,0,37.497844,0,370.952325,0,32.603828,0,453.867711,0,38.512087,0
8883,0.750028,3,1,0,1163.852379,0,79.645548,0,4924.894188,0,79.61052,0,2253.653666,0,77.208856,0,3666.62546,0,79.970719,0
8884,0.039975,3,1,0,87.549285,0,70.167751,0,339.0838,0,70.363031,0,143.37128,0,66.741261,0,232.637332,0,71.15229,0
8885,0.324465,3,6,0,294.025365,0,32.705235,0,1029.963967,0,34.135099,0,486.413391,0,26.998334,0,717.359849,0,37.74661,0
8886,0.687683,3,1,0,882.910364,0,71.03619,0,3650.191522,0,71.033894,0,1435.441612,0,70.480236,0,2481.57642,0,71.190904,0
8887,1.862438,3,1,0,2924.525164,0,70.871334,0,11721.113533,0,70.900629,0,4514.51591,0,69.999046,0,7619.786963,0,71.185949,0
8888,0.136678,3,6,0,28.113872,0,38.427834,0,102.24539,0,38.517856,0,41.82615,0,38.043561,0,62.816749,0,38.802129,0
8889,0.512293,3,1,0,699.060683,0,70.997727,0,2840.842072,0,71.006736,0,1085.016499,0,70.443354,0,1860.493492,0,71.190708,0
8890,0.677551,3,1,0,1029.963925,0,70.906194,0,4513.058869,0,70.835822,0,1633.701111,0,70.020544,0,2938.163031,0,71.1828,0
8891,0.353249,3,6,0,166.146707,0,36.864413,0,786.79759,0,36.297234,0,311.487597,0,33.491678,0,548.973069,0,38.282068,0
8892,0.742568,3,1,0,779.539401,0,71.118449,0,3292.191669,0,71.110966,0,1135.687998,0,70.953744,0,2066.103989,0,71.196313,0
8893,1.324159,3,1,0,1474.225273,0,71.100021,0,6244.740115,0,71.089714,0,2186.388594,0,70.879112,0,3932.150875,0,71.195379,0
8895,0.292213,4,4,4,198.162242,198.308545,57.683977,35.493093,456.674543,609.725935,58.661721,36.098483,137.174085,225.54576,58.492503,35.28006,225.574024,390.128437,59.104306,36.700314
8896,0.526996,5,4,4,380.748352,359.444483,43.687726,43.85833,1085.310599,834.478189,44.501598,44.802958,409.715317,258.194493,43.63618,44.608345,680.36308,365.912286,45.113039,45.19116
8897,0.437598,4,5,5,60.310867,77.781706,40.228657,31.355774,298.533351,277.615733,40.139576,31.433523,96.710235,90.187982,39.974364,31.293188,130.648979,145.331532,40.416071,31.638723
8906,0.561688,4,4,4,81.773986,62.49178,33.07628,40.318833,461.684072,383.440989,32.914613,40.178982,98.3645,115.922234,33.022989,40.084763,148.444083,199.812525,33.244253,40.410393
8907,1.445289,4,4,4,79.488162,65.621938,37.281022,40.420327,308.651607,397.721138,37.284217,40.395767,84.740918,82.441239,37.280625,40.411628,124.864027,120.557192,37.308878,40.440929
8908,0.580104,5,4,4,107.977353,94.629262,50.373454,36.471179,245.400197,244.856059,50.632363,36.700895,79.591095,119.330967,50.563536,36.304376,121.778772,159.847512,50.743021,36.813598
8912,1.108312,5,4,4,207.782506,180.047479,44.260112,50.460334,467.661665,467.65783,44.514548,50.632965,152.048314,227.590634,44.449301,50.342571,228.782546,302.988864,44.614451,50.73392
8916,1.231183,4,4,4,79.994198,77.705956,36.774425,40.400626,519.475882,476.465379,36.716609,40.35281,102.586912,116.514035,36.756133,40.361008,171.923228,220.378289,36.810181,40.434153
8918,1.630676,4,4,4,89.361464,173.292006,40.410589,36.407905,551.191568,638.668977,40.373222,36.432125,213.362991,129.450133,40.291517,36.468927,325.370998,262.954265,40.432125,36.522393
8922,0.802524,4,4,4,659.418071,466.997376,40.478247,44.232359,2365.275677,2098.165909,42.232587,43.474065,625.28166,703.297115,41.909928,40.375495,966.240966,1141.714657,48.009887,47.835711
8925,0.516744,4,4,4,130.165699,65.461414,32.206575,40.284232,608.019762,520.500246,32.048358,39.894049,137.644859,183.706898,32.207997,39.45216,180.582221,158.377641,32.727917,40.418426
8926,0.827975,4,4,4,112.115189,175.789954,35.109521,40.022236,782.381948,870.892291,34.807182,39.84768,235.483814,216.863038,34.636845,39.882444,188.722221,260.741936,35.262302,40.417128
8935,0.262778,4,3,3,443.561596,258.216015,43.201678,39.116601,1263.396196,1046.209306,45.716954,39.167184,341.111763,440.429557,45.463548,36.740426,684.91299,647.257901,48.113129,40.526629
8947,0.105468,4,7,7,6.255193,3.897839,59.113305,22.046009,23.340516,21.764031,59.121267,22.040654,7.847449,5.566883,59.095566,22.040779,10.283764,6.895697,59.15654,22.051345
8948,0.19359,4,4,4,23.757172,38.551377,24.758811,24.574221,213.645197,229.447787,24.32068,24.232128,66.186211,49.65149,24.058571,24.425439,97.639381,76.016883,24.822025,24.838102
8955,0.298077,5,4,4,151.737007,176.048636,47.482245,29.944941,329.708685,553.882428,49.175732,31.321094,118.491716,218.851787,48.526181,28.743469,224.281249,323.355572,49.772466,32.989486
8958,1.050812,5,4,4,620.535842,534.831448,49.030459,43.042294,1953.736977,1163.462768,49.38488,43.512515,771.77311,416.923987,48.717348,43.340219,1139.384291,791.16867,49.84421,43.662744
8962,0.944606,5,4,4,1085.471498,933.043507,47.09968,48.095986,2714.364136,2439.971949,49.550618,49.833499,933.189838,974.236468,48.404971,48.174697,1419.622784,1684.29642,50.865706,50.798982
8963,0.089962,1,3,3,321.032697,166.468006,18.995698,17.824842,857.439891,725.852667,21.947205,17.643278,203.447774,384.475673,22.332503,13.435719,412.418799,555.397047,24.629876,18.997701
8964,0.03356,1,7,0,60.220094,0,25.762636,0,222.886197,0,26.520756,0,118.706632,0,19.057636,0,160.745021,0,29.506886,0
8965,0.057506,1,3,3,59.942339,146.998221,16.820474,14.661588,301.165755,440.736921,16.590739,15.823118,133.056002,125.746166,15.309754,15.506469,196.103897,229.886815,17.176264,17.130233
8969,0.119995,1,3,3,419.439542,228.627187,15.517864,22.80563,1134.929202,972.866883,18.056931,22.677873,277.547513,502.947005,18.272501,18.052466,540.967907,718.899188,20.331352,24.396868
8972,0.253475,2,3,3,667.324015,764.644727,32.411454,12.596179,2396.387967,2414.681961,34.434531,16.481503,871.872459,722.576582,28.785099,14.293016,1791.867945,1515.541716,40.942359,24.433522
8973,0.26367,2,3,3,762.709019,331.081481,33.289246,23.756602,2444.486307,2209.159925,35.442965,21.463889,644.978708,920.568194,35.255395,16.694458,967.639305,1506.441102,39.310147,24.494588
8975,0.245589,2,3,3,723.928464,632.854778,30.534496,27.205782,2308.987934,2310.925344,34.51062,28.825815,694.090041,835.284762,32.192439,23.729322,1465.354466,1714.355228,41.641438,34.712173
8976,0.237104,2,4,4,168.909408,67.947472,31.808445,20.503487,499.165668,442.475984,33.516616,18.69439,162.271462,158.183111,32.404378,16.19271,197.657504,241.473745,35.53131,21.328982
8977,0.25338,2,3,3,670.246348,815.132399,26.966973,23.83672,2512.058363,2573.625579,28.291562,27.962611,901.364913,798.750442,23.083761,25.131437,1845.204871,1581.806569,34.697489,35.290067
8983,0.281367,2,3,3,956.280074,769.241737,17.673164,37.21254,2940.597612,2884.925629,21.301401,38.120946,940.714885,1062.346426,18.683125,33.94701,1846.174834,2147.034732,26.383871,42.136217
8984,0.04222,2,3,3,116.665953,142.273779,37.101079,34.730338,437.735234,443.0931,38.018799,37.905331,158.750809,143.277963,34.00579,35.384256,322.332337,279.791873,42.134834,42.471373
8991,0.067341,2,3,3,187.62846,227.526853,21.919379,34.694891,703.577184,712.290822,22.588673,37.831293,254.112463,230.669183,19.682561,35.265538,516.685015,448.298831,25.400413,42.46186
8993,0.248887,2,3,3,621.310267,888.312491,38.097961,15.932803,2433.893981,2590.87263,38.537562,20.188912,1027.725427,812.916019,32.608287,17.892972,1437.889582,1121.944812,42.725207,25.672213
8994,0.176164,2,3,3,610.841894,458.847871,34.340858,16.630569,1867.018775,1766.007122,37.812634,17.265525,561.03223,654.648598,36.159111,13.279914,1099.271618,1321.280777,42.590482,21.221033
8995,0.309005,2,3,3,822.22169,617.362314,37.488102,24.348213,2498.11742,2474.392101,39.944924,24.54749,777.063773,970.956821,38.537242,20.330733,1873.665219,1829.436196,42.642869,27.505274
9001,0.244492,2,3,3,592.095817,862.577851,32.343616,34.098593,2336.950405,2494.069485,32.667639,38.167263,1001.854531,775.994909,27.167632,36.198888,1396.976358,1089.721574,36.181015,43.061445
9004,0.112492,2,3,3,310.783885,451.342746,26.282728,22.175905,1214.383896,1308.001728,26.716108,26.091781,520.35156,412.025465,20.99153,24.026249,739.326501,578.803553,30.478779,30.763593
9008,0.470218,2,4,4,347.241575,93.147626,31.56512,35.320244,907.004595,722.862518,33.833504,34.464617,267.87203,309.106735,33.309337,32.626282,288.910721,450.307528,35.605325,35.480758
9012,0.157654,2,4,4,117.089822,48.202314,16.896174,34.845403,353.296915,277.316682,18.834259,34.120141,97.412627,118.929147,18.479135,31.807737,125.0543,169.076673,21.153691,35.42854
9013,0.35363,2,3,3,342.267998,629.6462,37.705664,30.449072,1708.491062,1791.203059,36.906515,32.888262,718.439072,546.797369,33.34023,31.928881,984.812287,682.43502,39.216376,35.385644
9014,0.360938,2,4,4,96.598535,141.321556,31.156671,21.102708,292.567729,375.875947,31.416226,22.249587,113.545317,124.825506,31.029342,21.701665,75.605015,56.917181,31.739078,23.00193
9015,0.118448,2,3,3,239.751869,128.817737,32.782537,27.765203,665.997646,610.954122,36.072745,27.223251,206.177635,259.967304,34.74744,23.860447,230.436193,337.85035,39.429461,29.231816
9021,0.17958,2,3,3,492.8768,367.405646,28.865464,26.368858,1462.260886,1493.118665,33.030197,26.496648,426.764761,525.355637,31.595498,22.841045,727.117379,1094.385872,38.776929,30.862147
9022,0.179847,2,3,3,361.413811,497.101734,26.550407,22.842656,1476.954132,1454.933813,26.622653,26.763918,540.012836,417.839436,22.489496,25.657774,1102.202909,720.150162,30.854639,31.690333
9025,0.181352,1,3,3,503.057836,374.670245,8.863633,22.35853,1486.248175,1512.9411,11.980484,22.517914,429.746754,531.617993,10.937909,19.533012,736.09057,1110.605804,16.901491,26.313917
9026,0.3732,2,3,3,394.181763,594.254911,37.374777,31.509625,1713.236496,1859.833347,37.144275,33.145038,721.947516,644.940752,33.818596,31.325183,908.713558,866.355745,39.313194,35.497956
9027,0.180262,2,4,4,67.597948,45.277449,19.720767,17.28713,142.964352,165.060758,20.513345,17.462089,64.745657,91.810465,19.918562,15.127589,23.699576,20.022053,20.770885,18.028599
9028,0.118724,2,3,3,203.006808,133.331335,30.988473,25.561371,637.45408,555.076341,32.72686,25.524905,219.695852,233.889875,30.81611,22.950658,278.961392,286.67421,35.416447,27.097483
9029,0.180224,2,4,4,65.575655,97.041509,38.341252,15.984036,217.43927,249.604215,38.772964,18.632816,101.763047,90.344887,37.036256,16.920901,36.174548,48.598355,39.637423,20.312919
9032,0.373061,2,3,3,379.434655,601.384332,26.002321,34.905288,1716.447531,1878.841049,25.554832,36.697914,732.099858,631.512414,21.501425,34.970567,920.489019,863.910476,27.899496,39.343594
9035,0.07505,1,3,3,140.991798,153.692739,18.391487,18.08877,570.097701,550.149648,18.44981,18.558921,209.693126,195.077444,16.912361,17.295378,303.660344,289.137004,19.932071,19.951028
9036,0.143332,1,3,3,293.722324,320.655478,20.832095,20.43879,1140.80387,1189.153066,21.065018,20.901836,415.028897,430.723075,19.316264,19.071718,612.103268,592.190893,22.891849,22.90886
9039,0.089304,1,3,3,242.589178,185.903989,17.540023,10.148169,991.11159,920.792168,17.586675,9.177878,319.700613,318.744851,16.023131,7.212118,499.43486,612.088135,20.649161,12.03752
9040,0.124578,1,3,3,337.522048,299.017091,23.382958,11.387012,1036.512857,1086.36734,25.070114,12.106082,372.445831,365.833758,23.086083,10.41298,588.778544,540.273675,27.331563,14.718068
9043,0.200617,1,3,3,150.986334,328.101109,21.421699,21.639641,784.849569,796.288013,21.015802,23.648969,289.346045,271.619587,19.955433,22.780234,405.06012,247.362507,22.027083,24.925046
9044,0.217165,1,3,3,325.481702,160.242484,19.725702,24.165304,801.504502,783.549611,21.3165,23.861218,280.504341,292.057989,20.527491,22.805781,233.16383,389.67688,22.31656,24.857861
9045,0.090265,1,3,3,137.584717,154.53623,17.07298,16.531288,530.355055,559.202218,17.340263,17.127904,206.729889,179.336518,15.136072,16.034785,390.32159,314.642319,18.965138,19.139705
9046,0.091133,1,4,4,93.816388,21.000996,7.976107,10.372919,251.731065,228.334753,10.42517,7.643639,61.258442,71.587182,10.658687,6.511804,93.413446,215.668471,12.713965,9.605954
9047,0.180987,1,4,4,31.480454,108.005771,16.0693,11.176751,172.411333,151.73076,15.930832,14.153518,106.707939,64.406552,14.410321,13.437846,47.416198,33.637275,16.232854,14.516279
9048,0.133677,1,3,3,190.22922,215.411517,22.335169,18.154005,681.826094,688.69828,22.898868,19.175061,221.753418,278.414619,21.869347,17.031741,422.118817,365.044753,24.60716,20.748664
9050,0.178463,1,4,4,108.933417,33.896395,14.00145,15.973768,150.302355,174.912339,15.939601,15.851018,65.674846,108.05272,15.463471,14.254544,24.766862,35.990772,16.177588,16.174873
9051,0.270529,1,4,4,44.708006,36.058563,16.171574,17.724378,118.663759,102.88834,16.313336,17.779792,42.82331,80.800326,16.216623,17.347376,61.26361,88.891974,16.394866,17.815138
9052,0.180222,2,4,4,36.476592,109.277434,20.483101,18.013436,184.488144,153.973491,20.326348,20.467572,114.866108,70.171667,18.051656,19.761008,33.869738,24.098239,20.766664,20.76922
9054,0.179577,1,3,3,347.923336,220.968813,11.475815,20.054963,840.454268,734.262022,14.446146,20.645335,304.533109,331.045465,12.786102,18.539844,235.471969,321.05792,16.257549,21.768419
9055,0.178993,1,3,3,191.815668,345.934556,20.451536,17.905677,708.755878,806.82826,20.707996,20.395201,327.401451,290.122003,18.575477,19.188685,309.470151,217.827493,21.766325,21.81592
9057,0.090783,1,3,3,122.42308,76.938568,17.570158,11.28372,301.732428,281.059429,18.764318,11.482546,109.271943,135.782257,18.091436,9.723136,87.836672,132.362856,19.472154,12.122946
9058,0.194035,2,3,3,432.112542,422.678026,28.533231,13.684802,1301.023066,1238.148987,31.35532,16.814428,466.818619,513.454797,28.312016,12.142888,627.540077,557.087206,35.183109,20.635265
9059,0.136499,1,3,3,214.527992,193.054112,21.853043,11.987922,688.640919,683.236328,22.938397,12.660058,278.633768,226.118476,20.625115,11.449795,354.130152,401.79898,24.725189,14.4332
9061,0.046914,1,3,3,70.006304,48.359556,14.219956,23.477777,148.63224,169.068935,15.632347,23.863666,50.320925,98.020338,15.240541,20.463536,30.537513,72.739928,16.167062,24.889762
9062,0.148519,1,3,3,153.130532,341.279676,20.035717,19.290929,532.560391,651.426512,20.383195,23.386679,309.87736,196.095405,17.31212,22.874487,230.084749,145.320099,21.241925,24.948101
9066,0.090497,1,4,4,134.884978,67.506771,6.700557,24.055756,286.382754,238.385442,9.924689,24.285586,97.29814,108.527467,8.871789,23.013801,59.068579,100.726456,11.379959,24.93038
9068,0.118606,1,4,4,82.543327,52.843578,14.558616,24.630704,223.799635,172.360459,15.000343,24.758044,132.49526,102.787986,13.55299,23.883591,86.990427,57.90196,15.295409,24.97752
9069,0.155035,1,4,4,72.218072,110.464463,14.182358,22.059464,229.976503,296.378072,14.420296,23.600602,135.507773,174.083277,12.880256,19.480593,75.25459,114.902715,14.722054,24.887424
9071,0.179756,2,4,4,95.360794,15.899519,29.676336,20.702505,146.199826,80.095223,31.414095,20.675945,54.673553,56.39845,31.073104,20.109147,24.92815,33.916028,31.745009,20.748023
9072,0.178122,2,4,4,69.631709,103.767537,35.329681,21.612308,239.337849,227.590279,35.436462,22.115518,172.470609,126.147149,33.913233,21.381949,131.291185,78.700104,35.664092,22.287149
9075,0.095706,1,3,3,106.672262,282.708101,25.825329,13.850249,395.013401,526.711824,26.157416,19.319861,256.504494,175.517975,20.483064,18.099182,170.145203,121.611386,27.610794,21.354459
9076,0.164703,1,4,4,73.984482,20.323844,14.624978,13.918694,215.15147,190.870026,15.230747,13.297242,45.466448,99.637931,15.427336,10.949607,73.889501,105.531311,15.795117,13.96548
9081,0.205036,2,4,4,223.192409,187.795858,33.259924,17.406583,799.445898,626.584404,33.797431,18.439573,260.273584,197.681869,32.808459,17.440736,353.948578,315.091797,35.519841,20.216491
9082,0.109607,2,3,3,209.696842,144.131021,33.369506,26.457343,472.926684,478.743302,37.406912,27.287088,126.099937,287.33416,37.256597,21.513593,167.936733,218.478619,39.509622,28.794903
9083,0.327059,2,4,4,207.128649,236.645593,32.51857,17.332791,784.649393,763.550883,32.948785,19.743281,340.074618,264.194287,29.139429,16.716165,344.433969,375.898583,35.437693,23.860982
9086,0.207186,2,4,4,223.597697,179.735699,16.396067,34.075819,811.365881,631.300155,17.26703,34.484861,259.545783,203.152938,15.656587,33.872213,376.318975,343.380369,20.235732,35.533201
9091,0.21335,2,3,3,734.494395,528.307555,31.319742,18.040021,2138.12893,2097.992362,34.853354,18.358859,793.538626,761.276841,31.06488,14.747019,835.166789,1118.560912,39.266242,22.637772
9092,0.196712,2,3,3,295.46699,311.306853,31.907753,16.763027,961.506427,1063.47563,33.178462,18.025142,334.4717,406.568363,31.455314,14.917624,479.737226,533.424488,35.395841,20.789328
9093,0.266574,2,3,3,957.649725,1106.061706,28.591771,14.284741,3150.644972,3147.559362,31.23257,19.420234,1165.634449,1150.644631,26.587678,14.551346,1897.508709,1566.069358,36.279658,26.044579
9097,0.228352,2,3,3,792.584197,565.697262,26.164616,34.709721,2300.77645,2247.509961,29.46032,34.996165,848.373828,821.137559,26.037101,31.488528,897.905722,1210.029357,33.361647,38.97287
9100,0.235591,2,3,3,803.076174,1126.108225,34.575182,23.683519,2844.771627,2981.689029,36.451592,29.912231,1193.686542,978.538274,29.120317,26.799426,1799.075857,1388.84312,42.13421,35.929776
9103,0.046699,1,3,0,136.392959,0,9.571219,0,372.046926,0,12.096347,0,113.687259,0,11.165376,0,194.198823,0,14.594831,0
9104,0.081601,1,3,0,254.36677,0,14.5516,0,742.363305,0,17.442551,0,235.755593,0,15.76841,0,387.178678,0,21.499932,0
9105,0.134784,1,4,4,39.825141,10.649727,21.684026,12.935166,149.060308,46.082931,21.771906,12.930027,75.522563,20.367367,20.664906,12.814691,55.436371,24.635113,22.195117,12.974678
9107,0.040702,1,4,4,37.622439,19.779968,20.999317,6.237702,118.094291,97.534487,21.476505,6.053879,29.239756,59.038336,21.526786,3.878576,42.650205,61.889374,22.177707,6.544626
9108,0.059686,1,3,3,183.180118,102.56345,14.699411,13.619501,491.536848,421.497367,18.114295,13.627908,127.949029,200.73546,18.035945,9.744427,239.884598,300.559596,21.691334,15.534157
9112,0.042475,1,4,4,32.154163,24.451555,8.044516,21.709694,105.800363,104.004939,8.276917,21.677716,31.04606,55.802121,8.153162,20.165721,39.544944,56.9233,8.63347,22.149622
9113,0.224062,2,4,4,163.739757,163.313601,34.512494,14.26518,700.15716,618.915895,34.427351,15.12721,242.263511,224.395679,33.521899,11.222805,368.822254,373.180148,35.53534,20.255873
9116,0.12126,1,4,4,26.113378,2.534984,22.143844,14.339569,76.538348,27.148259,22.182383,14.33669,25.886155,10.788193,22.153363,14.331859,27.19327,14.16892,22.222467,14.339693
9117,0.130455,1,4,4,13.355418,40.304489,14.654607,14.166253,65.70929,71.30903,14.630562,14.616094,49.31374,22.281556,13.976628,14.569638,31.376101,18.302879,14.701285,14.705654
9118,0.101627,1,4,4,19.054534,19.067177,13.241439,13.241185,27.748016,65.874366,13.400554,13.297162,9.489601,41.256372,13.384331,12.606426,4.919413,25.585657,13.420046,13.41378
9122,0.155404,1,4,4,31.797258,11.540094,13.657706,22.184865,115.940534,64.182173,13.676529,22.154047,47.029511,14.339682,13.570116,22.170637,53.687534,28.771774,13.733334,22.218436
9124,0.117528,1,4,4,36.121936,10.103401,13.653712,22.172025,52.961049,51.330026,14.120905,22.146122,17.252187,38.241795,14.082472,21.643219,14.878742,28.511009,14.178619,22.214031
9127,0.077011,1,4,4,4.100624,43.250668,11.909311,11.517498,31.377396,62.819347,11.902465,11.870462,42.874729,16.07871,11.569642,11.870875,22.789211,8.809895,11.910006,11.911611
9128,0.098654,1,4,4,32.822102,7.560483,21.551368,13.235499,53.202607,49.427237,22.107454,13.191492,13.496397,35.069036,22.110427,12.648873,16.834527,30.202138,22.219378,13.252314
9130,0.179382,2,4,4,63.256775,48.504121,30.760664,20.207025,193.560877,167.70135,31.179528,20.370645,70.159142,55.115545,30.672566,20.122047,42.82985,38.963659,31.735995,20.731328
9131,0.214949,2,5,5,73.636423,89.976836,34.510946,22.120247,274.618656,296.294622,34.709243,22.747774,123.891497,110.623102,32.962218,21.524264,143.073514,122.655121,35.575351,23.761575
9134,0.173357,2,3,3,314.891676,201.699445,33.873192,29.942179,797.328933,785.271425,37.135817,30.159503,299.215317,326.052337,34.815978,27.445909,339.509698,444.603715,39.42667,31.855357
9135,0.180212,2,4,4,122.349019,199.039461,38.498246,15.778525,569.995626,648.005487,38.204827,17.421687,195.62973,214.34639,37.213637,15.637492,395.833809,287.11979,39.334694,20.146165
9137,0.086119,2,3,3,352.273879,255.927907,22.059134,17.759435,1016.609682,894.151036,28.2032,19.731391,293.87589,337.568143,26.311272,14.76772,524.691528,651.43034,37.800116,25.101302
9138,0.183094,2,4,4,33.709429,23.53987,31.455714,17.983937,119.92377,84.336016,31.526587,18.028833,49.519127,43.994135,31.206142,17.55641,62.586389,58.886206,31.722316,18.131603
9139,0.179343,2,3,3,501.06065,717.518623,10.767857,17.154611,1764.951667,2082.581923,12.668282,22.553363,638.199844,589.53901,8.519466,21.17158,1368.827724,1091.368897,18.846634,30.85866
9142,0.137909,2,3,3,557.763307,424.59057,15.844053,27.06924,1629.531333,1450.017133,20.99545,29.907965,487.170246,531.05907,18.834921,24.209105,849.19802,1040.31334,29.212556,36.937479
9144,0.180242,2,4,4,92.577722,28.009805,29.792217,17.773662,134.328306,109.421226,31.465021,17.802079,38.777803,62.093501,31.395746,16.727146,62.97319,65.841664,31.721142,18.002897
9145,0.142364,2,3,3,411.534772,574.84306,28.07454,16.014455,1468.294588,1546.533479,30.174451,22.273352,634.898038,411.413969,21.513874,21.835226,1032.285532,786.771589,37.121269,29.690185
9146,0.18302,2,3,3,677.416263,532.614502,23.893262,22.205964,1928.613979,1871.574652,29.87688,24.315949,519.236058,780.44427,29.220186,17.127211,1008.1495,1324.728522,38.11004,30.400954
9150,0.187078,2,4,4,84.350494,18.789505,19.495542,31.656356,101.155294,75.1382,20.921233,31.661404,27.75541,50.593414,20.904145,31.206204,41.65434,44.536417,21.031027,31.736071
9152,0.215824,2,4,4,136.16486,39.228708,28.93911,19.043158,324.862433,211.319437,30.693013,18.744495,95.839557,101.607671,30.391208,16.896879,113.253946,125.936179,31.687565,19.334584
9153,0.249324,2,3,3,361.118404,485.82887,32.135643,25.901717,1266.157362,1507.256317,33.002852,27.912538,453.276113,539.361472,30.956145,25.480168,644.177,722.042032,35.360921,30.790477
9154,0.108949,2,3,3,163.785631,158.223872,31.902169,23.98554,563.412994,515.375493,32.915604,24.958666,219.007888,178.478925,30.114351,23.65029,292.642394,252.215245,35.335204,26.554797
9158,0.225164,1,4,4,140.723209,41.917579,11.974013,21.996855,349.328908,218.265176,14.221163,21.870677,103.539072,107.675489,13.766635,21.04905,108.823706,133.716404,15.539463,22.165031
9161,0.1775,2,4,4,30.370965,13.671496,20.460395,31.69338,91.785517,55.160283,20.557034,31.695522,36.229972,34.969537,20.402609,31.449798,39.787699,40.83213,20.654924,31.736949
9165,0.255913,2,3,3,754.839925,316.672472,28.369719,38.196076,2384.352694,2137.871056,30.501868,36.131328,620.348202,905.243298,30.424271,31.689093,930.745056,1472.870884,33.954583,38.860076
9168,0.208717,2,3,3,566.624062,404.144077,33.90712,30.4607,2247.055024,2201.173433,34.249165,28.697803,672.907057,808.948799,32.75144,25.138161,1193.156061,1305.476491,38.869945,32.458475
9174,0.128166,2,3,3,155.302283,213.569996,33.085331,13.035107,611.158362,697.675103,33.286381,14.500774,254.336629,244.926792,30.228867,12.421285,308.889469,313.99406,35.402552,17.087986
9175,0.090998,2,3,3,260.280835,181.117198,28.238725,9.586591,779.841026,749.643657,32.476969,9.545462,219.859088,264.684716,31.39196,6.853506,379.171411,575.295394,38.729169,13.446464
9176,0.179623,2,3,3,485.809692,641.367673,33.942107,12.727744,1948.884726,1962.273633,34.180039,15.925247,761.420496,590.01977,29.277082,14.334516,1421.139866,978.203668,38.227525,20.941617
9186,0.26872,1,3,3,624.127337,438.960889,21.981336,23.428823,1980.922906,1876.39914,23.127335,23.311276,739.442424,728.346594,21.328852,21.422817,899.631338,1090.734134,24.910994,24.82553
9190,0.031558,1,3,3,41.28503,64.730648,12.490872,20.184491,190.74321,200.292676,12.167131,21.953048,73.385033,60.514578,10.451572,21.036701,143.558966,103.102497,13.426661,24.582011
9194,0.067646,1,4,4,62.150161,11.880497,7.38754,11.056395,174.03853,160.281153,9.224954,9.510724,41.709227,49.157611,9.47162,8.85344,56.891233,148.722215,11.122099,10.621998
9200,0.022532,1,4,4,4.870912,12.033783,5.490118,4.73336,47.32147,36.053155,4.81062,5.158358,15.734788,9.505824,4.300479,5.133243,29.478616,17.079607,5.507536,5.583108
9204,0.0893,1,4,4,13.936598,73.041429,12.608177,9.330099,206.851342,169.981611,11.003069,11.559344,73.99516,42.655913,9.5731,11.615756,101.956686,76.626858,12.573051,12.642486
9207,0.091252,1,3,3,118.682321,75.366923,17.713582,18.752261,291.69816,264.403453,18.838624,18.956603,106.151701,116.919984,18.199041,17.938318,80.777184,124.27611,19.49854,19.468043
9213,0.089439,1,3,3,165.305566,100.189561,16.087102,23.237064,376.224149,316.443452,18.287172,23.900665,133.37343,168.043934,17.35431,21.163897,92.050865,105.448713,19.404633,24.930331
9214,0.090327,1,3,3,99.904687,169.608881,18.141651,20.802592,324.358397,389.648936,18.626143,23.433465,173.314133,135.08951,16.233521,22.368614,112.402457,93.234099,19.433178,24.94363
9218,0.105083,1,4,4,42.368772,52.983362,21.267293,9.26071,184.499563,165.71095,21.164992,10.240845,41.015285,74.615798,21.411762,7.771876,113.10942,85.781117,22.04041,11.493864
9221,0.179899,2,4,4,95.711392,15.688934,14.498318,31.678343,149.214745,83.263623,17.558404,31.634109,55.696937,57.331228,16.979637,31.011799,25.222673,34.540374,18.011584,31.740744
9225,0.2697,1,3,3,312.971437,177.557058,21.119076,22.227837,1037.702715,762.911956,21.67595,22.177902,315.064456,371.994335,21.267808,20.727996,318.763234,376.726991,22.774669,22.75509
9229,0.090721,1,4,4,53.681963,32.750686,7.766689,21.442298,190.25807,83.134066,8.470413,21.906054,77.996638,46.361186,5.933408,20.900385,84.418088,19.403416,10.641664,22.216365
9232,0.060865,1,4,0,49.190809,0,21.263373,0,75.156793,0,22.073236,0,15.285011,0,22.127575,0,19.904802,0,22.219814,0
9234,0.078656,1,4,0,27.830318,0,22.017722,0,61.382558,0,22.161284,0,39.924387,0,21.858558,0,17.890947,0,22.222398,0
9235,0.087783,1,4,4,65.21691,37.784082,19.430344,11.627822,214.59837,88.381857,20.316592,12.327334,87.632755,37.210174,18.125316,11.767297,86.415473,27.282496,22.069017,12.621729
9236,0.07213,1,4,4,21.441448,52.078699,11.112053,8.942623,35.111823,151.784245,11.490149,10.193465,20.064145,62.256002,11.21428,8.342153,10.996886,61.323814,11.547331,11.474924
9239,0.09845,1,4,0,20.897609,0,11.171798,0,69.378021,0,11.202594,0,63.160877,0,10.421608,0,30.592292,0,11.248918,0
9243,0.1436,1,4,4,99.263635,68.010454,9.088743,20.944394,328.296524,135.485097,10.403831,21.888159,140.98781,45.913778,6.932622,21.661782,148.958787,37.551241,13.104836,22.212351
9246,0.09054,1,3,3,60.665782,110.916832,17.295016,16.292,285.360655,382.953666,17.157908,16.70335,124.261453,129.411039,16.131672,16.006677,148.048491,113.839757,17.694118,17.722361
9247,0.082965,1,3,0,83.245396,0,20.943395,0,298.791696,0,21.224478,0,88.579084,0,20.932001,0,92.476143,0,22.177291,0
9248,0.086434,1,4,0,31.946163,0,21.407825,0,77.745745,0,21.91698,0,27.826852,0,21.654556,0,25.97897,0,22.208525,0
9249,0.067659,1,3,0,38.615005,0,9.719476,0,163.919222,0,9.710425,0,77.627181,0,9.319801,0,52.766256,0,9.845173,0
9252,0.080059,1,4,4,22.28595,12.937532,11.734783,22.050218,93.369929,37.852773,11.719959,22.133342,56.799474,10.460629,9.786987,22.119962,53.022079,12.795322,12.080986,22.220035
9254,0.032524,1,4,4,3.487918,12.850869,5.57226,21.301903,10.101765,30.821783,5.601052,21.885369,6.825842,15.073678,5.411276,21.113598,5.383694,14.01417,5.621861,22.19236
9255,0.028666,1,4,4,10.532624,3.515426,4.35522,22.121192,24.181609,7.218274,4.89751,22.197231,12.72469,4.640277,4.130689,22.06757,12.588185,3.249286,5.093579,22.222415
9257,0.063117,1,4,4,0.944095,17.01946,10.807181,8.241003,9.294086,27.156653,10.803614,8.748137,2.779338,17.154804,10.802007,8.299842,3.853983,9.975245,10.8076,8.812866
9258,0.045081,1,3,0,91.664381,0,18.008174,0,305.055176,0,19.22162,0,109.981966,0,17.136382,0,177.495915,0,21.711327,0
9260,0.045693,1,3,0,139.271847,0,14.764424,0,389.523443,0,17.889861,0,137.45874,0,15.410926,0,212.437132,0,21.526551,0
9262,0.044774,1,3,0,135.400976,0,9.167739,0,380.490382,0,11.599794,0,135.501296,0,9.577126,0,209.633181,0,14.300603,0
9263,0.089738,1,3,0,254.53333,0,11.864723,0,750.348216,0,14.18108,0,254.619569,0,12.31124,0,412.377106,0,17.208555,0
9264,0.026253,1,4,4,14.644205,8.955949,21.738997,4.158871,48.85347,32.75401,21.896841,4.294367,17.331139,15.337834,21.627621,3.262157,22.822227,17.063429,22.191818,4.733658
9267,0.031077,1,4,4,16.110949,11.955819,5.057149,21.345735,58.658456,42.167742,5.147511,21.563165,22.795724,17.891439,4.732324,20.588576,28.946167,19.514501,5.414954,22.158346
9270,0.066803,1,3,0,199.023733,0,10.608922,0,600.484725,0,12.797523,0,203.636227,0,10.87815,0,322.838419,0,16.046961,0
9274,0.116569,1,4,4,36.709977,7.298901,24.802859,15.204008,68.17734,25.045595,24.948534,15.205476,22.915711,37.985777,24.921098,15.07609,3.214027,8.57891,24.989947,15.208565
9276,0.471101,2,4,4,60.675064,258.954893,35.531409,33.216914,508.639977,532.637994,35.057847,35.000215,255.051372,186.186762,33.516313,34.46512,294.093802,181.17222,35.602432,35.661072
9277,0.153458,2,4,4,85.111903,36.394185,18.521837,35.167709,222.076077,200.396373,20.042396,34.785469,68.225601,98.144548,19.599939,32.769797,86.904233,113.865842,20.975148,35.564664
9280,0.239265,2,4,4,43.185365,130.473845,21.298962,33.251724,307.828497,298.164554,20.349826,34.861448,133.707809,110.879774,17.761062,34.049132,158.287306,123.695848,21.59189,35.631756
9281,0.164998,1,3,0,498.899337,0,20.311452,0,1383.251698,0,22.540955,0,492.791887,0,20.792842,0,744.307617,0,24.640591,0
9282,0.092731,1,4,4,12.377535,24.813937,12.844813,10.292022,38.15694,94.829493,12.883604,10.386692,13.705745,25.754965,12.836345,10.318776,19.773865,38.12712,12.924532,10.894595
9283,0.031416,1,4,4,8.213479,3.986547,21.794075,5.404808,34.60184,11.802008,21.775343,5.444779,9.381215,4.052186,21.728837,5.411555,17.702279,6.111427,22.170711,5.47673
9287,0.009928,1,3,0,20.753486,0,20.043175,0,70.961776,0,21.29744,0,24.298286,0,19.241497,0,40.435038,0,24.374994,0
9288,0.128354,1,4,4,72.652476,27.823686,20.468943,12.29983,158.479488,172.901123,21.669066,11.701723,72.352366,50.329325,20.648307,11.401692,61.530492,116.340366,22.185042,12.557444
9291,0.04384,1,4,4,6.969327,11.325597,22.055539,21.803563,28.681703,37.04105,22.055712,21.951089,13.165308,13.524996,21.723611,21.697889,17.538085,14.460484,22.19665,22.205343
9299,0.111194,2,3,3,455.032525,321.751347,22.051445,19.672761,1228.248952,1160.358391,29.202894,21.331851,325.036923,504.845385,28.777678,13.923544,622.619308,821.72113,38.063299,27.141269
9300,0.074352,1,7,0,79.620323,0,28.543385,0,344.977526,0,28.356797,0,102.047074,0,27.75689,0,238.802868,0,30.037369,0
9308,0.182644,2,3,3,620.380383,474.273944,13.983207,37.727747,1914.801483,1820.790627,17.189046,38.371707,584.342483,667.09391,15.38017,34.412543,1132.691787,1354.804906,21.999036,42.210429
9312,0.250865,2,3,3,823.54656,643.345281,29.458871,20.115065,2540.696614,2495.335104,32.3488,20.719231,781.616349,901.539407,30.68841,16.699106,1612.315853,1872.758103,36.146545,24.918908
9313,0.126256,2,3,3,291.857355,273.537982,28.118614,22.014083,955.007865,990.891721,30.403033,23.102647,324.328449,356.515543,27.555774,19.85634,781.913082,744.765242,33.984393,26.50291
9315,0.077719,2,3,3,164.898975,204.595707,35.84873,22.225599,632.574829,629.122023,36.286688,23.822913,238.719943,205.478786,33.260175,22.573083,461.859499,478.973681,38.81155,25.516476
9317,0.289401,2,3,3,599.964888,756.971713,35.997421,34.245624,2297.32084,2294.3189,36.430134,36.437477,881.962973,743.120694,33.339803,34.88198,1684.414699,1743.588795,38.843386,38.78988
9321,0.06229,2,3,3,126.706393,164.165564,39.713202,37.583151,495.065842,497.06643,40.051948,40.026892,191.68832,157.861995,36.552649,38.470963,364.573678,374.93315,42.703797,42.655856
9326,0.118556,1,3,3,284.560648,321.204023,24.165535,18.7059,1033.845231,986.40104,24.845723,20.18683,348.14696,354.439362,23.216765,18.441933,514.153309,560.313135,27.394548,22.073076
9327,0.251883,1,3,3,628.818193,674.666767,21.433546,20.996115,2115.679376,2269.240637,22.466376,22.143241,784.982271,703.425038,20.341226,21.09561,1286.953725,1067.693393,24.517005,24.644855
9334,0.256275,1,3,3,600.093168,765.233298,21.834044,20.271254,2277.201834,2381.721458,22.248751,22.027195,825.743516,714.64529,20.127173,21.14291,1426.190405,1038.883263,24.484029,24.712005
9338,0.172878,2,4,4,51.174436,114.392021,18.636585,35.839088,217.81682,259.270647,18.541538,38.338837,111.188971,81.319675,14.581113,37.766221,55.082504,42.286362,19.893595,39.63169
9346,0.156838,1,4,4,37.683668,85.615611,21.856894,20.577114,217.447944,191.288909,21.536339,21.68155,57.886917,90.370987,21.491016,20.586086,138.81651,81.632452,22.097392,22.178295
9348,0.270873,1,4,4,70.485116,108.606786,19.115013,16.141758,265.200963,311.639966,19.191695,17.056427,134.79907,105.726983,18.077071,16.414905,146.988613,112.560887,19.526848,17.834462
9351,0.066014,1,3,0,206.63172,0,10.174778,0,587.845488,0,12.812579,0,223.616207,0,9.995807,0,296.102549,0,16.07079,0
9354,0.058174,1,4,4,17.467175,42.254984,9.939811,7.886444,32.889603,124.933911,10.281045,9.031545,18.410971,50.480972,9.943879,7.327317,10.655793,54.052842,10.353406,10.273297
9355,0.064977,1,4,4,32.544852,17.953315,9.704664,10.608033,102.953037,55.185174,10.235111,10.778151,52.377127,17.43955,8.194509,10.669672,46.439638,23.486856,10.920383,10.958
9356,0.027499,1,4,4,0.93696,0.599895,22.215854,6.489017,5.585007,4.092324,22.206535,6.487358,2.136909,1.519507,22.18575,6.484222,2.292007,4.210691,22.223559,6.488859
9358,0.022483,1,4,4,0.531125,0.56142,5.60358,22.219931,3.66629,2.872556,5.601808,22.217342,1.574375,0.817521,5.596145,22.215714,1.560767,2.645815,5.604251,22.222224
9362,0.096269,1,4,4,37.881629,26.324287,12.935338,10.464837,117.27629,108.036404,13.024658,10.469588,49.264709,51.061434,12.827338,8.840816,43.513433,64.595181,13.125673,11.051806
9363,0.070095,1,3,0,142.528711,0,18.008029,0,503.456005,0,18.915053,0,184.162697,0,16.562928,0,314.112733,0,21.57234,0
9364,0.029695,1,4,4,13.46516,9.298429,21.894757,4.696788,43.436103,29.511163,22.016159,4.936361,17.054498,16.54621,21.763628,3.738603,19.902996,26.817334,22.204743,5.160244
9365,0.050766,1,4,4,17.217919,18.470184,6.823188,7.468101,42.94174,49.651109,7.398695,7.60464,16.18409,17.173823,7.015944,7.524257,26.96419,25.664786,7.651846,7.680587
9369,0.029436,1,4,4,11.442866,11.708264,21.97759,21.9667,37.271015,28.495924,22.065882,22.129183,18.545949,13.236233,21.677062,21.932916,18.244229,20.47752,22.207539,22.203258
9372,0.244675,2,3,3,371.766282,501.694828,18.775335,29.390033,1295.139098,1525.429293,19.888012,31.855912,470.463103,546.376733,17.255625,29.107292,654.55203,737.910611,22.62212,35.246557
9376,0.245794,2,3,3,519.648473,554.838566,15.719512,28.38477,1612.795859,1516.380173,18.438975,31.923897,596.278208,627.799863,14.798138,27.623832,770.902297,678.278011,22.542922,35.316221
9390,0.101034,2,3,3,172.989892,133.400781,11.4984,36.275317,463.62377,473.607788,13.902266,37.049449,189.135835,181.204904,11.259467,34.498026,210.839387,252.207804,15.722025,39.297037
9397,0.272245,1,4,4,131.354399,111.263922,14.238066,21.243429,367.743323,371.596104,15.42841,21.555899,137.416191,174.177722,14.288983,20.257435,159.328168,164.232729,16.367109,22.163223
9400,0.357967,1,4,4,167.544353,106.589308,20.971232,16.73385,397.655927,374.35723,21.768124,16.958408,126.861994,216.872822,21.543862,14.604681,152.01537,180.112896,22.193249,17.478404
9401,0.180963,2,3,3,120.812352,146.569679,34.813554,28.680852,448.901786,371.733236,34.967494,29.301785,280.860159,128.42181,32.062101,28.992204,200.074152,140.604933,35.631891,29.680154
9404,0.152774,1,4,4,18.451852,18.001776,15.394134,22.128749,75.08417,67.976053,15.396034,22.143297,26.389751,34.352711,15.326038,21.932847,29.526186,28.936107,15.467911,22.218145
9405,0.181819,1,4,4,22.165868,31.235798,16.178823,22.02886,76.428119,91.281632,16.204137,22.122327,48.548465,28.304302,15.890109,22.078762,37.645011,34.024333,16.256188,22.218301
9412,0.180739,2,4,4,125.474518,221.920655,18.543189,36.302087,617.03227,712.266337,17.737166,37.496031,226.220049,219.388643,15.220269,36.680745,429.338495,309.350564,19.909193,39.453117
9416,0.273709,2,3,3,895.055155,1109.191778,22.042174,22.233015,2886.835621,3176.613571,25.615567,28.464331,1039.566977,998.781904,20.531561,25.161403,1975.809507,1780.034535,32.353744,37.568816
9423,0.177159,2,3,3,125.850784,152.562037,19.309243,34.284006,459.166766,383.53632,19.50264,35.131775,282.340416,132.127998,16.303884,34.721095,203.890856,145.168546,20.116823,35.661418
9427,0.1796,2,3,3,670.849164,532.221162,7.312148,27.684318,1909.871891,1853.425584,11.743915,30.166428,516.287303,770.280735,11.130666,22.241509,994.712088,1304.62237,20.127492,37.113207
9441,0.033935,2,2,0,95.03335,0,40.307791,0,219.426072,0,44.864445,0,98.601687,0,40.541393,0,97.388589,0,47.293735,0
9442,0.348523,2,6,0,97.917474,0,38.649397,0,570.203918,0,38.455175,0,239.69437,0,37.846333,0,203.0822,0,38.835639,0
9443,0.054989,2,6,0,2.836978,0,38.828453,0,15.26161,0,38.807605,0,7.006749,0,38.702815,0,9.193748,0,38.851516,0
9444,0.059629,2,6,0,34.350101,0,35.995686,0,119.430325,0,36.740024,0,37.157691,0,35.885883,0,42.322888,0,38.728102,0
9445,0.061067,2,6,0,8.980305,0,38.630362,0,55.978363,0,38.358668,0,22.267492,0,37.730313,0,14.99296,0,38.842396,0
9446,0.035907,2,3,3,150.947442,117.590417,31.395121,35.107919,382.527001,407.745274,37.762955,37.12202,126.765447,170.330061,34.871977,30.304638,186.190335,262.092986,42.884956,42.250999
9447,0.068949,2,3,3,208.396748,286.392255,36.101725,31.594537,681.191625,755.50266,38.449916,37.48722,298.491655,258.232691,31.853587,34.06183,449.511293,356.750454,42.505046,42.887843
9448,0.062757,2,6,0,19.076353,0,37.963326,0,110.04277,0,37.193045,0,34.007642,0,36.537791,0,59.426208,0,38.632466,0
9453,0.104429,2,7,0,252.261963,0,8.934959,0,686.406519,0,12.16748,0,234.40335,0,10.074289,0,262.0508,0,15.396044,0
9454,0.021804,2,7,0,20.967963,0,42.595751,0,93.509233,0,42.435766,0,38.95616,0,40.800302,0,74.196766,0,43.275884,0
9455,0.227212,2,3,3,913.637694,622.433425,19.378747,25.941662,2562.616326,2338.368824,25.943689,27.266923,802.127082,992.594954,22.747238,18.903049,1113.703901,1462.120779,35.338791,34.591559
9456,0.0786,2,3,3,220.974459,207.428794,18.928318,19.723649,747.842544,645.868488,21.245083,22.674806,303.455628,201.569992,15.286255,20.730223,424.523027,374.22532,26.830663,27.05005
9457,0.215629,2,1,0,1989.424281,0,64.29021,0,6844.095891,0,67.322005,0,3013.206249,0,51.885799,0,4088.483527,0,71.057277,0
9458,0.850229,2,1,0,5832.392075,0,65.72122,0,21781.675625,0,67.207438,0,10106.631572,0,48.746648,0,14314.366864,0,70.995228,0
9459,0.372278,2,6,0,880.937567,0,29.610493,0,2278.902407,0,34.415011,0,776.966715,0,31.833204,0,791.020411,0,38.577268,0
9461,0.333621,2,6,0,304.201763,0,32.643989,0,1650.04367,0,29.407158,0,697.921356,0,21.264003,0,1071.067532,0,36.663199,0
9462,0.286451,1,7,0,57.185699,0,30.433356,0,101.195574,0,30.502546,0,37.910779,0,30.484346,0,17.074616,0,30.519747,0
9463,0.318547,1,6,0,277.52567,0,33.082652,0,1365.459662,0,31.214509,0,395.043679,0,29.745474,0,1004.120036,0,36.7342,0
9465,0.066843,1,4,4,6.549408,27.633905,11.117882,10.932537,21.72806,38.896268,11.121039,11.107668,32.886034,10.052269,10.876262,11.107463,6.833632,5.180708,11.126263,11.126345
9466,0.180646,1,7,0,5.235767,0,30.51778,0,55.060631,0,30.506813,0,46.539597,0,30.39398,0,46.043049,0,30.51602,0
9467,0.146215,1,1,0,1802.041035,0,40.268426,0,5472.514596,0,56.193044,0,1965.678411,0,38.451245,0,3080.469312,0,70.664623,0
9469,0.616271,1,1,0,6381.425245,0,50.148796,0,19754.878444,0,61.591979,0,7425.659414,0,44.993293,0,11530.366252,0,70.844461,0
9472,0.081297,1,7,0,162.483684,0,4.935109,0,461.526468,0,7.440279,0,134.302815,0,6.628279,0,212.429292,0,11.284983,0
9473,0.323816,1,6,0,371.62604,0,30.012507,0,1517.170294,0,30.123249,0,873.117061,0,16.60499,0,1314.040635,0,35.53679,0
9474,0.561949,1,7,0,363.447346,0,24.239902,0,1099.264892,0,24.469532,0,472.499714,0,23.980767,0,411.241757,0,24.707424,0
9479,0.320853,1,1,0,3690.621728,0,55.681541,0,11788.377245,0,63.830421,0,4731.188759,0,46.199516,0,7305.133387,0,70.875951,0
9482,0.058654,2,3,3,163.206175,86.564321,15.955421,20.913467,285.970307,285.139285,21.787691,21.797085,83.431998,164.432381,21.328439,16.49047,70.954479,133.864306,23.401599,23.297597
9483,0.284692,2,3,3,379.725531,550.910496,36.215336,28.938894,1265.893355,1247.599536,37.282832,32.697526,754.478595,335.410942,30.184437,32.525916,574.240222,445.722517,39.41388,34.586655
9484,0.272167,2,7,0,190.496394,0,43.045041,0,871.211449,0,42.924451,0,224.125283,0,42.923889,0,374.927058,0,43.5415,0
9486,0.060427,1,3,3,180.03819,63.541692,18.703688,17.707612,332.013038,243.89323,25.113448,17.85711,107.616024,164.969775,23.858799,13.205514,76.631696,111.404846,27.67891,18.794798
9487,0.347217,1,7,0,8.867239,0,30.519192,0,177.789196,0,30.503647,0,142.007096,0,30.379711,0,81.498151,0,30.518424,0
9488,0.109317,2,7,0,105.065706,0,42.596813,0,590.019069,0,41.823903,0,245.911252,0,39.410556,0,392.994509,0,43.24053,0
9489,0.066596,2,3,3,372.477199,292.590912,16.217264,11.003311,1126.650598,1102.583009,21.977442,12.18241,329.979385,403.658378,19.534783,7.684938,656.596011,874.143185,35.334522,19.93939
9490,0.057188,2,3,3,227.100794,166.875107,11.490471,15.247859,785.999029,517.21871,13.662888,18.086338,281.087752,159.307664,9.531435,16.373283,627.181255,231.20839,19.958079,22.744564
9493,0.178373,2,3,3,1000.94626,786.315089,16.157229,20.659411,3020.802224,2955.376032,21.95796,22.364612,884.30572,1081.353985,19.524502,15.792784,1756.45741,2341.009597,35.343587,32.760205
9497,0.08188,2,3,3,461.12238,365.197711,8.705035,20.439363,1401.452082,1374.207206,12.843132,22.12585,412.297022,498.488482,10.951826,15.716486,810.177511,1077.221827,23.4879,32.733975
9501,0.244362,2,3,3,645.993853,817.36531,19.544515,29.106737,2352.27831,2395.343674,20.77865,32.474575,884.399892,779.452838,16.37583,30.311526,1759.164513,1490.867835,24.743256,36.085118
9508,0.018353,2,7,0,36.14055,0,39.925813,0,114.804438,0,41.27971,0,45.92741,0,38.578486,0,43.740815,0,43.434632,0
9511,0.077891,1,3,3,223.1375,165.986618,22.978252,9.231834,634.744921,644.841712,25.164297,9.486871,198.057692,242.945638,24.162414,7.452917,250.755333,371.394893,27.549212,11.470078
9512,0.126791,1,3,3,139.82136,256.470892,25.86135,9.834335,666.655504,727.565462,25.30665,12.283728,280.937619,225.032187,22.251769,11.194963,369.231104,252.774883,27.389642,14.986245
9515,0.01142,1,3,3,32.716172,24.336773,6.345367,24.814798,93.065595,94.545975,7.174013,25.093001,29.038999,35.620419,6.802624,22.765027,36.765468,54.453506,7.922132,27.324499
9521,0.168205,2,4,4,52.009298,69.007488,34.827418,16.301488,226.574997,201.310116,34.731446,17.501425,109.1579,61.633173,32.694309,16.992349,137.292761,119.161658,35.53791,18.497072
9523,0.127824,2,3,3,290.490029,288.847215,21.624005,28.373024,976.809332,1015.544959,23.372737,29.968041,336.421329,363.110726,20.702497,26.292233,804.498479,753.494496,26.41859,34.131224
9527,0.180464,2,3,3,658.497865,478.846007,30.569027,27.691545,1976.379412,1959.323988,34.095832,27.742048,589.445876,770.067137,32.609277,23.240574,976.648976,1440.246235,38.945682,31.227683
9528,0.116312,2,4,4,69.32399,47.355561,34.885114,14.879917,155.246208,162.784136,35.439759,15.037021,84.829987,115.138375,34.634947,12.586828,57.908767,92.041772,35.682955,15.31824
9535,0.111041,2,3,3,262.102614,173.141949,30.963646,25.633727,793.340776,615.951701,34.289651,26.435691,246.311139,240.865326,32.403387,23.552666,344.722907,364.73335,39.118297,28.648673
9538,0.227279,2,3,3,543.351216,360.560283,25.75716,35.030901,1641.821358,1281.285339,28.877077,36.056442,510.507013,499.58381,27.108146,32.505176,716.084263,754.838782,33.206825,39.046662
9541,0.312881,1,3,3,294.679003,274.044856,21.920067,22.068072,1040.119816,940.002214,22.213054,22.366006,379.136965,373.020765,21.417451,21.46604,299.207336,419.165935,23.06733,23.035371
9546,1.407292,4,4,4,364.650896,618.583406,48.561364,42.582956,1373.566849,1670.130388,48.67592,43.717298,531.099226,407.114724,47.957595,43.806254,762.779327,678.822927,49.218402,44.552871
9553,0.095812,1,3,3,102.576201,287.647908,25.958236,18.615274,389.280616,529.520059,26.20181,25.086814,261.942083,171.160816,20.278623,23.839183,177.116393,120.975995,27.599751,27.67954
9557,0.105313,1,7,0,338.451942,0,5.495929,0,1101.425769,0,7.359327,0,344.648807,0,5.79924,0,763.76416,0,12.064548,0
9560,0.169006,1,4,4,80.426538,49.461541,15.611049,15.81842,139.427082,300.752543,15.88305,15.670177,51.956809,180.63342,15.820363,14.429391,46.676404,141.188634,15.935102,15.91536
9563,0.051617,1,4,4,10.654232,25.374122,9.523326,20.856251,52.506868,93.643127,9.438452,21.100379,22.41435,37.318389,8.922262,19.799071,17.35501,32.640091,9.689494,22.157453
9564,0.181191,1,4,4,57.399533,68.766906,15.652841,21.367257,252.56973,205.493227,15.566563,21.750177,143.392985,47.108304,13.09532,21.841653,131.285316,53.076763,16.177054,22.20931
9567,0.087523,1,4,4,45.791622,15.097573,21.793603,12.582544,96.976144,91.523344,22.101319,12.540827,37.953525,51.778011,21.952137,12.211112,40.765852,45.222572,22.21485,12.608573
9571,0.09696,1,4,4,43.09944,27.892993,21.082282,12.728502,135.278777,140.375373,21.528312,12.49606,38.949464,62.658239,21.367818,11.125086,47.829585,72.2751,22.182816,13.106797
9574,0.067791,2,6,0,11.073121,0,38.580016,0,27.843347,0,38.749829,0,11.207873,0,38.602839,0,12.914366,0,38.849131,0
9575,0.239051,2,6,0,111.712373,0,38.311078,0,517.356026,0,38.176164,0,169.063373,0,37.792594,0,271.904654,0,38.773321,0
9579,0.035348,1,4,4,4.057577,16.830874,7.66145,6.802659,55.212211,41.651216,7.143379,7.399104,17.113874,10.803691,6.874447,7.393271,29.625671,20.824461,7.649325,7.677201
9581,0.054305,2,6,0,7.271047,0,38.667663,0,39.066134,0,38.542161,0,17.546043,0,37.956868,0,18.310387,0,38.827852,0
9583,0.810889,2,1,0,6741.981302,0,61.248814,0,21727.140985,0,66.57848,0,9635.020093,0,48.768634,0,12771.715588,0,71.037413,0
9584,0.267037,1,6,0,851.378736,0,25.064623,0,2656.105111,0,29.331806,0,764.696874,0,27.705136,0,1873.966151,0,36.285868,0
9591,0.095989,2,7,0,409.180065,0,31.161399,0,1217.827216,0,35.872221,0,392.36362,0,32.766087,0,879.36491,0,41.556905,0
9601,0.070466,1,4,0,27.286779,0,8.127419,0,71.804484,0,8.914498,0,29.401471,0,8.081419,0,20.836794,0,9.396671,0
9618,0.134505,2,4,4,36.852426,61.40133,35.003034,18.227909,149.169554,185.613355,35.024917,19.012338,70.667411,62.690438,33.630318,18.346737,84.553348,70.394955,35.601136,19.834013
9625,0.029263,1,3,0,87.429801,0,14.951406,0,234.494862,0,18.285503,0,69.065653,0,17.3791,0,120.551317,0,21.666359,0
9630,0.135674,1,4,4,39.524463,29.762891,21.69805,14.635733,122.872202,87.484123,21.913015,14.770738,64.19079,28.2751,21.071467,14.68994,51.975789,34.283584,22.198887,14.894383
9632,0.083113,2,6,0,10.069153,0,38.700811,0,43.219975,0,38.687796,0,11.528911,0,38.675424,0,17.069281,0,38.847461,0
9633,0.309395,2,6,0,571.447742,0,22.487721,0,1702.565239,0,27.882494,0,697.989304,0,19.876059,0,737.40247,0,37.581422,0
9634,1.084855,2,7,0,132.632307,0,43.579589,0,816.494962,0,43.5562,0,267.451642,0,43.530668,0,0,0,43.599998,0
9635,0.424419,2,1,0,5275.197267,0,54.672911,0,13952.53471,0,66.850168,0,4703.058693,0,61.040024,0,7111.959517,0,71.106974,0
9636,0.052387,2,7,0,126.012143,0,5.094137,0,335.324949,0,7.270288,0,100.062897,0,6.613394,0,126.12731,0,9.391067,0
9637,0.104183,1,7,0,126.077112,0,9.739428,0,508.886894,0,9.864564,0,163.13444,0,8.346181,0,320.997029,0,12.912445,0
9638,0.830391,2,1,0,8731.881289,0,52.0833,0,26594.548862,0,63.069987,0,10369.245611,0,46.040006,0,17199.238168,0,70.780984,0
9639,0.272919,1,6,0,312.936967,0,36.019671,0,1238.227293,0,36.212668,0,351.431463,0,35.710851,0,796.648259,0,38.346199,0
9641,0.429258,1,7,0,27.26575,0,30.510139,0,149.192839,0,30.503081,0,119.404292,0,30.374306,0,69.57836,0,30.518317,0
9642,0.175433,1,1,0,2045.901728,0,43.571122,0,6414.445327,0,57.130671,0,2416.564662,0,36.953728,0,4145.692544,0,70.405512,0
9644,0.079862,1,7,0,79.738748,0,28.775481,0,395.948486,0,28.08945,0,186.246017,0,23.982923,0,289.091776,0,29.916649,0
9646,0.262058,1,6,0,578.221309,0,30.514454,0,1244.196912,0,35.991675,0,276.502109,0,36.646569,0,687.003524,0,38.440065,0
9647,0.059331,1,7,0,149.172877,0,2.653608,0,459.675765,0,4.136311,0,135.55643,0,3.399457,0,248.475369,0,8.587205,0
9648,0.388308,1,1,0,5049.381591,0,49.910369,0,14225.215612,0,63.896973,0,4889.074115,0,54.236633,0,8835.55363,0,70.876629,0
9650,0.348652,2,7,0,489.961385,0,24.955949,0,1143.386473,0,27.297082,0,318.844443,0,27.102771,0,263.732617,0,28.292141,0
9651,0.250085,2,6,0,714.612467,0,14.564079,0,2352.725325,0,18.587903,0,793.540278,0,13.750236,0,2101.879961,0,28.303531,0
9652,0.35953,2,6,0,820.861599,0,30.081154,0,2030.730622,0,34.982216,0,598.092602,0,33.984627,0,865.607399,0,38.502203,0
9653,0.757789,2,1,0,7688.586771,0,53.767654,0,20631.691827,0,66.332799,0,7136.582819,0,59.071689,0,10873.769314,0,71.082247,0
9655,0.060869,1,3,0,57.956197,0,15.803037,0,216.735709,0,15.868325,0,68.160758,0,15.716478,0,70.267733,0,16.167595,0
9656,0.102342,1,3,0,56.605335,0,18.03347,0,235.715664,0,18.030115,0,107.666933,0,17.713254,0,80.31292,0,18.177516,0
9657,0.038435,1,4,0,23.49582,0,21.64898,0,75.416546,0,21.862613,0,27.262576,0,21.54292,0,26.151146,0,22.204156,0
9660,0.04059,1,4,0,18.373383,0,7.547115,0,73.623092,0,7.594555,0,36.213203,0,5.67157,0,32.652024,0,8.359919,0
9662,0.044718,1,3,0,90.317189,0,11.705539,0,301.74785,0,12.626916,0,109.596915,0,10.955747,0,177.027154,0,14.419508,0
9664,0.085018,1,3,0,155.665846,0,7.664118,0,592.926018,0,8.07391,0,242.794151,0,5.2987,0,396.466593,0,10.542653,0
9665,0.059376,1,3,0,24.519301,0,15.999524,0,112.487605,0,15.982351,0,51.291485,0,15.794707,0,48.375727,0,16.064741,0
9666,0.033136,1,3,0,65.899971,0,18.150141,0,248.600111,0,18.674986,0,104.024208,0,15.022498,0,153.370591,0,21.53228,0
9668,0.032565,1,3,0,62.583019,0,10.571545,0,242.80952,0,10.820086,0,104.653187,0,7.994483,0,151.998977,0,12.705766,0
9670,0.131148,1,4,4,34.006255,11.695774,14.358527,22.168208,134.693198,41.93913,14.387935,22.181304,77.275855,15.432107,12.947906,22.138842,54.8239,19.475972,14.713713,22.220681
9675,0.283672,5,3,3,336.683369,261.267646,61.95711,51.23942,1100.920596,1031.978127,63.175542,51.374347,308.433964,369.363631,62.778157,49.952386,497.540365,578.274077,65.292993,52.779113
9688,0.226399,4,4,4,109.508491,45.738587,46.947488,48.839566,520.47758,440.831429,46.253974,47.042186,93.437147,150.316836,47.715668,45.557649,161.174929,244.464106,49.158581,48.980915
9693,2.034601,5,3,3,2437.777624,1885.279768,59.928321,63.247584,7971.821921,7459.12724,61.13237,63.408216,2225.734822,2676.606767,60.75685,61.652533,3591.133701,4185.778032,63.212189,65.212995
9699,3.564191,5,4,4,2479.932916,2166.205982,45.668835,44.467407,8320.821923,7857.757994,46.959757,45.179779,2531.146629,2793.175833,45.932845,43.012584,3912.099099,4414.905146,49.610851,47.52304
9710,0.537661,4,7,7,113.610687,72.000522,44.02726,44.300987,414.094812,421.100218,44.127126,44.114833,103.206855,149.802642,44.148911,43.770473,212.881322,220.797925,44.441798,44.439039
9711,0.123188,4,4,4,20.761736,32.537452,40.170661,19.914005,132.929375,140.164586,39.818501,19.866415,45.454699,32.44339,39.381482,19.970554,69.50677,61.091808,40.364753,20.343896
9717,0.152561,5,7,7,2.313653,4.24609,27.711573,60.889538,6.840464,8.048236,27.712085,60.897602,3.913318,1.891888,27.709863,60.897977,4.009473,3.343064,27.712538,60.899806
9718,3.441468,5,4,4,0,0,50.757001,48.606369,0,0,50.757001,48.606369,0,0,50.757001,48.606369,0,0,50.757001,48.606369
9721,0.138987,5,4,4,12.146353,5.688989,50.665282,24.212028,24.195716,22.38485,50.733889,24.212853,6.245456,11.639675,50.733718,24.184221,13.83513,16.614916,50.753613,24.219306
9725,14.386973,5,4,4,635.740004,1486.397604,41.611884,41.171595,2320.989246,2622.334666,41.616093,41.25372,1375.193123,626.192631,41.552494,41.256409,1778.081997,1427.492935,41.628311,41.271462
9727,1.720547,5,4,4,121.634563,144.289186,49.867156,45.852014,403.609085,461.472563,49.887443,45.881862,157.024356,127.604893,49.839609,45.874725,264.421366,215.146084,49.919893,45.924589
9729,3.128148,5,7,7,253.638759,204.629737,60.820331,57.489617,801.493337,693.684234,60.851797,57.505147,217.478279,274.615679,60.846618,57.460852,367.769118,462.049346,60.895352,57.5328
9730,1.723734,5,7,7,4.791406,9.100741,55.063639,55.063377,20.672634,22.10908,55.063629,55.063611,8.002071,5.991048,55.063489,55.063597,12.889184,10.303583,55.06373,55.063737
9731,2.296613,3,1,0,3272.164768,0,70.96514,0,11228.284623,0,71.075043,0,3203.383496,0,71.020942,0,6438.713795,0,71.196209,0
9737,0.199003,4,4,4,42.949896,34.288767,40.009056,24.912107,255.292839,259.825744,39.580676,24.347749,61.397033,70.64582,39.681705,24.250631,108.093534,107.436658,40.370199,25.078801
9741,0.557291,4,4,4,20.081721,12.56901,33.20091,40.436999,117.654615,104.115347,33.189486,40.420356,22.507713,29.92461,33.199562,40.415027,39.415413,52.247227,33.211178,40.440412
9743,0.069096,5,4,4,31.227111,5.113645,48.754327,50.69009,76.700859,30.395664,49.98763,50.622774,20.225469,8.404063,49.950565,50.603001,39.103065,13.036916,50.665148,50.745587
9744,0.392429,5,6,0,16.188202,0,38.839373,0,68.471103,0,38.838293,0,19.983819,0,38.83239,0,30.362364,0,38.85804,0
9747,0.024058,5,4,4,4.120739,2.889296,50.429153,6.897163,13.972539,11.974667,50.52987,6.896733,4.015223,4.345814,50.476773,6.861469,6.219599,6.860863,50.736242,6.922562
9748,2.790735,4,7,7,103.138754,165.51553,59.140982,55.579052,575.887133,617.601712,59.126085,55.586575,147.302515,207.64743,59.126428,55.562229,182.463575,272.113533,59.158383,55.619477
9749,0.404473,5,6,0,190.251361,0,36.864184,0,375.22259,0,38.347323,0,84.239422,0,38.462676,0,173.099365,0,38.809455,0
9754,0.713478,5,1,0,680.950027,0,71.157877,0,2826.355864,0,71.156693,0,846.58395,0,71.126497,0,1694.9422,0,71.198467,0
9755,0.311454,5,6,0,12.847886,0,38.83937,0,54.342597,0,38.838292,0,15.860306,0,38.832392,0,24.097315,0,38.858037,0
9756,4.181014,5,1,0,4162.871501,0,71.151215,0,17292.083002,0,71.149714,0,5173.933343,0,71.11497,0,10255.927766,0,71.198288,0
9758,0.02992,5,4,4,0.157965,0.083166,8.335343,50.756866,0.383756,0.358823,8.335362,50.756855,0.103989,0.138895,8.335362,50.75669,0.178843,0.223723,8.335371,50.756973
9759,0.38313,5,6,0,30.220431,0,38.789401,0,56.563767,0,38.844194,0,14.346282,0,38.844604,0,33.39243,0,38.857539,0
9760,0.116843,5,4,4,0.873068,9.662895,50.756141,50.674399,3.701775,18.040335,50.756091,50.738597,1.226319,4.566521,50.755533,50.739139,2.012151,10.492437,50.75688,50.754213
9765,3.515523,5,7,7,0,0,60.9,57.891411,0,0,60.9,57.891411,0,0,60.9,57.891411,0,0,60.9,57.891411
9767,0.419201,5,6,0,2.578185,0,38.859446,0,10.795728,0,38.859428,0,3.224179,0,38.859238,0,5.482569,0,38.859933,0
9768,0.795392,5,1,0,729.202175,0,71.163361,0,3172.201825,0,71.15567,0,954.501011,0,71.123567,0,1881.754542,0,71.198494,0
9773,0.3197,5,6,0,0,0,38.86,0,0,0,38.86,0,0,0,38.86,0,0,0,38.86,0
9774,0.097457,5,4,4,0,0,50.756999,50.756999,0,0,50.756999,50.756999,0,0,50.756999,50.756999,0,0,50.756999,50.756999
9784,0.310481,5,6,0,62.99035,0,38.438878,0,238.08314,0,38.501535,0,132.559256,0,37.350851,0,178.662732,0,38.771367,0
9785,0.702004,5,1,0,639.138848,0,71.164228,0,2772.341517,0,71.157155,0,859.395827,0,71.11809,0,1680.671783,0,71.198429,0
9787,4.213249,5,1,0,4009.751707,0,71.158291,0,17374.021437,0,71.150226,0,5372.429422,0,71.10567,0,10412.947591,0,71.198246,0
9788,0.658257,5,1,0,603.478775,0,71.163357,0,2625.275315,0,71.155669,0,789.933328,0,71.123561,0,1557.316971,0,71.198492,0
9791,0.328078,5,6,0,0,0,38.860002,0,0,0,38.860002,0,0,0,38.860002,0,0,0,38.860002,0
9795,0.228099,4,4,4,86.268451,19.160445,47.801556,49.217938,287.746602,90.550247,48.287812,49.191403,103.515787,29.139579,47.413181,49.130303,171.127469,54.90003,49.14311,49.287873
9798,7.618206,5,1,0,10751.92039,0,79.816374,0,56948.649348,0,79.561479,0,15037.972346,0,79.51941,0,33609.736073,0,79.985263,0
9800,3.589695,5,4,4,528.745707,236.145676,50.510462,50.703496,1101.999795,960.557057,50.689151,50.70472,228.495547,443.185739,50.711904,50.598578,568.704587,775.593007,50.748813,50.74224
9803,0.032086,4,6,6,7.83906,4.012822,38.263269,38.690932,21.316318,19.75551,38.586443,38.623017,5.44709,8.181485,38.589659,38.279138,18.998559,12.728856,38.766433,38.816226
9804,2.263805,4,7,7,235.454081,205.475293,53.015778,59.055286,966.624179,1010.868934,53.016637,59.013266,238.537017,265.307846,53.027918,59.007466,0,576.12781,53.158673,59.13859
9805,0.296863,4,1,0,434.154871,0,79.756023,0,2149.327868,0,79.538899,0,543.213738,0,79.565594,0,1240.921124,0,79.985637,0
9807,1.600452,4,1,0,3094.389102,0,79.360403,0,13503.793875,0,79.218937,0,3431.773765,0,79.249901,0,8050.440847,0,79.972698,0
9808,0.264487,4,6,0,124.565406,0,36.859579,0,316.682701,0,38.03426,0,83.155924,0,38.001484,0,224.810422,0,38.674477,0
9809,0.040971,4,6,6,2.356418,19.296146,38.821226,36.85958,11.643311,49.056603,38.8052,38.03426,3.013737,12.881497,38.804511,38.001484,5.942219,34.824875,38.853524,38.674478
9826,0.07505,5,3,3,63.177194,103.743038,32.400936,56.555193,147.176757,184.125162,33.005604,59.968923,77.705377,41.669031,32.087482,60.167145,114.391292,83.375006,33.213784,60.811215
9827,0.230802,5,4,4,107.197962,357.895584,39.905941,29.164814,244.459968,710.75617,41.054522,37.609728,71.996722,287.039407,40.88758,33.247969,128.709363,425.517094,41.559233,40.932645
9828,0.309353,5,6,0,524.792325,0,23.996046,0,864.034428,0,35.055081,0,157.764786,0,36.77718,0,381.394355,0,38.485771,0
9832,0.567667,4,4,4,495.927753,766.303625,38.519727,32.863419,999.001891,1295.417151,42.772911,41.754596,540.096232,295.375314,38.238449,42.282179,663.011325,573.70316,44.131164,44.212603
9834,0.182643,4,4,4,159.561763,246.553568,42.009471,35.840726,321.422831,416.792653,46.64798,45.537411,173.772704,95.035225,41.702716,46.112793,213.319894,184.585531,48.129284,48.218106
9842,0.779916,4,4,4,214.326734,717.948219,47.682545,41.429965,791.710937,1106.042472,47.833023,47.255407,740.643457,166.903182,41.723566,48.041038,739.907116,499.859128,48.249966,48.381522
9844,3.755142,5,4,4,113.952943,73.361245,60.885229,60.893601,241.718729,210.771359,60.89581,60.896772,45.667502,64.52007,60.89767,60.895504,106.647768,109.422706,60.899625,60.899609
9850,0.997195,5,4,4,71.185482,149.130476,60.825031,60.595577,383.86897,436.886868,60.774948,60.740192,146.631846,85.490195,60.635361,60.804793,295.941672,215.124245,60.86763,60.882338
9855,1.418829,5,4,4,237.528823,137.275946,38.017981,41.54126,585.35518,517.466776,38.173412,41.555329,119.539803,192.293185,38.20613,41.477456,277.165783,351.481066,38.255239,41.616797
9857,0.180647,4,4,4,132.292917,230.838915,22.044982,36.791497,440.708405,513.421821,23.656796,44.141663,179.941738,122.27791,19.388062,44.686184,315.585051,261.263171,26.245698,47.945218
9860,0.461964,5,4,4,50.809388,29.744833,49.78799,49.876971,137.986421,139.33951,49.864141,49.862954,37.058957,58.719957,49.858688,49.762826,76.699868,95.989138,49.918695,49.914018
9864,1.056303,5,4,4,10.637182,17.360251,16.747,15.985902,58.520971,104.832835,16.746634,15.984628,25.986949,25.165379,16.745053,15.984931,42.511129,40.270624,16.747299,15.986916
9867,0.739127,5,4,4,276.93921,139.316482,40.119376,49.541179,652.280847,594.182696,41.058189,49.514711,159.716021,276.377919,41.100869,48.676133,355.923861,466.61769,41.459353,49.816332
9869,0.646564,4,4,4,177.680582,595.191532,47.682544,41.429967,656.342105,916.928401,47.83302,47.255408,614.006277,138.365634,41.723562,48.041037,613.395838,414.391891,48.249966,48.381522
9872,2.153329,5,4,4,194.828522,218.760937,56.027841,60.753598,898.452048,902.884163,56.001016,60.752951,251.820533,251.086293,55.976258,60.729421,545.285176,524.965472,56.115437,60.87772
9873,0.761396,5,4,4,300.186732,173.476188,47.241673,60.226671,813.456815,745.876652,48.307783,60.169712,204.12477,298.609133,48.346666,59.23284,459.010836,553.911009,49.01226,60.72259
9876,1.290672,5,4,4,270.513077,382.285076,49.455689,43.845735,1012.995361,1085.093226,49.532945,44.306397,405.90049,313.232515,49.020509,44.197058,679.298939,586.860906,49.848765,44.682614
9878,1.225359,5,4,4,879.99018,593.848363,55.412675,50.172165,1569.248473,1547.018194,59.694519,51.843431,425.757647,624.744519,59.568011,50.207057,910.696945,991.508837,60.71526,52.802003
9879,0.7439,5,4,4,370.828538,420.742723,58.028326,45.077006,926.907145,874.375639,59.754558,47.915264,299.819988,271.330802,59.146658,47.46489,513.002613,556.662193,60.739686,48.73473
9883,0.643548,5,4,4,586.800968,346.039939,38.196393,57.607983,1030.575664,966.430306,45.625558,59.279913,256.968203,432.875015,45.734524,56.470208,566.753492,678.703498,47.220091,60.541829
9889,0.748809,4,4,4,670.395221,1026.916717,50.917277,29.911475,1868.382594,2102.302196,54.924593,42.138739,919.357628,528.902462,46.780628,42.36583,1380.205102,1176.716678,58.092433,47.083101
9890,0.473283,4,4,4,147.134876,338.381318,39.58412,27.943464,576.945075,665.567052,39.658824,31.186956,309.105318,161.756056,37.455515,31.294904,514.409176,385.65926,40.172372,32.057533
9891,1.044507,5,4,4,1752.729256,760.755248,33.358998,38.683615,2925.541169,2379.713444,45.83345,40.681218,678.273831,1579.375073,46.514728,28.723603,1448.467037,2155.33535,49.435479,42.641933
9895,1.109207,5,4,4,921.502976,429.099333,44.547897,59.093575,2078.209241,1821.728148,49.785853,58.988934,524.455205,927.496053,49.875711,54.442217,1188.58719,1445.277995,51.948898,60.366264
9898,0.999788,5,4,4,227.021032,100.134415,50.860778,60.757499,509.908628,443.714855,51.302492,60.736232,108.830941,202.721915,51.360682,60.414482,272.637717,369.244865,51.468256,60.850969
9900,1.403955,5,4,4,244.125862,239.106329,57.067005,65.101315,760.939388,755.67412,57.238746,65.266098,261.05973,267.123109,57.058982,65.056711,387.304263,391.612237,57.44766,65.489041
9903,1.782156,5,4,4,50.725018,43.56438,41.623559,38.899806,127.176648,115.289426,41.629014,38.903281,38.02082,40.744806,41.627863,38.901091,58.996223,70.367908,41.632156,38.905461
9904,7.795773,5,4,4,1309.139903,1312.590956,65.112294,63.504071,4071.815593,4094.577886,65.280142,63.670411,1410.342901,1432.095503,65.098756,63.480285,2117.36132,2091.538584,65.490571,63.88076
9908,0.303014,5,1,0,460.57893,0,79.76264,0,2279.977356,0,79.55148,0,576.759087,0,79.57612,0,1310.582662,0,79.986243,0
9912,0.439586,5,4,4,830.10007,480.396536,37.555618,49.922661,1378.301168,1073.782412,54.831137,56.975743,332.452968,690.900954,55.46384,43.704611,633.851644,958.730502,60.254153,59.500065
9913,0.359328,5,4,4,392.68679,678.542218,49.922663,37.555622,877.733573,1126.653961,56.975744,54.831136,564.757772,271.754433,43.704613,55.463843,783.687588,518.1244,59.500067,60.254154
9917,0.211185,5,4,4,399.540527,234.6339,37.50454,49.637506,674.190747,530.146977,54.64165,56.780888,164.652367,334.252755,55.17066,43.540042,311.67206,465.004382,60.225328,59.475076
9924,0.366696,5,4,4,289.905256,93.718657,54.430245,60.064686,409.217986,305.69557,59.967692,60.360822,70.359411,280.63697,60.462485,55.351205,213.2143,316.071791,60.783988,60.655417
9937,5.279055,5,4,4,1004.28633,1336.117799,49.534383,49.255077,3708.423438,3950.610582,49.607421,49.566836,1419.180929,1165.680043,49.251093,49.460112,2413.804983,2087.753853,49.867213,49.881727
9953,6.325053,5,4,4,194.713722,275.566287,48.760471,48.749143,612.423572,752.138413,48.765314,48.761854,283.430842,194.428498,48.750403,48.761747,443.486905,322.636852,48.770878,48.771628
9957,0.17491,4,4,4,21.439674,22.205073,48.322107,26.35627,75.273245,75.673644,48.368724,26.396309,27.246042,23.212892,48.248344,26.359522,35.7095,38.183194,48.487377,26.468911
9958,1.834363,5,4,4,178.329097,146.853491,49.817083,46.087671,623.089728,578.371081,49.846631,46.093515,165.079147,233.188816,49.841916,46.003145,277.495458,286.601002,49.920117,46.151472
9960,0.012817,5,4,4,1.121603,0.494031,50.665048,50.737607,2.220303,2.033723,50.7341,50.737617,0.514275,0.970162,50.738224,50.694346,1.29167,1.6396,50.753534,50.751544
9963,0.07084,5,4,4,2.710416,0.020149,50.737875,50.756998,11.155368,0.085253,50.737893,50.756998,5.336239,0.025959,50.694916,50.756993,9.02051,0.041747,50.751588,50.756998
9970,0.31396,5,1,0,447.893039,0,79.809413,0,2291.625542,0,79.596144,0,584.717982,0,79.606826,0,1323.586629,0,79.987411,0
9971,0.267472,5,6,0,0.386192,0,38.859963,0,0.922562,0,38.859988,0,0.252076,0,38.859986,0,0.738333,0,38.859997,0
9976,0.028118,5,6,6,0.021853,1.177927,38.859989,38.838757,0.115731,6.138147,38.859982,38.826779,0.045245,2.26322,38.859959,38.794175,0.068245,5.226975,38.859996,38.849621
9979,0.236474,5,6,0,0.183785,0,38.859991,0,0.97329,0,38.859982,0,0.380511,0,38.859963,0,0.573939,0,38.859998,0
9981,0.335382,5,6,6,34.261332,0.484243,38.744734,38.859963,85.067845,1.156793,38.815834,38.859986,15.319982,0.316077,38.83754,38.859986,42.344925,0.92579,38.855021,38.859995
9982,0.113872,5,6,0,11.632689,0,38.744736,0,28.882934,0,38.815836,0,5.201566,0,38.83754,0,14.377297,0,38.855026,0
9991,0.828034,5,4,4,616.411957,550.934355,55.062057,56.095277,1519.357998,1459.612953,58.558141,58.723868,657.871177,601.446879,54.981992,55.831905,945.214654,1026.240815,60.484082,60.414295
10001,0.180751,5,4,4,146.940928,125.325097,54.117383,55.736966,368.352562,348.548277,58.065506,58.336147,147.067914,142.770113,54.735756,55.041021,220.03937,243.598147,60.430426,60.33125
10004,4.296735,5,1,0,5925.503377,0,79.830506,0,31314.553116,0,79.598265,0,8159.10063,0,79.579572,0,18242.584836,0,79.987102,0
10008,0.336435,5,4,4,383.346423,194.837879,36.977726,29.55808,620.583594,560.604484,44.002555,31.075958,141.779459,286.842449,44.349078,26.988445,328.730896,437.641875,45.546926,32.172865
10016,0.12557,5,6,0,5.260365,0,38.838759,0,27.411624,0,38.826781,0,10.107049,0,38.794175,0,23.342529,0,38.849625,0
10017,0.286756,5,1,0,395.233768,0,79.830835,0,2088.692447,0,79.599046,0,544.061171,0,79.580799,0,1216.778841,0,79.987126,0
10020,0.296342,4,6,0,79.353941,0,38.151775,0,307.21999,0,38.228771,0,139.603164,0,37.05507,0,214.753549,0,38.722807,0
10021,0.480285,4,1,0,651.228389,0,79.812216,0,3460.691877,0,79.546464,0,913.10177,0,79.504343,0,2046.461933,0,79.984647,0
10053,0.294382,2,5,5,27.806589,33.081141,15.902617,12.849648,85.123056,93.428467,15.922988,12.890657,25.705493,27.997191,15.913364,12.877806,40.839139,39.115408,15.947161,12.922524
10058,0.241658,2,5,5,18.896899,17.630882,13.28557,15.920959,69.424447,66.212652,13.291283,15.925612,17.998666,23.773335,13.290915,15.904077,28.64853,30.090138,13.312149,15.947688
10062,0.223256,2,5,5,36.83373,41.359623,15.814047,12.977935,157.119484,153.042362,15.804698,13.008272,45.418103,49.27519,15.768928,12.93594,56.740244,54.487927,15.941034,13.128264
10065,0.138915,2,5,5,21.698755,22.56282,15.827363,15.817996,105.082357,102.891633,15.783558,15.790024,28.670754,33.620472,15.763955,15.699248,44.614457,42.111791,15.936018,15.937469
10071,0.333701,2,5,5,136.947227,91.126811,34.046694,23.247561,442.885298,411.198071,34.637109,22.995885,139.849063,194.006504,34.151794,19.618502,192.331149,209.457206,35.605103,24.293025
10075,0.426984,5,4,4,717.129668,310.906227,40.667672,55.280135,1196.120024,972.624293,55.904844,57.435774,277.25549,646.113165,56.737637,44.579934,592.247042,881.77675,60.299604,59.635115
10081,0.315252,5,6,0,12.034657,0,38.842195,0,63.461617,0,38.83152,0,16.765601,0,38.83002,0,38.331521,0,38.855368,0
10082,0.396851,5,4,4,246.971718,510.574866,42.568764,35.220197,719.907887,823.131685,44.055955,43.580126,391.4205,182.474337,39.386276,44.100748,579.361234,416.067848,45.283066,45.513732
10083,0.288264,5,6,0,132.642501,0,36.941796,0,565.43944,0,36.818069,0,435.686464,0,26.87011,0,524.367092,0,38.084568,0
10084,0.552123,5,1,0,875.405859,0,79.725326,0,4439.572879,0,79.436086,0,1280.41566,0,79.163148,0,2685.543818,0,79.979327,0
10085,1.693821,4,1,0,2750.256777,0,79.649756,0,13960.82483,0,79.279345,0,4018.176608,0,78.939055,0,8444.741531,0,79.973529,0
10086,0.429785,5,1,0,1530.108426,0,75.682602,0,4706.208748,0,78.375363,0,1115.640179,0,78.768696,0,2536.943125,0,79.959532,0
10087,0.310184,5,6,0,21.618009,0,38.804175,0,86.969988,0,38.806584,0,18.123151,0,38.824157,0,111.717562,0,38.823564,0
10088,0.609828,5,1,0,1136.56833,0,79.519888,0,4974.429931,0,79.40751,0,1271.994562,0,79.418831,0,2847.858791,0,79.982049,0
10116,0.17493,2,6,0,318.451419,0,23.210102,0,864.584075,0,30.014545,0,354.569626,0,22.283967,0,491.832814,0,37.885688,0
10127,0.094565,2,2,0,167.096681,0,40.926741,0,424.734752,0,44.659769,0,160.611191,0,41.906869,0,235.854604,0,47.1274,0
10131,0.343373,2,2,0,1615.866153,0,32.092108,0,3912.810414,0,40.445307,0,1745.521927,0,31.692577,0,1815.173981,0,46.741583,0
10135,1.019051,5,4,4,60.811022,125.380054,49.88376,43.373586,247.525896,292.615872,49.884706,43.478406,124.268472,57.794764,49.775268,43.498989,178.80319,126.458586,49.91772,43.525308
10137,0.718736,5,4,4,42.889943,88.430405,49.883757,49.75498,174.579724,206.381631,49.884706,49.868704,87.646407,40.762579,49.775269,49.891869,126.10968,89.191092,49.91772,49.922435
10140,0.164184,5,4,4,1.232047,1.051263,50.756134,50.75636,5.324879,4.000488,50.756049,50.756446,1.427914,1.802383,50.755971,50.755398,2.764033,3.687704,50.756882,50.756801
10146,4.150514,5,4,4,26.575553,31.145708,50.756359,50.756133,101.130939,134.61109,50.756448,50.756054,45.563609,36.097164,50.755403,50.755975,93.223872,69.873779,50.756799,50.756887
10152,1.055723,5,4,4,702.428264,785.910657,56.095281,55.062063,1860.971971,1937.14549,58.72387,58.558146,766.830536,838.770182,55.831909,54.98199,1308.432751,1205.126314,60.414295,60.484082
10160,3.052486,5,4,4,93.623445,120.946212,49.915144,47.573282,271.544305,327.749367,49.921152,47.583711,114.482061,87.19182,49.911256,47.583139,192.173722,144.687328,49.926106,47.591449
10182,8.704079,5,4,4,220.954168,287.046372,41.625306,41.620671,581.594223,672.294621,41.629422,41.628448,231.962911,181.067861,41.62542,41.628078,354.70896,272.461368,41.631989,41.632192
10219,1.202973,4,4,4,79.907792,24.429337,59.091695,59.152802,259.052061,210.023238,59.116619,59.130873,34.516895,103.568358,59.14755,59.059757,82.391954,91.334884,59.157912,59.157461
10232,2.876822,5,4,4,27.552977,57.74953,60.898349,60.893263,115.9847,117.292847,60.898278,60.898242,94.518321,38.766275,60.884588,60.897166,120.395696,59.778654,60.899215,60.899794
10234,1.18205,5,4,4,11.322068,23.729238,60.898346,60.89326,47.900941,48.43727,60.898259,60.898222,38.837492,15.929481,60.884586,60.897162,49.478312,24.571517,60.899213,60.899793
10258,0.792927,5,4,4,82.371214,81.513928,60.747282,49.369985,232.972133,254.388071,60.825094,49.423384,78.228094,76.700656,60.775733,49.396392,143.923473,118.804938,60.887278,49.489022
10312,0.49305,3,4,4,147.616682,72.66218,46.536251,47.282103,346.916169,311.201105,47.195778,47.261442,102.591319,106.629093,47.089055,47.054345,184.21385,181.162607,47.504624,47.506038
10320,0.091015,4,4,4,48.233767,25.937012,38.161782,39.712622,96.551351,93.11234,39.83811,39.877827,30.892249,42.995875,39.533742,38.771785,58.55261,54.73962,40.342659,40.354685
10329,2.729992,4,3,3,12051.830756,5969.525238,27.524295,40.39769,26404.155521,21582.381512,39.437877,41.931712,5319.412896,11654.777749,42.375873,29.546319,11197.907149,17168.043504,47.59291,46.502639
10343,0.721803,2,4,4,708.387539,296.044036,32.370624,38.020613,1364.079287,1110.77697,37.652076,38.275311,365.312164,862.221896,37.500384,30.663968,485.508774,736.365143,39.525183,39.375631
10363,0.185516,2,4,4,102.380678,53.06953,20.077627,21.971379,340.96493,306.171212,20.962577,21.293578,88.771545,131.809571,20.919826,18.917891,145.909429,186.641908,22.52534,22.451498
10370,0.24529,1,4,4,69.776922,55.135086,15.223607,21.900052,220.76621,159.430111,15.546898,22.057788,118.961787,49.333184,13.970892,21.988059,95.274002,62.240882,15.946631,22.213053
10374,0.449603,2,3,3,354.827027,440.729051,35.157111,34.556233,1261.134102,1542.703155,35.449689,35.027561,518.508114,366.697929,34.170051,35.210896,740.8869,693.419028,36.228082,36.244893
10448,0.440205,4,3,3,281.176051,559.986336,47.579988,40.675268,1274.241967,1148.220965,47.400205,42.79793,718.124271,339.2712,43.966607,42.55931,1113.733599,741.558906,48.134289,43.444498
10456,0.510235,4,3,3,489.46931,1158.384488,46.549553,36.181808,2006.79544,2552.453604,46.56483,41.485722,1280.478158,575.363853,39.310929,42.069307,1732.087633,1181.689507,47.863535,43.93216
10500,0.882853,4,4,4,281.89978,139.442704,34.659423,40.202068,805.675588,656.756402,35.119336,40.132525,165.899586,302.864006,35.274502,39.515596,380.817614,551.784321,35.515378,40.348007
10535,0.60001,5,4,4,72.302983,113.930785,41.494201,34.161631,227.274906,247.603376,41.549589,34.376523,69.814751,64.942208,41.516356,34.373185,146.502199,134.948183,41.617225,34.449226
10536,0.234674,4,4,4,75.149536,81.696933,21.83335,25.685882,201.289052,237.292368,22.65862,26.191645,67.424254,65.651296,22.242157,26.113657,131.030459,121.949019,23.109692,26.614677
10544,1.272078,5,4,4,321.636674,777.068444,55.903551,52.019948,1167.71191,1586.566389,56.090635,55.539565,727.487216,304.985042,53.005394,56.069926,1106.124492,734.159812,56.508632,56.642997
10566,3.102694,5,4,4,336.522975,746.135524,48.249604,47.768787,1493.947145,1742.879839,48.228915,48.17593,779.073035,394.542287,47.784986,48.220832,1196.358201,853.937707,48.340464,48.360497
10580,6.938804,5,4,4,322.264144,161.726539,50.729372,49.659835,692.880111,794.124356,50.748956,49.656954,166.51877,356.464519,50.749924,49.637808,493.760402,355.406766,50.755211,49.66614
10594,3.932275,5,4,4,134.879555,59.718956,50.741464,48.861676,270.278145,321.729615,50.753045,48.859586,68.650089,146.058635,50.753138,48.849365,193.337405,145.951481,50.756116,48.864305
10614,11.296642,5,4,4,94.616659,37.789522,50.755935,50.756816,198.33926,241.935956,50.756704,50.756569,50.782965,95.956171,50.756707,50.756019,132.098229,116.426376,50.756943,50.756954
10668,2.277552,5,4,4,627.659561,170.962127,59.293468,60.232962,1027.6434,783.295429,60.144494,60.214175,232.02623,519.591376,60.182455,59.681306,437.20744,588.596158,60.301046,60.290523
10680,0.604556,5,4,4,39.737044,23.657307,50.703574,50.737041,100.215688,99.785387,50.735937,50.736107,22.067709,46.884784,50.74131,50.69139,53.248048,45.192862,50.754314,50.755034
10730,1.903044,5,4,4,1488.254127,1994.188974,44.720538,32.863497,5632.907213,6095.415511,45.421311,37.600986,2101.405961,1692.652449,41.565212,36.548527,3323.680428,2782.069253,49.168985,44.205315
10766,0.701399,4,3,3,493.270985,537.93484,37.28687,44.106784,2078.565579,1847.276477,37.235793,44.45132,623.795434,591.193349,36.826887,44.020735,840.752998,939.359994,38.284198,45.198464
10776,0.627279,5,4,4,189.794536,94.97001,50.497689,40.786257,993.027452,821.3242,50.349431,40.592901,202.877527,273.381074,50.492988,40.42201,312.059651,376.761258,50.737709,40.821247
10780,0.814093,4,4,4,509.916668,241.845246,40.680555,41.48918,2198.608567,1879.786304,40.580541,40.886892,470.103612,672.674136,40.932111,40.111068,873.405051,1192.491883,41.651141,41.587801
10870,0.421374,3,3,3,1155.596757,770.452234,36.742388,39.748347,3227.552139,2926.702709,39.656728,40.14322,1001.014096,1340.911973,38.470054,35.769543,1680.215475,2041.444971,42.258485,42.091018
10882,5.269306,5,4,4,86.096845,343.667033,60.895439,60.836838,468.145708,553.193856,60.892268,60.889388,291.451127,108.415539,60.858554,60.893661,469.853481,324.177123,60.896703,60.89837
10892,0.535444,5,4,4,322.628939,650.467451,42.747285,36.07982,938.900834,1056.266243,44.159838,43.771312,494.172726,237.77894,40.049543,44.204501,743.049696,546.22234,45.328251,45.527149
10896,0.333844,5,4,4,405.559424,201.155656,36.079819,42.747282,658.570584,585.39452,43.77131,44.159837,148.252599,308.111353,44.204501,40.04954,340.563724,463.283453,45.527147,45.328252
10910,0.996192,4,4,4,454.446686,667.21047,46.414116,44.363345,1254.528352,1395.814342,47.501874,47.282924,652.347658,316.747322,44.901543,47.535312,999.875249,684.256236,48.221763,48.364767
10914,1.084108,5,4,4,102.507923,47.278172,60.772223,60.87058,314.436833,274.517456,60.826901,60.843505,60.384216,103.887551,60.858,60.782404,154.652837,219.041924,60.891944,60.884402
10920,0.885717,4,4,4,1303.975824,547.376758,25.655722,44.906219,2852.403651,2280.740678,35.731932,44.83065,569.655266,1113.368126,37.928782,37.988181,1411.363601,1898.993535,41.017356,47.341516
10936,1.136862,5,4,4,682.730617,163.445983,56.889442,60.617438,1386.472577,1058.703641,59.799489,60.235962,274.165489,845.986485,60.227098,55.614202,623.005886,1133.497059,60.796313,60.577875
10962,0.554245,5,4,4,315.337288,99.932985,43.041745,36.399092,813.393925,676.614966,44.612898,35.896348,175.079455,399.135537,44.941429,32.609559,382.778572,552.686639,45.659153,36.477824
10972,0.281109,3,4,4,174.149468,101.255576,24.478729,38.459546,546.285057,469.365809,25.879985,38.170292,137.380252,183.894174,25.966745,36.500608,253.693472,358.182139,27.701774,39.264156
10996,0.056787,3,4,4,22.484163,38.446354,11.951842,35.95836,107.326125,124.907739,11.632416,37.214473,43.430163,31.381523,9.919671,37.313445,76.973947,53.679567,12.603233,39.43028
11020,0.381202,2,4,4,104.356314,185.013583,31.131115,20.43047,491.423874,573.985372,30.955844,21.704688,228.017924,140.990018,29.432433,21.85417,336.760282,250.667787,31.582586,23.242928
11091,0.297953,3,3,3,261.097506,157.167059,45.77712,40.31102,696.969632,592.656534,46.755287,40.399163,231.605314,283.474907,46.269849,39.312758,272.160706,347.235839,47.492704,40.806022
11130,0.411582,2,3,3,717.111969,406.596724,34.252944,26.895608,2072.532594,2005.470826,36.698697,26.009864,649.628688,822.315477,35.492096,22.050133,808.770946,1135.315156,39.425251,28.601786
11138,0.162936,1,4,4,4.271207,65.844364,13.98032,14.805493,56.452689,57.255639,13.932261,15.732467,32.19412,15.486372,13.681493,15.728216,35.05344,15.228234,13.977557,15.770176
11150,0.573682,2,4,4,124.256045,192.705527,25.103046,30.845438,405.233263,553.195718,25.305396,31.287664,252.859374,182.611712,23.60003,31.013389,168.504238,164.187365,25.603884,31.730243
11154,0.598299,2,4,4,131.250872,115.606856,27.777143,35.337602,502.196724,469.089849,27.864427,35.347474,160.312074,175.483794,27.563502,34.988636,245.897346,215.093307,28.33907,35.665743
11160,0.321389,2,3,3,270.919999,268.777024,33.885758,33.905297,1290.531155,1406.629003,33.472871,33.173491,430.215759,486.4064,32.417079,31.733094,524.036752,434.662174,35.075414,35.115198
11174,1.250012,3,3,3,2479.171483,1697.346005,33.362383,37.336489,6907.907702,5953.083894,37.425622,38.418404,2083.142259,2644.874251,36.050515,33.259511,2930.15804,3864.001171,41.191291,40.959102
11203,0.603613,3,3,3,1072.914102,864.706813,29.642815,31.874195,3636.815188,3599.1896,31.686308,31.779316,1214.844504,1381.754949,28.796637,26.961994,1789.631586,1952.810957,36.061589,35.968124
11209,0.571897,3,3,3,1779.211732,1233.863474,30.221336,39.150904,5130.288409,4854.087204,35.795763,39.733518,1807.65145,2076.889078,30.968443,31.332137,2689.316913,2825.202223,42.685509,46.173806
11217,0.49092,3,3,3,1487.087913,1074.295649,30.25629,35.257247,4212.417215,4033.655804,35.863323,36.369407,1581.86478,1721.996595,30.173343,28.5994,2248.351914,2336.322651,42.198149,42.118152
11241,1.529509,3,4,4,521.585032,792.953567,38.57394,32.540909,2172.091015,2446.495024,38.55125,33.887392,946.815686,893.722273,36.791659,32.14481,1204.687578,1039.498624,39.494396,35.530786
11249,0.993597,3,3,3,1890.398377,1552.123055,37.298677,37.36301,5437.844258,5324.448149,40.167292,38.557162,2138.141907,2297.573209,36.592223,34.126627,2947.673133,2950.548155,43.11235,41.267308
11255,0.591634,3,4,4,197.342793,255.892245,26.974225,34.201266,534.140188,556.899652,27.762608,35.240214,280.484885,191.089907,25.858764,34.911982,222.498503,220.100197,28.284258,35.666206
11363,0.605476,3,4,4,140.823645,333.483528,39.122526,37.078126,910.8949,1057.154671,38.427937,38.044493,406.151944,241.30656,36.35957,38.35915,510.629792,395.025952,39.472908,39.541072
11365,0.959956,3,4,4,116.314902,310.598085,39.49574,38.673683,636.384879,764.589494,39.38602,39.276908,354.580262,193.783624,38.527816,39.286936,363.6183,289.110663,39.611162,39.624871
11381,0.385005,3,4,4,81.153692,119.222209,29.897986,38.750006,510.836962,516.258876,29.354695,38.661932,145.896285,107.337072,29.132167,38.984662,232.251825,260.602862,30.216822,39.533207
11389,0.518607,3,3,3,447.428277,879.469264,41.918657,41.865768,1732.333642,2074.094104,42.087761,45.411544,1053.956977,685.268581,36.98254,44.198985,1138.656997,891.696224,43.20836,47.359967
11459,0.333883,3,3,3,813.467177,573.177168,37.432901,41.748428,1840.84361,1750.465342,43.757643,44.078319,640.713309,892.804417,41.202833,36.878945,972.369534,1101.228739,47.036339,46.901194
11508,1.335749,3,2,0,1857.311277,0,40.44707,0,9034.777254,0,39.14028,0,4159.494656,0,31.371626,0,6676.39161,0,42.994191,0
11531,3.018821,5,4,4,983.654544,2863.645208,44.791784,39.194039,6442.755235,7542.911667,43.463764,42.709112,3017.31089,1521.238908,39.246228,43.795321,6141.34232,3856.243552,44.855356,45.393484
11604,6.363096,5,4,4,93.86713,93.867129,60.89625,60.89625,301.296471,301.299011,60.897663,60.897663,105.253807,105.255102,60.895819,60.895819,152.940017,152.940017,60.899729,60.899729
11626,4.947646,5,4,4,257.012643,303.02704,45.749177,44.502636,1000.360257,1164.889459,45.752301,44.507666,334.295846,353.513689,45.734447,44.494315,768.396875,547.599368,45.772888,44.539947
11666,11.196894,5,4,4,1164.787634,758.330566,65.355256,65.447008,2243.025266,2504.855786,65.481045,65.471965,707.633075,1007.004469,65.462571,65.407825,1440.808776,1277.501448,65.512876,65.514332
11694,6.666695,5,4,4,326.49204,614.241711,41.607436,41.549337,1319.62434,1425.372233,41.608307,41.604493,639.265071,391.100631,41.552012,41.60082,933.823258,809.839478,41.627182,41.628443
11713,7.951964,5,1,0,12086.915452,0,79.762642,0,59833.161595,0,79.551482,0,15135.816827,0,79.576125,0,34393.457449,0,79.986247,0
11727,1.191392,5,1,0,1821.338841,0,79.757872,0,8998.278044,0,79.545607,0,2273.265523,0,79.572524,0,5173.070439,0,79.986053,0
11728,0.980482,5,1,0,1383.798448,0,79.816368,0,7329.430439,0,79.561477,0,1935.423816,0,79.519407,0,4325.655225,0,79.985262,0
11729,0.146848,5,1,0,196.895482,0,79.846241,0,1047.102958,0,79.62745,0,267.789228,0,79.63441,0,604.771936,0,79.988393,0
11770,0.308877,3,4,4,81.453132,42.661746,28.019221,39.452379,326.601462,306.528977,28.051694,39.086143,63.124509,106.771845,28.308186,38.6573,116.323424,159.99563,28.59888,39.579665
11777,1.083367,4,4,4,98.72285,159.224688,40.357939,40.232715,1163.64891,1336.775697,39.823873,39.640897,340.961234,246.162786,39.652944,40.013687,525.549589,422.933921,40.384254,40.4041
11786,2.731449,5,1,0,2520.944935,0,71.162503,0,10963.969804,0,71.154665,0,3298.850611,0,71.121852,0,6497.837997,0,71.198458,0
11787,2.755965,5,1,0,2543.571891,0,71.162505,0,11062.377838,0,71.154671,0,3328.459723,0,71.121858,0,6556.159876,0,71.198461,0
11799,0.486372,5,4,4,187.073584,305.710584,48.462191,34.349445,732.162761,825.36849,48.593363,36.513441,306.213747,214.031878,46.69697,36.485026,459.124871,343.841479,49.689353,38.061574
11801,0.288754,4,4,4,111.063614,181.497149,46.973716,44.797714,434.677309,490.012567,47.11016,46.767273,181.795872,127.068468,45.142761,46.740332,272.577594,204.13506,48.252322,48.357125
11821,0.244605,4,3,3,114.653844,227.077767,27.197596,38.832216,475.46069,707.240909,27.191685,39.4491,201.826421,196.072047,26.439296,39.313256,360.34265,334.459463,27.500331,40.237381
11882,1.346449,5,1,0,2578.721041,0,79.472628,0,10953.584267,0,79.41298,0,5354.976642,0,74.856994,0,8181.488901,0,79.955256,0
11888,2.728299,4,4,4,2018.053328,2647.601202,57.204924,53.545466,4823.908507,4801.021102,61.195376,61.216595,2580.587054,1711.467583,54.81186,59.269226,2352.749079,2478.902219,63.372963,63.344402
11899,1.307661,2,1,0,4210.439225,0,66.732457,0,15344.541314,0,68.210528,0,7929.228431,0,47.665194,0,12157.262612,0,70.911307,0
11900,1.348492,2,1,0,8234.818574,0,44.031564,0,18705.910409,0,66.02817,0,5167.377853,0,64.701611,0,9295.933813,0,71.097473,0
11906,0.779278,3,4,4,261.63988,406.375179,42.450321,34.625177,2243.972897,2628.809239,39.308183,31.129699,658.029905,706.803261,38.240938,30.63387,1170.698286,1085.36796,43.021904,36.857538
11908,0.254809,3,4,4,111.819529,220.945796,22.00055,37.447723,1198.671025,1461.350675,10.955804,31.048243,380.219238,352.457429,8.072223,32.107553,746.285017,563.671596,21.802932,42.41121
11948,0.762331,3,3,3,459.208063,1073.323559,38.910734,34.359208,1960.7313,2408.379226,38.85902,36.558883,1076.862733,647.564778,36.507766,36.464546,1535.884762,1159.77252,39.436157,37.531241
11975,1.372349,3,1,0,8884.841484,0,43.613814,0,22752.390195,0,63.474861,0,6063.02272,0,62.580431,0,11195.712671,0,71.046173,0
12017,0.270959,5,4,4,20.985916,10.53863,50.684057,50.737269,65.147676,55.702526,50.714327,50.725305,13.89849,25.647472,50.727064,50.661252,32.930263,49.075231,50.752049,50.746435
12025,0.808417,5,4,4,847.527093,324.703342,50.614937,58.964245,2020.305624,1656.500531,56.813538,58.037307,416.186658,950.042521,58.155218,49.655276,964.431626,1559.797865,60.447997,59.785529
12029,0.384711,5,4,4,145.466691,241.739429,44.478084,42.513561,634.957602,772.216382,44.33033,43.70696,285.892592,164.85598,41.815865,44.304405,512.353308,378.231286,45.361916,45.54419
12039,0.500531,2,3,3,928.292655,1217.660013,31.006216,41.802011,3235.568124,3299.438208,32.079881,44.770217,1441.705749,1194.348967,27.105218,42.496867,1887.356547,1155.012511,34.50787,47.380356
12047,1.599754,5,4,4,61.534244,58.334737,16.741127,16.741742,334.405664,320.185631,16.736706,16.73756,68.370104,65.703849,16.740517,16.741025,175.816128,175.230109,16.746151,16.74616
12057,0.070133,5,3,3,88.750022,44.980251,25.105345,30.259335,210.527876,178.546733,29.681724,30.400556,50.289004,97.59084,30.030796,24.637297,116.625609,147.659336,31.946025,31.75391
12105,1.269725,3,4,4,773.943943,1248.338907,35.948589,26.721462,4176.780074,4611.585718,33.723388,28.50068,1619.412284,1194.450705,28.279157,28.388219,2759.647733,2240.315846,38.370933,36.973169
12112,0.443904,2,2,0,2088.946819,0,32.092109,0,5058.372472,0,40.445307,0,2256.562197,0,31.692576,0,2346.606435,0,46.741585,0
12113,0.43637,2,2,0,2043.464246,0,15.690695,0,5365.560566,0,22.932644,0,2182.150131,0,15.541466,0,2541.330675,0,30.483951,0
12114,0.045261,2,6,0,82.394485,0,23.210103,0,223.698043,0,30.014546,0,91.739524,0,22.283969,0,127.254296,0,37.885688,0
12136,0.254022,5,4,4,150.007588,129.289511,46.736274,47.482967,472.294026,281.25409,47.960769,49.17435,186.567503,100.786703,45.691579,48.531099,275.433388,191.256162,49.618069,49.772277
12181,0.134734,5,4,4,43.374436,57.735223,48.873705,48.140265,92.189594,193.519051,49.622934,48.704446,35.077618,71.258016,49.290568,47.564634,73.614543,109.376182,49.842978,49.74849
12220,1.154228,5,4,4,1987.849918,841.091414,40.017947,55.27267,3290.075792,2640.16165,55.751245,57.409876,751.125248,1795.033319,56.721452,43.951361,1611.43456,2440.619364,60.292196,59.578291
12254,0.486321,3,4,4,6.946301,2.224472,15.948929,15.949876,12.854161,11.381365,15.949765,15.949814,2.469957,5.357962,15.949865,15.949413,2.525185,6.377367,15.949996,15.949974
12274,3.7554,5,4,4,631.312613,1097.109675,60.520282,57.006204,1623.719009,1843.985194,60.744142,57.883231,977.194047,630.003358,60.123856,57.744078,814.605567,763.879406,60.882155,58.059854
12360,0.314693,5,4,4,85.931494,30.230263,29.223463,41.542488,169.767322,132.497962,29.677132,41.531179,35.502565,103.527876,29.721036,40.809938,91.676699,147.88155,29.789449,41.579548
12362,0.172498,5,4,4,24.810488,31.238699,41.439183,41.333775,71.808564,73.720541,41.533338,41.528272,20.729649,25.17999,41.509033,41.454072,46.210706,46.509462,41.614281,41.614057
12370,0.567974,4,3,3,160.937956,470.53373,50.708871,45.230307,603.139301,752.042424,50.743075,46.407937,466.976395,162.632784,49.528904,46.473812,650.536085,402.156243,50.832483,46.611839
12373,0.315359,4,3,3,89.358432,261.256931,50.708874,49.352602,334.884224,417.560492,50.743075,50.652249,259.281773,90.299461,49.528906,50.726591,361.200591,223.291338,50.832487,50.883912
12442,0.111147,5,4,4,8.862204,4.354055,50.679926,50.737002,26.913119,22.888965,50.713752,50.725202,5.707995,10.712377,50.726996,50.657915,13.672589,20.48044,50.751933,50.746086
12477,1.188968,5,1,0,4171.49699,0,75.885168,0,13013.02296,0,78.378053,0,3150.140516,0,78.679581,0,7022.219827,0,79.959458,0
12480,1.264288,5,1,0,4435.760006,0,75.885165,0,13837.39385,0,78.378052,0,3349.700922,0,78.679583,0,7467.075233,0,79.959456,0
12481,1.20742,5,1,0,2469.979418,0,79.338235,0,12077.14083,0,78.806774,0,4625.006599,0,75.449758,0,8069.27962,0,79.937759,0
12483,0.217086,5,4,4,242.258239,411.193973,53.319952,40.314595,550.772954,698.123954,61.004371,58.702323,344.347088,170.527579,46.787344,59.275953,479.682305,322.397679,63.976933,64.785533
12493,1.265035,4,4,4,837.97649,1316.06957,39.169252,39.907471,2612.209155,2768.136963,40.922431,45.751724,863.672409,632.464754,39.37779,46.279333,1942.417544,1444.976446,42.893859,48.144568
12513,0.211559,4,4,4,47.266386,31.312179,32.014189,32.214365,76.832896,89.034869,32.320975,32.300336,14.789381,43.16739,32.348038,32.104228,28.030868,33.710693,32.380999,32.37932
12517,0.052186,4,4,4,4.51705,7.948432,32.323219,32.204872,29.869496,38.118412,32.233459,32.144807,9.154554,7.710142,32.173859,32.232361,17.790242,15.022539,32.360919,32.367532
12520,0.080163,5,4,4,4.604349,2.462388,33.310335,33.329225,21.341842,17.644398,33.303493,33.313801,5.870138,5.617934,33.298854,33.301946,8.032542,6.82404,33.335249,33.335848
12526,0.468048,4,3,3,242.201083,204.415634,50.266198,45.410839,568.019201,569.800533,50.692679,45.62617,162.813259,233.833696,50.641243,45.34567,333.289296,380.660186,50.883543,45.782297
12615,3.191983,4,1,0,11535.00493,0,78.640284,0,45804.477719,0,78.798735,0,12883.548996,0,78.369081,0,24854.747103,0,79.969545,0
12616,1.403756,3,1,0,2000.041007,0,70.96514,0,6863.049777,0,71.075043,0,1957.99992,0,71.020945,0,3935.526642,0,71.196212,0
12618,0.152709,3,1,0,217.576804,0,70.965138,0,746.604912,0,71.07504,0,213.003316,0,71.020941,0,428.130877,0,71.196212,0
12620,0.155369,3,1,0,172.977119,0,71.100028,0,732.721907,0,71.089719,0,256.538269,0,70.879114,0,461.37598,0,71.195377,0
12621,2.381148,3,1,0,2651.00239,0,71.100021,0,11229.505608,0,71.089714,0,3931.638872,0,70.87911,0,7070.928412,0,71.195376,0
12622,1.150224,4,1,0,2437.447479,0,70.419857,0,10939.025673,0,70.152204,0,5958.264394,0,59.234841,0,9051.403519,0,71.085339,0
12624,0.361173,2,6,0,175.686444,0,36.739863,0,619.005854,0,37.260942,0,145.142186,0,37.509161,0,324.289988,0,38.654219,0
12625,0.932854,2,1,0,8857.976461,0,41.905471,0,22445.188931,0,63.02741,0,5742.536955,0,63.153374,0,11761.629974,0,70.996275,0
12626,0.205345,2,1,0,991.966566,0,66.72945,0,4645.863438,0,64.449917,0,2216.001457,0,37.598461,0,3496.51596,0,70.625093,0
12627,0.23896,2,1,0,1256.181124,0,52.090942,0,3570.05629,0,64.649411,0,1180.165675,0,57.315195,0,1841.435894,0,71.049188,0
12630,0.666733,3,1,0,2807.314015,0,62.339217,0,9520.722434,0,66.387409,0,3871.734964,0,52.520522,0,6057.19295,0,70.976765,0
12643,0.284456,3,7,0,427.925276,0,42.910025,0,1195.831536,0,45.209406,0,316.260921,0,45.087719,0,615.613346,0,47.256427,0
12644,0.07789,4,4,4,73.458659,114.29459,11.994375,7.437867,260.534656,374.491157,13.312142,9.844696,94.373781,126.597906,10.056424,6.978227,157.52833,226.487402,17.376064,16.565563
12646,0.057883,3,7,0,40.456739,0,46.381149,0,158.417821,0,46.485256,0,67.770028,0,44.848003,0,112.236328,0,47.31146,0
12660,0.185568,2,2,0,500.141914,0,40.74356,0,1309.075901,0,44.413138,0,507.210738,0,41.207588,0,661.81676,0,47.163811,0
12668,3.500494,5,5,5,49.089225,76.320768,40.19567,41.626252,288.934636,369.420304,40.193168,41.624002,91.514734,54.737718,40.190693,41.629518,213.879431,183.100258,40.197023,41.631552
12675,6.47033,5,5,5,40.476564,38.816033,32.829589,33.337069,87.17394,87.653223,32.82991,33.337364,20.673886,25.929605,32.829928,33.33732,46.536315,49.651659,32.830026,33.337481
12687,1.293461,5,5,5,8.952908,6.7987,49.926653,49.926998,38.111119,32.542506,49.926596,49.926829,8.340314,11.436467,49.926837,49.926289,17.259719,19.237451,49.927415,49.927396
12692,0.499177,5,5,5,3.731011,5.061432,49.926519,49.925751,19.173177,20.82306,49.926008,49.925755,5.9089,4.71391,49.925393,49.926132,12.741009,11.977657,49.927209,49.927244
12696,0.998565,5,5,5,76.875261,167.877698,33.282586,30.072525,401.272257,450.109847,33.251406,30.202953,173.331256,93.972848,33.107837,30.236171,148.129037,141.724812,33.331994,30.298097
12697,1.671314,5,5,5,96.974895,115.734907,45.777204,49.860234,330.960502,316.475779,45.790555,49.89657,84.604328,81.442738,45.790899,49.896528,320.283297,406.404396,45.809078,49.906421
12701,2.812501,5,5,5,440.024938,291.169261,49.612583,47.264552,1496.824796,1362.933487,49.70801,47.225794,349.889653,511.434737,49.744249,47.036191,776.278093,970.222735,49.900689,47.364366
12702,3.00079,5,5,5,382.37307,327.235866,60.639381,57.219325,1060.351333,1108.679974,60.776751,57.277523,299.5963,358.240288,60.752651,57.206985,623.546475,584.326062,60.880924,57.389373
12703,2.462457,5,5,5,308.19594,86.261654,56.453562,60.8775,492.242698,416.347964,56.655169,60.869577,95.38429,292.450956,56.671344,60.695279,232.13475,339.414252,56.689852,60.891252
12704,1.07899,5,5,5,23.272038,115.330067,52.074157,51.915898,133.628343,165.857471,52.067632,52.060444,111.613914,28.710649,51.942871,52.071675,132.916755,79.861743,52.0757,52.079226
12722,1.460057,4,5,5,0,0,36.12071,40.443,0,0,36.12071,40.443,0,0,36.12071,40.443,0,0,36.12071,40.443
12723,0.279591,4,5,5,147.209526,225.967638,37.867763,15.771957,494.614318,537.432992,38.65665,21.404195,219.052881,142.85779,35.795912,21.169353,334.801266,291.32044,40.06925,24.534502
12727,0.750335,3,4,4,224.385498,618.12321,46.538441,27.102006,1086.291545,1340.487463,46.184626,34.232444,648.308995,276.709263,41.478043,35.357925,885.272281,623.99753,47.149666,37.091234
12728,0.487067,3,4,4,329.323135,145.158479,43.132813,46.544857,660.044643,550.350502,46.341675,46.688127,143.348036,323.175437,46.667232,43.678403,314.625047,420.758753,47.42181,47.327751
12729,0.260948,3,4,4,95.699776,159.872578,29.369398,43.828266,320.997817,355.108416,29.849043,46.332255,149.175156,84.253573,27.717722,46.501093,204.956564,174.885125,30.6099,47.412551
12733,0.231825,3,5,5,32.465387,61.263839,39.418476,25.529063,138.140743,161.390866,39.403673,25.940661,64.880713,36.409133,38.886426,26.004159,101.747029,78.819744,39.591347,26.181322
12737,0.454331,3,4,4,155.899984,203.790384,38.561499,29.587342,579.638595,636.298533,38.749063,30.366915,207.168485,168.928739,37.99848,30.296823,360.201464,302.936351,39.492448,31.328947
12738,0.500521,3,4,4,207.109955,264.605576,38.114521,25.591071,750.709055,782.422299,38.434768,27.515414,262.154755,205.504942,37.527646,27.424505,468.235285,427.746905,39.434554,29.328132
12740,0.402492,3,4,4,228.945692,112.128124,36.92686,29.906346,566.861716,456.980287,38.567977,29.920846,129.802161,241.033666,38.777261,27.723995,251.531628,357.151006,39.549604,30.440691
12741,0.227762,3,4,4,101.363793,162.071548,37.896761,15.821846,487.376252,502.510156,37.331305,18.507333,219.960722,117.840556,33.577109,19.178436,324.898181,247.683893,39.172939,22.282784
12743,0.658767,3,5,5,52.626591,41.48213,31.685944,27.703648,154.931045,129.113515,31.716108,27.718653,42.652755,49.4829,31.711421,27.694274,64.29462,60.271695,31.747299,27.737285
12746,0.395451,3,5,5,69.229105,107.219764,31.467552,22.64668,192.482957,241.204286,31.615434,23.32039,89.636681,55.592044,31.337757,23.373551,127.902835,96.555657,31.723685,23.559795
12749,0.745968,3,5,5,162.856672,95.74318,14.350133,15.871015,451.970624,269.17019,14.487605,15.911649,138.880054,154.028027,14.438695,15.776176,190.945361,81.020598,14.592983,15.948336
12760,0.408101,3,5,5,253.161049,159.014415,28.881729,21.791335,781.930663,589.235279,30.023409,22.176559,225.414594,262.86977,29.632551,19.075584,442.865907,321.268137,31.489484,23.597584
12761,0.508517,3,5,5,54.256673,45.836094,31.639156,24.918025,205.485775,205.069743,31.655394,24.90131,57.22037,68.408454,31.639987,24.824862,107.235385,101.919535,31.73832,24.99593
12775,0.893056,3,5,5,56.603299,37.888476,31.708703,31.730727,192.931543,183.28407,31.721152,31.723829,62.776722,77.639276,31.704908,31.682525,97.365396,103.965236,31.746663,31.746221
12776,0.612334,3,5,5,84.706378,69.18199,25.72586,31.626472,345.492538,332.763693,25.730084,31.584263,106.366683,113.275849,25.63368,31.468618,163.908043,179.359682,25.9222,31.728202
12780,0.363742,3,5,5,101.154633,149.473851,25.707773,37.927642,466.279025,378.89304,25.367893,38.946426,299.413369,174.069085,17.936441,37.603874,170.108176,163.740738,26.889765,39.588456
12782,0.546618,3,5,5,203.025831,135.796658,27.977511,38.969827,431.374492,570.892727,29.642997,38.942947,234.008477,422.503652,27.558434,34.924521,197.343305,192.598634,30.150173,39.611341
12784,0.632686,3,5,5,153.526171,93.805773,25.399754,31.543513,488.843774,420.482797,25.688752,31.507646,127.663076,176.693348,25.675392,31.140984,171.280457,204.128883,26.075359,31.72381
12792,0.509137,3,5,5,96.972311,67.115518,31.41899,24.816659,374.314639,345.076726,31.456878,24.699055,100.003144,120.434262,31.435014,24.413536,142.741679,145.671976,31.72994,24.992137
12793,0.251416,2,5,5,66.095121,66.014003,31.102008,19.584005,219.408312,241.854694,31.316705,19.79839,83.613482,97.165622,30.848726,18.617183,112.759674,113.83051,31.697546,20.490054
12794,0.252268,2,5,5,78.224019,87.606127,30.86987,21.979896,291.695819,284.581354,31.017501,22.391043,124.93288,104.113762,29.889193,21.698156,152.224214,134.358622,31.65794,22.992831
12795,0.248885,2,5,5,79.039171,56.19654,30.83022,22.522539,243.785732,240.902417,31.212209,22.484333,94.852643,109.906746,30.592165,21.417413,114.977064,127.607064,31.694518,22.911565
12796,0.250956,2,5,5,73.310654,114.944864,30.961842,17.489243,291.232112,315.531572,31.012556,19.204846,138.737749,106.96023,29.487382,18.177429,174.589625,139.296834,31.629468,20.447162
12797,0.242214,2,5,5,65.655144,37.302944,31.064044,19.972919,170.214663,166.386189,31.461551,19.915453,66.934611,95.222844,31.110695,18.275726,83.093038,88.151323,31.718457,20.23839
12798,0.251023,2,5,5,50.207962,72.09539,31.361305,22.293103,186.48617,192.556034,31.429753,22.720896,105.29966,78.860263,30.370727,22.243055,87.841352,85.54761,31.717246,22.994381
12799,0.26418,2,5,5,71.855738,49.188448,31.059651,23.038616,188.627876,176.10393,31.452782,23.113254,83.357804,93.503613,30.932216,22.344295,75.013383,75.084551,31.727971,23.320619
12800,0.232624,2,5,5,47.154338,66.222247,31.351427,18.832955,181.943339,192.555682,31.397225,19.438206,89.586588,84.185555,30.569814,18.293208,82.855646,81.037831,31.716127,19.943871
12821,0.388322,2,5,5,128.351026,102.776048,34.586709,24.469094,425.379327,457.181234,34.955106,24.275566,123.425917,221.877157,34.767973,20.951046,296.670056,271.790135,35.538204,25.395414
12822,0.581351,2,5,5,163.414239,182.098255,27.037688,34.691724,625.945256,715.899953,27.203434,34.774409,227.930964,300.416828,26.132186,33.442719,479.688007,417.791438,27.994047,35.555883
12831,0.432031,2,5,5,144.848952,32.239704,29.821952,28.314894,308.400394,223.838276,30.757475,28.151838,72.306967,79.335756,30.81446,27.909451,130.124669,161.239963,31.066631,28.347992
12840,0.309233,4,5,5,46.547,25.816827,32.182265,32.318569,215.63646,200.162663,32.131784,32.164963,57.325432,74.296518,32.115395,31.946055,88.090104,118.603389,32.36528,32.350312
12850,1.096082,4,5,5,387.03869,654.344546,39.195247,30.122408,1395.019356,1638.711762,39.467404,33.086589,618.95824,379.208963,37.808245,33.432933,1004.872129,740.781804,40.217163,34.744208
12852,1.246494,4,5,5,396.988466,646.110395,39.411767,37.938531,1300.776098,1524.79354,39.768866,39.536601,574.112881,364.864923,38.615955,39.650164,937.894032,681.290061,40.287574,40.358174
12853,0.310237,2,5,5,183.607784,101.26145,36.132176,23.640763,473.574242,374.498899,38.123882,24.028701,89.590528,179.996433,38.783502,20.220301,184.878888,194.430732,39.537723,25.411519
12854,0.476316,2,5,5,128.118911,218.25049,38.805568,37.410198,485.884342,620.71264,38.925535,38.508643,223.199883,124.010595,37.545652,38.935574,240.075423,239.625136,39.568263,39.568554
12856,0.176149,2,5,5,79.005559,78.625358,37.494479,21.60319,236.75439,267.805515,38.441709,22.270065,77.207525,79.606635,37.784738,21.78296,101.442616,114.871783,39.544767,23.579414
12861,1.092239,5,5,5,11.714764,11.805783,30.539839,33.33618,57.058167,53.913759,30.539408,33.335895,14.044711,11.685911,30.539534,33.33634,24.433453,26.600812,30.54084,33.337322
12871,0.357401,3,5,5,203.282706,115.731968,40.213385,26.64714,560.029763,544.735546,41.953578,26.030619,152.044636,249.964618,41.782078,20.927612,246.098665,359.958376,43.448542,28.164875
12877,1.360906,5,5,5,106.116901,107.756551,33.281242,33.279583,437.547531,413.277393,33.281097,33.286884,166.011613,159.35277,33.219607,33.2284,199.652906,159.24818,33.332112,33.333994
12878,0.621422,3,5,5,64.01114,67.286978,31.646301,25.881411,281.241391,307.562704,31.632746,25.850183,101.739108,98.894865,31.526486,25.755031,131.196204,136.781374,31.738294,25.997534
12879,0.79642,3,5,5,217.616291,105.716964,31.099571,26.892806,825.737803,711.058317,31.191486,26.55299,159.039118,279.470831,31.425061,25.809886,299.492983,365.437854,31.714969,27.032356
12888,0.316759,3,5,5,12.994273,12.21069,31.731917,24.398193,59.921867,60.523557,31.727578,24.392946,19.15303,16.94217,31.716116,24.389806,36.117338,26.067041,31.746367,24.40859
12889,0.451362,3,5,5,42.008105,17.522226,24.256896,31.733716,90.018785,79.981435,24.326776,31.730197,22.486495,31.082709,24.328162,31.706631,46.577718,54.121932,24.347996,31.746002
12897,0.453551,5,5,5,10.992423,15.411406,33.331382,27.305393,53.591287,52.499119,33.329068,27.308194,14.515115,13.19838,33.328195,27.308463,33.0349,28.230768,33.336077,27.313636
12898,0.4987,5,5,5,20.069085,49.298323,33.321471,27.692721,109.934943,127.836651,33.309941,27.738292,53.353917,28.481541,33.245549,27.74577,79.885715,61.607876,33.331131,27.765621
12902,0.489299,3,4,4,6.988836,2.238094,14.528222,15.949877,12.932873,11.451058,14.52895,15.949814,2.485082,5.390772,14.529036,15.949414,2.540648,6.416419,14.529147,15.949975
12903,0.496538,3,4,4,37.494579,20.203375,14.524853,14.541048,69.908782,58.095638,14.543045,14.544547,16.989824,31.657757,14.543562,14.533098,32.818967,33.556551,14.547556,14.547534
12907,0.482544,4,5,5,46.239156,44.957895,40.414081,40.41558,277.46934,302.25775,40.383892,40.373473,62.423101,76.196471,40.397131,40.37604,115.500894,114.040351,40.438258,40.438372
12912,0.562398,4,5,5,42.256517,67.631124,40.424774,40.398488,390.334415,463.577763,40.358538,40.325992,103.964155,97.142548,40.352715,40.363616,223.919016,176.206056,40.430527,40.435087
12914,1.056745,4,5,5,148.940484,275.744396,40.382842,36.097393,1236.086257,1425.939025,40.216104,35.99582,387.752535,302.772532,40.112831,36.084074,674.707169,529.967565,40.41242,36.260887
12922,0.240434,4,5,5,42.144443,34.886365,44.100954,28.406099,183.813612,182.581441,44.05849,28.277283,41.850537,65.505068,44.143223,27.945988,63.610805,57.247149,44.448463,28.590002
12932,0.213267,4,4,4,95.240532,109.961581,46.493384,45.896835,236.68223,258.477516,47.711714,47.570669,97.25377,68.459264,46.621796,47.518027,92.478345,77.508895,48.444055,48.460272
12936,0.442927,4,4,4,77.638407,64.267591,48.149287,48.254864,338.621067,336.351162,48.108987,48.113924,77.096976,120.673304,48.189394,47.777282,117.183698,105.460583,48.478716,48.482759
12939,0.370301,4,5,5,65.981569,37.861693,40.094982,40.321178,353.357629,246.311337,39.872755,40.153717,80.761777,78.70012,39.985865,40.007546,155.881515,113.042053,40.391311,40.414911
12940,0.132018,4,5,5,27.592096,15.268771,20.741027,40.289159,135.989401,95.876002,20.581668,40.10162,30.907393,32.67793,20.697579,39.863366,60.188502,46.585475,21.042913,40.406019
12941,0.25475,4,5,5,21.234907,16.805579,44.381041,29.148375,173.441412,151.506949,44.139624,28.990413,39.502412,40.424658,44.207658,28.974559,68.15852,66.450963,44.447957,29.172718
12944,0.324781,4,5,5,114.422514,74.474887,39.200478,28.943775,400.33018,383.852702,39.523694,28.648774,98.014356,149.608775,39.603805,27.586587,184.733836,205.928639,40.351516,29.357159
12947,0.20826,4,5,5,34.92518,44.721629,40.132561,25.152831,164.743768,129.961858,40.042009,25.362954,65.967507,34.922712,39.524781,25.344182,94.927322,61.273598,40.382888,25.539535
12948,0.738086,4,5,5,111.675206,102.652923,40.187339,34.534477,339.69069,484.761145,40.298798,34.472282,97.721561,179.730338,40.26468,34.193168,162.851887,263.450678,40.427838,34.701366
12952,0.668515,4,5,5,158.26765,171.693599,31.266417,39.751896,1171.045961,1301.350348,29.367327,38.319333,301.490122,324.106851,29.360744,38.438254,612.945163,478.040367,31.794881,40.301854
12953,0.748264,4,5,5,114.74769,149.660703,40.180763,34.390501,1059.647144,1205.990946,39.254435,33.257231,278.139862,276.464117,39.208541,33.567855,568.115249,425.01403,40.284895,34.720113
12954,0.494254,4,5,5,73.307529,63.359031,40.196775,32.31041,587.822425,547.646995,39.5828,31.748879,142.38708,142.386141,39.673359,31.732591,229.243261,279.466708,40.38087,32.397146
12958,0.501312,4,5,5,27.813545,11.794287,44.429983,35.118303,230.838517,93.654853,44.313274,35.102439,51.485041,21.096904,44.350774,35.107484,95.669363,36.622777,44.459345,35.122842
12960,0.508653,4,5,5,51.625169,38.130416,40.32287,32.598785,536.271329,478.135972,39.755833,32.134317,112.868301,114.0084,39.970796,32.207856,189.431057,235.021444,40.402035,32.603896
12961,0.546633,4,5,5,88.233886,112.38333,40.154146,32.673649,457.681794,499.82705,39.996825,32.602586,155.724871,128.123842,39.689245,32.605704,233.902484,223.782829,40.389682,33.056976
12965,0.391176,4,5,5,24.223791,19.842228,40.395931,40.410769,232.842521,215.853655,40.208439,40.239728,47.531633,52.29564,40.29141,40.261382,90.393019,106.451191,40.426447,40.420421
12979,0.896425,5,5,5,58.612713,121.554493,45.72469,39.496721,300.964048,315.878141,45.695917,39.616823,125.616906,61.730678,45.569528,39.650643,205.049975,168.116212,45.762793,39.688183
12980,1.540391,5,5,5,59.721549,74.212638,45.759489,42.00436,371.248163,425.250159,45.735168,41.979224,77.970562,78.981661,45.749472,42.004083,217.653086,191.206535,45.773105,42.027668
12988,0.134099,2,5,5,49.692675,35.022656,30.528863,18.031112,157.44701,152.318877,30.996418,17.96522,46.303591,58.458822,30.784109,17.17593,70.937724,71.542352,31.678267,18.518713
12991,0.161134,2,5,5,19.969884,59.159916,16.975531,18.821363,131.811001,110.073012,16.646559,19.742503,110.257174,26.93591,11.715765,19.763666,45.060897,43.356719,17.134193,19.942795
12994,0.128174,2,5,5,42.480121,31.702066,30.754934,17.745348,143.642366,133.463353,31.058848,17.722552,34.062605,54.08622,31.155594,16.928624,57.468688,65.257082,31.697576,18.174054
12995,0.134035,2,5,5,35.20059,45.176677,31.103244,17.64528,106.045798,116.580774,31.38952,18.221969,43.087551,30.83784,30.903547,18.200821,54.390371,43.198925,31.706613,18.54469
12996,0.229934,2,5,5,46.768151,51.673452,31.34887,22.019534,138.028304,151.341898,31.535679,22.238185,48.233712,51.879389,31.36819,22.064626,71.650771,56.040489,31.723719,22.439187
12998,0.206807,2,6,0,303.577737,0,26.425214,0,510.048503,0,35.792873,0,194.358408,0,32.906526,0,176.30485,0,38.673436,0
13000,0.0994,2,6,0,83.243438,0,33.442348,0,226.96847,0,36.181816,0,101.88535,0,32.026979,0,109.053098,0,38.559599,0
13001,0.064945,2,6,0,38.672076,0,37.997226,0,101.126113,0,38.491142,0,49.826878,0,37.619714,0,49.935651,0,38.818761,0
13004,0.49802,2,5,5,156.120394,207.294501,38.528518,26.462059,693.629217,740.649485,38.359901,27.224507,335.219372,251.103724,35.671503,25.535169,252.852677,224.68873,39.567123,29.434747
13005,0.501798,2,5,5,231.741315,171.117579,37.378426,27.538338,718.716531,667.935102,38.291899,27.7511,245.922692,329.342709,37.369307,23.085711,202.067273,245.195049,39.596606,29.47909
13007,0.301225,3,5,5,45.828336,72.450898,31.533215,21.085898,237.086121,288.094123,31.416761,21.139031,101.22715,75.53243,30.891295,21.109987,129.18636,121.69354,31.705047,21.777277
13008,0.176929,3,5,5,24.071204,40.351667,31.574465,31.28584,113.537643,144.15067,31.523146,31.394407,53.801498,39.176072,31.036491,31.355477,65.800843,59.467077,31.715699,31.721693
13011,0.191962,3,5,5,27.57444,39.503321,21.069434,31.367202,116.817807,143.497917,21.060141,31.447551,49.987059,42.565364,20.752803,31.354422,63.408197,60.138382,21.202911,31.725232
13013,0.193441,3,5,5,41.641316,45.726443,31.333453,20.843461,150.926498,163.591247,31.422192,20.953682,50.514082,53.977577,31.212707,20.73306,84.578639,76.384942,31.70337,21.248952
13014,0.214431,3,5,5,51.881581,46.199289,18.6252,31.332783,169.016524,173.66302,18.922599,31.39838,51.348153,64.913004,18.726716,31.04242,89.429657,89.866256,19.324222,31.706972
13021,0.288763,3,5,5,41.58588,64.522555,31.554551,20.902248,202.425585,221.02476,31.482018,21.108183,66.641295,55.66738,31.323625,21.126686,111.291297,101.846537,31.713294,21.496646
13022,0.18199,3,5,5,17.170176,32.287471,31.662195,31.460375,88.681023,101.074307,31.615152,31.577311,29.987753,23.551677,31.523757,31.606662,52.973907,45.033414,31.728459,31.734175
13023,0.191027,3,5,5,27.388847,13.866563,31.556183,21.149769,86.225322,75.972087,31.633337,21.120327,19.128613,23.23574,31.661796,21.091623,38.761447,44.758206,31.739145,21.177414
13025,0.278822,3,5,5,39.263865,70.439165,31.562658,23.144342,181.516928,216.980138,31.516906,23.378732,75.717641,53.950826,31.171965,23.397905,102.983268,101.291311,31.716147,23.641445
13031,0.411993,4,5,5,16.184117,30.37187,40.423166,31.191141,85.640017,95.961519,40.411062,31.212275,38.064738,20.920103,40.352785,31.220739,55.346964,44.562992,40.437095,31.239666
13033,0.62243,4,5,5,61.433499,39.091009,33.746854,40.394653,229.448928,196.57584,33.764257,40.37236,52.553511,71.663689,33.78095,40.306112,93.130964,122.586757,33.839899,40.430781
13036,0.513829,4,5,5,64.582043,83.616399,40.262936,32.454957,317.21008,300.772547,40.19171,32.51761,93.769433,73.849712,40.116127,32.535379,153.726285,129.011185,40.415967,32.702534
13042,0.460512,4,5,5,52.709902,64.689034,40.292158,31.817281,221.736523,257.712674,40.285921,31.829725,68.776058,65.317556,40.219072,31.834914,115.69657,109.795541,40.423595,31.996419
13047,0.407973,5,5,5,18.999128,139.756975,33.316347,25.870255,112.275853,141.633549,33.295505,26.72052,56.781369,75.907006,33.186191,26.539338,80.226489,63.222272,33.328095,26.769581
13049,0.37828,2,5,5,25.231744,162.092303,31.701233,20.033415,150.090855,349.894972,31.652052,22.200958,78.757049,70.854787,31.37355,22.507051,96.737427,78.188057,31.731941,22.945971
13050,0.271964,2,5,5,101.79031,18.4514,30.506435,31.699634,223.824708,92.338676,31.361824,31.677091,56.95088,47.832999,31.369435,31.475885,49.320866,50.37671,31.740599,31.740212
13055,2.394954,5,7,7,276.326013,609.013919,60.744463,55.906405,997.384823,1214.964052,60.778834,56.417263,555.869778,272.609771,60.376661,56.45583,807.179359,553.080807,60.86561,56.568296
13057,0.024845,5,4,4,10.283191,4.909246,49.052073,7.027598,25.90213,23.96874,50.072911,6.982922,5.653508,10.745082,50.254176,6.636036,11.804191,14.805945,50.691081,7.104274
13058,2.251336,3,7,7,100.931627,141.906268,44.694191,44.673391,757.358509,918.919762,44.645346,44.613115,233.291859,190.612226,44.615638,44.648234,399.756552,279.117288,44.707899,44.712253
13060,0.604189,3,7,7,192.669564,105.794003,46.563922,38.182587,865.376637,782.755121,46.391201,37.537052,168.831538,265.663315,46.857385,36.844706,291.631515,409.433891,47.486366,38.366306
13061,0.351407,5,6,0,2.161232,0,38.859443,0,9.049809,0,38.859426,0,2.702754,0,38.859238,0,4.595911,0,38.85993,0
13062,0.313475,5,6,0,10.945756,0,38.844969,0,42.457115,0,38.846581,0,23.538604,0,38.8023,0,33.120898,0,38.856452,0
13063,0.948008,4,5,5,50.399868,80.964447,40.407763,40.356383,162.203336,144.728119,40.420929,40.425226,63.890288,63.644955,40.39341,40.393769,21.798482,19.593666,40.442794,40.442831
13064,0.789618,5,1,0,1471.260218,0,70.773095,0,6805.186248,0,70.56279,0,3806.848401,0,62.788222,0,5810.5036,0,71.122653,0
13065,0.085603,2,6,0,27.916863,0,37.838514,0,118.943078,0,37.771991,0,52.260703,0,35.991101,0,75.489104,0,38.661108,0
13068,0.092038,2,6,0,41.915863,0,36.977232,0,104.151846,0,38.116654,0,29.253972,0,37.98395,0,52.698981,0,38.772201,0
13071,0.127283,2,6,0,298.26947,0,34.030388,0,789.977908,0,36.613215,0,258.854132,0,35.41553,0,332.92536,0,38.66534,0
13072,0.268334,2,6,0,188.07505,0,34.836008,0,478.578897,0,37.140788,0,154.873158,0,36.261988,0,156.916275,0,38.768618,0
13073,0.147015,2,4,4,29.928868,12.192247,31.394481,31.684861,80.642405,40.183673,31.590182,31.707297,27.318163,76.702793,31.481107,29.932178,35.294266,27.081114,31.735848,31.741443
13074,0.199416,2,6,0,179.545128,0,37.016244,0,585.413583,0,37.656175,0,286.438991,0,35.055211,0,198.987545,0,38.792377,0
13075,0.105354,3,3,3,153.077736,66.873702,15.960773,47.09258,528.600992,357.145157,16.425419,46.804856,184.020159,158.393421,15.512267,45.509144,263.659889,270.832534,17.361964,47.361142
13076,0.219936,3,6,0,30.432374,0,38.655321,0,256.456947,0,38.073961,0,115.844582,0,36.65287,0,238.931962,0,38.56512,0
13077,0.155245,4,6,0,28.108043,0,38.520048,0,102.793345,0,38.588165,0,41.830253,0,38.216034,0,65.829282,0,38.810329,0
13079,0.035046,4,6,0,3.039291,0,38.775494,0,13.127328,0,38.767481,0,7.066774,0,38.486127,0,10.536541,0,38.834141,0
13080,0.093828,4,4,4,7.654595,27.34926,49.222724,48.378056,34.282909,83.218293,49.208193,48.779722,11.392956,23.661251,49.146478,48.670267,20.80903,42.183609,49.290591,49.244798
13081,0.982694,5,4,4,258.092107,338.526047,42.62744,48.732435,1009.734962,1105.690929,42.69452,49.151334,384.106333,313.121371,41.960673,48.998072,634.637149,571.445237,43.221255,49.832368
13083,0.063668,4,6,0,0.154028,0,38.859907,0,2.011687,0,38.859156,0,0.402736,0,38.859477,0,1.203711,0,38.859866,0
13086,0.076749,1,4,4,55.781387,2.78982,9.213486,9.866848,157.052359,13.565944,10.59043,9.863862,64.111914,5.140608,8.806402,9.850438,67.20546,2.764579,11.811893,9.873328
13087,0.193615,1,4,4,58.954149,20.44631,15.82599,24.966372,129.06662,65.555261,15.989762,24.975306,50.939061,65.113364,15.904771,24.799821,22.262672,23.509509,16.043571,24.989113
13089,0.342912,2,7,0,65.781865,0,43.496409,0,370.563032,0,43.412464,0,190.090139,0,42.91151,0,185.95291,0,43.578481,0
13090,0.094798,2,7,0,67.91408,0,13.124895,0,190.605074,0,13.961582,0,51.588292,0,13.884297,0,99.898716,0,14.546134,0
13091,0.086696,2,3,3,187.533113,108.407618,24.009149,28.074797,534.041322,330.80041,27.109744,29.131708,227.535806,96.867371,22.418821,28.744342,299.025634,165.240923,30.020795,30.327333
13092,0.120685,2,3,3,306.052489,284.405815,24.819629,25.798765,940.945531,878.805483,28.262475,28.894806,366.256599,380.10479,23.022664,22.440821,500.551324,531.349673,33.167862,33.077466
13093,0.588344,2,7,0,10.049584,0,43.598949,0,94.884603,0,43.594925,0,247.275072,0,43.190477,0,44.128486,0,43.599498,0
13095,0.570098,2,7,0,221.981812,0,43.205047,0,445.517286,0,43.498494,0,98.322276,0,43.524035,0,29.687136,0,43.599748,0
13097,0.319825,3,6,0,618.695879,0,21.649283,0,1732.4166,0,28.117032,0,449.590173,0,27.980818,0,699.588016,0,37.768349,0
13102,1.229676,5,1,0,6626.646713,0,75.552159,0,21454.968483,0,78.006066,0,5812.562941,0,77.621982,0,11269.883728,0,79.954393,0
13104,0.921388,3,1,0,3581.938404,0,77.943298,0,17014.146533,0,76.678348,0,7346.074176,0,63.410369,0,11657.445402,0,79.806008,0
13107,1.15283,5,7,0,55.080997,0,60.870811,0,196.906099,0,60.877683,0,63.43651,0,60.865754,0,125.440629,0,60.895987,0
13108,0.079638,4,7,7,46.997536,45.400565,38.076229,9.955207,90.133242,106.924711,39.862804,11.804634,37.503873,42.050225,39.02561,10.568338,58.577116,47.242797,40.333323,12.615734
13109,0.0678,4,4,4,62.540471,19.164071,34.527269,39.72369,169.91382,74.561473,37.525145,39.795971,50.985622,24.898816,36.624461,39.390772,81.105636,44.317327,40.118742,40.339587
13110,0.43608,5,6,0,64.436885,0,38.628278,0,214.307024,0,38.705259,0,82.199442,0,38.530694,0,132.869204,0,38.833479,0
13112,0.933985,5,7,7,22.152187,201.841894,60.892279,60.3905,113.499367,1031.930525,60.888308,60.134617,32.199324,293.163151,60.885907,59.977463,62.46824,568.040037,60.898405,60.794548
13113,0.352541,5,4,4,0.035804,0.035755,16.747501,14.658447,0.3453,0.345149,16.747501,14.658447,0.03573,0.270762,16.747501,14.658445,0.563197,0.564081,16.747501,14.658447
13114,0.451202,5,4,4,0,0,16.7475,15.069476,0,0.000379,16.7475,15.069476,0,0,16.7475,15.069476,0,0,16.7475,15.069476
13115,0.071825,5,7,7,0.334867,0.311144,17.185483,17.185489,1.429554,1.745851,17.185478,17.185454,0.512737,0.372711,17.185429,17.185478,1.005006,0.864368,17.185519,17.185521
13119,0.974236,5,1,0,2293.048784,0,79.735026,0,11469.609754,0,79.481218,0,3546.607531,0,79.021903,0,6666.104045,0,79.983454,0
13121,0.5144,5,1,0,1473.734957,0,79.477566,0,6668.243309,0,79.277219,0,1875.674012,0,79.016422,0,3677.218563,0,79.980736,0
13122,0.521936,5,1,0,1228.475108,0,79.735028,0,6144.714485,0,79.481216,0,1900.055114,0,79.021903,0,3571.290302,0,79.983452,0
13123,2.466147,5,1,0,7065.411409,0,79.477565,0,31969.033592,0,79.277216,0,8992.396155,0,79.016423,0,17629.399276,0,79.980736,0
13126,0.440793,2,1,0,1742.199643,0,62.656509,0,6440.218752,0,65.095336,0,3125.073615,0,38.500013,0,4877.891165,0,70.67337,0
13136,0.03645,5,4,4,32.755563,53.711858,56.893746,47.204082,75.253533,107.666089,62.397851,59.627754,42.178437,38.379087,53.709372,55.347476,33.632525,71.06432,65.220664,64.297478
13138,0.158541,4,6,0,9.118393,0,38.821227,0,45.054939,0,38.805199,0,11.661952,0,38.804512,0,22.994001,0,38.853524,0
13139,0.151927,5,6,0,8.420365,0,38.82386,0,40.995137,0,38.810332,0,11.057861,0,38.805615,0,22.915119,0,38.853023,0
13140,0.189132,5,1,0,266.931095,0,79.816366,0,1413.827926,0,79.561477,0,373.338183,0,79.519407,0,834.407558,0,79.98526,0
13143,0.062806,5,6,6,0.549982,0.555216,38.858912,38.858894,1.784687,1.685245,38.859309,38.859381,0.293208,0.24087,38.859703,38.859796,1.060474,1.091877,38.859891,38.859882
13145,1.588548,5,6,6,14.043141,13.910762,38.858893,38.858912,42.625077,45.140278,38.859381,38.859309,6.092355,7.416145,38.859796,38.859705,27.616964,26.82269,38.859887,38.85989
13146,0.278322,5,4,4,2.437237,2.460431,60.898612,60.898585,7.908809,7.468133,60.899115,60.899207,1.299347,1.067412,60.899624,60.899743,4.699474,4.838634,60.899863,60.899856
13147,0.187934,2,6,0,222.682764,0,29.590923,0,584.421676,0,34.294906,0,311.609917,0,25.364351,0,405.399694,0,37.79609,0
13148,0.12476,2,6,0,42.766947,0,37.739934,0,187.910336,0,37.597677,0,48.6816,0,37.58025,0,121.4488,0,38.620278,0
13149,0.089825,2,3,3,292.832384,178.18132,35.166846,39.878975,743.649554,674.398337,39.790835,40.388925,193.46804,324.847821,39.71307,34.548235,361.632904,382.892351,43.155136,43.104715
13152,0.226342,2,6,0,523.532951,0,18.361275,0,1219.616322,0,28.194423,0,362.864588,0,25.922365,0,507.165416,0,37.718754,0
13154,0.122167,2,6,0,69.166795,0,36.081786,0,205.096664,0,37.320063,0,59.456946,0,36.945507,0,105.976542,0,38.667193,0
13156,0.032081,5,4,4,13.630594,3.064194,48.167879,49.820718,20.417176,14.935913,49.661879,49.78049,4.700275,12.746104,49.712015,48.527511,9.043442,13.375083,49.903433,49.8769
13157,0.255885,5,6,0,88.909627,0,37.711646,0,274.866382,0,38.185482,0,66.007836,0,38.266416,0,110.739491,0,38.80837,0
13158,0.897862,5,4,4,381.48925,103.31612,48.167877,49.77552,571.430204,496.286432,49.661875,49.724043,131.549973,386.104745,49.712015,48.307786,253.105321,412.046764,49.903426,49.86679
13159,0.033725,5,6,0,0.659448,0,38.855003,0,2.939753,0,38.854189,0,1.103206,0,38.848087,0,1.416409,0,38.859384,0
13160,0.029946,5,4,4,4.921116,14.118356,65.128637,62.72784,17.790323,66.215735,65.213985,61.986692,4.177354,46.087667,65.26231,47.545824,10.106866,63.018822,65.475543,64.110644
13161,0.293929,5,6,0,41.978445,0,38.642709,0,184.462892,0,38.614323,0,65.59963,0,38.407534,0,83.674766,0,38.836688,0
13162,0.157886,5,4,4,33.543319,59.484877,64.884837,63.669067,128.24165,284.469276,64.967656,63.083103,38.670476,224.396925,64.774663,49.449786,72.323273,306.344502,65.440609,64.308385
13163,0.243154,3,6,0,37.823702,0,38.60467,0,271.235557,0,38.136274,0,71.298336,0,38.105968,0,171.361383,0,38.729863,0
13164,0.055451,3,4,4,18.289338,15.806308,31.528809,31.58208,92.883756,88.559973,31.421628,31.449794,31.567501,18.8989,31.19617,31.538751,35.361013,24.764987,31.727575,31.738597
13165,0.083853,3,6,0,11.053805,0,38.673244,0,82.516735,0,38.287406,0,22.094824,0,38.24237,0,55.584372,0,38.74412,0
13166,0.133369,3,6,0,24.601319,0,38.507914,0,83.391582,0,38.616026,0,32.300871,0,38.332542,0,50.453796,0,38.82,0
13170,0.986909,4,4,4,159.911729,419.212601,40.190158,38.915086,971.664738,1206.629795,39.917031,39.654493,497.004303,245.725013,38.565937,39.933227,852.802535,580.6867,40.26756,40.35828
13171,1.900764,5,4,4,1378.393723,1252.130257,45.352506,46.056651,2791.396364,1886.216028,48.653064,49.314104,678.021224,1056.154293,48.780859,47.344263,766.648309,1093.17332,49.879984,49.834342
13175,7.526821,5,4,4,154.441035,86.301622,50.751149,50.755066,366.405076,406.793098,50.754946,50.7545,83.062137,171.034134,50.755387,50.750627,253.549008,183.730906,50.756573,50.756768
13178,0.217361,5,3,3,353.480381,173.244421,36.53498,48.615531,861.318049,715.211183,38.968753,48.609223,240.026675,360.183655,38.726787,45.502056,405.09416,535.529572,40.287868,49.598603
13180,0.116432,4,4,4,3.434833,2.942305,17.4206,49.297717,15.709025,15.263076,17.41906,49.292715,4.424641,4.727975,17.417391,49.28674,8.835145,9.416442,17.425598,49.304415
13181,0.29011,4,5,5,25.297449,10.976891,44.372923,44.451684,157.347422,73.674532,44.255647,44.420635,34.913417,22.833718,44.308316,44.398802,66.03664,35.535937,44.454309,44.466547
13182,0.183696,4,3,3,473.850083,271.659257,41.503093,45.068144,1373.954095,1254.858793,44.135256,44.590353,353.755296,544.960247,44.128275,40.627694,626.654724,764.971161,46.739087,46.616722
13183,0.286578,4,5,5,43.958227,52.450036,40.180642,40.076971,207.458375,155.363954,40.10367,40.246411,80.279806,42.999174,39.712506,40.217098,116.458182,73.773537,40.394654,40.422678
13184,0.51115,4,3,3,508.688454,216.231602,48.728006,50.471838,970.514702,826.557436,50.393193,50.530231,209.650765,468.159996,50.540133,49.22313,441.122232,561.700649,50.868186,50.838975
13185,0.327322,3,3,3,825.315835,330.993177,36.904024,39.418374,1616.270135,1329.626187,44.427325,39.507744,395.963822,822.677679,44.685304,32.590209,661.478725,921.641516,47.292065,41.000689
13186,0.826103,3,3,3,2170.063133,822.176502,34.022674,45.314903,4064.741453,3277.245633,41.97749,45.442733,976.708588,2127.726008,42.315472,37.456828,1619.426228,2363.59362,44.682623,47.053172
13188,0.613196,3,3,3,756.311609,1459.251957,41.013923,34.800542,3244.689243,3675.465002,40.780928,39.968715,1562.675432,1150.698931,34.638177,38.314421,2180.043141,1723.809474,43.380462,43.623495
13189,0.451386,3,3,3,1498.273378,1285.468713,28.296648,31.057311,4186.060513,4100.996062,34.593263,34.860596,1459.590035,1708.507761,29.838783,26.852253,2334.050815,2284.478092,41.598029,41.650542
13194,0.170972,3,4,4,105.801393,52.881658,36.491754,18.52238,280.926553,262.147672,38.213113,17.898045,68.624363,115.050449,38.342207,14.449383,146.132554,238.522072,39.468367,19.22743
13196,0.209689,2,3,3,426.436793,707.075215,39.714745,15.242354,1404.003591,1552.633881,40.978975,21.250017,771.189466,385.251885,34.3169,21.456768,994.628316,675.768137,42.994771,24.084525
13197,0.740721,5,4,4,698.897985,1089.462185,52.214798,19.173542,1745.696769,2124.843929,57.218347,36.092682,841.577678,494.668693,50.231758,37.579698,1104.65758,987.045604,60.211947,44.219701
13200,0.125441,5,7,7,43.226168,26.605948,59.678216,60.408171,136.900548,133.250101,60.152098,60.189092,33.574169,45.747964,60.215749,59.67926,74.276675,81.688946,60.799771,60.779959
13202,0.385623,5,4,4,10.004731,13.5554,35.954278,35.94949,31.629727,38.701587,35.956619,35.954947,14.272676,10.511848,35.949606,35.954365,23.583338,17.398679,35.959231,35.95958
13207,0.137175,3,3,3,512.226851,349.293826,27.108815,33.696117,1381.887383,1414.743693,34.265607,33.933903,366.913298,579.21424,33.811205,25.809886,639.137971,781.374243,42.467455,41.960749
13208,0.069114,3,4,0,83.514034,0,33.317248,0,256.249346,0,37.05935,0,58.578039,0,38.207641,0,112.085827,0,42.932827,0
13210,0.20713,5,4,4,15.377252,8.596494,49.861292,28.963443,50.824494,43.114485,49.883874,28.957673,11.621522,17.717756,49.89259,28.928958,21.052649,28.608976,49.924033,28.971923
13211,0.16678,5,5,5,0.386936,0.484224,20.840238,20.840222,2.099153,2.377119,20.840216,20.840202,0.534144,0.464653,20.840218,20.840229,0.98897,1.169649,20.840264,20.840262
13215,0.375719,4,3,3,659.392687,299.601336,42.842113,41.645664,1453.074651,1155.310235,46.623398,41.785786,349.367972,734.603559,46.840713,37.292798,699.35005,1014.235397,48.295638,42.496238
13216,0.135909,3,3,3,257.700544,169.934748,29.710085,44.187585,832.307716,770.092438,31.586325,43.572373,228.016328,328.519489,31.164364,38.382528,359.315449,497.086883,34.737931,46.762695
13218,0.613944,3,3,3,1084.305624,560.069589,29.862125,45.642052,2306.160965,1906.956262,34.7422,46.204031,607.187842,1156.450847,34.648425,41.394528,927.688012,1241.606541,36.561502,47.291713
13219,0.192277,3,5,5,83.105657,65.624944,30.23854,16.991337,373.247237,329.219157,29.982478,16.2162,92.343846,95.299725,30.100972,15.603732,185.165792,155.579468,31.542031,18.361502
13220,0.23428,3,3,3,663.415997,527.798302,19.794258,35.48029,1888.385017,1897.200544,23.214701,36.33213,681.174301,772.833347,20.147531,32.543011,897.321148,980.520533,26.48183,39.010461
13225,1.144358,5,4,4,368.398359,490.370912,43.103796,48.140267,783.007198,1643.643307,43.864399,48.704444,297.929798,605.225995,43.533376,47.564633,625.241029,928.980526,44.073654,49.748489
13233,0.051339,2,6,0,10.124734,0,38.460715,0,31.445962,0,38.625335,0,7.687899,0,38.646684,0,13.180702,0,38.840842,0
13260,0.282586,5,4,4,61.884385,75.972747,32.214944,49.174577,174.916023,198.739173,32.442969,49.606722,71.270386,65.70577,32.134097,49.412418,113.235677,91.594638,32.601717,49.896124
13261,0.977014,4,4,4,0.004597,0.004597,34.307915,35.975443,0.019791,0.019791,34.307915,35.975443,0.004435,0.004435,34.307915,35.975443,0.009284,0.009284,34.307915,35.975443
13262,2.03787,4,4,4,895.145044,1560.623027,39.917942,39.696043,4276.515169,4539.874995,39.333409,41.868914,1517.168353,1042.695916,37.412096,42.347722,3522.211158,2510.648541,41.034011,44.095089
13263,0.168378,3,3,3,337.488798,234.002377,33.416935,29.202818,832.793859,763.63849,37.038537,30.167705,241.49938,349.611873,36.423036,26.893423,399.039332,507.895295,39.359445,31.612079
13264,0.459157,3,4,4,252.89437,106.792402,24.560393,39.122526,801.684167,690.769325,26.309616,38.427936,182.992757,308.001839,26.869097,36.359573,299.564538,387.231718,28.758442,39.47291
13266,0.253627,3,3,3,719.102057,469.019715,34.003698,44.270409,1938.539573,1832.833557,37.126426,44.561179,577.243884,853.340632,36.27518,39.388339,1020.660211,1228.977907,39.554209,46.925984
13268,0.608903,3,3,3,1093.477406,678.181982,35.216579,38.293088,3937.543983,3502.356523,36.323915,37.121677,1035.881903,1387.511711,36.150817,33.346362,1807.966571,2363.232426,40.181491,39.888346
13274,0.257144,4,4,4,122.10203,219.856924,46.256622,16.473254,557.186324,617.22231,45.799668,21.293648,225.666791,150.361644,42.551421,21.816669,408.751846,299.262408,47.837415,26.277016
13278,0.349084,5,7,7,35.284277,88.88818,39.894755,60.206293,120.749198,453.182532,39.921028,59.864885,25.334557,136.970477,39.94029,59.501432,62.791194,261.634784,39.97131,60.7433
13279,0.201228,2,4,4,42.547718,43.584906,19.639175,22.925336,227.843737,226.19755,19.192196,22.690198,106.020351,62.611191,16.728337,22.588254,127.347858,97.658313,20.10825,23.258958
13281,0.366802,2,4,4,114.135034,74.719228,38.669456,29.543855,251.144862,259.287339,39.346655,29.661362,94.393846,127.643679,39.031067,28.883834,159.501939,110.676144,39.595409,29.920797
13282,0.043486,2,4,4,41.888423,27.130966,6.379071,38.66485,101.338365,112.531064,8.918288,38.651488,28.412374,58.164456,8.608879,36.132858,41.570777,46.918595,10.526534,39.567834
13283,0.467084,2,4,4,63.91482,50.3894,31.581865,26.278875,192.541626,206.329335,31.65693,26.279909,57.106282,94.341842,31.62805,26.080279,82.755338,97.446281,31.742051,26.363538
13286,0.090699,3,3,3,68.872881,42.62527,42.350625,43.08917,209.402211,157.264472,42.888923,43.18444,61.289521,62.540206,42.694715,42.660059,96.711567,89.552534,43.529539,43.539106
13287,0.086377,2,6,6,152.132601,32.418121,35.898589,37.536628,457.005837,34.333248,37.175489,38.756462,251.985479,9.595237,32.572253,38.738768,254.771054,12.516736,38.615738,38.853536
13288,1.449435,5,4,4,2.709015,0.722753,41.817558,41.817601,11.867273,13.853535,41.817553,41.817534,3.12775,6.456081,41.817553,41.817386,6.758969,3.806417,41.817601,41.817606
13290,0.249969,3,4,4,195.072927,137.053548,24.221939,44.490503,495.40025,463.157688,27.884822,45.404909,136.847471,176.003747,27.513807,43.257777,240.656649,301.018308,30.07071,47.133936
13291,0.493201,3,4,4,81.910033,114.831869,31.695954,39.121478,305.686939,295.13866,31.740883,39.432431,117.738506,78.572683,31.482601,39.417688,143.117311,140.431128,31.927263,39.62741
13292,0.480416,3,4,4,342.737791,268.828809,36.079012,54.130566,820.63541,823.182995,40.317083,55.730635,237.081929,316.575742,39.720424,53.333972,503.874959,655.483254,42.251205,57.358098
13296,0.442519,3,3,3,654.631186,923.094706,38.74358,39.584567,2460.934961,2699.28217,39.356845,43.031064,1054.166745,845.76446,34.535694,41.24486,1615.958495,1445.932573,42.156318,46.912483
13298,0.787614,2,2,0,2254.483297,0,40.048934,0,5791.675194,0,44.173991,0,2342.180171,0,40.274165,0,2372.452623,0,47.269198,0
13305,0.174182,2,3,3,211.414721,236.781097,29.790301,36.100426,634.467476,626.397315,30.853024,38.036436,285.481713,264.29045,28.474314,35.762887,188.123987,175.101936,32.109879,39.586842
13308,0.12031,2,3,3,145.466274,91.242067,33.09531,15.848502,464.59973,414.342803,34.046406,15.645843,145.425201,209.796361,33.346866,12.64151,172.924708,205.509972,35.588011,16.634512
13309,0.175088,2,3,3,206.450451,130.031625,27.47531,34.620668,639.564058,569.525839,28.328557,34.490871,202.092455,292.486105,27.755178,31.579356,218.297329,263.103928,29.475893,35.578171
13310,0.089254,2,3,3,255.179231,179.051815,18.477921,32.878385,762.870622,734.730831,21.935822,32.915147,215.677548,258.01423,21.034289,28.943791,371.392861,562.263714,26.680395,37.684909
13313,0.030271,2,6,0,20.396655,0,35.098399,0,52.869774,0,37.205045,0,18.799696,0,35.903473,0,23.159212,0,38.707979,0
13315,0.111119,2,3,3,192.181801,169.118537,34.317998,35.342938,524.972022,550.674152,37.013088,36.780543,202.567452,222.677862,34.357569,33.477157,202.522677,204.298361,39.45505,39.451807
13316,0.122738,2,4,4,60.974576,73.564072,33.625954,32.809181,225.831905,230.893136,33.985967,33.915929,79.7912,93.726835,32.685181,31.72661,88.283222,107.208035,35.572401,35.515744
13320,0.094148,2,6,0,22.78379,0,38.273816,0,68.377775,0,38.536394,0,24.270064,0,38.267159,0,30.901404,0,38.829455,0
13323,0.342828,2,3,3,1014.231666,1143.835417,30.471348,28.285051,2950.756775,2996.401684,35.658972,35.467788,1067.319674,1098.823071,30.578126,30.067821,1381.346579,1271.403813,42.648616,42.784729
13324,0.061808,2,4,4,48.119716,56.016416,38.168843,12.249297,101.110428,100.049687,39.226033,13.349254,59.875903,54.48554,37.663826,12.463931,34.502514,29.93465,39.626471,13.552733
13325,0.621195,2,1,0,2356.608927,0,63.669527,0,5269.813037,0,70.201842,0,1384.518297,0,70.12576,0,2890.342391,0,71.173764,0
13327,0.090307,2,6,0,181.668988,0,20.933707,0,341.775837,0,32.564495,0,84.024848,0,33.001867,0,126.329308,0,38.385495,0
13328,0.08973,3,6,0,1.905366,0,38.854158,0,11.019586,0,38.848856,0,5.727383,0,38.817607,0,7.294703,0,38.857843,0
13329,0.567969,5,3,3,216.862417,589.319598,65.086126,56.136729,1183.451098,1589.325441,64.782549,57.493988,607.659856,344.424553,62.857604,57.803096,897.666473,776.461151,65.333625,58.486467
13330,0.16213,4,4,4,131.402533,152.024115,52.169535,19.917402,476.09643,579.677088,53.534483,20.915316,155.971779,160.792883,50.716644,19.931979,314.242991,364.139036,57.987568,27.065841
13331,0.122628,2,4,4,54.841748,59.553015,33.983355,17.228791,183.980852,183.93631,34.518616,18.051972,68.028995,74.232485,33.419368,16.523666,80.496306,87.382078,35.59269,18.980641
13332,0.255274,3,3,3,662.508958,449.762797,16.271442,34.710798,1739.43708,1716.193147,22.12198,35.36226,569.362396,781.728982,19.282376,28.395792,790.425443,1054.229366,27.321291,39.147174
13333,0.408326,4,4,4,91.846225,140.281849,47.938568,34.569203,414.548007,460.45118,47.832879,35.012378,116.417214,108.250684,47.713096,35.138343,294.659459,227.033431,48.351412,35.689796
13334,0.43817,2,3,3,565.765989,716.81547,33.30762,34.787226,1840.296771,1938.918181,34.344944,37.303251,794.239677,733.619158,31.417141,35.056081,1071.586092,1054.270745,35.991447,39.320674
13335,0.203062,4,4,4,64.388661,126.704924,48.220483,45.590028,240.221975,281.968457,48.40276,48.088986,112.335317,58.927476,46.59567,48.478897,190.29057,140.896066,49.05746,49.165624
13336,0.250175,3,3,3,284.904599,430.897432,44.701762,41.716364,759.212111,872.375164,46.260593,45.884695,355.413769,235.693417,43.74398,45.726984,477.259282,415.810251,47.318691,47.371781
13337,0.104809,5,7,7,9.159447,4.290012,22.166382,22.19408,18.245755,16.880198,22.193611,22.194687,4.709637,8.777366,22.193552,22.173155,10.432938,12.529147,22.19974,22.199366
13339,0.128313,2,3,3,285.435294,307.967105,34.861945,24.470931,958.514917,964.301265,37.260541,27.342657,324.895803,341.984788,33.862167,23.869124,667.890856,702.854091,42.073306,31.156455
13340,0.125883,2,4,4,43.461903,64.25627,34.630098,17.254241,177.150326,181.559873,34.649969,18.35812,72.233855,64.80361,33.278473,17.445149,75.044609,68.07375,35.610594,19.24667
13341,0.094359,2,4,4,9.695801,45.310215,47.403564,44.950784,53.266197,184.330874,47.297309,45.006613,19.773321,57.452809,47.045068,43.96899,31.894742,84.489625,47.509415,47.292808
13342,0.121897,2,4,4,50.415972,36.911674,37.995565,19.34026,143.841462,136.757017,38.808392,19.488763,55.204479,55.945355,37.891411,18.508886,48.035137,61.950227,39.604716,20.028814
13348,0.691208,2,2,0,1539.930312,0,42.594499,0,3380.165778,0,45.932837,0,1400.43199,0,43.738638,0,1678.95082,0,47.363061,0
13349,0.350426,2,6,0,111.563513,0,38.593319,0,396.870213,0,38.657686,0,101.084871,0,38.661296,0,161.937251,0,38.844318,0
13350,0.206944,2,1,0,2472.037119,0,56.356495,0,6519.652406,0,67.415752,0,2076.95215,0,63.682955,0,3486.903165,0,71.10518,0
13352,0.457522,2,6,0,93.199218,0,38.435655,0,323.415774,0,38.552485,0,159.213247,0,37.823756,0,138.049204,0,38.833962,0
13353,0.65213,2,6,0,397.507259,0,35.697432,0,1147.217852,0,37.183174,0,348.445357,0,36.595532,0,486.705485,0,38.714943,0
13354,0.220149,2,3,3,359.516309,264.41214,34.070744,42.086261,1098.025478,1189.883461,35.011896,41.819351,472.836854,529.976376,33.000507,38.896615,435.639595,738.223093,36.168461,43.284734
13355,7.817267,5,4,4,146.119865,168.344816,60.894115,60.892302,456.697964,477.870688,60.896517,60.896204,181.380118,163.199833,60.892042,60.89349,270.894942,246.153844,60.899454,60.899544
13363,0.221156,5,3,3,329.294708,507.759331,47.963413,37.062875,1508.367196,1534.196511,47.543736,38.595358,601.9488,447.598433,44.755221,38.068486,873.120028,894.955472,49.554959,40.270506
13366,0.089772,4,3,3,250.520544,110.303549,44.857849,33.136163,513.865108,409.517691,54.533977,33.544063,99.045372,241.786895,56.393628,26.952741,203.533678,323.060841,58.796315,34.89177
13367,0.725437,4,4,4,427.603119,218.222871,45.194236,39.453578,912.519761,823.4954,47.50399,39.604777,202.926564,430.370107,47.740657,37.187486,572.440619,806.478947,48.323828,40.090585
13368,0.443017,4,5,5,121.933983,64.701162,58.00972,41.954752,568.608447,329.201047,57.710455,41.79834,109.187192,169.617878,58.318921,40.382828,192.410531,181.182417,59.079766,42.187821
13369,0.462329,4,5,5,75.444046,137.392091,58.728684,36.10138,380.902968,633.693117,58.526822,35.55401,190.233707,125.961396,56.983843,36.63568,215.051687,222.954644,59.06862,38.00283
13373,0.372503,5,7,0,52.397223,0,60.839178,0,167.101468,0,60.862556,0,52.998975,0,60.844237,0,67.86347,0,60.897137,0
13381,0.302539,5,6,0,158.10865,0,36.449508,0,298.700975,0,38.283856,0,74.193634,0,38.320047,0,167.661046,0,38.777472,0
13382,0.086,5,6,0,44.944149,0,36.449507,0,84.909088,0,38.283859,0,21.090369,0,38.320047,0,47.659525,0,38.777473,0
13384,1.341256,5,4,4,210.456259,446.957533,49.654204,43.791123,681.065762,776.0317,49.754229,44.705064,260.888748,315.234794,49.559457,44.405224,445.13829,405.345835,49.894684,44.887833
13385,0.786597,4,5,5,140.360781,112.112579,28.558839,32.202122,739.698812,687.40159,28.392936,31.997813,204.301706,238.219031,28.327914,31.708603,373.568989,389.743077,28.778203,32.32861
13386,0.336823,4,5,5,178.188787,77.779016,22.922521,31.931416,497.584127,512.105576,24.110323,31.300327,118.452476,192.819531,24.25807,30.223442,291.323693,376.898187,24.99759,32.121593
13387,0.326416,4,5,5,86.44768,101.520205,24.404666,31.594752,506.025108,430.256837,23.829655,31.551384,131.896123,128.62568,23.798513,31.284511,219.171779,209.786595,24.875135,32.292662
13388,1.471711,5,5,5,26.889339,19.812705,54.169184,54.171633,67.968704,66.569098,54.172536,54.172619,17.846827,22.547925,54.172449,54.171177,29.808419,21.559523,54.174501,54.174584
13389,2.586277,5,4,4,474.1899,379.610964,60.452714,56.600052,1398.95045,1311.949033,60.661788,56.681037,312.408165,371.291269,60.717621,56.640141,709.898877,870.695762,60.872092,56.84376
13393,0.407346,5,4,4,15.843248,31.549176,50.737272,50.684059,83.740388,97.939753,50.725306,50.714327,38.557125,20.894294,50.661253,50.727066,73.777245,49.505708,50.74644,50.752048
13396,0.193698,5,4,4,51.907481,31.985149,24.80175,41.381534,126.873454,92.133238,25.143863,41.504837,41.553495,55.240638,25.030777,41.002494,39.850885,47.884619,25.305692,41.61686
13399,0.167869,3,3,3,196.231934,166.593271,32.296356,41.561175,689.47757,674.405718,32.854374,41.623059,239.593348,259.748846,31.642285,39.552353,322.277331,345.139925,34.296913,43.355664
13403,0.976612,5,3,3,1444.118807,1388.852774,58.952216,63.150172,3585.702956,2915.865717,60.399136,64.843317,1513.089943,1077.031916,58.997741,64.187057,1598.491639,1973.183895,61.229853,65.38235
13404,0.839947,4,4,4,81.621915,29.65294,35.252743,40.428936,634.947152,474.86127,35.037869,40.258115,95.852799,142.614787,35.233373,40.195073,176.250666,230.358752,35.328395,40.423099
13407,1.84375,5,4,4,1343.272001,1237.348554,41.302308,45.928712,2742.602811,1889.598063,44.863582,49.275855,677.824618,1020.616489,44.959858,47.361768,773.080976,1071.982729,46.129174,49.832399
13415,0.273257,3,4,4,86.089228,162.301477,26.761371,36.711007,376.975468,411.606646,26.644038,38.425136,203.839523,82.973119,23.323958,38.869778,291.317483,176.49001,27.40122,39.543133
13422,0.309186,4,4,4,59.812226,89.889343,28.746259,39.684881,250.800994,308.711062,28.734778,39.903008,85.695221,80.848503,28.485306,39.88417,173.925748,156.00705,28.98778,40.379699
13427,1.098031,5,4,4,0,0,16.014717,16.014717,0,0,16.014717,16.014717,0,0,16.014717,16.014717,0,0,16.014717,16.014717
13429,0.692018,5,5,5,2.927521,3.156184,35.267131,41.632178,16.143051,13.095908,35.266974,41.632176,3.520844,4.408613,35.267074,41.631957,7.222458,8.575738,35.267306,41.632437
13430,0.32297,3,5,5,117.655633,207.923059,42.080038,20.258405,594.453973,623.928037,41.394407,23.46609,260.677659,162.753144,38.015483,23.350723,390.30928,270.5115,43.161897,27.282631
13431,0.215646,3,3,3,490.170606,254.882686,20.250264,42.262461,1360.375368,1269.845996,22.591387,41.704258,376.455998,612.419431,22.268994,37.908004,679.919073,806.238474,24.413024,43.248631
13433,0.132268,3,3,3,153.654953,195.130903,44.598873,31.407679,812.887136,778.930885,42.972384,31.595167,272.304203,225.852984,40.431564,30.812738,429.367959,398.387746,46.92025,34.406943
13434,0.703256,3,5,5,0,0,31.88416,31.88416,0,0,31.88416,31.88416,0,0,31.88416,31.88416,0,0,31.88416,31.88416
13438,0.553822,5,4,4,81.555891,197.519348,49.6851,38.050806,330.419988,398.525183,49.692416,39.005829,172.577974,97.598973,49.035914,39.033475,227.810983,182.08537,49.878175,39.274562
13439,0.254203,5,5,5,1.075383,1.159379,41.632221,27.916194,5.929921,4.810596,41.632014,27.916191,1.293332,1.619441,41.632146,27.916075,2.653068,3.150176,41.632455,27.916325
13440,0.495966,5,5,5,8.107457,4.713356,33.334605,27.74229,25.229449,18.496431,33.3358,27.742358,7.774968,6.21164,33.335101,27.741883,14.755242,13.258889,33.33724,27.742903
13441,0.496819,5,5,5,14.490709,10.629559,33.260825,33.264506,43.887467,46.87256,33.264482,33.263874,12.311382,19.36111,33.263661,33.256125,24.28298,31.158798,33.268317,33.267958
13442,0.4989,5,5,5,0.015965,0.015889,33.296784,33.296784,1.071452,0.572347,33.29678,33.296782,0.015362,0.514261,33.296784,33.296773,0.032418,0.366276,33.296784,33.296784
13444,0.501314,5,5,5,0.456578,0.272009,41.632486,33.328924,1.688348,1.790548,41.632486,33.328919,0.934186,0.480014,41.632448,33.328917,1.021417,1.091011,41.632496,33.328926
13445,0.50054,5,5,5,0.455872,0.271589,33.318638,41.632495,1.68574,1.787782,33.31864,41.632488,0.932743,0.479272,33.318614,41.632488,1.019839,1.089326,33.318647,41.632498
13447,0.309264,2,3,3,667.408188,542.37513,28.120376,30.120929,1727.154301,1646.037413,31.901225,32.161613,640.971855,726.989455,29.129864,27.80347,890.060575,928.874407,34.663337,34.630115
13448,2.543939,5,4,4,63.320393,47.632766,33.33195,33.334269,227.408797,258.077399,33.333221,33.332058,40.163865,50.728279,33.335404,33.334234,115.823519,109.238424,33.336998,33.33705
13455,0.997816,5,4,4,319.727537,254.916466,59.625728,50.678104,815.435189,790.198146,60.380659,51.022842,241.832511,292.097669,60.220788,50.542139,395.159957,386.708106,60.84402,51.430262
13456,0.372305,2,3,3,1143.238752,823.111782,32.659601,32.03656,3025.243629,3019.540197,36.296439,32.723981,1087.440318,1153.853259,33.756262,29.769145,1093.709266,1421.966025,39.426674,35.438234
13459,0.122204,2,3,3,210.499807,180.966457,34.353381,35.538617,574.868462,598.928107,37.033097,36.836133,217.601769,245.754118,34.558973,33.442263,219.108249,223.491242,39.460996,39.453782
13462,0.090511,2,3,3,267.769865,301.986878,30.471349,28.285053,779.036751,791.087579,35.658971,35.46779,281.785764,290.103055,30.578128,30.067823,364.6928,335.666533,42.648619,42.784729
13464,0.134938,2,2,0,283.335606,0,38.828738,0,741.801533,0,43.42428,0,265.299062,0,40.371104,0,377.49725,0,47.025519,0
13466,0.946655,5,4,4,761.591217,365.649199,37.076818,40.40111,1406.458694,1233.712488,40.546716,40.781143,374.558881,614.475728,40.474045,38.788824,632.531908,776.079456,41.529273,41.480428
13467,0.09095,2,7,0,33.634213,0,43.241594,0,164.799802,0,43.102859,0,78.757522,0,42.02637,0,130.483665,0,43.463707,0
13468,1.198697,4,1,0,5772.02819,0,59.773227,0,13537.821332,0,69.320213,0,3636.042372,0,69.023063,0,7303.567562,0,71.152761,0
13469,0.14016,2,6,0,14.135889,0,38.747501,0,140.499289,0,38.267248,0,77.676902,0,36.442859,0,115.077936,0,38.686243,0
13470,0.235393,2,6,0,240.473733,0,31.431933,0,661.557366,0,35.01437,0,189.381167,0,34.248025,0,338.977716,0,38.358957,0
13471,0.941639,2,2,0,2487.022371,0,31.229194,0,5948.19118,0,35.729873,0,3146.23745,0,28.785533,0,2773.805225,0,38.09704,0
13472,0.357832,1,7,0,79.409268,0,24.212618,0,163.254127,0,24.279631,0,89.91697,0,24.199689,0,35.097886,0,24.301345,0
13473,0.28026,2,4,4,0,6.24498,13.623927,15.947301,0,28.855044,13.623927,15.946641,0,33.333122,13.623927,15.891854,0,10.783693,13.623927,15.949781
13474,0.179905,2,4,4,74.188749,27.848326,10.46817,15.843386,64.668971,74.722647,11.494556,15.902571,23.179801,42.071099,11.454504,15.741884,20.852432,25.685061,11.531511,15.94735
13476,0.1583,2,4,4,18.616079,62.667803,12.195367,15.33554,54.010318,46.794795,12.22203,15.925109,35.210771,14.683794,12.076346,15.913691,18.543107,13.165727,12.246561,15.949049
13477,0.088808,2,4,4,66.027913,36.119653,36.400031,15.977758,96.579131,116.271463,40.478332,16.493421,33.561983,75.946404,39.916419,12.482264,22.610789,33.536494,41.209452,17.213557
13478,0.181165,2,4,4,95.974857,148.391094,16.434205,18.529857,296.409655,242.54059,18.307135,23.533226,166.801557,92.148982,11.266291,22.322886,81.710985,55.926192,20.737972,24.485082
13480,0.302235,2,4,4,126.08382,158.312813,39.482466,38.597276,368.643483,386.631946,40.299352,40.213351,152.512657,143.250891,39.006576,39.244077,139.560031,124.806597,41.166385,41.178537
13482,0.247298,2,4,4,124.612802,113.673521,19.823937,39.146699,321.455974,320.076648,22.374523,40.191079,131.696194,117.213227,19.838748,39.244049,112.198508,117.523411,23.910619,41.162818
13487,0.268703,2,4,4,187.609401,138.395943,17.34585,38.675105,338.734991,437.860305,23.295123,39.642645,138.909047,224.150228,20.873138,35.910317,113.991632,109.004774,24.744607,41.180244
13488,0.1826,1,4,4,28.605896,37.121886,16.141325,21.955821,99.223617,123.095177,16.182749,22.045879,39.635063,52.834979,16.037999,21.75707,54.219134,49.620144,16.269038,22.211395
13501,0.178212,2,4,4,131.618174,69.930406,14.102294,15.345374,190.800402,229.189385,15.667569,15.552819,65.38765,151.601972,15.468745,13.824476,42.868044,66.355457,15.942864,15.933642
13502,0.316474,2,3,3,1284.233251,937.102736,22.207884,27.696614,3701.973924,3260.114484,28.3438,30.190835,1077.702917,1227.038193,26.346318,24.086489,1917.852351,2379.282362,37.818009,36.953629
13503,0.307712,2,4,4,249.386383,194.122598,27.457865,28.939497,533.049802,572.796605,30.383496,30.193226,162.627449,264.129966,29.889738,27.455894,124.764315,136.300499,31.711723,31.704729
13504,0.269473,2,4,4,155.562187,125.533308,29.342536,30.106582,331.462792,305.97218,31.022042,31.122687,117.615729,147.670199,30.433224,29.765507,143.35366,105.159251,31.685926,31.714403
13515,2.446148,5,4,4,1647.864721,3003.373773,51.520402,42.524819,6514.011852,7448.750073,51.88815,50.581491,3256.46766,1829.201688,42.010438,51.062624,4707.593966,3909.574542,55.565485,55.897544
13518,1.726029,4,4,4,753.643411,468.423096,51.234874,52.683345,2880.339177,2582.915208,51.555487,51.950921,666.888725,789.358887,51.937553,51.284368,957.047031,1580.705344,53.542753,53.374571
13520,0.148599,3,4,4,53.911589,102.229966,38.443669,12.528778,264.233048,308.326416,37.990187,15.016076,112.180912,74.065594,35.615702,15.435898,193.109561,133.976237,39.249581,18.209733
13521,0.154008,4,4,4,59.697034,49.054052,39.151167,21.882227,252.475395,265.905562,39.086074,21.296868,67.760649,87.484714,38.975313,20.418673,148.974492,194.910301,40.225844,22.362765
13525,0.083575,5,6,0,0.932989,0,38.858278,0,4.697319,0,38.857475,0,1.437453,0,38.856488,0,2.409866,0,38.859701,0
13526,0.020487,5,6,0,0,0,38.860002,0,0,0,38.860002,0,0,0,38.860002,0,0,0,38.860002,0
13528,0.024648,5,6,0,0,0,38.860001,0,0,0,38.860001,0,0,0,38.860001,0,0,0,38.860001,0
13530,0.435098,2,1,0,2791.586309,0,60.371738,0,7007.64624,0,68.978534,0,2245.798435,0,66.595469,0,3672.676188,0,71.149262,0
13531,0.341978,1,6,0,295.785501,0,33.150113,0,1599.584231,0,30.144773,0,765.779045,0,20.013261,0,1196.508405,0,36.298901,0
13533,0.17748,1,7,0,23.699305,0,20.10675,0,49.777282,0,20.126681,0,16.476721,0,20.122168,0,21.494359,0,20.13288,0
13534,0.395486,3,5,5,212.985211,115.210154,19.820118,31.017364,646.792125,441.321224,21.515729,31.109463,214.706493,238.743931,20.155873,29.273529,278.457456,195.337331,23.443697,31.691239
13535,0.500775,3,5,5,108.382719,70.555537,31.548111,31.833059,294.747793,272.854882,31.826955,31.857599,89.403891,118.985243,31.742814,31.510857,142.464207,174.454807,32.01946,32.009508
13536,0.499317,3,5,5,109.519788,66.034704,31.516852,31.839932,317.807097,270.775947,31.772732,31.841453,77.335598,124.517657,31.79896,31.438801,128.061404,171.101163,32.005259,31.992551
13537,0.502308,3,5,5,271.467761,150.000499,44.174092,35.916953,699.274061,699.649567,46.104886,35.597066,169.769391,327.460199,46.250306,32.394325,266.642751,388.830939,47.449107,36.859653
13538,0.25152,3,5,5,178.380036,128.358805,35.148297,24.285004,944.084845,862.859077,32.867769,20.410034,223.592384,256.07875,33.701965,18.715129,331.865229,431.59888,39.180088,26.229694
13540,0.145713,3,4,4,31.088736,41.937818,44.668814,22.717548,158.155897,168.319869,44.420304,22.754695,53.301777,46.229893,43.924038,22.654869,89.741595,76.450528,45.068726,23.362804
13542,0.532642,3,4,4,96.543891,78.812405,33.80988,37.271821,322.917553,312.587461,33.993292,37.288911,93.718012,101.206654,33.896652,37.159804,151.28068,163.318422,34.291708,37.481748
13543,0.494726,3,4,4,502.018934,518.652681,44.886183,33.924859,1735.110661,1709.419915,45.60927,34.986507,627.233661,567.606228,43.975725,33.726875,796.044194,714.259302,47.355742,36.777698
13545,0.239233,3,3,3,317.637281,510.869887,43.81318,39.284983,1388.643777,1523.398549,43.402107,42.685679,582.466411,414.412343,38.280521,42.19843,858.500647,815.032344,46.790204,46.860593
13546,0.352412,3,4,4,132.843179,142.545558,45.997755,27.178306,318.073617,362.306633,46.984023,29.019511,129.431776,106.222083,46.218302,28.68248,211.367851,163.528348,47.438623,29.974583
13547,0.770973,3,4,4,273.0377,345.591013,35.512396,45.419831,733.728034,653.125305,36.716954,47.047545,244.829721,197.982121,36.108799,46.865804,320.227005,336.63191,37.490782,47.489006
13548,0.252968,3,4,4,90.292108,117.430855,46.146155,28.181171,252.760924,230.913275,46.865122,29.931158,84.865081,67.491105,46.423814,29.783708,113.235184,112.935627,47.486061,30.36398
13549,0.525467,4,3,3,652.765524,543.88297,45.391405,42.287092,1690.49671,1413.034335,47.162309,43.461327,533.209865,651.103115,46.553033,41.772432,798.291941,862.754773,48.361202,44.176185
13550,1.131677,5,7,0,57.325429,0,60.86738,0,213.098889,0,60.873136,0,66.462118,0,60.861247,0,96.746088,0,60.897458,0
13551,0.27367,3,3,3,622.06112,323.46413,39.292057,42.262458,1726.412425,1611.524257,41.452306,41.704255,477.749251,777.203513,41.148926,37.908003,862.865326,1023.173568,43.345243,43.248628
13554,0.126412,2,4,4,62.79949,75.765778,12.903921,32.80918,232.590849,237.803558,13.489606,33.91593,82.179278,96.531994,11.44816,31.72661,90.925459,110.416674,15.959309,35.515745
13555,0.505064,2,5,5,27.459195,268.077533,26.684774,29.420855,220.343777,524.022353,26.608921,31.151241,116.920288,229.401533,26.273061,30.157046,137.461648,113.152189,26.695706,31.735955
13556,0.50063,2,5,5,0.709626,0.765252,26.674816,24.921977,10.781012,11.003514,26.674551,24.921708,3.264165,3.291978,26.674444,24.921605,3.17956,2.901432,26.674828,24.921994
13557,0.250327,2,3,3,101.449357,301.148832,33.978009,38.269266,896.14267,1252.924559,33.496631,38.242822,510.146898,240.138197,31.341022,38.832509,507.216281,396.29853,34.034383,39.580734
13558,0.251704,2,3,3,303.162124,102.392141,32.983265,39.468528,1265.236851,906.604302,32.95322,38.884258,243.100247,514.608151,33.461829,36.421183,400.077023,511.465058,34.093059,39.538818
13559,0.245825,4,4,4,13.091646,79.017556,28.806057,27.928018,86.856273,149.84749,28.771011,28.651802,32.610311,83.534618,28.703615,27.930971,45.090513,38.115224,28.821125,28.82278
13560,0.128371,4,4,4,7.018474,41.459524,44.43652,21.036689,48.121161,81.072493,44.378636,21.655905,17.866234,44.466252,44.28478,21.01495,24.361753,20.647911,44.461128,21.804392
13561,3.011158,5,4,4,300.975883,189.41903,61.360376,61.44586,876.910085,812.964914,61.430851,61.440932,323.877762,317.945077,61.35578,61.361017,440.619505,542.421901,61.496822,61.492755
13562,0.498438,4,4,4,292.090073,146.849335,55.167994,42.567641,614.442329,586.450696,57.988755,42.632265,161.262024,353.223145,57.94333,38.157488,297.371304,383.59936,59.032768,43.4626
13563,0.43554,4,4,4,257.079388,132.489229,55.116667,57.953434,547.571596,523.208381,57.945074,58.043823,144.118812,309.823903,57.891335,54.085822,265.406542,340.366356,59.02756,58.947823
13565,0.114971,4,4,4,157.114593,86.637631,4.876396,43.433133,506.634893,477.837838,7.121644,40.306284,112.72836,188.726146,8.580501,33.231435,257.21646,355.889329,15.651689,46.226142
13566,0.307166,4,4,4,186.981523,96.850083,29.240337,47.443598,412.8142,373.161576,31.87673,47.566571,93.229408,190.336223,32.12232,45.236003,253.114678,354.74609,32.766838,48.137083
13567,0.698133,4,3,3,1953.207741,859.422967,40.855665,55.427798,4003.417119,3187.484208,50.157942,56.065045,769.530576,1881.418299,51.919221,46.668249,1578.507873,2513.800432,54.120975,58.29167
13576,0.468416,3,4,4,213.462291,160.711698,26.06753,38.561766,538.872016,484.881551,27.965083,39.039819,136.378233,179.521782,28.000804,38.4488,213.717621,285.176379,28.977867,39.554456
13577,0.240357,3,4,4,33.094101,26.331895,31.592689,31.647927,104.363002,103.976046,31.655049,31.655716,30.712983,33.723748,31.62741,31.603683,53.754005,52.624586,31.738565,31.739016
13582,0.541377,5,5,5,63.106372,33.220139,45.614472,45.730965,178.449725,146.988915,45.698795,45.723794,36.873847,68.133641,45.726372,45.608253,80.172948,103.109142,45.772463,45.767846
13583,1.288903,5,5,5,34.305924,15.370311,45.769962,41.369756,105.452756,78.773813,45.774241,41.36878,23.965938,41.206544,45.775445,41.360467,53.845885,66.582777,45.779319,41.370756
13584,0.129999,5,4,4,90.13545,105.681839,55.73697,19.570238,250.680484,264.923985,58.336148,23.14865,102.682134,105.773169,55.041024,20.127495,175.198976,158.255195,60.331252,25.056546
13585,0.545597,5,4,4,67.128083,32.558028,49.754979,39.139737,156.665609,132.524579,49.868704,39.140502,30.943133,66.532945,49.891867,39.047629,67.705525,95.73066,49.922433,39.166256
13588,0.291882,2,6,0,102.994154,0,37.678522,0,546.880779,0,36.980165,0,242.519021,0,33.993312,0,414.493835,0,38.371917,0
13589,0.210882,3,3,3,447.500353,275.696938,39.773204,41.990434,1317.852941,359.934572,41.488555,43.412353,836.359061,99.404158,33.977118,43.385225,794.213519,129.477531,43.243755,43.588557
13593,0.04705,3,3,3,66.244012,28.341672,36.198613,38.910735,148.64176,121.013563,38.491951,38.859017,39.966782,66.462445,38.392707,36.507764,71.57952,94.792636,39.524314,39.436156
13596,0.026411,5,6,0,8.660352,0,37.828139,0,26.068066,0,38.284186,0,5.949034,0,38.399639,0,10.320722,0,38.817461,0
13600,0.498474,5,4,4,118.646801,426.185637,49.328252,43.8757,453.124366,643.287538,49.407271,48.924987,445.987461,100.018141,43.993358,49.53725,451.913344,302.470545,49.706873,49.824371
13602,0.206823,5,4,4,16.490836,8.102049,50.679926,50.737002,50.080072,42.591905,50.713751,50.725199,10.621466,19.933647,50.727001,50.657914,25.442025,38.11011,50.751936,50.746088
13605,0.083491,2,4,4,43.197525,47.998104,14.600328,14.129327,158.774483,133.787146,15.0191,15.502959,82.524632,40.900438,10.785182,15.013191,58.065716,48.757115,16.550308,16.571094
13606,0.015463,1,4,4,5.095126,10.139569,3.937813,19.960438,13.914865,33.581295,4.086654,20.674194,8.954335,12.452298,3.467604,19.319725,4.129628,14.223777,4.181959,22.087766
13608,0.090316,1,4,4,73.897938,136.361513,23.884266,6.607347,267.574843,310.14544,24.115526,9.65059,134.37757,98.96947,22.127615,8.772026,95.484291,68.623258,24.935918,11.361088
13609,0.034867,3,3,3,13.415287,22.705839,46.383973,7.32021,76.046319,92.671041,46.074376,7.326318,30.310871,22.554545,45.212807,7.361749,47.184585,39.26611,46.641255,7.61377
13610,0.700065,3,4,4,220.953946,175.320255,33.80069,34.391344,518.695367,535.790339,34.865208,34.83199,184.739231,234.397618,34.400903,33.794566,117.54064,129.979864,35.321927,35.320079
13611,0.519834,3,4,4,157.678703,204.950614,31.393642,43.578463,626.826191,652.008866,31.498501,44.185378,304.208966,216.006045,27.892001,43.591971,312.464914,322.013491,32.73355,45.067498
13613,0.460971,3,4,4,160.311975,267.771388,43.908611,26.237958,638.789052,716.190267,43.983455,29.414933,336.169514,201.230228,40.847347,28.946356,345.914758,292.92326,45.018218,31.613444
13615,0.256336,3,4,4,171.274106,106.967612,41.067988,22.787459,420.600629,424.254325,43.5469,23.00002,119.615227,227.082933,43.21743,15.72936,210.622363,196.863847,44.987912,25.467993
13616,0.962969,3,4,4,601.634835,323.001512,41.520619,43.990782,1020.582542,1029.548488,44.453403,44.441424,317.769544,739.200605,44.142199,40.450469,528.717394,499.09442,45.090498,45.099771
13621,0.762252,3,4,4,342.966965,651.375123,43.142167,31.428544,1152.899262,1234.078516,43.773725,36.735163,717.143409,328.858608,38.546291,36.617556,631.296195,535.908834,44.985015,38.233102
13626,0.273553,3,3,3,368.584987,277.0917,43.71586,38.438418,1373.67622,1231.80706,44.332793,38.140703,387.392391,488.97592,43.765075,35.471533,707.880015,772.087429,47.138741,39.985746
13627,0.080628,1,4,4,18.452616,4.828921,21.888905,12.150673,46.855826,30.731067,22.089626,12.12861,11.485379,18.288946,22.101332,11.942083,20.211269,15.373118,22.213327,12.161842
13628,0.162264,1,4,4,25.482974,12.812738,15.615502,22.179907,77.873892,57.474974,15.678597,22.171959,25.117913,23.65966,15.634404,22.095763,38.260084,16.846156,15.745452,22.222812
13629,0.103348,1,4,4,36.050016,38.771117,12.838898,21.385238,135.087939,157.252216,12.959268,21.408126,53.174056,58.326873,12.1851,20.644933,62.524551,72.99641,13.468477,22.141716
13633,1.436477,4,4,4,1600.257677,2482.057612,39.596508,31.513572,4470.276623,5067.796043,44.129049,42.915976,1810.315854,1350.632647,38.578546,42.5281,3613.07781,2893.039916,47.72365,48.257355
13634,0.497066,4,4,4,802.822927,723.332603,43.515694,32.651234,1630.157718,1393.174329,47.651718,36.79492,551.3542,453.34879,46.583335,36.062576,901.466772,626.071769,49.072491,37.904909
13635,0.800488,4,4,4,1545.917752,1083.948182,29.046228,36.380097,3282.350877,2843.161416,41.151942,42.84443,897.954817,1168.85634,40.319288,36.046523,1781.728541,2243.518513,48.043381,47.376417
13636,0.094608,3,4,4,27.809268,64.355263,38.833082,14.316167,126.021497,160.154185,38.674009,16.3901,69.337118,36.140231,35.815118,16.676785,104.209177,69.161876,39.356732,17.496117
13637,0.594949,3,5,5,62.810023,98.465823,27.271129,31.495911,174.7109,313.996737,27.323542,31.593178,41.172376,99.414213,27.330614,31.517711,92.524316,118.179749,27.363044,31.739575
13638,0.25061,3,3,3,573.861951,231.639804,35.15481,35.521275,1598.985887,1303.816936,39.124786,34.341542,365.799324,725.627101,39.941435,27.1814,769.617555,1140.906007,43.079654,36.125303
13639,0.946363,3,5,5,79.653216,34.742307,27.655907,28.833622,114.89077,114.953951,27.721793,28.838105,24.989287,31.108791,27.724362,28.837221,59.974786,53.684589,27.72983,28.845803
13640,0.330435,3,3,3,358.579919,423.506251,44.937566,38.379189,1732.138651,1638.463617,44.079199,38.709654,618.031278,477.637413,41.466239,38.00715,879.194345,807.553309,47.116623,41.14557
13642,0.657351,5,4,4,182.283291,315.511219,39.902859,47.729422,542.421919,616.799231,40.267739,49.375321,266.693558,172.229889,39.208973,49.282934,324.30569,269.765856,40.605454,49.878394
13643,0.112667,3,3,3,187.30136,105.36669,13.710152,44.796842,496.351074,422.054979,16.210772,44.893105,139.66232,188.325271,15.834312,41.805838,250.276664,353.44271,17.917629,46.179193
13644,0.267384,3,3,3,959.913752,766.350349,19.602931,49.559034,3028.369275,2993.256823,23.720553,50.257235,947.23886,1104.436435,20.78094,44.411889,1610.396381,1647.314512,30.788766,56.807807
13645,1.128261,3,3,3,2205.44657,3545.753809,53.588842,48.216822,9094.262098,9915.618159,53.577739,52.858129,3884.415293,2793.887516,47.679106,51.983638,5527.189891,4597.791422,57.22309,57.450238
13647,0.243655,3,4,4,254.669232,327.369444,38.524104,34.517794,830.210689,866.684931,41.336199,40.881443,360.63115,213.297608,33.793882,41.345097,672.639681,486.961534,45.6029,46.475825
13648,0.087843,3,4,4,78.741158,40.779492,41.647276,43.022168,238.205539,182.140939,42.49097,42.92711,62.294106,90.809854,42.455824,41.32107,87.758606,99.361247,43.527808,43.508639
13649,0.355366,3,3,3,1077.643729,915.770072,29.087139,36.557951,2892.473062,2800.838148,35.218977,40.610134,1048.781143,1198.121988,30.520927,32.805351,1582.962472,1604.611554,40.855461,46.384572
13650,0.127086,2,3,3,251.374578,527.350886,39.897379,31.611018,1174.123258,1410.431531,39.001101,37.35862,599.902506,314.148746,30.390618,38.681326,865.001812,544.865066,42.414217,43.099296
13651,0.123927,2,3,3,240.240342,514.819285,40.024958,22.347667,1092.982207,1324.277907,39.351675,27.532855,583.02466,293.925782,30.449471,28.583939,820.054802,512.49802,42.474465,31.753801
13652,0.250674,3,3,3,236.015878,297.059685,35.469746,40.796463,1014.001133,1039.677557,35.341104,41.505593,405.16512,350.162438,33.252826,40.21171,515.597453,485.601086,36.822641,43.381664
13656,0.260009,3,3,3,246.677542,441.735687,41.721074,38.372048,1108.878399,1174.81923,41.397442,41.156258,530.855862,277.520729,37.160145,41.502609,838.823248,569.826892,43.029242,43.32435
13657,0.306209,4,3,3,393.935352,990.960669,59.305916,35.805631,2244.805634,2502.215527,56.041127,44.712116,1169.488796,531.542774,41.896193,46.920051,1156.268116,1149.266913,62.626892,51.703314
13659,0.106909,2,3,3,265.360783,226.963121,22.78092,35.465911,853.216012,835.792856,25.43859,36.777826,269.793816,309.7291,23.271784,31.791502,463.761158,561.580455,30.049729,42.047566
13661,0.173591,2,3,3,488.276237,312.564696,31.33421,37.337557,1261.630216,1121.099788,37.537942,38.617095,354.870052,524.307324,36.592392,31.097723,564.447896,710.663452,42.962337,42.62007
13663,0.223826,2,3,3,351.732541,206.180719,29.634386,37.872237,911.672519,738.278651,31.875088,38.272309,261.150022,330.418254,31.498059,35.94199,355.04488,435.964105,33.451384,39.428966
13665,0.253648,3,3,3,525.168026,897.328773,18.620478,28.147563,2039.25212,2391.41108,19.319327,35.155856,961.425174,529.04446,10.82912,36.934267,1737.903978,1151.964715,24.086885,42.519857
13668,0.323952,3,3,3,1350.062836,791.353507,24.922064,34.286727,3625.182191,3077.587159,32.717177,35.056951,791.017042,1432.3713,35.06293,24.881041,1659.35383,2496.288559,42.251035,40.771867
13670,0.249232,2,3,3,536.904383,436.462791,32.084139,29.292541,1653.373752,1750.57586,34.909934,29.503808,504.327386,697.634173,33.380345,24.843201,897.303438,987.587668,38.948471,33.406823
13671,0.209259,2,4,4,104.140335,98.167835,38.827114,23.785761,303.015902,359.466489,39.951773,24.238895,91.130428,178.774303,39.527014,19.95889,109.751148,126.500277,41.149006,25.841886
13672,0.132296,2,3,3,127.435762,82.53964,37.722361,38.781722,308.298351,342.349529,38.925858,38.769909,86.438023,176.951797,38.799308,36.525842,126.469399,142.738886,39.592592,39.577778
13674,0.257242,2,4,4,145.842214,140.028246,19.18074,38.411327,422.645492,503.978534,21.749158,39.01315,133.508852,237.315043,20.420858,34.959599,164.127867,174.937855,24.239639,41.097481
13676,0.250463,2,3,3,814.588492,714.892598,35.197334,36.753338,2325.013968,2386.298365,38.963808,38.754977,822.708529,879.803153,35.789439,34.938445,1335.32607,1384.395065,42.846878,42.794413
13680,0.251039,2,3,3,892.475961,793.808342,33.990141,35.554018,2417.847039,2389.793229,38.665575,38.761779,861.145044,914.237684,35.247148,34.452558,1059.897409,1029.227069,43.113535,43.139656
13682,0.232285,2,3,3,316.985821,401.900541,39.670678,31.505495,1165.794254,1254.508348,40.373603,33.472071,499.730092,366.639567,36.002979,32.668798,638.410227,454.017588,43.134844,36.388473
13683,0.449,3,3,3,899.455633,1830.053538,36.50038,32.719788,2544.14332,3398.81109,38.071747,40.624107,1732.941556,812.250435,31.012005,40.987573,1421.114019,1179.852467,39.437534,43.419486
13685,0.13029,2,5,5,31.205758,32.814739,31.205308,31.151742,112.624134,119.894868,31.324378,31.271468,42.694159,35.550867,30.873019,31.125626,50.522273,41.97469,31.7102,31.722004
13687,0.195273,2,5,5,49.181429,46.769952,31.151741,31.205309,179.693675,168.796586,31.271467,31.324377,53.28223,63.988313,31.125625,30.873017,62.910001,75.72078,31.722004,31.710198
13689,0.208713,2,3,3,688.649856,894.058513,28.894122,25.253492,2314.749488,2452.729092,31.053074,30.49572,886.19532,828.398126,26.263457,27.234532,1506.244655,1161.669209,35.392448,35.811986
13690,0.131775,2,5,5,98.446364,42.122096,27.571131,14.180608,382.159401,293.518223,27.961122,11.688261,79.864362,108.945767,29.091724,8.727942,136.875221,190.589433,31.492981,14.924816
13691,0.425348,4,3,3,144.047201,163.617384,50.624884,50.545096,950.200837,951.799395,50.205741,50.203492,273.504869,228.042539,50.038399,50.292252,391.354959,351.502297,50.861703,50.872157
13703,0.468764,5,4,4,277.399824,79.432756,56.992906,43.504406,568.888644,442.959347,59.809515,43.227467,117.824987,343.203246,60.172694,38.273219,268.032525,463.882198,60.787618,43.56489
13704,0.378507,5,4,4,223.989014,64.138702,56.992909,60.51453,459.354316,357.671559,59.809518,60.217489,95.138859,277.122587,60.172697,55.76137,216.425303,374.565906,60.787617,60.582418
13706,0.090081,1,4,4,73.705348,136.006132,9.700076,21.763184,266.877498,309.337149,10.08387,23.845326,134.027359,98.711539,7.05578,23.304007,95.235443,68.444414,11.320216,24.9611
13708,0.080137,2,4,4,21.676338,31.100531,14.823391,34.373748,100.775315,87.480877,14.684467,35.044517,50.068847,26.369658,12.920322,34.819169,60.191319,52.486656,15.209326,35.593145
13709,0.246937,1,4,4,32.548606,156.797483,14.393106,13.675857,413.763309,429.811606,13.155374,14.790216,123.636266,108.099296,12.679833,14.830681,293.226442,147.108564,14.26389,15.694647
13710,0.125139,2,3,3,420.738817,353.696186,34.760957,26.877825,1376.364043,1348.828342,37.44968,27.535665,427.656371,478.631909,35.295329,24.259431,836.195916,877.827212,42.453959,31.270406
13711,0.498387,2,4,4,3.151779,2.758496,26.655295,24.897623,33.250702,29.861599,26.653398,24.895983,35.860411,91.436384,26.618104,24.569043,9.064855,19.921362,26.655584,24.897554
13723,0.216605,2,4,4,25.511026,40.813375,39.491896,25.28723,122.590376,134.618589,39.438259,25.402245,46.966602,35.025278,39.20106,25.397416,79.717191,64.767322,39.610224,25.578271
13729,0.24842,2,4,4,87.431229,47.740438,34.59157,21.555042,280.649071,261.756269,35.001232,21.142768,108.439415,113.02208,34.219085,19.382889,114.885701,133.705371,35.644756,21.952037
13730,0.250823,2,3,3,554.961893,547.52996,39.109238,33.232239,1900.970393,1787.698475,40.335285,34.532615,709.323216,734.995353,37.45053,31.30348,510.244263,618.123367,43.477483,36.880683
13731,0.497356,2,4,4,105.816791,195.137595,26.671542,27.991909,163.63011,193.211647,27.178497,29.294946,266.649841,109.130972,23.751478,28.98874,88.093653,59.958919,27.242432,29.37128
13732,0.192664,2,3,3,385.275177,403.037092,36.191073,28.614144,1143.537042,1207.423704,39.282519,31.466394,446.526098,472.381719,35.074426,27.415717,578.549657,550.110981,43.050683,35.028099
13733,0.542043,2,4,4,228.20171,161.795822,25.398869,29.004536,196.793133,226.681014,27.704116,29.716662,196.293557,237.648785,26.229996,28.271052,101.63228,91.817454,27.783704,29.80354
13734,0.252293,2,4,4,45.609643,60.010781,24.793751,35.164761,140.513017,169.430048,24.914991,35.436667,105.130821,44.475183,23.719163,35.426227,84.020103,65.179952,25.041245,35.681707
13739,0.449356,2,5,5,138.977202,108.790133,30.874068,23.547716,262.291247,288.911809,31.546721,24.020254,78.495128,85.117849,31.479389,23.917302,115.467395,112.926289,31.731776,24.309002
13742,0.124902,3,5,5,24.501111,18.68099,31.400132,14.899044,107.528729,99.56321,31.355635,14.714764,29.483831,29.805644,31.305184,14.545702,58.793241,53.191262,31.696364,15.096084
13743,0.207099,3,4,4,91.13054,146.136944,37.932459,20.986549,369.42086,420.405791,37.980623,23.095688,148.962263,105.556875,35.936757,23.194112,281.917214,192.364946,39.213078,25.028181
13744,0.146435,3,4,4,20.860184,25.030981,21.740166,17.943158,76.26338,69.621297,21.771357,18.138412,23.69418,20.796215,21.717591,18.083292,43.332099,39.392662,21.865925,18.260748
13745,0.376319,3,4,4,12.909711,29.454495,30.117216,30.075157,71.460408,78.256494,30.109214,30.105634,25.861756,17.442154,30.091522,30.110992,36.252476,34.486391,30.125245,30.125424
13746,0.250933,3,3,3,190.998522,370.021993,42.345157,33.483683,977.524006,1107.052731,41.730641,35.05114,433.168951,255.130606,38.721716,35.416859,604.779605,447.770164,43.270195,36.874525
13747,0.366826,3,4,4,18.475958,31.357535,27.002651,29.879263,109.772478,90.62944,26.971102,29.910846,34.292355,19.444331,26.940786,29.920067,51.822882,39.190591,27.024454,29.938749
13748,0.273661,3,4,4,165.139684,96.598693,36.627953,26.544561,501.884134,446.226244,37.894271,26.253279,126.964103,177.199777,37.945639,24.344225,234.673469,344.53326,39.467234,27.320811
13749,0.402727,3,4,4,2.904994,6.468535,30.608751,30.60696,15.7511,44.040684,30.608416,30.603122,2.681168,9.971911,30.608862,30.604478,6.119657,18.09825,30.609171,30.608785
13755,0.29976,2,4,4,106.458547,197.930547,34.572975,17.627845,599.868422,677.08752,33.705959,19.314243,263.656314,153.641582,30.674894,20.222429,351.706128,303.650037,35.378456,23.270029
13756,0.202666,2,4,4,52.55007,101.199383,22.809608,33.606828,285.547028,331.56536,22.378264,34.315546,130.336685,75.655554,20.245225,34.588017,169.761666,136.335664,23.230319,35.587589
13760,0.230763,2,3,3,380.201429,306.917706,34.729376,30.788928,1007.637816,1072.650938,37.358442,31.548811,346.667467,413.563378,35.828802,29.229808,598.451924,612.384326,39.270749,33.406726
13761,0.317709,2,4,4,36.11306,29.612259,15.890533,13.063085,143.768774,140.165631,15.894212,13.048176,40.340922,47.33092,15.884191,13.002735,68.983214,69.32908,15.944125,13.101852
13762,0.346827,2,3,3,244.754705,108.955789,42.400349,38.411824,1077.877169,527.423853,42.24203,38.331429,443.012942,258.364658,40.431576,37.601607,544.948638,231.272475,43.438098,38.606597
13763,0.253004,2,4,4,58.961094,38.932878,15.719852,12.407649,213.955038,217.002502,15.768427,12.291785,56.771163,75.497565,15.757405,12.073073,114.651867,129.741238,15.926251,12.50439
13764,0.394818,2,4,4,54.772032,71.348682,13.480022,15.807256,201.494432,239.731328,13.500821,15.852722,97.196928,75.099761,13.288218,15.808838,90.556465,83.314674,13.573861,15.944436
13765,0.384097,2,4,4,47.377897,34.758143,13.445379,15.91139,132.818172,124.483461,13.488389,15.920364,40.084412,50.832751,13.474513,15.878827,58.731046,65.0693,13.521195,15.946333
13766,0.249454,2,4,4,28.875622,41.803538,19.823206,14.60506,142.44124,151.3359,19.79193,14.652169,52.814031,36.491542,19.684559,14.671226,75.334373,66.514308,19.886284,14.789845
13768,0.080587,2,4,4,7.729602,10.567955,19.84621,19.802764,37.955075,39.9056,19.824922,19.817454,14.338488,9.731713,19.744704,19.825332,20.151308,18.824333,19.890415,19.891578
13770,0.217963,2,4,4,22.416825,26.778551,14.203236,19.814046,101.562292,103.868782,14.187653,19.823235,34.739425,26.487793,14.116232,19.824435,51.924386,50.091625,14.263601,19.891836
13773,0.03366,4,4,4,29.76212,8.620196,34.921872,8.565324,63.797984,57.905754,38.674155,8.132148,13.678625,27.726945,39.174508,6.524526,26.012929,31.831836,40.300982,8.723096
13774,0.303684,4,5,5,61.759389,30.582788,32.027627,24.459777,363.91379,335.911821,31.686447,23.970956,79.396879,117.112973,31.870818,23.485768,116.221662,162.26511,32.350456,24.484916
13775,1.089461,4,5,5,528.711382,112.264264,30.602482,28.592665,1896.815065,1234.466663,30.99545,27.908399,399.797243,679.543574,31.419629,25.139822,588.881307,749.431951,32.318492,28.58568
13776,0.06164,4,5,5,1.35543,2.61064,32.379722,32.366674,22.854535,27.372976,32.308325,32.277079,4.566898,5.653874,32.337471,32.313745,8.426303,6.604767,32.380109,32.381921
13783,0.269562,1,4,4,17.573697,15.715151,16.356457,17.797672,40.372562,40.100137,16.378767,17.810039,13.059501,17.495997,16.37307,17.795549,7.417703,9.234324,16.387853,17.817652
13784,0.077804,1,4,4,25.127402,5.433623,10.634526,9.327027,58.416103,57.185716,10.975741,9.132218,14.986289,28.410815,10.976451,8.415672,25.599619,37.233457,11.108426,9.323369
13785,0.076325,1,4,4,69.312634,9.751618,7.528398,9.156926,178.523572,162.829231,9.497868,7.178031,42.151622,56.8135,9.73311,5.812061,49.353151,112.206192,10.987396,8.882383
13786,0.261673,1,5,5,59.214261,19.196095,15.601846,15.878235,150.569814,146.343903,15.793479,15.799985,38.005502,57.648907,15.797766,15.649804,104.100034,127.550936,15.887762,15.876489
13787,0.244463,1,5,5,21.820507,87.113389,15.661602,14.945372,223.770725,239.075916,15.412373,15.370059,79.61202,66.035917,15.139379,15.317548,152.626228,90.713239,15.653641,15.689216
13792,0.245378,4,4,4,88.649726,170.809528,47.923457,26.068099,442.493449,534.029785,47.337162,28.022829,195.794547,118.274128,44.154233,28.741113,347.755594,253.460481,48.762911,30.541183
13799,0.262546,3,3,3,581.299156,527.1334,32.418922,40.054565,1955.174055,1812.567735,34.626525,41.973103,657.151998,660.461355,31.570523,37.808415,975.407249,859.961021,39.467425,46.909567
13814,0.248354,2,4,4,91.466635,77.136008,34.49512,20.681247,271.069373,277.155498,35.044715,21.023064,99.882156,155.137705,34.424963,17.168859,76.196872,90.634911,35.674645,21.992182
13815,0.322911,2,4,4,81.6977,98.861927,35.099291,22.861175,365.945137,387.535611,34.99716,22.990888,130.400472,115.236262,34.415351,22.567288,203.145492,180.430932,35.60099,24.078117
13819,0.257524,2,4,4,22.984377,32.072546,35.615812,22.147405,109.1586,117.415004,35.589675,22.188782,42.075356,33.96197,35.462788,22.147372,63.542479,54.878266,35.683234,22.318325
13825,0.24717,2,5,5,58.690309,55.76346,19.647917,31.262913,330.102841,341.732,18.913761,30.730809,92.57254,96.668926,18.614288,30.536037,170.044497,157.03426,20.28718,31.648501
13832,0.436138,3,3,3,122.098017,211.584913,41.962635,46.178486,645.347441,830.809942,41.854454,46.228106,278.947038,199.639386,41.372002,46.291721,416.985664,347.920494,42.087162,46.71643
13869,0.160728,1,3,0,290.291896,0,18.724362,0,1144.264353,0,18.962081,0,516.90076,0,14.797407,0,783.505283,0,21.46304,0
13870,0.159695,1,3,0,460.242988,0,13.063911,0,1247.599015,0,16.035392,0,346.42475,0,15.585347,0,628.179094,0,19.020685,0
13872,0.025374,3,6,6,15.01257,5.761479,36.587131,39.119189,37.112325,39.66644,38.429736,38.270962,9.002319,18.536645,38.554239,35.653069,19.889069,20.252215,39.487604,39.48195
13873,0.242342,3,6,0,55.026052,0,38.339766,0,378.841512,0,37.508441,0,177.03758,0,34.942706,0,193.422442,0,38.695298,0
13874,0.429975,3,3,3,519.559753,336.491268,40.697826,42.279245,1594.185316,1246.386375,41.891703,42.513867,364.427268,506.857579,42.223136,41.092038,697.311356,767.252917,43.444013,43.41308
13875,0.099673,3,4,0,131.160563,0,31.990211,0,336.522415,0,37.987964,0,66.374044,0,40.027507,0,136.315342,0,43.11532,0
13876,0.069497,3,4,0,54.387322,0,42.075744,0,201.454312,0,42.345447,0,81.923749,0,40.718082,0,124.011632,0,43.383384,0
13877,0.031905,3,4,4,0.780964,4.212863,43.591849,43.400417,19.534285,8.962629,43.350192,43.5429,7.243763,1.448683,43.102035,43.57635,9.91565,1.80796,43.570667,43.598843
13878,0.099654,3,4,0,51.436118,0,42.895305,0,249.273308,0,42.645224,0,115.8148,0,40.78991,0,179.904264,0,43.378567,0
13880,0.026329,2,3,3,24.521422,21.460791,45.375041,45.844275,74.608745,69.879818,46.301021,46.443736,28.707038,26.03875,44.942824,45.363653,33.785833,40.847305,47.429678,47.377619
13881,0.236002,3,3,3,617.064031,500.346115,34.349124,43.383145,1809.254235,1812.998312,36.670218,44.218788,669.360997,727.133606,34.131365,40.457843,861.662522,870.30242,39.144326,47.176593
13884,0.039357,2,2,2,68.848171,78.283583,11.157278,39.537755,178.503331,204.590102,12.664129,43.807484,67.983001,77.34838,11.466748,40.375686,84.01712,106.286859,13.573498,47.059171
13885,0.009271,2,2,0,18.441269,0,39.537755,0,48.195303,0,43.807484,0,18.220963,0,40.375689,0,25.038002,0,47.05917,0
13886,0.741683,2,2,2,1515.265211,1557.341645,39.193265,33.788151,4052.949589,4077.279357,43.466925,38.222708,1587.922652,1458.204574,39.3275,35.286797,1905.943727,2074.896959,47.102947,41.558357
13889,0.046348,2,2,0,94.690247,0,39.193266,0,253.272361,0,43.466925,0,99.230674,0,39.3275,0,119.104089,0,47.102946,0
13891,0.017586,2,2,0,36.925482,0,38.828738,0,96.674679,0,43.424279,0,34.574884,0,40.371106,0,49.197021,0,47.025519,0
13893,0.021287,2,2,0,38.338068,0,44.123225,0,100.863095,0,46.023969,0,40.087355,0,44.198223,0,47.715499,0,47.389431,0
13894,0.104424,2,2,2,281.443107,188.068257,40.743562,44.123226,736.651696,494.78618,44.413138,46.023971,285.420922,196.649424,41.207591,44.198225,372.421827,234.069455,47.163809,47.389434
13898,0.013409,2,2,0,34.142303,0,41.349584,0,80.758465,0,45.186653,0,31.03519,0,42.752515,0,38.76671,0,47.290142,0
13901,0.511258,5,3,3,398.119185,300.698672,45.539241,47.255808,1078.954223,1048.35888,47.844975,47.951357,352.27492,484.392367,46.726019,44.36088,560.661154,663.525884,49.663468,49.564595
13903,0.127885,4,3,3,236.432948,204.995456,59.623937,60.532679,571.639967,556.071859,62.123406,62.199556,204.334896,231.393097,60.855547,60.152157,307.228909,347.811063,63.445241,63.391555
13904,0.176447,3,3,3,284.237795,77.968934,18.496323,47.053791,513.701649,382.919621,22.489602,46.859307,117.364182,277.669625,22.698468,43.00555,165.592176,258.335014,23.38515,47.409834
13905,0.067681,3,3,3,211.669638,105.690044,39.590718,45.125531,633.420644,546.877233,42.852299,43.908848,159.575344,262.36338,43.014601,37.405768,242.584795,319.052286,47.196099,46.957379
13907,0.431125,3,3,3,903.238382,1375.497252,24.443193,32.767281,3384.644288,3497.821376,25.742327,40.277481,1577.55342,1100.913766,15.784087,37.586012,1761.758165,1528.132829,32.553222,46.807542
13909,0.186566,3,4,4,238.804378,129.411361,14.66595,42.93424,730.250176,642.152811,18.905549,41.23167,174.933764,297.499554,19.781854,32.369477,370.584979,496.643068,26.065165,45.727933
13911,0.088631,2,4,4,38.312261,51.426822,11.361271,38.075566,120.122761,128.824939,12.361947,39.942876,52.300676,43.646398,9.961558,39.102098,48.428569,42.949918,13.638297,41.160283
13913,0.100684,2,3,3,231.012634,229.604045,12.643173,38.872616,771.813738,822.167633,13.866579,39.880628,278.471367,304.830742,11.69786,36.733635,472.420007,446.896055,16.074781,43.065623
13914,0.109198,3,3,3,129.894433,207.183422,37.788484,29.221869,372.977081,433.322857,42.07122,40.531596,177.063665,111.396218,33.545875,40.534623,241.938588,204.317332,46.424539,46.728318
13916,0.197962,2,3,3,248.986835,435.184753,41.952871,39.158434,1079.859003,1328.422058,41.789246,40.9686,466.828732,426.930382,39.058672,39.704329,601.644783,444.444317,43.33815,43.452329
13917,0.048366,2,3,3,122.95949,61.102199,29.969376,36.525491,337.551619,301.835511,34.492746,35.373521,86.273608,138.692116,34.544277,29.063379,150.636936,147.679536,39.115069,39.13459
13918,0.057948,2,3,3,72.240603,96.300119,9.11986,34.658428,287.374255,311.719745,9.240385,36.337112,115.927263,104.683121,7.136161,34.43621,140.130642,157.327642,10.82871,39.236604
13920,0.053909,5,6,0,2.857447,0,38.826796,0,12.843286,0,38.820786,0,3.582743,0,38.814233,0,7.111942,0,38.854592,0
13921,0.058193,4,4,4,4.74742,20.046635,49.222725,48.039978,21.26244,65.47615,49.208196,48.483513,7.065971,18.542236,49.14648,48.321168,12.905869,33.839505,49.290593,49.205793
13922,0.014713,5,6,0,3.048311,0,38.421938,0,3.615451,0,38.818414,0,1.248439,0,38.787245,0,1.50501,0,38.856665,0
13923,0.355967,3,6,0,197.817707,0,36.171709,0,656.060038,0,37.035349,0,146.813662,0,37.443327,0,446.188122,0,38.473934,0
13924,1.101137,3,7,0,220.113316,0,47.439173,0,831.339302,0,47.455916,0,197.588745,0,47.468964,0,0,0,47.550001,0
13925,0.221128,5,3,3,312.532521,325.847885,63.176836,62.990989,788.777592,653.166147,64.575094,64.856854,351.69514,232.830235,62.900899,64.297229,367.376864,431.118177,65.425029,65.391355
13926,0.041911,5,6,0,21.572331,0,36.514045,0,62.97166,0,37.60332,0,18.160325,0,37.30959,0,30.958831,0,38.717747,0
13927,0.235702,5,6,0,54.016904,0,38.330649,0,129.535262,0,38.668815,0,34.185994,0,38.659188,0,68.666078,0,38.835643,0
13928,0.58128,4,1,0,2323.677045,0,72.712923,0,6130.406996,0,78.325177,0,1378.01314,0,78.941506,0,3297.180602,0,79.958584,0
13929,0.272541,2,6,0,112.092327,0,37.295371,0,616.315213,0,36.227362,0,314.724452,0,30.656666,0,455.196012,0,38.198706,0
13938,0.144109,5,3,3,119.343738,40.791543,31.273458,41.475931,190.89924,153.070516,32.000347,41.501175,41.26941,118.488879,32.039474,40.590019,102.052133,165.120293,32.119757,41.56814
13939,1.141077,4,7,7,673.399653,650.517647,47.547925,47.780772,1291.468635,1532.06321,50.377638,50.048226,537.370791,602.512656,49.082797,48.556211,839.317512,676.915069,51.054324,51.103605
13940,0.368499,5,3,3,305.170999,104.306853,36.29016,37.187369,488.142713,391.411689,37.150498,37.208989,105.528808,302.985069,37.198448,36.408105,260.954609,422.224857,37.298442,37.265984
13942,0.294724,5,4,4,0.000267,0.000267,25.854836,29.240863,0.001336,0.001336,25.854836,29.240863,0.000258,0.000258,25.854836,29.240863,0.000584,0.000584,25.854836,29.240863
13943,0.14081,5,3,3,116.611268,39.857504,31.107983,31.860452,186.528015,149.565369,31.830552,31.877899,40.324435,115.775985,31.869399,31.208842,99.715399,161.339629,31.949066,31.923489
13944,0.618066,5,4,4,0,0,34.633773,32.248449,0,0,34.633773,32.248449,0,0,34.633773,32.248449,0,0,34.633773,32.248449
13945,0.759547,5,5,5,40.380576,64.86904,35.724676,41.549009,129.957962,115.956748,35.735646,41.615369,51.189154,50.992593,35.712518,41.585048,17.465031,15.698524,35.753186,41.632336
13946,0.302805,4,5,5,6.658528,12.824724,32.379722,32.366673,112.272499,134.469261,32.308325,32.277079,22.434807,27.774554,32.337469,32.313746,41.394064,32.445801,32.38011,32.38192
13947,0.251662,4,5,5,5.533918,10.658659,20.810273,32.366674,93.309938,111.757719,20.734391,32.277081,18.645621,23.083497,20.768183,32.313746,34.402703,26.965782,20.810582,32.381922
13948,0.194239,3,5,5,83.953696,66.294603,30.238541,30.768096,377.055981,332.578624,29.982475,30.34086,93.286154,96.272197,30.10097,30.004829,187.055288,157.167055,31.54203,31.600325
13949,0.093256,2,4,4,38.903926,48.848376,39.482467,38.597277,113.747178,119.297627,40.299352,40.213351,47.058703,44.200929,39.006577,39.244078,43.062092,38.509831,41.166385,41.178538
13950,1.221596,5,4,4,336.367357,368.349007,52.043186,48.572398,848.267826,877.116374,52.62299,49.621119,338.883314,303.338272,52.130563,49.200813,310.403318,292.221357,52.956642,50.088697
13951,1.105584,5,4,4,1269.543823,550.606397,49.05065,44.818561,3102.085784,2571.821556,55.890803,43.5801,682.840075,1460.682473,57.091685,28.083917,1648.522007,2154.197424,60.212157,47.64084
13954,0.10057,1,4,4,81.280704,28.758715,12.459076,22.086267,124.185741,97.451389,13.254019,22.129009,25.256272,89.371438,13.297543,21.195211,32.889809,43.990027,13.361992,22.215992
13955,0.088757,1,4,4,132.445487,66.111689,21.82527,9.902468,281.231554,233.891118,24.001158,10.27582,95.203096,106.571486,23.366779,8.223531,57.783622,98.80304,24.968445,11.222967
13956,0.028839,1,4,0,8.246554,0,5.040308,0,27.94416,0,5.074301,0,25.627236,0,4.148935,0,12.614129,0,5.130399,0
13957,1.760018,5,4,4,23.940623,55.299701,46.712987,46.703574,117.294719,96.351879,46.712056,46.71309,57.599076,26.016086,46.703944,46.712869,55.084107,74.076907,46.715017,46.71477
13960,0.418791,2,3,3,502.289576,726.598819,36.797971,34.290219,1864.963471,1846.602111,37.276484,37.318085,751.829464,734.778676,34.489769,34.682279,1027.666869,822.789869,39.308234,39.425326
13961,0.022378,2,3,3,37.595172,31.2766,33.42541,2.607169,129.898499,115.402775,34.040102,2.709497,45.808707,37.752383,32.78655,2.459099,62.746392,54.392578,35.515869,3.091434
13963,0.157437,2,6,0,56.901393,0,37.625218,0,291.359631,0,37.021698,0,106.397615,0,35.433883,0,204.291629,0,38.447966,0
13964,0.093308,4,4,4,41.290401,30.548269,17.643345,48.154037,111.940154,99.176328,18.496873,48.566661,28.882032,36.504267,18.492558,47.864891,46.763894,60.646952,19.041941,49.182066
13965,0.479559,3,4,4,22.350042,10.854242,24.669773,31.744883,79.971697,63.526915,24.674557,31.740022,24.403261,32.455881,24.668525,31.713255,41.137437,45.338515,24.687264,31.747772
13966,0.331561,3,4,4,176.126362,194.64374,37.238635,36.770853,566.795233,517.048162,38.105229,38.344487,245.991759,182.886012,35.733787,37.321178,294.844853,308.978871,39.454235,39.43612
13967,0.747245,2,1,0,4633.005891,0,67.252546,0,19151.211105,0,67.20207,0,8868.873355,0,48.828206,0,13415.218133,0,70.944277,0
13968,0.743023,2,7,0,24.118105,0,43.598358,0,113.010551,0,43.597901,0,103.329996,0,43.576615,0,20.454684,0,43.599965,0
13969,0.074759,2,3,3,66.804763,60.651275,24.660076,24.842289,132.858895,190.425844,25.461166,25.202949,35.269624,113.694805,25.445063,23.086322,50.881866,108.428925,25.690569,25.639413
13970,0.618097,3,7,0,176.010353,0,47.333393,0,561.013511,0,47.416608,0,200.790915,0,47.300601,0,0,0,47.55,0
13971,0.329781,2,6,0,683.89847,0,34.929877,0,1593.226722,0,37.432842,0,454.123713,0,37.13809,0,598.12703,0,38.762669,0
13972,0.198747,2,6,0,53.573972,0,38.142969,0,273.336426,0,37.792403,0,130.505756,0,35.600862,0,159.37921,0,38.693818,0
13973,0.742221,1,1,0,8013.828017,0,47.935575,0,23666.512665,0,61.74381,0,8561.964339,0,47.443658,0,14942.707611,0,70.742196,0
13974,0.92581,2,7,0,45.632962,0,43.596365,0,417.954,0,43.583407,0,145.870971,0,43.570358,0,356.028227,0,43.594816,0
13975,0.702845,2,1,0,7263.641959,0,52.91288,0,18423.012452,0,66.89717,0,5064.502498,0,65.859279,0,9635.639138,0,71.099467,0
13976,0.81049,2,1,0,6180.694501,0,53.669606,0,16922.514848,0,65.970567,0,4283.923501,0,66.227711,0,9001.270418,0,71.068691,0
13977,0.059462,3,7,0,39.730655,0,46.474794,0,114.732698,0,46.995924,0,34.826671,0,46.793877,0,72.20963,0,47.45166,0
13978,0.875257,4,1,0,1930.750101,0,79.751295,0,9874.193494,0,79.474226,0,3021.299515,0,79.043939,0,5722.164531,0,79.983398,0
13981,0.555825,2,2,2,1415.267248,1556.579068,41.349583,26.073174,3347.601075,3594.043891,45.186652,31.149318,1286.471169,1615.025904,42.752514,26.333589,1606.958219,1595.156219,47.290139,33.581663
13982,0.268165,2,1,0,1409.708909,0,52.090942,0,4006.380977,0,64.649412,0,1324.403013,0,57.315194,0,2066.492272,0,71.049187,0
13983,0.164064,3,4,4,35.600865,93.143879,43.090773,40.615726,262.199877,343.621451,42.098297,41.146408,121.524239,84.830064,39.30562,41.319719,164.323049,121.698572,43.330488,43.447256
13985,0.824743,2,1,0,4335.563046,0,52.090944,0,12321.634059,0,64.649413,0,4073.204564,0,57.315194,0,6355.501814,0,71.049185,0
13987,0.281026,3,1,0,1183.273843,0,62.339218,0,4012.953936,0,66.387412,0,1631.923856,0,52.52052,0,2553.08738,0,70.976762,0
13988,0.050646,3,4,4,10.989947,28.753412,43.090776,40.61573,80.94081,106.075559,42.098297,41.146408,37.514397,26.186946,39.30562,41.319723,50.726342,37.568213,43.330491,43.447257
13990,0.315217,3,1,0,1327.238166,0,62.339216,0,4501.194421,0,66.387407,0,1830.473679,0,52.520522,0,2863.711583,0,70.97676,0
13992,0.179238,1,7,0,14.095757,0,30.505206,0,63.817639,0,30.502287,0,50.969792,0,30.368102,0,23.709632,0,30.518856,0
13993,0.060876,2,4,4,44.486508,44.370726,12.15995,31.655081,190.225928,168.153462,12.093899,32.187052,65.820653,60.966135,11.363722,29.512766,100.205439,101.389436,12.863681,35.079658
13995,0.070903,1,4,4,7.744343,32.675314,9.363225,21.005613,105.232707,85.791013,8.333485,21.689519,33.521101,22.179027,7.74142,21.684174,57.435322,39.142069,9.334855,22.17278
13996,0.078415,1,3,3,147.313715,160.584152,9.798933,18.306125,595.660254,574.817752,9.86726,18.780589,219.095534,203.824502,8.156804,17.505918,317.27614,302.101589,11.598986,20.188082
14004,0.211371,5,7,7,0.021467,0.021437,60.9,60.9,0.20703,0.20694,60.9,60.9,0.021422,0.16234,60.9,60.899991,0.337673,0.338203,60.9,60.9
14005,0.275063,4,4,4,21.9201,57.11904,48.421894,48.017008,122.836775,151.47482,48.359118,48.290027,44.60724,33.200967,48.228373,48.345068,38.134966,58.733603,48.494468,48.486167
14006,0.522334,3,4,4,245.844951,146.63506,37.709645,38.900149,586.167434,507.188043,38.940453,39.108707,141.7833,274.444742,39.01708,37.515563,249.599389,296.855708,39.589643,39.566141
14007,0.343378,4,5,5,51.686534,28.667418,32.182262,32.318565,239.446178,222.263826,32.131781,32.164962,63.655077,82.500043,32.115394,31.946052,97.816662,131.699102,32.365276,32.350309
14008,0.204662,5,4,4,5.094177,3.832095,22.390916,33.334268,18.295223,20.762537,22.391685,33.332057,3.231216,4.081131,22.392972,33.334233,9.318097,8.78832,22.393866,33.337049
14009,0.244972,5,4,4,6.097515,4.586856,33.331951,33.334269,21.898611,24.851882,33.333219,33.332056,3.867629,4.884942,33.335404,33.334233,11.153369,10.519249,33.336997,33.337049
14011,0.25033,2,4,4,91.18347,17.027254,25.622294,39.594144,125.039018,122.481556,26.752042,39.489221,23.674963,67.16446,26.81144,38.980882,48.059354,61.861111,26.871197,39.631326
14012,0.110507,2,4,4,0,28.975881,41.230002,14.89351,0,51.924858,41.230002,15.651062,0,21.287943,41.230002,15.39336,0,17.515366,41.230002,15.78207
14013,7.298992,5,4,4,1023.731585,1023.731584,48.266111,49.706435,4992.584332,4992.584332,48.177672,49.62312,1458.262279,1458.262278,48.089144,49.540394,2154.757493,2154.757491,48.46834,49.901222
14014,0.245305,2,4,4,228.583133,133.916893,20.331938,40.604035,640.73683,579.092415,24.313593,40.333841,170.807409,287.490313,24.024452,33.992977,279.1773,382.827741,28.142816,42.929121
14015,0.233356,2,4,4,132.456395,198.710784,33.072208,30.46814,528.749431,564.214345,33.212131,32.911045,248.33469,160.274702,28.900195,32.384111,335.308795,260.212946,35.229407,35.407839
14016,0.043378,1,3,0,89.641607,0,11.463066,0,308.891281,0,12.284274,0,106.948338,0,10.800355,0,178.09539,0,14.248099,0
14018,0.638572,4,4,4,24.988407,41.972885,49.285954,49.250997,105.399904,105.854416,49.284979,49.284801,49.5228,23.309369,49.238272,49.290413,47.73568,56.244098,49.304746,49.303997
14019,0.044961,4,4,4,5.057712,4.282217,11.450488,49.194033,18.455512,16.997022,11.460877,49.201617,5.634123,5.155656,11.445184,49.162949,8.152802,10.780289,11.491595,49.288007
14020,0.008054,2,2,0,14.089355,0,41.034957,0,36.52961,0,44.609065,0,13.912303,0,41.745401,0,17.193587,0,47.234837,0
14021,0.097395,2,4,4,25.198769,37.104649,40.506642,39.749363,102.792871,138.897668,40.519177,39.987169,27.71579,64.570268,40.453434,37.627473,36.923671,76.036946,41.186244,41.05791
14023,0.156329,2,2,0,310.94722,0,39.537756,0,812.644504,0,43.807486,0,307.232535,0,40.375687,0,422.17796,0,47.059172,0
14025,0.006391,2,4,4,1.4672,1.891757,1.263044,40.300716,6.206388,6.295138,1.257376,40.60533,2.398146,1.705659,1.123944,40.54116,2.727966,2.948433,1.34965,41.166501
14027,0.004755,2,4,4,0.036562,0.164938,1.016231,41.213825,0.330497,0.409738,1.01611,41.223805,0.220308,0.061025,1.014858,41.227806,0.187868,0.139528,1.01624,41.229662
14029,0.007604,2,4,4,4.442867,3.270367,0.954204,37.873807,11.004837,8.80063,1.332772,38.838256,3.845233,4.661879,1.128686,36.627759,2.805167,3.103452,1.595078,39.6016
14032,0.090911,2,2,0,185.732653,0,39.193265,0,496.787674,0,43.466925,0,194.638592,0,39.327499,0,233.619819,0,47.102945,0
14034,0.050423,2,2,0,105.874924,0,38.828736,0,277.191357,0,43.424278,0,99.135151,0,40.371103,0,141.060608,0,47.025519,0
14036,0.033832,2,2,0,71.037559,0,38.828738,0,185.983579,0,43.424278,0,66.515458,0,40.371104,0,94.645652,0,47.025516,0
14037,0.020257,2,2,0,54.595443,0,40.743559,0,142.898598,0,44.41314,0,55.367075,0,41.207589,0,72.243853,0,47.16381,0
14039,0.019732,2,2,0,35.537417,0,40.717592,0,93.494901,0,44.371265,0,37.158917,0,40.855817,0,44.229813,0,47.204428,0
14042,0.01338,2,2,0,37.470882,0,40.307793,0,86.517928,0,44.864446,0,38.877849,0,40.541396,0,38.399534,0,47.293734,0
14043,0.143295,2,3,3,240.735138,200.275096,16.20381,34.065778,831.785873,738.96464,16.829293,34.361775,293.329298,241.741816,15.541873,33.630621,401.787261,348.29485,18.166247,35.55947
14045,0.04335,2,2,0,110.378838,0,41.349585,0,261.084482,0,45.186653,0,100.333836,0,42.752516,0,125.329107,0,47.290138,0
14046,0.017389,1,3,3,52.5801,52.091154,1.000043,20.378578,145.783943,142.229844,1.554617,22.642612,51.936422,55.955167,1.098107,20.274822,78.444219,71.583438,2.302793,24.695707
14054,0.200504,2,6,0,365.006792,0,23.210102,0,990.980226,0,30.014546,0,406.405228,0,22.283968,0,563.735335,0,37.885692,0
14056,0.265731,5,1,0,622.435498,0,79.739414,0,3182.348549,0,79.449743,0,903.776404,0,79.225485,0,1752.329854,0,79.985438,0
14162,0.548989,2,4,0,324.154995,0,43.798997,0,857.106191,0,45.85725,0,356.969181,0,43.532974,0,240.520848,0,47.483598,0
14168,0.137237,2,3,3,135.151079,142.337142,45.144116,44.909081,450.786851,461.24944,45.910394,45.839964,194.716113,172.350601,43.397762,44.196318,218.822165,240.393865,47.368455,47.33311
14169,0.397635,2,3,0,177.625257,0,24.059428,0,715.632838,0,24.174091,0,240.819722,0,22.393628,0,522.314299,0,26.189043,0
14171,0.064342,2,4,4,6.611373,30.896134,47.403562,44.95078,36.321159,125.691553,47.297302,45.006614,13.483034,39.175927,47.045065,43.968983,21.748389,57.611794,47.509412,47.292804
14173,0.575662,5,4,4,22.142728,20.991404,50.737684,50.739545,120.333867,115.216874,50.724285,50.726873,24.602571,23.643135,50.735831,50.737373,63.266376,63.055501,50.752908,50.752935
14174,0.16461,5,4,4,6.331682,6.002463,50.737686,50.739547,34.409302,32.946105,50.724286,50.726875,7.035071,6.760722,50.735834,50.737375,18.090933,18.030633,50.752912,50.752939
14175,0.869128,5,4,4,33.430843,31.692588,49.9085,49.910328,181.678728,173.953149,49.895316,49.897866,37.144687,35.696141,49.906678,49.908193,95.518868,95.200491,49.923475,49.923503
14176,1.496385,5,4,4,105.787319,125.490368,49.86716,49.844068,351.024592,401.349287,49.887444,49.875845,136.566328,110.9798,49.839612,49.868209,229.971043,187.115625,49.919895,49.92236
14177,0.500823,5,4,4,94.674497,57.486442,38.578661,50.603221,141.728261,139.991123,38.878683,50.700202,37.577392,74.229917,38.875879,50.533098,63.501554,93.914719,38.919201,50.745719
14178,1.08812,5,4,4,400.022873,870.39094,63.751089,47.684456,1303.0005,1665.057895,64.375697,53.688292,783.560564,342.523611,60.148959,54.334766,1150.210861,765.959108,65.132972,55.338559
14179,1.177693,5,4,4,135.180208,222.628462,44.805806,50.362099,329.191168,333.276074,44.89568,50.698862,174.552733,88.363787,44.7391,50.695385,220.841834,149.324831,44.936144,50.751638
14181,1.161104,4,4,4,71.902081,58.896542,48.451981,48.467436,691.133026,640.705956,48.25659,48.289215,141.085406,155.226132,48.343086,48.311786,268.308385,315.972931,48.483761,48.477487
14183,0.969828,3,3,3,1887.344242,860.239437,32.302257,38.138503,4819.255119,3853.410807,35.531619,37.887862,1090.140269,2078.99311,36.053719,33.316032,2319.903403,3019.23417,37.779765,39.164522
14184,0.070696,3,3,3,89.356041,147.443481,25.868562,22.750809,334.026402,472.485038,26.218028,24.626482,94.535953,188.829693,25.871743,20.822144,161.041942,306.789013,27.73656,27.321125
14185,0.346109,3,0,7,0,124.523274,0,47.213085,0,0,0,47.549998,0,0,0,47.549998,0,0,0,47.549998
14186,0.093944,1,4,4,10.543956,7.426237,25.442109,11.70134,43.536566,3.286092,25.441578,11.745805,20.260437,9.827173,25.232528,11.67181,26.835552,1.29488,25.525808,11.746107
14187,0.093223,1,4,4,10.463077,7.369273,13.955695,25.491068,43.202608,3.260886,13.955315,25.54225,20.105025,9.751791,13.789034,25.463756,26.629704,1.284947,14.010538,25.542947
14188,0.087372,1,4,4,21.468409,30.286393,21.841171,11.96713,76.442184,92.404588,21.932563,12.268284,31.756553,33.405993,21.511439,11.909794,43.589051,37.127679,22.181901,12.587336
14192,0.182533,4,4,4,20.533497,17.385113,49.15222,49.194035,74.926409,69.005176,49.183849,49.201616,22.873634,20.931135,49.136621,49.162948,33.099064,43.766238,49.295745,49.288006
14224,3.120343,5,4,4,81.24115,175.813378,50.747795,48.357547,513.35563,572.417472,50.736238,48.371249,180.248574,100.483102,50.719492,48.383743,355.082574,283.89752,50.752633,48.392682
14287,1.504083,5,4,4,667.856483,434.065322,51.920123,53.272909,910.02252,1191.255221,54.02981,53.83886,382.524035,395.620487,53.584546,53.535421,484.581319,456.017584,54.270693,54.274374
14297,0.58025,5,5,5,1.640041,1.815154,41.632372,34.258336,9.042809,6.425814,41.632274,34.258364,1.577864,2.378991,41.632392,34.258279,3.313577,4.336733,41.632484,34.258428
14301,0.363033,5,4,4,0.007051,0.007001,35.344751,49.927499,0.108973,0.10876,35.344751,49.927499,0.067224,0.006703,35.344751,49.927499,0.078849,0.139372,35.344751,49.927499
14302,0.520788,5,5,5,2.66625,2.646516,33.579088,41.632107,14.369842,11.661837,33.578898,41.632054,3.262074,3.979151,33.578997,41.631736,6.124944,7.564178,33.579324,41.632417
15885,0.513005,4,4,4,130.388706,197.389164,39.853246,39.168606,682.035555,738.893731,39.521521,39.374104,226.368547,196.931038,38.967498,39.300947,414.188365,323.057292,40.288717,40.346638
16548,0.0142,5,4,4,0.547333,1.242617,50.737608,50.665048,2.253149,2.45986,50.737614,50.734102,1.074836,0.569762,50.694343,50.738222,1.816502,1.431033,50.751542,50.753529
16560,3.653267,5,4,4,1972.98324,1972.983243,47.207351,45.184326,6181.672626,6181.672629,48.27243,46.289898,2205.844213,2205.844216,46.928914,44.893381,3336.164317,3336.164313,49.703828,47.743092
16561,2.594565,5,4,4,436.532034,208.153386,47.635615,50.679018,1792.602411,1455.51336,47.637224,50.544285,314.904701,505.649805,47.796488,50.381471,535.854439,901.873908,47.930727,50.720575
16562,2.137114,5,0,1,0,5029.734027,0,78.929176,0,25713.841824,0,77.764633,0,7305.290412,0,76.876802,0,14154.563946,0,79.939675
16563,0.38031,5,1,0,821.916096,0,79.80277,0,4201.935967,0,79.583259,0,1193.768048,0,79.412283,0,2313.017722,0,79.989001,0
16564,3.129898,5,1,0,6764.249663,0,79.802765,0,34581.320524,0,79.583257,0,9824.537029,0,79.412282,0,19035.798699,0,79.988998,0
16565,4.208197,5,7,7,909.426311,99.809713,60.390499,60.892282,4649.504395,511.386952,60.134616,60.888312,1320.88675,145.078467,59.977464,60.88591,2559.382231,281.459215,60.794552,60.898409
16567,1.125339,5,4,4,0,0,50.757001,50.757001,0,0,50.757001,50.757001,0,0,50.757001,50.757001,0,0,50.757001,50.757001
16568,2.738675,4,4,4,3380.475032,1207.111987,30.78136,47.313994,13601.31006,11279.354372,31.26982,41.094802,2408.587672,4365.89895,37.767555,34.368746,4568.795141,6994.709788,44.895649,47.678454
16569,1.20366,5,4,4,57.205372,133.923967,60.865368,60.726064,284.821432,337.370223,60.850329,60.831497,129.780897,64.187768,60.752938,60.861332,231.651402,169.700703,60.88578,60.892127
16570,1.181344,5,4,4,32.701902,70.875696,60.887598,60.8461,202.669305,227.420228,60.87303,60.866431,72.217427,41.235923,60.849886,60.88271,144.032918,113.146065,60.894027,60.896222
16571,4.404243,5,4,4,915.165759,915.16577,60.333763,57.916312,2923.27117,2923.27117,60.549235,58.131276,1024.810621,1024.810619,60.270849,57.853203,1487.360269,1487.36027,60.858629,58.434861
16572,4.24201,5,1,0,6057.741021,0,79.808744,0,30977.46628,0,79.595488,0,7904.296527,0,79.606142,0,17895.082591,0,79.987385,0
16573,0.152019,5,1,0,203.829111,0,79.846246,0,1083.976445,0,79.627455,0,277.219364,0,79.634412,0,626.06884,0,79.988393,0
16574,0.073128,5,6,0,0.0208,0,38.859998,0,0.088007,0,38.859998,0,0.026798,0,38.859998,0,0.043095,0,38.860001,0
16575,0.082638,5,6,0,7.208121,0,38.774563,0,14.216135,0,38.838867,0,3.285549,0,38.842743,0,8.279449,0,38.856791,0
16576,0.086826,5,6,0,3.322029,0,38.842118,0,13.67261,0,38.842135,0,6.540377,0,38.801952,0,11.056015,0,38.854943,0
16577,0.073048,5,6,0,0.020777,0,38.859997,0,0.08791,0,38.859997,0,0.026768,0,38.859997,0,0.043048,0,38.86,0
16578,0.807701,5,7,7,174.550989,19.157005,60.390504,60.892284,892.403902,98.153195,60.134616,60.888312,253.524761,27.845675,59.977467,60.885909,491.235731,54.021952,60.794552,60.898409
16579,0.792366,5,4,4,84.124311,79.824354,60.740846,60.755911,233.546889,251.738696,60.824638,60.81311,77.569726,78.677653,60.77754,60.774206,143.839148,122.69907,60.887274,60.890588
16580,0.890399,5,4,4,16.815453,16.815453,65.513543,65.513543,53.958829,53.958829,65.515981,65.515981,18.854908,18.854908,65.512801,65.512801,27.398162,27.398162,65.51953,65.51953
16581,1.207265,5,4,4,401.674569,454.945679,51.539354,59.178886,1194.510631,1195.812985,52.182366,60.154388,418.781054,400.828658,51.579997,59.676019,598.440163,652.084821,52.820592,60.799121
16582,0.657069,4,4,4,193.690225,112.76055,58.022064,58.747796,633.541699,589.089315,58.420187,58.514648,141.494761,271.544057,58.592322,57.24619,343.029141,454.672608,59.061223,58.991485
16583,8.048803,5,4,4,837.298883,545.120258,65.355258,63.886907,1612.381945,1800.596857,65.481049,63.911351,508.676746,723.877635,65.462574,63.848407,1035.714618,918.322366,65.512881,63.952616
16584,1.544776,5,4,4,698.769698,822.479277,51.989397,57.665885,2340.752052,2476.431378,52.801897,59.072237,858.938382,734.491915,51.174856,58.525063,1423.093275,1279.812014,54.201149,60.673075
16585,0.996014,5,4,4,346.35578,249.690707,49.988604,60.094365,831.724672,783.234173,50.958035,60.416988,241.180192,313.200524,50.821786,59.7939,399.150701,423.576155,51.412826,60.835914
16586,0.431687,5,4,4,213.847781,504.96955,58.060744,48.711321,1033.928856,1252.379209,57.110862,55.591228,586.596107,272.981264,46.903789,56.928623,871.547905,662.449735,59.687269,60.174012
16587,0.183689,4,4,4,54.147605,31.523087,58.022062,58.7478,177.111498,164.684489,58.420185,58.514651,39.555958,75.912248,58.592322,57.246187,95.896458,127.107256,59.061226,58.991486
16588,0.800771,5,4,4,32.885289,44.797404,60.873756,60.852801,134.999511,137.266098,60.873908,60.873067,48.072478,43.552668,60.851583,60.859858,81.594698,66.873592,60.895752,60.897086
16589,0.372955,4,4,4,19.238756,33.620996,44.440231,32.685133,113.813855,123.060349,44.408796,32.699977,41.706503,28.133665,44.348285,32.711616,72.963172,63.235701,44.460483,32.748965
16590,1.000893,5,4,4,96.290659,155.605679,60.767964,51.203601,589.659876,615.789797,60.620019,51.2261,194.098334,143.010546,60.45362,51.276275,324.721902,292.027512,60.861665,51.47386
16591,0.136677,4,4,4,66.100031,51.25283,14.865356,39.227607,151.411056,130.962439,16.916458,39.94314,38.139228,59.910845,16.953828,38.985335,77.3994,96.521552,17.685963,40.323268
16592,0.21816,4,4,4,91.983491,99.437109,24.555511,38.705503,345.267664,344.841713,24.806012,39.174031,109.44651,81.824301,24.167304,39.348909,171.932909,162.895734,25.88432,40.309937
16593,0.627424,5,5,5,18.593054,27.762948,33.328537,28.737951,78.560164,83.307978,33.328086,28.74537,31.140174,24.2149,33.316086,28.743028,52.910254,46.11988,33.335619,28.752905
16594,0.544882,5,4,4,54.604884,176.303795,39.067352,48.863722,239.427014,301.621964,39.054531,49.723482,147.917925,69.593033,38.52412,49.761326,177.365492,134.009575,39.138366,49.908926
16595,0.483739,5,4,4,5.849695,2.106217,44.203103,60.899631,19.279451,17.612928,44.203657,60.89858,3.269233,6.090861,44.204215,60.89751,6.540759,9.220981,44.204612,60.899825
16596,0.080104,5,4,4,11.413332,6.213271,33.185433,33.289456,39.827611,34.386295,33.226326,33.253333,9.805657,13.147196,33.235115,33.15917,17.623991,17.565133,33.327462,33.327527
16597,0.679123,5,7,7,3.166249,2.941941,47.989422,60.899695,13.516198,16.507422,47.989405,60.899451,4.848051,3.524067,47.98918,60.899614,9.502566,8.172801,47.989601,60.89994
16598,1.050108,5,7,7,24.906393,226.937119,60.892279,60.390501,127.610869,1160.231587,60.888308,60.134613,36.202702,329.612449,60.885909,59.977463,70.234985,638.665082,60.898404,60.794551
16599,0.262524,5,7,7,6.226514,56.733513,60.892284,60.390506,31.902286,290.053978,60.888313,60.134621,9.050553,82.401999,60.885915,59.97747,17.558509,159.664114,60.898409,60.794555
16600,0.564265,5,7,7,0.057306,0.057228,46.004485,60.899997,0.552676,0.552434,46.004485,60.899997,0.057188,0.433373,46.004485,60.899984,0.901434,0.902848,46.004485,60.899997
16601,0.50904,5,3,3,144.241019,421.712347,38.279892,40.45749,540.566343,674.018899,38.302746,41.433204,418.524046,145.759903,37.47413,41.488889,583.039642,360.432325,38.362204,41.606688
16602,0.247971,4,7,0,23.085397,0,59.050129,0,130.685026,0,58.959149,0,68.932118,0,58.381184,0,103.31453,0,59.105415,0
16603,0.414483,5,4,4,27.243678,16.219426,50.703579,50.737047,68.707775,68.412761,50.735942,50.736112,15.129599,32.144161,50.741313,50.691394,36.506808,30.984181,50.754316,50.755035
16604,0.321575,4,7,7,135.287101,153.006595,36.375766,56.814389,316.293184,328.61027,37.590665,58.459253,88.807774,73.531574,37.482306,58.620453,133.959476,114.102584,38.086802,59.119761
16605,0.598189,4,7,0,87.909086,0,58.89911,0,329.90579,0,58.941116,0,135.466856,0,58.630181,0,233.893278,0,59.111619,0
16606,1.97405,5,4,4,173.858252,135.512116,49.835946,49.870436,367.844657,391.917196,49.901629,49.898316,132.896191,187.91211,49.878162,49.832302,149.213336,180.090677,49.925521,49.924673
16607,1.346375,5,1,0,2583.528474,0,79.469118,0,10954.376918,0,79.41272,0,5350.650931,0,74.869552,0,8178.794856,0,79.955296,0
16608,2.1499,5,4,4,343.132968,343.132968,65.149625,65.149625,1096.096072,1096.096073,65.29087,65.29087,384.240431,384.240433,65.108312,65.108312,557.68118,557.68118,65.49303,65.49303
16609,1.548774,5,4,4,144.139581,211.811677,60.776008,60.642932,611.63186,679.976222,60.768736,60.739549,177.614568,144.235889,60.734708,60.788606,388.280397,303.683053,60.876506,60.885269
16610,1.205402,4,4,4,71.996898,29.665782,51.51926,59.149636,253.971977,208.05839,51.531818,59.131499,40.99528,98.935774,51.553021,59.068442,86.250046,89.98751,51.565548,59.157543
16611,2.395875,5,7,7,273.110402,602.721749,60.747986,60.221902,977.576104,1192.800404,60.783438,60.730034,550.495006,269.514384,60.386523,60.766978,792.658337,541.654512,60.866797,60.883889
16612,1.169978,5,4,4,20.399325,22.105441,52.670371,60.893994,74.889173,68.05549,52.671196,60.896544,20.604,37.294941,52.670734,60.88545,38.23178,48.219187,52.67414,60.89924
16613,0.364821,5,4,4,35.183919,47.649749,60.767347,60.664365,107.98213,105.559934,60.82404,60.827239,43.009419,32.426245,60.725832,60.798045,62.371828,65.907024,60.888648,60.887391
16614,0.233899,4,4,4,38.959573,54.590106,40.176637,26.209406,298.890577,332.398101,39.586908,25.673747,90.229988,69.880324,39.290558,26.002984,134.619052,107.797431,40.361752,26.594542
16615,0.324256,5,4,4,170.975664,109.552264,25.841767,49.58511,459.89745,431.220089,28.442456,49.67923,118.232651,185.873964,28.443349,47.979453,199.935981,296.802291,30.17307,50.528604
16616,0.579284,5,4,4,107.824726,94.495503,50.373454,50.458007,245.053322,244.509953,50.632367,50.63289,79.478592,119.162291,50.563538,50.341213,121.606637,159.621567,50.743023,50.733571
16617,0.412162,4,4,4,819.264466,620.41849,14.143226,34.372969,1678.052119,1605.154892,27.172101,41.796726,468.185214,605.461318,25.900644,35.935444,842.694758,890.767549,35.266844,48.110469
16618,0.527014,5,4,4,268.234428,311.217818,47.482967,46.736276,583.512377,979.859209,49.17435,47.96077,209.100208,387.067962,48.5311,45.691577,396.795432,571.43628,49.772281,49.61807
16619,0.183101,5,4,4,148.85134,126.954477,54.117382,55.736967,373.141597,353.079832,58.065511,58.336147,148.979977,144.626299,54.735757,55.041024,222.900151,246.765221,60.430429,60.331255
16620,0.571958,5,5,5,113.5624,68.90898,36.50228,45.603801,350.074518,300.339857,36.685339,45.583791,77.124536,120.138183,36.747021,45.328268,150.024753,193.107724,36.898529,45.743956
16621,0.164774,5,4,4,24.658773,11.79767,26.221069,50.69416,60.795086,50.093704,26.327032,50.690392,12.408828,25.361215,26.347423,50.516537,27.331157,37.423208,26.375578,50.740766
16622,0.544636,5,4,4,67.009896,32.500706,49.754982,49.883759,156.38978,132.291254,49.868708,49.884708,30.888654,66.415806,49.891871,49.775269,67.586322,95.562115,49.922437,49.917723
16623,0.829149,5,4,4,617.242279,551.676477,55.062058,56.095279,1521.40461,1461.579087,58.558144,58.723871,658.757346,602.257042,54.981991,55.831905,946.487881,1027.623186,60.484083,60.414298
16624,0.034213,5,4,4,5.809303,5.777996,65.103679,65.107902,18.636363,18.462816,65.260292,65.264853,6.363825,6.565111,65.076077,65.049212,9.67656,9.772181,65.488216,65.487616
16625,0.008238,5,5,5,0.051536,0.049422,33.337034,33.337069,0.110993,0.111603,33.337365,33.337363,0.026323,0.033014,33.337383,33.337321,0.059252,0.063218,33.337484,33.337482
16627,0.568292,5,5,5,6.107697,8.1395,33.336195,28.346745,16.240215,18.371486,33.336933,28.347953,6.588275,4.133944,33.336148,28.34808,11.149952,9.406173,33.337384,28.348442
16628,0.502321,5,4,4,463.901724,428.988936,35.250163,53.532151,1218.065983,1206.546976,40.572768,57.091525,433.956251,448.993641,37.097368,53.673469,757.856809,824.647065,44.037889,60.076061
16629,0.320889,4,4,4,57.932949,64.941486,33.067754,48.039888,176.065067,224.249532,33.209522,48.170065,57.700303,59.683585,33.104005,48.14786,61.521169,70.23742,33.362466,48.485448
16630,0.500321,5,4,4,62.936474,113.661159,35.78215,45.276605,255.895476,369.695336,35.785625,45.45712,119.082615,94.636794,35.47212,45.459853,142.725991,107.002418,35.903027,45.766938
16631,0.179288,4,4,4,34.14409,56.595244,63.108339,23.357762,149.194206,168.876717,63.044502,24.258522,64.026506,41.558663,62.075562,24.339951,104.835825,85.702934,63.516237,25.056219
16633,0.214067,2,5,5,52.831821,94.686309,35.052293,33.807161,250.580281,286.097244,34.857401,34.623358,130.064181,81.236134,32.697969,34.408243,137.076601,112.886606,35.58416,35.619817
16634,0.178026,3,4,4,54.112581,96.780469,38.780564,37.137173,200.819323,236.67072,38.933563,38.677573,110.08283,55.900787,36.797182,38.819505,123.542906,98.937474,39.527561,39.569625
16635,0.799394,4,4,4,854.461841,364.570475,48.226925,56.615758,1946.161445,1681.624977,55.104624,56.035696,418.936448,894.804411,56.209066,48.412394,1078.188178,1491.770652,58.565428,58.067531
16636,0.124008,4,4,4,132.550388,56.554846,48.226926,56.615756,301.902837,260.866,55.104626,56.035695,64.988494,138.808623,56.209064,48.412391,167.256458,231.414404,58.565429,58.06753
16637,0.10764,3,4,4,11.61859,22.669694,43.463715,43.118564,50.557492,60.586035,43.448692,43.386913,24.366356,12.532976,43.10479,43.45883,36.98847,27.932096,43.564502,43.579172
16638,0.10757,3,4,4,4.966108,9.786667,43.572793,43.501426,22.650754,27.248165,43.566959,43.553076,11.058867,5.816717,43.488489,43.567042,16.121688,12.017441,43.592658,43.5958
16639,0.250643,4,4,4,203.050479,586.250001,57.111258,46.621129,1168.395766,1458.379647,55.406252,53.623974,600.792767,310.140739,47.223248,55.188419,1059.689779,746.915736,57.782285,58.443075
16640,0.324435,5,4,4,362.156955,162.246839,16.330717,58.011645,1127.769692,979.752161,21.675749,55.210077,237.73097,382.152637,24.964248,49.615064,448.629005,688.207195,32.869683,59.570447
16641,0.548809,5,3,3,584.66117,238.713072,52.271852,60.384382,1372.454639,1104.857721,53.854266,60.257457,302.141233,627.487331,54.069284,58.107721,694.444416,901.322486,54.596707,60.713703
16642,0.749762,4,4,4,1753.677841,607.394671,46.621134,57.111257,4362.521222,3495.078485,53.623978,55.406259,927.738917,1797.180319,55.188423,47.223254,2234.284986,3169.901033,58.443078,57.782288
16643,0.498588,4,4,4,507.233521,581.943047,32.174603,46.658188,1693.271121,1677.950857,35.60612,52.070563,675.169369,477.766393,27.473012,50.770625,1072.303726,999.563918,42.27346,57.911511
16644,0.391928,4,3,3,482.601978,1186.969756,48.021796,43.105356,1972.684165,2629.921792,48.06504,53.070956,1218.51429,506.189862,37.265248,55.488308,1565.427327,986.173931,50.371501,58.717291
16645,0.081717,3,4,4,52.490775,27.984436,39.893698,42.407488,126.138237,109.870104,42.191115,42.508086,30.60792,50.798996,42.333847,40.433494,56.744393,74.692586,43.465202,43.373257
16646,0.519029,4,4,4,258.060978,255.956853,46.061883,46.097667,861.947462,976.323801,46.834653,46.408754,233.785001,246.1665,46.663683,46.48228,533.947821,459.986739,48.208455,48.280298
16647,0.153901,4,4,4,95.954654,71.652175,37.398573,38.637212,364.060339,382.977603,37.808429,37.56122,83.347786,102.881387,38.302636,37.3308,185.42051,222.501229,40.114351,39.97987
16648,0.348327,4,4,4,199.426438,224.165531,45.360676,44.641533,685.373055,637.408283,46.230786,46.511129,198.014385,168.51834,45.70079,46.408017,338.695376,358.07996,48.238006,48.208851
16649,0.375359,4,4,4,153.208835,50.780241,33.664481,49.087608,500.543472,299.478555,34.30894,48.874903,104.63806,201.949062,34.678338,46.728072,155.143377,219.94872,35.331478,49.204318
16650,0.443618,3,3,3,792.497104,1332.503932,41.351884,33.908831,3226.841698,3761.575431,41.465806,39.745788,1433.117088,1037.15732,33.618057,38.842133,2414.589912,1810.587208,45.905099,46.584017
16651,0.107135,3,4,4,21.041514,19.38317,17.621485,35.403814,99.208573,98.058613,17.541819,35.263762,24.997605,32.555644,17.555318,34.996512,55.891044,56.942948,17.819505,35.633502
16652,0.156413,3,4,4,47.477976,16.184576,42.646387,43.474201,110.218077,92.539593,43.274289,43.365853,29.953366,47.679752,43.238501,42.735794,42.128501,61.500572,43.57765,43.554158
16653,0.523119,4,5,5,81.728778,73.757902,32.167503,32.205819,450.246852,410.875064,32.008717,32.06818,128.789229,124.526162,31.92552,31.953608,228.495178,259.998269,32.340603,32.328278
16654,0.431274,4,4,4,116.127611,392.454472,47.713111,41.561313,432.19519,603.972882,47.848951,47.284071,405.167124,90.917291,41.842072,48.053861,405.491398,273.9004,48.254194,48.383568
16655,0.419468,5,6,0,500.57761,0,29.495142,0,895.345355,0,36.484205,0,216.140831,0,36.738184,0,469.491142,0,38.54807,0
16656,0.111418,5,4,4,26.79958,95.466195,49.31633,43.853817,104.410204,146.480976,49.376655,48.889733,101.333718,21.88696,43.828548,49.552541,97.813917,67.047776,49.719902,49.825986
16657,0.251576,5,4,4,215.558515,60.512286,43.853817,49.316328,330.747671,235.753697,48.889736,49.376656,49.419803,228.807127,49.552539,43.828547,151.390962,220.859569,49.825987,49.719902
16658,0.179619,5,4,4,42.753023,153.571138,49.328253,43.875702,163.278202,231.801334,49.407271,48.924987,160.7065,36.040398,43.993356,49.53725,162.841824,108.991814,49.706876,49.824371
16659,0.113565,5,4,4,26.917945,97.059238,49.332939,43.879519,103.347172,146.71061,49.406191,48.923034,101.758316,22.824406,43.978583,49.536034,103.156487,69.109624,49.706069,49.823805
16660,0.195077,4,4,4,46.922435,167.148377,47.863158,42.214046,182.808125,256.468349,47.926065,47.418647,177.421615,38.321102,42.188126,48.109541,171.25892,117.391575,48.284209,48.394976
16661,0.509219,3,4,4,349.845313,632.616795,26.054006,35.877867,1254.998383,1575.738167,27.779896,42.259824,615.440935,421.072484,17.294719,41.906472,1067.151838,849.602196,32.113494,46.782715
16662,0.206593,3,4,4,129.790669,83.890489,36.407316,38.166489,339.375873,322.986245,38.213737,38.338391,74.728614,143.177713,38.570385,36.167651,153.500024,220.230247,39.510656,39.374295
16663,0.194033,2,4,4,49.496374,98.311452,24.591559,38.748786,162.297937,154.040006,24.817451,40.8132,68.146721,42.726586,24.1545,40.749446,74.334524,73.977098,25.152446,41.18577
16664,0.132857,2,3,3,224.147632,182.44326,37.971915,39.627841,713.162863,668.92829,39.970489,40.355319,212.517754,281.45169,38.922921,36.184955,264.630454,364.193748,43.34645,43.137114
16665,0.127472,2,3,3,229.660043,247.321136,13.378484,36.537517,798.423051,793.506545,14.772181,38.917481,286.592223,290.056333,11.787411,35.311285,341.909328,394.888679,18.619725,43.017659
16666,0.474267,3,4,4,183.656258,275.886422,27.883459,33.149121,558.816166,420.952442,28.446239,35.288216,245.02564,96.408532,27.16908,35.368788,342.107968,194.317623,29.021743,35.659413
16667,0.182481,2,7,0,56.161876,0,43.482327,0,547.407484,0,43.001771,0,224.381512,0,42.176981,0,285.82974,0,43.525358,0
16668,0.09475,2,7,0,41.257463,0,43.373062,0,292.853689,0,42.96733,0,102.104031,0,42.484464,0,142.09808,0,43.531269,0
16669,0.134934,1,4,4,21.138598,27.43157,22.060157,21.95582,73.322233,90.962349,22.105756,22.045878,29.288706,39.042909,21.951569,21.757069,40.065743,36.667276,22.208899,22.211394
16670,0.089441,1,4,4,14.2186,23.106122,22.05554,21.803564,58.515498,75.569972,22.055713,21.951088,26.859443,27.593267,21.723611,21.697889,35.780642,29.501818,22.196651,22.205344
16671,0.125681,2,3,3,122.92342,182.350905,41.421141,39.233957,383.460828,386.246137,42.287353,42.269731,159.677226,103.839718,40.461381,42.15626,164.149491,197.489539,43.48592,43.438075
16672,0.113559,2,3,3,137.72102,162.471321,40.401888,39.337413,484.881945,521.407872,41.179275,40.843733,201.732746,173.908923,38.023586,39.257309,305.153193,226.267284,43.154131,43.34629
16673,0.253085,2,3,3,336.089431,285.701849,39.851833,40.782796,1066.370943,984.150801,41.236372,41.554908,360.869792,414.861833,39.759818,38.725249,460.907818,641.117638,43.385945,43.200988
16674,0.299172,3,3,3,291.764232,168.038742,27.499573,46.771963,755.934744,640.057298,28.785544,46.877515,234.981226,296.384713,28.398401,45.551955,288.980251,385.523116,29.532374,47.439953
16675,0.179217,4,4,4,34.130528,56.572765,63.108336,62.257386,149.134947,168.80964,63.044501,62.886201,64.001075,41.542156,62.075561,62.946547,104.794184,85.668893,63.516235,63.558091
16676,0.036038,4,4,4,36.673328,26.028113,52.754392,57.46252,76.463331,62.75849,60.234343,61.262461,27.272525,29.899024,57.572576,56.542332,42.815302,38.9554,63.144231,63.226462
16677,0.239122,3,4,4,46.249602,49.931588,19.78748,31.405008,167.052094,170.604968,19.885164,31.507195,53.236995,44.361493,19.708903,31.50204,89.155257,84.921109,20.149494,31.722481
16678,0.17508,2,3,3,251.120583,182.40186,18.964595,44.887775,621.39482,608.101314,21.750718,45.733978,204.073672,283.110641,20.716826,42.35466,186.167763,249.450282,23.279273,47.403295
16679,0.05002,2,6,0,67.335435,0,27.773249,0,118.659279,0,35.995171,0,54.285075,0,31.393982,0,46.149207,0,38.643373,0
16680,0.126417,2,5,5,35.018788,18.066839,31.035814,31.543573,109.965486,91.021888,31.319332,31.448064,21.092173,46.413009,31.501813,30.668758,36.347834,53.504849,31.727441,31.703007
16681,0.132687,2,5,5,29.81897,26.988289,31.266446,31.34887,87.334197,79.65138,31.495029,31.535679,29.937808,27.834014,31.312279,31.368189,32.339036,41.347192,31.733519,31.723717
16682,0.238122,2,4,4,305.082575,248.807975,16.903878,37.129915,720.425558,718.266754,20.949242,38.325223,233.997082,309.878111,19.665069,36.296405,198.147423,184.293276,23.016038,39.606249
16683,0.26224,2,3,3,786.364294,527.473637,30.698416,39.788062,2056.288654,1917.799749,34.283653,40.534317,763.873566,860.48811,31.574866,35.802205,773.632483,947.73848,37.066547,43.236936
16684,0.237217,2,4,4,138.169167,168.151233,17.812504,35.36414,435.900297,482.041935,19.88219,37.373654,197.01763,171.492387,14.534969,35.628876,223.913708,218.683567,22.744982,39.423403
16685,0.3072,2,4,4,197.367986,194.18844,34.763487,34.79122,447.020767,498.694254,35.393748,35.323744,165.833968,169.127972,35.090782,35.067996,189.073689,212.639025,35.674498,35.668129
16686,0.107898,2,3,3,167.970006,161.493795,31.671082,31.930474,572.347987,519.674195,32.789049,33.243335,222.026064,179.604255,29.901888,31.603965,288.060035,256.086767,35.339364,35.41102
16687,0.133054,2,5,5,19.132106,36.937003,18.355701,31.032945,90.995623,67.957609,18.302082,31.592038,76.067414,19.326583,16.11434,31.558924,34.583812,33.776528,18.49371,31.732191
16688,0.255803,2,4,4,77.459925,105.798976,38.717696,37.995565,286.987475,301.854332,38.883914,38.808393,117.402503,115.847761,37.848349,37.891412,130.003854,100.802744,39.576622,39.604714
16689,0.112728,2,4,4,41.774905,35.803865,38.296485,38.63147,106.050247,119.142749,39.098727,38.964619,48.742772,56.046451,38.033429,37.568095,47.300046,56.245124,39.598983,39.579139
16690,0.127126,2,3,3,452.534456,512.224668,24.546153,32.090711,1483.089497,1506.44331,26.970094,36.662631,545.889512,494.8879,22.849794,33.503291,786.414113,730.558204,31.590349,42.733804
16691,0.16146,2,3,3,396.285015,415.950849,29.825135,37.803961,1294.97571,1323.487923,31.307473,39.855949,457.969514,466.779896,29.108252,37.226042,813.976361,733.732597,33.669948,43.041493
16692,0.03614,2,4,4,41.650629,32.168795,33.001637,33.998359,76.094804,73.769137,35.087401,35.121916,40.710186,45.890436,33.357153,32.806945,28.914295,29.536655,35.658046,35.656316
16693,0.253517,2,4,4,88.532473,112.496026,30.778259,30.244707,340.082878,360.226832,30.89517,30.799363,137.616485,113.054451,29.798724,30.380721,185.39017,166.762958,31.632909,31.654183
16694,0.129527,2,3,3,471.03752,445.139,10.497145,34.463939,1413.043993,1417.606819,13.694499,37.499076,484.460174,511.845287,10.81395,33.280822,846.537591,872.197186,18.273258,42.437541
16695,0.136572,2,3,3,364.194615,444.590526,34.071965,31.997679,1220.726062,1228.71301,35.697028,35.652713,476.911962,445.879579,31.843752,32.614303,467.296365,373.112814,39.352181,39.455302
16696,0.097994,2,4,4,114.318098,90.886891,9.980363,33.867186,214.974881,209.994421,13.063243,35.066936,114.989226,126.464566,10.309809,32.724019,83.615311,84.22768,13.836927,35.651935
16697,0.116454,3,3,3,247.34948,216.840731,39.354435,40.914951,829.868854,756.310995,41.669701,42.519821,263.598495,277.811801,39.270761,38.566156,398.425214,351.629621,46.855106,47.000251
16698,0.398676,4,3,3,209.039541,189.711081,42.589775,47.970242,408.368467,496.561228,43.003591,48.275167,184.262195,134.432188,42.750799,48.252083,256.439608,197.442556,43.111334,48.48434
16699,0.379716,3,4,4,29.03607,52.047549,39.585518,30.029329,141.012776,159.239166,39.561824,30.103192,66.974003,40.631359,39.36848,30.104579,102.125909,87.897388,39.629728,30.181201
16700,0.135637,3,3,3,170.499726,215.839027,17.502118,42.443436,734.027573,775.557361,17.244953,43.509046,264.407352,201.1072,14.644954,43.449786,417.700586,410.471417,19.961079,46.997928
16701,0.089037,3,4,4,72.960858,58.285785,41.941763,42.50322,261.31124,206.651024,42.316474,42.769424,72.702661,93.206879,42.116257,41.269015,105.9778,100.16812,43.499373,43.509572
16702,1.021146,5,4,4,728.515342,424.454068,44.611049,45.354189,2318.662541,2078.868116,45.056241,45.190072,571.865165,885.601824,45.11059,44.27188,1286.066202,1506.120396,45.678555,45.643153
16703,0.719715,4,4,4,554.504885,318.033224,43.067599,43.973338,1743.987025,1549.590503,43.619489,43.788315,421.01403,662.457206,43.714222,42.719799,949.286844,1130.75924,44.356354,44.310921
16704,0.17332,5,4,4,36.396111,16.721725,45.345816,45.680208,117.561287,105.090823,45.505296,45.557754,24.839531,39.881588,45.590498,45.316877,55.674268,72.215134,45.751719,45.733658
16705,0.350784,4,4,4,167.233579,75.859865,25.284207,43.993023,502.347795,434.982022,26.941652,43.581827,113.662328,183.409905,27.371543,42.262955,237.098131,323.16068,28.605574,44.254247
16706,0.274355,5,3,3,319.392683,601.56981,39.90489,45.997855,1345.729089,1566.630496,39.808837,48.203053,607.575474,433.985129,35.815439,47.951391,963.422082,724.538536,41.58287,49.753271
16707,0.620412,3,4,4,364.980928,241.326916,29.934037,45.90563,1130.103602,1047.600777,32.412346,45.738639,313.657865,363.242574,31.863196,44.443977,524.157735,692.055265,35.473931,47.189829
16708,0.441773,5,4,4,129.07507,88.491379,31.764024,41.271236,298.708963,298.984983,32.242378,41.383733,76.746129,122.254618,32.242745,41.037002,142.312832,141.875832,32.437102,41.606793
16709,0.645912,5,3,3,302.321534,305.292122,58.747952,58.709048,836.554944,921.085546,59.869428,59.666791,339.577166,338.364955,58.502489,58.51809,496.078288,479.161517,60.735879,60.74632
16710,0.372416,4,4,4,154.533931,218.599686,42.862287,41.462347,665.310284,769.480744,42.725658,42.19814,273.928738,180.666258,40.430148,42.543315,472.026084,375.150414,44.074393,44.214197
16711,0.472755,4,3,3,269.744676,607.662436,39.96258,41.442809,1377.574126,1574.83525,39.657037,43.162989,662.871756,383.417856,37.652273,43.288672,1006.688284,792.597588,40.356603,44.31751
16712,0.206251,5,4,4,34.864252,36.052401,28.976482,50.416328,283.34229,269.890343,28.239723,49.711156,76.633672,67.331608,28.130728,49.768459,170.785155,115.510321,29.076666,50.666947
16713,0.341727,3,4,4,259.32579,339.654904,18.637565,32.689187,1071.53239,1165.373605,18.593644,34.461222,381.803303,305.75922,13.961958,34.28634,674.13049,522.091986,25.100102,39.107412
16714,0.062722,2,3,3,183.851941,113.977627,36.456575,40.407979,592.925112,502.856396,38.818675,39.997651,161.467579,213.921375,38.334621,35.320779,283.838376,349.174359,43.045866,42.783595
16715,0.407028,3,5,5,236.176661,141.439948,29.196168,30.735067,655.005674,456.939127,30.491294,31.102254,221.76418,239.99063,29.68339,29.373812,291.331596,193.660177,31.631322,31.695262
16716,0.636608,2,7,0,47.46768,0,43.592021,0,421.65643,0,43.565633,0,234.72542,0,43.45131,0,116.191481,0,43.598741,0
16717,0.174661,2,5,5,61.467334,81.208031,38.262511,37.350836,201.500779,244.603035,38.739093,38.346818,78.9422,57.096201,37.67828,38.559678,87.54889,92.596275,39.569112,39.560044
16718,0.19262,3,5,5,44.409451,28.773463,31.276314,31.540574,121.509319,79.051049,31.530352,31.652574,40.109071,42.855347,31.398459,31.351911,54.129487,20.580464,31.72985,31.746789
16719,0.140291,2,5,5,29.10608,27.496253,10.407742,15.762032,155.753658,149.646419,10.187343,15.633268,43.721109,48.264293,10.082405,15.468042,74.448976,78.470982,10.65852,15.909943
16720,0.125708,2,3,3,138.507036,64.972361,16.537247,42.927878,378.847293,307.337682,17.808045,42.729265,120.325452,132.841053,17.276857,41.340238,156.172317,163.000568,18.690677,43.487471
16721,0.164616,2,3,3,180.431609,247.097329,37.21906,35.442809,812.288341,802.64933,36.802229,36.861603,322.729218,273.241789,33.691196,35.122348,245.856012,261.407617,39.51625,39.499782
16722,0.125905,2,3,3,177.323488,121.277765,14.637185,37.722402,740.573338,700.864904,14.547645,36.134206,218.785436,235.712698,13.572517,34.121319,337.880837,396.910207,17.731743,39.102777
16723,0.066439,3,3,3,171.148534,139.452116,41.744827,43.455026,514.286336,513.504396,44.173827,44.182885,187.606804,205.817824,41.400789,40.395361,245.158959,246.58611,47.17616,47.172046
16724,0.128715,3,3,3,336.545248,272.887575,41.599073,43.383144,986.762936,988.804947,44.230934,44.218791,365.067888,396.576931,41.355619,40.457841,469.94868,474.66086,47.18355,47.176592
16725,0.361736,3,3,3,770.772829,469.320459,39.313469,43.961542,2274.948604,2069.295615,42.788118,43.505911,614.980724,883.201999,42.365282,38.240686,1225.629758,1288.948803,46.867653,46.8002
16726,0.249539,3,4,4,158.715334,96.312822,43.576778,45.928942,455.516847,472.913369,45.462204,45.31535,161.191222,203.994748,43.855779,42.013762,115.767225,137.931638,47.481568,47.454595
16727,0.24052,3,5,5,65.071612,58.90676,38.852601,38.987701,147.544937,146.285091,39.389794,39.393973,41.420074,50.803428,39.342947,39.199059,62.58612,60.98507,39.628257,39.629301
16728,0.503183,3,5,5,372.695906,207.555677,30.553345,45.470279,1130.62816,1058.732693,33.355283,44.493141,292.716776,484.040611,33.30694,39.459374,452.840613,655.258525,36.811746,47.000189
16729,0.353677,3,4,4,122.702366,156.559698,32.608472,45.467822,338.985519,290.589043,33.325516,47.07563,103.092977,91.3302,33.09294,46.858623,135.923805,143.3973,33.850183,47.497004
16730,0.247299,2,4,4,16.127184,28.279219,39.598437,26.661325,86.588471,102.151671,39.564701,26.687861,37.672021,23.145137,39.419177,26.707422,59.516635,46.752084,39.632244,26.765764
16731,0.602333,3,4,4,648.272652,527.167406,18.13405,33.969615,2057.361375,1907.996455,22.204357,35.06142,626.118016,688.027207,19.655685,31.750182,939.69961,1238.756538,30.109411,38.705423
16732,0.212097,2,4,4,122.692711,85.07697,16.854254,38.085376,371.69403,348.20644,19.10819,38.102538,146.933149,158.184039,15.651658,35.409884,103.720278,106.461078,21.872065,39.578328
16733,0.126313,2,4,4,74.999834,87.771999,11.697197,31.969377,248.618279,262.823491,13.121554,33.561817,94.38705,85.422373,10.293633,32.471542,112.28562,110.420065,15.877095,35.515462
16734,0.02275,3,4,4,8.963899,15.545396,38.246072,35.89906,46.057109,52.489131,37.550757,36.998472,19.435431,15.801521,34.680995,36.154279,26.045572,21.493563,39.33458,39.430497
16735,0.225386,3,3,3,764.403027,636.880333,31.30199,40.787758,2192.002612,2131.298465,34.89712,42.768484,751.219408,883.07292,32.197328,37.243148,1182.825833,1144.693347,38.549421,46.868529
16736,0.100871,3,4,4,44.506486,53.261109,41.702083,40.976794,180.845317,187.855513,41.747346,41.614842,59.578636,51.751462,40.707354,41.351494,95.714926,88.365459,43.356645,43.390754
16737,0.545953,4,3,3,861.09914,531.295848,40.098463,46.49789,2555.803462,2163.173159,42.039432,46.538608,625.950167,1094.213465,42.246875,42.083406,1064.527867,1338.663324,44.264262,48.155333
16738,0.110332,5,3,3,385.445629,234.897868,33.095151,60.622905,1027.609039,939.921399,37.306032,60.863808,277.183934,404.030217,36.975439,54.460518,459.501382,561.973651,40.480037,64.730403
16739,0.478574,4,5,5,45.858734,44.588014,32.24114,40.415578,275.186522,299.770992,32.216128,40.37347,61.909528,75.569582,32.227227,40.376038,114.550636,113.102109,32.260079,40.438369
16740,0.060977,3,3,3,61.781488,26.590797,10.690424,46.284023,118.831058,101.233128,11.666915,46.349334,25.980837,56.947344,11.735479,44.995701,54.002963,68.97129,11.875546,46.675487
16741,0.157215,3,3,3,44.012771,76.270185,46.553746,46.178483,232.628915,299.482733,46.429426,46.228103,100.552265,71.964171,45.883635,46.291718,150.31116,125.415182,46.698562,46.716431
16742,0.601968,5,4,4,27.912056,63.363077,49.900404,39.873081,147.634035,168.254225,49.883914,39.935384,60.116126,35.731593,49.82324,39.949417,113.801873,82.915277,49.916229,39.975212
16743,0.355707,3,3,3,1117.870054,695.311296,48.21682,53.588838,3126.097639,2867.148655,52.85813,53.577741,880.829115,1224.639884,51.983637,47.679107,1449.546027,1742.557548,57.450235,57.223092
16744,0.617122,5,4,4,181.823103,593.915791,37.159353,48.512038,1688.296746,1928.610827,35.780419,49.303903,877.845038,319.855588,30.552745,50.115054,863.309011,640.196852,37.300728,50.679141
16745,0.322457,4,5,5,130.887394,93.427192,23.598636,39.577795,474.921184,476.967548,24.206267,39.155187,122.452701,170.608128,24.194772,38.097176,230.71649,234.117329,26.074041,40.297728
16746,0.253625,4,5,5,37.868129,37.860553,28.932,44.197931,396.813834,427.450274,27.64708,42.673509,92.589578,84.62253,27.919979,43.360141,190.346153,140.794281,29.018512,44.375932
16747,0.406849,4,4,4,68.765554,89.409404,35.449047,47.962617,273.250652,297.590822,35.468536,48.140326,58.301513,70.123178,35.550201,48.19513,192.501412,153.075534,35.675033,48.457499
16748,0.398093,5,4,4,355.956264,500.514085,43.408242,38.794074,894.330135,1106.462675,47.157161,45.888081,408.697015,277.348721,42.485185,46.064509,788.102174,536.873342,48.968967,49.460631
16749,0.20595,5,4,4,389.63499,228.816781,11.498927,49.637504,657.475994,517.003404,26.148419,56.780883,160.570253,325.965854,26.707869,43.540042,303.944987,453.475845,31.790283,59.475075
16750,0.500938,5,5,5,3.744169,5.079282,38.434575,49.925752,19.240795,20.896497,38.434232,49.925757,5.929739,4.730535,38.433813,49.926133,12.785943,12.019899,38.435029,49.927245
16751,0.223932,5,4,4,177.038046,57.231691,54.430245,60.064686,249.899411,186.680805,59.967693,60.360823,42.966771,171.378131,60.462485,55.351205,130.204756,193.017309,60.783987,60.655418
16752,0.256318,4,4,4,196.112962,192.268881,52.816458,53.026347,477.217445,500.785997,56.65523,56.426078,220.070587,206.593709,52.163648,52.871075,282.71563,296.774155,58.752996,58.713976
16753,0.297509,4,4,4,147.6831,232.922642,56.193479,52.56477,416.610336,446.404153,57.675838,57.473632,235.25692,159.361118,53.07213,56.090391,298.294016,248.263645,58.820067,58.919762
16754,0.137946,5,3,3,52.138595,145.634637,65.094368,62.636491,290.493017,391.23166,64.767733,64.207005,150.997873,83.201605,62.744471,64.599124,220.965798,190.194349,65.328836,65.376124
16755,0.458421,3,6,0,461.221466,0,31.604635,0,1059.844575,0,36.122319,0,243.194002,0,36.624388,0,527.189548,0,38.531723,0
16756,0.068146,5,3,3,37.027265,86.008726,64.677167,61.542522,152.041107,200.670701,64.681557,64.111924,79.069992,43.125039,62.434782,64.512453,110.826223,96.420021,65.323255,65.368891
16757,0.504854,5,4,4,869.476659,367.889621,40.017947,55.272673,1439.064429,1154.794892,55.751246,57.409874,328.538822,785.139541,56.721452,43.951359,704.834266,1067.515989,60.292198,59.578291
16758,0.350802,5,4,4,383.369651,662.44269,49.922662,37.55562,856.907902,1099.922246,56.975746,54.831137,551.357967,265.306613,43.70461,55.463839,765.093313,505.831048,59.500068,60.254152
16759,0.441057,5,4,4,834.432875,490.028487,37.504537,49.637505,1408.034695,1107.201991,54.641645,56.780883,343.873371,698.080593,55.170656,43.54004,650.921236,971.152907,60.225325,59.475071
16760,0.704118,5,4,4,55.662235,135.242031,50.681173,50.35006,234.234845,290.453061,50.677981,50.638176,137.58374,70.643547,50.379614,50.650078,210.873477,143.496118,50.729551,50.743788
16761,0.043938,4,6,0,10.054882,0,38.33209,0,24.00078,0,38.670998,0,6.358115,0,38.660059,0,12.976101,0,38.835001,0
16762,1.294677,5,5,5,7.026423,23.858785,49.926965,49.922054,48.533583,38.644146,49.926074,49.926575,19.162837,11.041367,49.92428,49.926372,19.246197,17.773316,49.927397,49.927413
16763,0.059267,4,6,0,73.766883,0,28.915033,0,168.078615,0,34.95442,0,69.917086,0,30.391011,0,93.50395,0,38.265522,0
16765,0.342378,5,3,3,506.275597,486.900568,62.974881,63.150174,1257.066868,1022.236986,64.522606,64.843313,530.51239,377.640246,63.022763,64.186678,560.395242,691.753926,65.427675,65.382346
16766,0.638503,5,4,4,712.127549,1209.008427,36.232868,40.324652,1617.81681,2051.211802,45.282223,58.71442,1012.227246,500.981904,29.003266,59.288382,1409.690882,947.078688,48.613577,64.787237
16767,0.642573,4,4,4,760.443088,568.842779,41.419184,42.660718,1778.694797,1725.890695,43.380248,43.439595,449.146796,710.039486,43.4164,42.032347,810.421072,1138.651148,44.365763,44.269733
16768,0.161102,4,4,4,124.179058,90.650878,52.736195,55.445785,410.649856,469.334571,54.762199,53.610832,106.866314,166.868405,54.668783,49.648593,213.607358,305.312694,58.584228,58.03563
16769,0.499308,5,3,3,1554.365539,2257.755062,46.249318,45.5174,4289.812858,4968.114233,50.232814,55.225389,2217.504108,1438.821736,41.417066,53.951109,2602.833559,2024.783549,53.49118,60.422042
16770,0.611277,5,5,5,47.260277,177.275289,26.923268,32.667658,145.495287,144.569659,26.949306,33.306004,41.123903,116.367624,26.942507,33.064163,57.956567,80.49718,26.978838,33.333107
16771,0.250403,2,3,3,881.264678,883.817761,27.263023,27.206836,2458.324008,2433.26178,33.905129,34.051119,948.037698,965.046152,26.953697,26.604661,1635.746799,1343.62508,41.29304,41.985886
16772,0.122374,2,3,3,149.596772,204.805004,40.356805,38.046512,590.357606,643.573775,40.59102,40.097895,253.107699,216.547957,36.460854,38.059431,394.761919,268.967769,42.971751,43.294664
16773,0.124469,2,4,4,47.735541,45.915372,34.402248,34.491523,180.063545,189.359372,34.595167,34.488048,73.341431,78.433319,33.162252,32.844666,105.729725,102.206753,35.525206,35.536058
16774,0.126381,2,4,4,24.356415,32.04289,14.836867,31.213635,131.209491,124.992923,14.517588,31.265228,69.962985,43.599423,12.022422,30.895007,53.669447,51.115636,15.191723,31.7119
16775,0.122722,2,3,3,277.480125,382.597812,28.449515,35.72923,1104.814357,1196.61122,28.65961,38.562393,430.515362,353.231744,25.136816,37.271403,623.058028,504.236896,31.518687,43.137775
16776,0.256689,2,3,3,677.546123,865.682862,37.567935,34.719784,2439.005469,2712.185284,38.777072,37.841533,992.082469,817.14536,33.609224,36.163919,1684.495805,1387.752006,42.491672,42.826996
16777,0.121574,2,4,4,127.337876,79.387384,25.309359,28.767015,420.257164,372.716581,27.203307,28.021711,89.764782,157.573523,28.412135,23.655167,178.943961,244.083853,31.312164,30.968937
16778,0.249163,2,3,3,765.157178,759.521906,17.960001,36.000916,2812.609215,2887.252746,19.323446,36.907041,945.177838,953.001081,15.88887,33.761033,1601.828781,1698.648095,25.192409,42.410675
16779,0.265202,2,3,3,930.199806,522.573575,16.718514,39.921811,2707.532099,2307.230283,20.988021,39.450152,696.963182,1044.486024,20.977216,33.330741,1297.20845,1654.077227,26.242112,42.591377
16780,0.053271,2,3,3,150.629018,195.573194,36.855642,5.22864,537.231316,555.000731,38.269842,7.417498,229.048749,171.330108,31.964671,6.393055,362.477145,280.953954,42.414863,10.250802
16781,0.291471,2,3,3,532.72586,373.806816,20.771072,40.072569,1715.415309,1569.767163,23.231949,39.949545,560.659221,657.525417,20.841394,35.420826,707.28333,1020.906153,27.445608,42.867199
16782,0.117895,2,3,3,181.993024,186.639661,35.238456,35.047121,735.205645,779.26283,35.378744,34.938682,248.790312,285.328276,32.947833,31.370842,357.011889,333.890413,39.142519,39.202455
16783,0.215415,4,4,4,105.978244,187.357354,46.874015,42.755517,413.199408,468.715577,47.102968,46.539982,179.458375,108.575588,43.763844,47.014767,298.557486,234.42614,48.785233,48.976075
16784,0.254597,5,3,3,438.798591,443.40738,62.159117,62.095254,1142.072713,1159.482682,64.070927,64.029628,438.098951,431.344324,62.497741,62.581719,647.197404,674.477067,65.307292,65.289993
16785,0.182525,4,3,3,337.45196,292.582397,59.623931,60.532675,815.880481,793.660699,62.123403,62.199554,291.639604,330.258768,60.855547,60.15216,438.496404,496.417804,63.445238,63.391554
16786,0.254379,4,4,4,351.964754,148.571729,43.176754,55.191573,843.233484,671.17171,52.247999,54.487849,188.667246,332.290156,53.705621,45.5882,466.488094,491.860122,58.10253,57.992792
16787,0.249294,4,3,3,402.242157,440.091685,60.495523,59.942318,1067.635622,1099.230006,62.239872,62.161521,435.315685,403.34386,60.368726,60.791313,673.395718,595.698975,63.394849,63.44729
16788,0.344571,5,4,4,112.03407,228.677233,49.665724,46.770351,537.078299,621.150761,49.310589,48.867382,231.610809,133.518434,47.069512,49.398102,456.92696,323.434124,50.297195,50.517476
16789,0.179702,4,3,3,339.995675,183.107518,43.6514,62.292562,905.275434,796.635054,45.39926,62.146663,276.620015,408.501001,44.870935,58.410827,461.045302,620.688926,46.577772,63.2451
16790,0.326338,4,3,3,607.614853,359.703292,59.572987,62.079694,1559.25903,1390.519506,61.923155,62.253079,486.17078,693.051838,61.189897,58.999389,794.769002,1052.772772,63.439925,63.293845
16791,0.13223,3,3,3,148.0757,142.234032,37.345288,37.505793,417.160456,406.365649,38.494933,38.549502,130.004749,156.87488,38.006835,37.342949,139.944115,147.233109,39.586828,39.580442
16792,0.165181,2,3,3,283.449312,153.76266,32.063595,42.654637,826.148834,722.003916,33.155821,42.394095,196.915841,306.700215,33.315716,40.602491,348.765929,434.070283,34.240177,43.401077
16793,0.071163,3,3,3,220.73601,102.909083,36.396359,41.66548,565.666641,441.643469,40.35604,41.514832,127.74265,253.667069,41.023438,35.411318,223.916231,337.671269,43.346222,43.049888
16794,0.315804,3,3,3,407.710087,406.572336,40.338054,40.35404,1353.865245,1404.122887,41.376642,41.225891,452.637946,503.785069,40.055775,39.334508,704.789505,703.023794,43.314734,43.316083
16795,0.534584,5,4,4,423.681799,340.957634,26.383923,46.270312,1527.146485,1483.432018,28.29349,45.899434,406.283759,473.713224,27.835605,44.088317,769.107487,945.260482,34.874598,49.151245
16796,0.449378,4,4,4,366.610954,291.945486,42.706636,44.577205,817.515192,767.292212,46.532282,46.747637,277.584835,265.572967,45.254129,45.499676,477.732783,477.053609,48.189732,48.190569
16797,0.336745,5,4,4,409.083852,202.903756,36.079818,42.747283,664.293752,590.481767,43.771309,44.159837,149.540956,310.788929,44.204501,40.049543,343.523321,467.30952,45.527148,45.328251
16798,0.539678,5,4,4,325.180051,655.610868,42.747284,36.079819,946.32497,1064.618419,44.159837,43.771313,498.08028,239.659121,40.049542,44.204501,748.925186,550.541464,45.328254,45.527149
16799,0.520063,5,1,0,1063.875519,0,79.338239,0,5201.895356,0,78.806781,0,1992.094047,0,75.449765,0,3475.619667,0,79.937765,0
16800,0.428613,5,1,0,1503.790778,0,75.885162,0,4691.089066,0,78.378052,0,1135.600066,0,78.679582,0,2531.453203,0,79.959453,0
16803,0.229718,4,4,4,202.40498,279.904517,41.917907,37.575651,503.737792,620.972436,45.741227,44.505021,225.744172,155.877023,41.335591,44.669716,440.888381,300.891675,47.557247,48.039684
16804,0.352235,5,4,4,7.247287,13.731618,49.921712,49.90801,31.129566,34.998455,49.921227,49.919663,13.638688,7.866079,49.91024,49.921434,23.480515,19.062017,49.925947,49.926453
16806,0.115444,5,4,4,9.204851,4.5224,50.679922,50.737004,27.953683,23.77394,50.713749,50.725199,5.928688,11.126558,50.726998,50.657913,14.201224,21.272293,50.751933,50.746087
16807,0.809853,5,4,4,870.020127,322.732542,37.579403,58.992053,2062.139026,1692.888728,45.160907,57.932084,421.93259,971.744692,46.780164,49.288215,989.656695,1599.030343,49.262621,59.736553
16808,0.162394,4,5,5,20.388097,23.637779,40.263318,40.205362,79.172954,89.537381,40.282174,40.240039,24.507475,24.101838,40.214615,40.221705,39.669435,39.983089,40.424606,40.424328
16809,0.506138,5,4,4,7.335263,14.166317,49.924525,38.519015,36.954754,41.115435,49.923135,38.522653,12.44306,8.61881,49.920215,38.523865,24.080976,17.111537,49.926677,38.526047
16810,0.350858,5,4,4,2.862667,5.328769,49.926502,49.92425,12.524978,14.905561,49.926378,49.925941,5.63534,3.615658,49.924257,49.926103,11.59994,8.833631,49.927091,49.927257
16811,0.179383,3,3,3,595.180186,530.873412,31.998712,34.181653,1649.149993,1602.143453,38.691197,39.080442,568.385761,622.33892,33.977709,32.246976,858.0919,949.512658,46.253223,45.987221
16812,0.049336,2,4,4,21.291259,22.782948,37.862642,37.629736,113.071574,111.471338,36.830546,36.900654,38.748893,34.112243,35.022998,35.924582,57.840155,55.186886,39.293401,39.323588
16813,0.125493,2,4,4,59.269316,71.260081,18.479192,36.729433,319.136956,323.631715,17.156966,36.184022,114.887076,94.535863,14.525058,35.337319,160.399953,145.166635,20.065255,39.302288
16814,0.130307,2,3,3,349.884604,561.9132,37.397074,30.965637,1476.090595,1685.193936,37.147694,35.638085,652.824648,453.325863,29.326939,35.065202,1062.460657,828.3438,41.947255,42.555133
16815,0.291288,3,4,4,461.529677,306.798529,41.769754,44.702533,1344.643703,1209.564524,44.368032,44.915698,352.880921,464.718828,44.251177,42.237486,609.736858,766.892029,47.23062,47.058025
16816,0.243543,2,3,3,798.30345,470.29601,16.911036,40.049072,2071.838218,1823.398372,21.793124,40.404661,582.457494,901.501737,21.056923,34.226905,1033.068847,1325.669426,25.499609,42.817121
16817,0.060455,2,4,4,37.841028,48.324372,9.372486,38.095698,165.534555,157.958401,9.238863,38.633505,72.476743,38.061886,7.270869,38.748906,105.967466,82.035161,10.197243,39.523117
16818,1.012449,3,4,4,327.657856,402.575876,42.525963,34.531333,933.335582,1040.712851,43.06002,35.905559,316.091064,250.256259,42.696483,36.016879,505.714167,393.623944,43.527812,36.716194
16819,0.252191,4,4,4,71.275034,43.342773,43.681192,44.161273,287.247354,261.321005,43.712285,43.835471,58.368351,83.464365,43.983287,43.517996,113.210194,144.145711,44.416239,44.383826
16820,0.440187,3,4,4,285.328498,140.093869,22.773618,42.558764,839.998421,717.569719,26.163618,42.042734,191.12809,287.511976,27.009844,40.146256,376.538512,427.941273,29.767081,43.345233
16821,0.130046,4,4,4,32.889184,15.697773,47.800304,48.327227,106.86205,90.277494,48.051906,48.174201,21.72969,36.200912,48.212533,47.747555,45.992446,79.24493,48.462324,48.392425
16822,0.406712,4,4,4,52.75818,21.701939,48.301866,48.464049,150.464012,119.355161,48.401695,48.437003,37.775038,35.46677,48.406101,48.4168,65.516888,67.326682,48.492315,48.491855
16823,0.737292,4,4,4,201.149992,159.44925,39.729293,47.978607,503.186894,418.854867,40.22029,48.27723,117.978106,143.847558,40.268644,48.114549,186.25572,242.609996,40.490708,48.467273
16824,0.256666,4,4,4,24.771898,25.687276,30.876779,48.379153,77.048476,88.823045,30.910783,48.413497,22.328427,18.027473,30.898702,48.445147,33.54287,33.025537,30.950438,48.495332
16825,0.460057,5,4,4,23.52142,29.031513,32.722672,41.591942,58.102932,46.209769,32.735792,41.625831,15.755597,13.028885,32.734963,41.624555,20.628678,25.065126,32.742865,41.631616
16826,0.454907,5,7,7,10.78944,98.309074,60.892281,60.390501,55.28098,502.611883,60.88831,60.134616,15.682997,142.787988,60.88591,59.977465,30.425769,276.669472,60.898407,60.794548
16827,0.045583,5,7,7,6.880344,5.566005,12.094015,60.726826,20.18874,17.084788,12.129968,60.800781,5.592873,7.204879,12.124286,60.646658,8.985845,11.66513,12.158586,60.879615
16828,0.063387,4,4,4,33.592537,18.063902,38.161782,39.712623,67.243447,64.84834,39.838107,39.877825,21.51499,29.944593,39.533739,38.771781,40.779122,38.123555,40.342659,40.354682
16829,0.287426,4,5,5,40.526047,44.90562,32.205818,32.167503,225.754012,247.386718,32.068177,32.008715,68.420508,70.762837,31.953604,31.925517,142.855232,125.545957,32.328275,32.340604
16830,0.036457,3,7,0,28.30641,0,46.130387,0,61.537691,0,47.119143,0,19.476361,0,46.9135,0,31.539925,0,47.498321,0
16831,0.343015,5,4,4,27.349998,13.437221,50.679926,50.737003,83.057635,70.638533,50.713749,50.7252,17.615667,33.059887,50.726996,50.657914,42.195515,63.205492,50.751933,50.746085
16832,0.41972,4,4,4,46.038847,78.54915,49.159436,48.902264,195.575108,213.159464,49.150469,49.122788,86.408999,55.72,48.872075,49.11698,129.427958,110.461986,49.276496,49.28437
16833,1.191078,5,4,4,39.63083,28.628144,52.786267,60.890509,109.670612,89.241489,52.79411,60.894405,41.020132,36.541927,52.7869,60.886464,55.716899,56.022295,52.800089,60.89902
16834,1.095209,5,4,4,1281.130711,542.541546,48.711323,58.060747,3177.343005,2623.124526,55.59123,57.110864,692.56588,1488.220998,56.928625,46.903792,1680.665103,2211.156668,60.174013,59.687273
16835,2.828018,5,5,5,446.768851,297.074425,47.103756,49.779264,1541.146478,1397.971156,47.193971,49.736624,358.08237,525.221463,47.23337,49.536774,793.681661,992.466128,47.390153,49.885193
16836,0.289134,5,4,4,78.952226,27.774992,40.986123,41.542488,155.978995,121.736613,41.470473,41.531178,32.619083,95.119449,41.52296,40.809938,84.230811,135.870762,41.611137,41.579548
16837,0.951884,5,4,4,419.480512,396.29162,48.745518,58.832343,816.84279,969.157424,50.564648,60.114885,316.703855,287.159323,49.89206,59.876333,508.770214,402.451737,51.009729,60.836618
16838,0.315357,4,3,3,124.902127,173.507023,50.523957,50.186763,367.813872,375.950913,50.709013,50.700161,171.547717,106.348447,50.27494,50.657022,264.564638,217.900433,50.870811,50.885477
16839,1.431565,4,4,4,2566.855228,395.969694,24.388751,48.464583,3653.544832,2416.349877,40.808614,47.561513,503.534133,2745.184602,43.503224,30.485337,1911.633378,3312.811641,44.220033,47.949104
16840,0.60574,5,4,4,479.587034,253.528565,54.414241,58.812066,1079.0473,960.483186,58.68157,59.108781,277.969424,470.783253,58.674247,55.201671,622.718778,726.559163,60.5587,60.443365
16841,4.143913,5,4,4,26.533291,31.096179,50.75636,50.756138,100.970115,134.397024,50.756449,50.756054,45.491151,36.03976,50.755402,50.755975,93.075622,69.762662,50.7568,50.756889
16842,1.07893,4,4,4,412.823225,366.367118,47.769021,48.073295,1093.537295,1143.908646,48.629709,48.570126,336.909499,427.315948,48.357572,47.831869,515.927331,675.878423,49.237103,49.190487
16843,0.725125,5,4,4,199.878037,556.466796,47.735393,54.749971,662.511966,825.8712,48.058521,59.93147,538.473714,157.483532,42.895799,60.347414,618.229226,451.311008,48.439911,60.768008
16844,1.055628,5,4,4,702.364811,785.839663,46.739294,55.062058,1860.803863,1936.9705,49.694629,58.558142,766.761266,838.694412,46.436755,54.98199,1308.314556,1205.017451,51.464488,60.484084
16845,0.754031,5,4,4,407.678915,379.02499,57.575353,57.984681,884.00554,954.407994,59.877651,59.720525,278.159209,286.230213,59.411439,59.330448,587.719732,525.633128,60.697837,60.736372
16846,0.743457,5,4,4,373.709699,401.961793,57.984681,57.575353,941.023767,871.608609,59.720524,59.877649,282.216238,274.258419,59.330443,59.411436,518.261865,579.477792,60.736371,60.697835
16847,0.489479,5,4,4,125.098967,386.975755,60.064687,54.43024,408.053223,546.238592,60.360823,59.967691,374.604119,93.918222,55.351202,60.462482,421.903768,284.605964,60.655413,60.783987
16848,0.933623,5,4,4,738.110123,238.611367,54.430243,60.064687,1041.884999,778.31288,59.967695,60.360822,179.137813,714.512703,60.462486,55.351206,542.851949,804.731144,60.783988,60.655416
16849,0.492097,5,4,4,389.045711,125.768129,54.43024,60.064684,549.160455,410.235924,59.967692,60.360819,94.420596,376.607899,60.462482,55.351204,286.128338,424.160556,60.783987,60.655412
16850,0.533777,4,4,4,570.547363,243.433601,48.226928,56.615759,1299.504818,1122.866638,55.104623,56.035693,279.735237,597.485191,56.209065,48.412392,719.93551,996.095753,58.565432,58.067526
16851,0.420941,4,4,4,1010.140461,466.587654,27.008437,55.544875,2262.189177,1896.353503,36.447127,55.628062,484.937778,993.977974,37.98817,47.492411,1153.695997,1618.196274,41.092929,58.005637
16852,0.425643,4,4,4,348.94683,267.122557,39.115435,41.085621,814.583073,798.984052,42.492517,42.560849,283.027494,324.552757,41.081587,40.171749,441.13531,420.643266,44.199973,44.223349
16853,0.755522,5,4,4,187.751932,172.205921,32.159155,37.070246,338.97339,290.541994,32.536474,37.408174,109.15362,124.583234,32.485095,37.282704,142.994833,171.74459,32.621426,37.472991
16854,0.502889,5,4,4,119.185636,431.962426,37.930551,43.82859,457.295183,650.651047,38.003025,48.920188,452.63068,100.915472,31.773484,49.53717,457.160581,305.053297,38.284188,49.824432
16855,0.52057,5,4,4,123.906155,445.077519,49.328255,43.875705,473.210384,671.803076,49.407274,48.924989,465.757115,104.451728,43.993359,49.537257,471.94568,315.878406,49.706878,49.824375
16856,0.754989,5,4,4,9.888144,8.229609,16.746676,16.74692,21.312949,26.098658,16.747259,16.747146,6.122249,14.025306,16.747203,16.746065,8.910118,10.974165,16.747481,16.747471
16857,0.687464,5,4,4,175.699113,543.500067,60.064685,54.430239,573.102968,767.181683,60.360818,59.967691,526.12434,131.906351,55.351203,60.46248,592.555795,399.723647,60.655413,60.783986
16858,0.26928,2,3,3,683.988528,884.016267,20.882102,35.076127,2723.93357,3035.391717,21.225377,37.198888,1031.742678,880.295672,16.401002,35.847539,1816.532689,1615.723977,25.883368,42.66138
16859,0.203003,4,4,4,0.00303,0.003028,49.306801,49.306801,0.155513,0.15551,49.306801,49.306801,0.003502,0.003503,49.306801,49.306801,0.008494,0.0085,49.306801,49.306801
16860,0.59023,5,4,4,520.051878,719.176324,43.564978,39.300931,1294.285273,1595.503636,47.274984,46.079924,580.018736,400.504664,42.99629,46.239383,1132.802318,773.099954,49.022807,49.485587
16863,1.902722,5,7,0,299.344219,0,60.620213,0,880.6612,0,60.751971,0,302.406407,0,60.644006,0,521.607029,0,60.87677,0
16864,1.270563,5,1,0,4720.811591,0,78.724537,0,20533.823187,0,78.462487,0,7711.124826,0,74.562488,0,13232.94374,0,79.928947,0
16865,0.334039,3,6,0,170.642958,0,36.54544,0,489.927705,0,37.6579,0,142.556186,0,37.352037,0,314.080371,0,38.635486,0
16866,0.762805,3,1,0,2444.545942,0,78.934482,0,11209.054448,0,78.461585,0,4303.97148,0,74.155133,0,7227.403926,0,79.928774,0
16867,0.16204,3,7,0,110.651437,0,19.442886,0,611.093699,0,18.141901,0,424.127976,0,8.034743,0,514.845417,0,20.231625,0
16868,0.207995,3,6,0,142.032135,0,37.748125,0,784.3996,0,36.958367,0,484.739071,0,30.544935,0,660.855349,0,38.257781,0
16869,0.887486,3,1,0,4337.287703,0,75.587404,0,14089.30035,0,78.000107,0,3726.258098,0,77.800821,0,7502.967045,0,79.952026,0
16870,0.16158,3,7,0,103.805385,0,19.599988,0,326.510813,0,20.1998,0,108.342358,0,19.641271,0,144.279003,0,20.893958,0
16871,0.304709,5,6,0,152.896188,0,36.618418,0,479.047979,0,37.494306,0,160.959825,0,36.641433,0,216.570324,0,38.727759,0
16872,0.107928,3,0,7,0,272.318399,0,36.89321,0,536.956927,0,44.385356,0,106.276695,0,45.573863,0,241.05173,0,47.238438
16873,1.017631,3,1,0,7174.841813,0,66.212393,0,21218.279869,0,75.044884,0,5274.75493,0,75.562954,0,10876.064617,0,79.891865,0
16874,0.318731,3,6,0,689.535603,0,19.594785,0,1585.737457,0,29.326673,0,313.855596,0,32.44563,0,711.87229,0,37.725557,0
16875,1.085678,4,4,4,255.38004,1248.838342,53.364066,50.489329,1507.271767,2097.704752,52.565454,60.765375,1359.93965,397.04503,38.646851,62.004737,1908.866731,1133.302665,53.109871,63.253358
16877,0.913767,2,1,0,6336.734084,0,31.849045,0,15583.259066,0,53.77554,0,4139.920503,0,52.899786,0,7394.393996,0,62.243444,0
16878,0.756378,2,1,0,3417.773846,0,67.607646,0,12168.137011,0,68.987123,0,5803.663277,0,55.902109,0,7430.377028,0,71.114163,0
16883,0.877879,2,1,0,5761.494504,0,59.630276,0,15289.168319,0,68.31405,0,4738.379015,0,65.880694,0,8468.072758,0,71.119418,0
16884,0.24315,2,1,0,1276.47655,0,68.928756,0,4492.755222,0,69.864504,0,2248.858763,0,59.690083,0,2652.37758,0,71.154476,0
16886,0.053323,2,1,0,261.978769,0,66.477474,0,947.710992,0,68.11271,0,451.216838,0,51.433115,0,572.906458,0,71.082927,0
16887,0.153761,4,3,3,236.79761,127.421886,43.970026,47.008686,442.752002,483.676152,47.410895,47.216791,122.930565,264.981846,47.244228,43.51963,265.990495,401.411054,48.322218,48.111955
16889,0.278372,4,4,4,375.77998,243.193057,35.840722,24.760656,635.246676,489.890558,45.537409,30.068003,144.84615,264.852396,46.112789,24.409498,281.332562,325.1275,48.218105,31.559484
16890,0.810594,5,4,4,58.584493,84.341726,45.722309,39.046197,282.156706,299.558705,45.702329,39.071797,84.677824,73.179373,45.675892,39.079057,166.304904,135.756218,45.767933,39.140632
16892,0.109283,2,6,0,34.495972,0,37.898352,0,145.788704,0,37.850854,0,51.063169,0,37.081577,0,66.021241,0,38.762801,0
16893,0.260252,2,2,0,637.605953,0,36.545952,0,1700.302173,0,42.009177,0,392.418866,0,42.938229,0,771.811991,0,46.964786,0
16894,0.754161,5,1,0,1146.318587,0,79.762642,0,5674.554896,0,79.551481,0,1435.475265,0,79.576122,0,3261.862772,0,79.986244,0
16895,0.318736,5,6,0,2.791143,0,38.858913,0,9.057229,0,38.859309,0,1.488022,0,38.859706,0,5.381873,0,38.859892,0
16896,0.769051,5,1,0,1168.951459,0,79.762641,0,5786.593101,0,79.551486,0,1463.817236,0,79.576124,0,3326.264872,0,79.98624,0
16897,0.438068,5,6,0,0,0,38.859999,0,0,0,38.859999,0,0,0,38.859999,0,0,0,38.859999,0
16898,0.73404,5,1,0,1035.984697,0,79.81637,0,5487.199225,0,79.561484,0,1448.960619,0,79.519409,0,3238.414253,0,79.985263,0
16899,0.341217,5,6,0,0,0,38.860001,0,0,0,38.860001,0,0,0,38.860001,0,0,0,38.860001,0
16900,1.081251,5,1,0,1535.577661,0,79.812353,0,8111.729863,0,79.556019,0,2138.484917,0,79.516177,0,4789.024564,0,79.985059,0
16901,0.397364,5,6,0,3.51279,0,38.858895,0,10.662354,0,38.859382,0,1.523958,0,38.859797,0,6.908183,0,38.859887,0
16903,0.089574,5,6,6,0,0.791853,38.859999,38.858894,0,2.403508,38.859999,38.859379,0,0.343531,38.859999,38.859798,0,1.557243,38.859999,38.859886
16904,0.073372,5,6,6,0.642515,0.64863,38.858913,38.858893,2.084955,1.968782,38.859309,38.859381,0.34254,0.281396,38.859706,38.859798,1.238896,1.275582,38.85989,38.859885
16905,0.353733,3,3,3,482.856552,536.655645,38.333027,26.356482,1585.102058,1783.090413,39.509136,28.055342,566.924525,578.356286,37.62986,26.188744,726.507225,672.813171,41.582465,31.230772
16906,1.051391,5,4,4,146.451365,272.861799,33.823416,37.341744,362.617671,377.745677,33.848287,37.466882,187.907609,89.469629,33.805443,37.469501,177.255257,161.602576,33.86151,37.483472
16911,0.135114,2,6,6,91.039334,91.07726,35.098398,35.095708,235.98129,205.330248,37.205043,37.576792,83.911395,79.627596,35.903473,36.164213,103.36985,90.690869,38.707978,38.741341
16912,0.020362,2,6,0,13.725316,0,35.095705,0,30.943207,0,37.576787,0,11.999855,0,36.164211,0,13.667087,0,38.74134,0
16913,0.015921,2,3,3,54.765218,54.866129,37.572239,37.544634,153.893465,145.748223,42.135702,42.611993,58.586648,59.743295,37.417176,37.117842,81.450024,74.004136,46.789574,46.914511
16916,0.069982,2,3,0,240.728693,0,37.572239,0,676.46171,0,42.135701,0,257.526359,0,37.417176,0,358.025745,0,46.789577,0
16917,0.325656,2,3,0,234.882803,0,29.259284,0,717.068009,0,29.843466,0,268.321287,0,29.044794,0,359.057033,0,30.450208,0
16919,0.089751,2,3,0,309.300135,0,37.544636,0,821.635239,0,42.611994,0,336.794478,0,37.117843,0,417.187971,0,46.914514,0
16920,0.395501,2,3,0,218.2568,0,38.959158,0,770.954561,0,39.131464,0,356.091994,0,38.113225,0,523.419141,0,39.543628,0
16921,0.440344,2,3,0,1271.719955,0,29.836972,0,3398.093587,0,36.110292,0,1223.951601,0,31.474755,0,1670.018937,0,42.009332,0
16922,0.119896,2,1,0,603.243544,0,66.099896,0,1876.203004,0,69.183853,0,909.152257,0,56.388726,0,1006.114064,0,71.150289,0
16923,0.302822,2,6,0,164.800895,0,36.269459,0,694.518405,0,36.16083,0,405.823911,0,28.677678,0,426.369996,0,38.379683,0
16924,0.036794,2,3,3,48.127196,76.298799,36.330037,32.517711,189.854777,276.472845,36.569559,33.829877,70.94346,112.174515,33.849718,28.136084,104.050177,121.662137,39.203705,39.051633
16925,0.238726,3,3,3,343.42178,374.175824,43.253885,35.285442,1140.875989,1266.442968,44.603755,36.545615,398.993394,415.122924,42.513027,34.921603,517.422775,488.26122,47.255596,39.301162
16927,1.184866,3,7,7,205.725783,425.002969,47.234875,38.863053,1634.005505,1840.40865,46.469831,38.682788,581.080083,343.425157,45.58797,39.572566,884.745808,609.441389,47.404469,40.450356
16928,0.022118,2,4,4,8.940465,15.579238,5.593651,31.882497,33.257833,34.208532,5.69643,34.450861,18.166157,9.754505,4.26611,34.191211,20.954181,13.809223,6.059343,35.602415
16930,0.149047,2,3,3,259.737404,199.221538,34.251306,36.202722,763.554305,738.646936,36.60816,36.780474,251.074707,274.486578,35.008765,34.26836,318.356173,368.202262,39.386919,39.303901
16931,0.533104,2,3,3,1254.762698,779.50203,35.581922,41.434256,3480.242973,3192.21198,37.930518,41.455538,1330.513466,1407.240346,35.570231,38.110035,1491.09274,1790.449677,40.035718,43.283805
16937,0.039476,2,0,3,0,98.217466,0,38.128307,0,325.682425,0,39.813628,0,151.593601,0,33.702833,0,161.804673,0,43.139863
16939,0.035562,2,3,0,126.666914,0,33.963197,0,306.092095,0,39.525899,0,115.690142,0,35.90633,0,108.888032,0,43.334439,0
16940,0.111425,2,3,3,449.8844,366.091564,29.153363,31.888806,1293.264009,1177.68383,33.547566,34.410583,411.14754,420.466742,31.166292,30.878855,723.723884,804.82443,38.661129,38.446716
16943,0.096955,2,3,3,332.468639,269.21495,21.582997,33.693514,865.953564,824.666344,25.087907,36.02009,305.562612,316.552866,22.915753,32.613776,368.683937,407.907677,27.731435,39.210525
16946,0.446224,2,3,0,1434.354657,0,28.980889,0,3456.810613,0,36.876938,0,1299.970639,0,31.700336,0,1122.400433,0,43.20627,0
16948,0.443603,2,0,3,0,1004.557439,0,34.622862,0,3220.808169,0,37.547873,0,1479.602918,0,29.351611,0,1582.415801,0,42.841759
16951,0.117469,2,7,0,66.08482,0,42.812551,0,242.697691,0,42.964151,0,124.678295,0,41.322388,0,159.103446,0,43.477783,0
16953,0.065212,2,3,3,73.360033,65.374294,29.711165,20.112692,264.361131,176.806378,30.144399,20.723364,89.771663,54.195995,29.119309,20.526394,135.090778,79.151512,31.551162,21.156384
16954,0.138939,2,7,0,159.636469,0,40.693174,0,347.613019,0,42.691064,0,89.093752,0,42.69659,0,150.565715,0,43.519922,0
16955,0.518322,2,1,0,3088.088755,0,67.737624,0,13301.25201,0,67.185155,0,6393.160381,0,46.730818,0,9526.488427,0,70.922652,0
16958,0.196612,2,6,0,103.247432,0,38.17728,0,272.104492,0,38.564593,0,76.552526,0,38.510055,0,111.394164,0,38.836901,0
16959,0.650321,2,1,0,6774.643966,0,52.534227,0,17744.892526,0,66.297931,0,5213.735141,0,63.717366,0,9594.507921,0,71.070358,0
16960,0.217156,2,6,0,296.022721,0,35.023475,0,897.465562,0,36.6179,0,262.995947,0,36.031948,0,537.657738,0,38.482866,0
16961,0.634272,2,1,0,6712.025649,0,51.774205,0,17361.032446,0,66.248312,0,5597.577686,0,61.175088,0,9116.760484,0,71.081558,0
16962,0.366458,1,6,0,721.798827,0,31.841226,0,1968.705514,0,35.302117,0,510.980539,0,35.244445,0,864.154883,0,38.515924,0
16963,0.177949,1,1,0,1842.645612,0,50.1488,0,5704.249235,0,61.591984,0,2144.169712,0,44.993295,0,3329.409647,0,70.84447,0
16964,0.086757,2,4,4,36.838931,87.552883,34.137351,9.878838,145.443275,175.530638,34.252479,14.291831,109.046939,47.565201,26.987976,14.102473,92.087831,62.979195,35.433769,15.909094
16965,0.281728,2,4,4,21.370961,94.773616,25.820998,24.882437,71.571073,165.224931,25.836683,25.700088,99.550225,57.27062,24.898421,25.557683,22.469488,18.650002,25.865472,25.86584
16966,0.215075,2,4,4,8.977873,70.146849,23.819951,22.938697,50.159185,115.503211,23.809205,23.701725,100.935782,30.311913,22.152211,23.696033,24.834958,22.148919,23.830105,23.830559
16967,0.1096,2,4,4,14.162995,11.547641,35.53034,17.990162,34.685019,37.820414,35.636596,18.015853,14.133888,33.675156,35.548317,17.45891,14.684837,14.567726,35.694743,18.053915
16969,0.074627,2,4,4,12.78281,10.010605,14.499746,35.517931,39.84689,42.289878,14.573851,35.508894,14.865391,29.681497,14.4625,34.45067,18.558466,17.581628,14.654357,35.684645
16970,1.225405,5,4,4,278.518207,318.411705,41.174294,35.572123,824.746351,886.184882,41.386326,35.976926,252.779082,350.717335,41.289656,35.510321,397.037577,414.242458,41.606356,36.276382
16971,1.503006,5,3,3,503.933279,1579.810484,37.441109,38.723325,2600.900664,3350.71681,37.328367,39.973299,1686.020567,778.121359,35.743338,40.062892,2320.219818,1640.196688,37.53967,40.429424
16972,0.082111,1,5,5,7.296293,27.98832,11.33819,10.750863,68.106565,71.585144,11.170038,11.147111,24.974675,20.127615,10.939389,11.099396,45.217032,27.490886,11.341285,11.362239
16973,0.070283,1,4,4,23.828157,7.098309,18.849334,10.591685,65.218604,65.529877,19.174093,10.410333,16.150701,28.523283,19.193565,9.9538,35.501731,43.383814,19.421363,10.596116
16974,0.163751,1,5,5,12.678481,71.160561,12.814396,13.230936,157.191315,168.903852,12.364799,13.980848,57.69098,43.731136,11.80466,13.975667,107.844231,53.406833,12.778191,14.331932
16975,0.062083,1,4,4,15.243357,7.778607,9.777155,19.365347,48.300185,50.675913,9.886581,19.235206,12.940366,21.497334,9.873256,18.888571,26.73978,26.630186,10.014226,19.431664
16977,0.093498,1,4,4,55.277849,25.545657,8.272806,13.442021,159.384294,121.289765,9.875014,13.290066,45.947134,53.64911,9.445013,12.096723,59.773167,76.853412,11.525138,13.787272
16978,0.15959,1,3,3,442.11182,349.222263,23.2249,20.899903,1876.913294,1756.227392,23.000627,19.806846,609.002033,602.514177,21.001794,17.619002,954.830374,1144.93028,27.097878,22.803941
16979,0.249248,1,4,4,39.5911,9.55212,15.633801,15.759211,150.657844,134.82538,15.653393,15.676169,35.20624,49.393585,15.673314,15.581509,36.801013,63.168842,15.764181,15.758869
16980,0.085562,1,4,4,5.977142,9.402101,11.548419,11.5179,59.320381,61.588754,11.444312,11.434018,18.303455,16.766686,11.385578,11.416697,34.1553,27.916127,11.552781,11.557813
16981,0.092597,1,4,4,29.599798,7.563162,11.444168,10.160277,136.159254,118.22753,11.315934,9.426658,34.599415,43.68973,11.331076,8.570166,51.833516,82.539094,11.904547,10.071647
16982,0.160604,1,4,4,85.299058,21.293357,18.085234,14.185701,391.97811,346.417125,17.793742,12.845965,97.980001,125.772842,17.873914,11.56223,153.813066,235.771385,19.330329,14.010243
16983,0.100147,1,4,4,61.291813,13.127403,17.698658,12.217999,173.484975,171.261981,18.554174,11.436188,43.573398,57.48731,18.591997,10.831314,61.502978,111.696307,19.404045,12.158606
16984,0.198415,1,4,4,121.433828,26.008544,13.107292,19.356911,343.715471,339.311186,14.101119,18.575104,86.329384,113.896192,14.143789,18.034509,121.852195,221.297255,14.990523,19.287182
16985,0.337121,1,4,4,31.779532,266.348219,16.538907,13.574238,589.563398,422.627319,15.628689,16.088022,228.278976,100.511761,14.513467,16.159537,409.553547,183.019489,16.396323,16.548917
16986,0.155179,1,4,4,24.990172,221.393846,12.429659,7.052348,431.881997,584.694017,9.001106,10.268397,158.209309,150.136139,6.604912,10.277168,297.941219,109.450632,11.893243,14.082969
16987,0.16269,1,4,4,8.763923,17.33604,12.812609,14.265762,107.818692,112.892625,12.637749,14.17908,38.418571,33.545833,12.437054,14.129701,63.534482,52.101367,12.807697,14.309416
16988,0.07421,1,4,4,0.24699,1.186541,10.891643,10.890847,1.922459,2.269476,10.891552,10.891502,3.436096,2.546311,10.885018,10.888115,0.446759,0.643031,10.891676,10.891673
16989,0.089646,1,4,4,48.222116,19.902614,8.544379,13.338996,119.797373,106.147739,10.304396,13.137685,37.212539,54.437795,9.808773,11.648393,49.547022,64.469343,11.285304,13.548436
16990,0.253171,1,4,4,4.229641,3.83451,15.811956,15.812222,28.051361,30.833154,15.809599,15.808805,7.463585,8.176637,15.80933,15.808513,3.444868,5.78278,15.813457,15.813409
16991,0.181633,1,4,4,16.403125,11.617772,16.212454,14.510312,47.747605,60.715099,16.235138,14.490501,17.29905,48.905365,16.212817,13.942243,28.59836,31.101057,16.254026,14.53503
16992,0.089237,1,4,4,5.079364,10.065715,12.707047,12.662691,20.450722,25.212004,12.707672,12.700494,21.073338,20.785157,12.470121,12.477424,17.854319,19.283328,12.71681,12.716154
16993,0.090686,1,4,4,25.248682,43.804389,12.403594,11.530874,201.230895,156.44225,11.22037,11.852423,53.080292,40.533795,11.139219,11.837401,126.934269,83.876995,12.572518,12.711392
16994,0.06783,1,4,4,9.273663,1.589418,11.128795,11.206057,13.591365,14.01353,11.199366,11.198793,4.635993,14.003432,11.192302,11.036273,10.093984,15.214983,11.206127,11.203732
16995,0.058638,1,3,3,76.188212,120.294793,22.718291,13.763125,351.096631,370.285391,22.236224,15.206357,135.79364,111.133145,19.69321,14.513731,264.444458,188.101538,24.247496,17.156093
16996,0.055678,1,4,4,15.367689,26.972445,9.772813,8.98892,110.904436,88.644866,8.992177,9.409347,32.222757,26.463015,8.682034,9.151428,59.517281,50.643979,10.003373,10.036408
16997,0.032739,1,4,4,24.983743,6.506045,19.303512,5.436947,58.968455,58.717721,21.114925,4.510221,16.784365,20.61743,20.8928,3.692877,21.475062,36.650592,22.152602,5.495139
16998,0.046441,1,4,4,5.072568,21.402428,22.141618,8.176119,68.927738,56.19337,21.444527,8.761637,21.956422,14.527329,21.072993,8.757359,37.620308,25.638172,22.117064,9.101321
16999,0.118173,1,3,3,144.230586,249.904927,11.820899,16.183146,696.764641,751.459481,11.123203,17.969406,272.736169,222.35113,8.48126,17.26574,540.394064,370.840107,13.162177,20.253207
17000,0.069753,1,4,4,1.072972,1.752154,11.362403,11.361033,12.355896,4.722099,11.356526,11.362289,3.434641,2.140752,11.355331,11.360284,9.061302,9.690253,11.361833,11.361632
17001,0.06864,1,4,4,34.955509,3.831438,9.945604,11.262362,62.870391,63.768343,11.044162,11.036961,15.723519,32.71155,11.057653,10.239846,22.179217,30.709749,11.264789,11.255681
17002,0.050777,1,4,4,5.60768,5.51786,22.139859,9.56646,32.373009,35.954353,22.063761,9.492661,9.539292,9.728731,22.01658,9.478837,24.532864,28.123368,22.184443,9.583593
17003,0.090694,1,4,4,6.038466,9.858464,12.789583,12.754762,49.600004,55.854866,12.725945,12.701964,28.538682,14.691401,12.343716,12.696654,29.536596,40.030713,12.798035,12.788585
17004,0.069666,1,3,3,207.071399,159.691152,15.839073,17.250844,627.284024,628.581397,17.453051,17.4445,193.5714,221.530554,16.581741,15.771712,254.618696,366.282577,19.555859,19.38351
17005,0.117964,1,4,4,12.930029,19.255931,12.163141,14.060973,104.300368,91.205789,11.850561,14.013211,46.594509,25.955247,10.931151,13.968624,51.376532,57.748418,12.22249,14.171899
17006,0.057512,1,4,4,31.245464,7.589443,8.862248,22.105763,71.099435,75.818244,9.878333,21.597457,19.02971,24.482691,9.840831,21.272237,25.92936,39.73166,10.275702,22.145136
17007,0.0376,1,4,4,6.111751,11.800559,6.10804,21.620113,39.537064,45.561925,5.848059,21.688051,14.107888,13.411031,5.435058,21.535753,30.521506,24.775242,6.173884,22.151978
17010,0.309004,4,4,4,508.916608,450.788603,51.980946,53.312478,1184.230715,1037.971292,56.52065,57.084922,487.974969,408.487118,53.087378,54.696952,586.062377,572.923646,58.854035,58.866872
17011,0.074219,1,4,4,67.400308,9.482572,7.416525,10.827216,173.598131,158.336795,9.372939,9.62383,40.988665,55.246023,9.60688,8.629419,47.991504,109.110438,10.853871,10.667296
17012,0.072904,1,4,4,23.54506,5.091452,10.330863,10.788695,54.73748,53.584574,10.66722,10.673475,14.042561,26.621708,10.667919,10.259889,23.987541,34.888763,10.797373,10.786394
17013,0.246325,1,5,5,0,0,15.731556,15.731556,0,0,15.731556,15.731556,0,0,15.731556,15.731556,0,0,15.731556,15.731556
17014,0.168678,1,4,4,0.561405,2.696986,14.45649,14.455315,4.369714,5.158476,14.45635,14.456275,7.810181,5.787718,14.447409,14.451536,1.015475,1.461598,14.456543,14.456538
17015,0.081249,1,5,5,0,0,11.323645,11.323645,0,0,11.323645,11.323645,0,0,11.323645,11.323645,0,0,11.323645,11.323645
17016,0.162584,1,5,5,0,0,12.82735,14.318541,0,0,12.82735,14.318541,0,0,12.82735,14.318541,0,0,12.82735,14.318541
17017,0.14541,3,3,3,308.564586,532.993569,30.391197,34.281963,908.698159,1133.616484,31.783729,40.465123,576.694042,284.395042,25.438164,40.598849,547.633457,402.74789,33.121896,43.400588
17018,0.029766,2,3,3,65.398517,32.75831,31.8523,37.201405,198.399087,69.854672,34.872294,38.916305,103.676825,19.737469,25.964572,38.775632,112.562987,31.430394,38.881145,39.580674
17019,0.283014,2,6,0,667.380701,0,27.245403,0,1723.337979,0,31.652654,0,420.120357,0,32.002419,0,610.113703,0,35.433077,0
17020,0.752649,4,4,4,423.403879,1283.031013,39.9462,41.055018,2234.877939,2582.621164,36.062092,55.769629,1332.520536,389.533288,15.539667,60.544163,1144.933608,918.151877,45.530351,63.118513
17021,0.450147,3,4,4,251.979656,129.557704,44.375752,35.217532,496.899657,481.570344,46.724863,35.385769,154.801404,385.712456,46.37089,29.401385,235.321343,307.883117,47.464172,35.992985
17022,0.570781,3,4,4,601.491317,261.989403,26.637006,34.316902,863.208604,720.911373,35.100255,35.527596,361.101419,648.165933,32.858732,26.363596,413.737369,503.389679,36.381311,36.318982
17023,0.556639,2,3,3,293.49931,566.349319,42.902321,31.103104,1471.579433,1886.199733,42.593031,31.945447,602.303202,484.179686,41.24199,31.951043,835.145722,983.038943,43.451652,33.379541
17024,0.246694,2,6,0,154.837321,0,37.908674,0,562.562773,0,38.106103,0,185.15906,0,37.668817,0,216.339354,0,38.807069,0
17025,0.697706,2,2,0,1757.896615,0,41.456824,0,3369.983533,0,45.969165,0,1547.440051,0,43.0909,0,1595.792153,0,47.383182,0
17026,0.225756,2,1,0,1221.673816,0,60.196277,0,4255.776941,0,61.146996,0,2084.79274,0,52.357492,0,3200.444043,0,62.301043,0
17027,0.488326,2,1,0,4387.204634,0,51.459967,0,10442.347953,0,60.480582,0,2794.696292,0,60.20501,0,4946.758834,0,62.369136,0
17028,0.295891,2,6,0,613.756009,0,20.3705,0,1696.082158,0,27.261591,0,386.490548,0,29.039733,0,720.665446,0,37.529529,0
17029,0.356483,2,1,0,2463.263349,0,50.649374,0,5579.616139,0,60.631811,0,1574.520812,0,59.984805,0,2742.941422,0,62.367749,0
17030,0.157749,2,1,0,694.045322,0,59.517105,0,2288.282464,0,61.032899,0,1133.2056,0,51.243598,0,1684.325698,0,62.299589,0
17031,0.362632,2,6,0,366.914338,0,31.541086,0,1575.787779,0,31.054022,0,743.807822,0,21.623841,0,1268.972739,0,36.298182,0
17032,0.230353,2,1,0,1013.477149,0,59.517105,0,3341.456118,0,61.0329,0,1654.759342,0,51.243603,0,2459.530455,0,62.29959,0
17033,0.049612,2,6,0,44.453823,0,32.815404,0,184.115728,0,32.758632,0,95.621167,0,22.749222,0,172.791646,0,36.319594,0
17034,0.060068,2,6,0,6.954957,0,38.713885,0,38.102729,0,38.609305,0,7.43458,0,38.711224,0,0.991386,0,38.859896,0
17035,0.054384,2,6,0,66.112084,0,29.242981,0,153.367485,0,34.991779,0,31.285146,0,36.277167,0,0,0,38.859999,0
17036,0.049518,2,6,0,42.516696,0,33.217587,0,144.198005,0,34.774175,0,36.19409,0,34.939046,0,120.604663,0,37.529529,0
17038,0.042763,2,3,3,73.688428,122.649487,34.350071,28.196395,307.414857,334.509705,34.235004,33.439981,124.784678,74.200106,28.803845,34.773226,259.901254,198.707517,37.80832,38.523267
17039,0.055384,2,3,3,86.864062,219.761968,38.617302,24.876543,330.637292,554.289295,39.239422,33.626743,140.398434,121.10431,33.845402,35.807178,310.267084,256.438648,41.853675,42.369132
17041,0.039413,2,6,0,9.059265,0,38.327707,0,54.687676,0,37.77478,0,10.833993,0,38.191563,0,73.310897,0,38.05172,0
17042,0.049982,2,6,0,7.736282,0,38.607068,0,60.922536,0,38.006444,0,19.145468,0,37.623074,0,23.77096,0,38.798252,0
17043,0.37188,2,6,0,143.037227,0,37.475733,0,969.275851,0,35.48284,0,244.66924,0,35.589774,0,868.577458,0,37.62811,0
17044,0.419831,2,1,0,1847.117813,0,52.095564,0,6089.987448,0,57.170662,0,3015.88986,0,33.032658,0,4482.629449,0,61.991996,0
17045,0.404809,2,1,0,2797.194249,0,32.043071,0,6336.013639,0,55.759722,0,1787.969833,0,53.589022,0,3114.786722,0,62.268512,0
17046,0.379431,2,6,0,259.543984,0,34.999898,0,999.070114,0,35.422742,0,269.476049,0,35.127483,0,686.423833,0,38.092459,0
17047,0.037615,2,6,0,25.730133,0,34.999901,0,99.043741,0,35.422744,0,26.714758,0,35.127487,0,68.049263,0,38.092459,0
17048,0.053491,2,6,0,0,0,38.860001,0,0,0,38.860001,0,0,0,38.860001,0,0,0,38.860001,0
17049,0.155941,2,3,3,654.6175,384.306374,23.725979,33.423032,1760.194556,1492.804462,31.761076,34.261726,383.85335,695.869742,34.262115,23.644726,804.230622,1208.852126,42.09898,40.470067
17050,0.217761,2,3,3,581.397588,370.090097,29.272207,34.469522,1569.77992,1492.551608,34.21038,34.644805,361.154428,623.256633,35.128692,29.091203,746.991462,1195.031175,39.009051,38.120545
17051,1.191319,2,6,0,401.153484,0,37.776228,0,839.165039,0,38.554521,0,937.519385,0,34.415879,0,195.850716,0,38.851784,0
17052,0.550954,2,1,0,2795.952837,0,65.957135,0,9998.064929,0,67.892162,0,4654.325965,0,51.515909,0,7720.057438,0,70.906504,0
17053,0.193278,5,4,4,9.265981,16.461153,50.727655,28.339876,45.071452,51.553811,50.716735,28.362001,19.646705,12.039623,50.647393,28.367176,37.86495,26.090941,50.744742,28.387511
17054,1.747065,5,4,4,485.890786,1012.263934,54.171829,51.192923,2317.887417,2685.561799,53.852638,53.429323,998.718201,570.125729,51.682187,53.958702,1974.829442,1404.412852,54.746281,54.934963
17055,0.394753,4,3,3,127.081164,169.156308,48.246941,32.637182,270.102902,566.98435,48.428408,32.762383,102.772622,208.776239,48.348423,32.501644,215.680541,320.457254,48.480923,32.966881
17056,1.558902,4,3,3,228.855246,779.192665,46.950694,42.779914,1963.530502,2268.298475,46.785131,43.057912,880.415118,425.127078,46.374794,43.189678,1444.782958,866.056061,46.953189,43.324984
17057,0.382921,4,4,4,375.050906,483.248197,40.68809,37.000731,866.95972,1030.952542,45.578853,44.53296,342.936299,246.845552,42.347245,44.999716,675.231415,472.734443,47.69522,48.088337
17058,0.047482,2,0,3,0,149.267557,0,35.626705,0,493.802743,0,37.990535,0,212.146521,0,31.332293,0,319.313319,0,42.440354
17059,0.24496,2,6,0,215.344829,0,30.314684,0,768.965955,0,31.43943,0,277.412849,0,28.381612,0,773.509338,0,33.740923,0
17060,0.046649,2,3,0,201.386064,0,30.946601,0,530.315309,0,37.110432,0,182.42669,0,33.43616,0,250.255792,0,42.838087,0
17061,0.236784,2,6,0,261.082754,0,28.039409,0,857.487126,0,30.310934,0,236.157048,0,29.68692,0,674.673462,0,34.072561,0
17063,0.230892,2,6,0,80.218741,0,34.645191,0,198.674291,0,35.291016,0,78.485389,0,34.788459,0,126.202681,0,35.62614,0
17065,0.228612,2,6,0,51.09883,0,35.235954,0,226.250665,0,35.16834,0,115.396541,0,33.821594,0,121.546345,0,35.629913,0
