ID,Length,ATYPE,AB LINKCLASS,BA LINKCLASS,AM_AB_VHT,AM_BA_VHT,AM_AB_Spd,AM_BA_Spd,MD_AB_VHT,MD_BA_VHT,MD_AB_Spd,MD_BA_Spd,PM_AB_VHT,PM_BA_VHT,PM_AB_Spd,PM_BA_Spd,NT_AB_VHT,NT_BA_VHT,NT_AB_Spd,NT_BA_Spd
0,0.396992,9,9,9,0,0,0,0,0,0,0,0,0,0,0,0,0,0,0,0
0,0.448736,9,9,9,0,0,0,0,0,0,0,0,0,0,0,0,0,0,0,0
0,0.542175,9,9,9,0,0,0,0,0,0,0,0,0,0,0,0,0,0,0,0
0,2.380099,9,9,9,0,0,0,0,0,0,0,0,0,0,0,0,0,0,0,0
0,7.819675,9,9,9,0,0,0,0,0,0,0,0,0,0,0,0,0,0,0,0
0,4.807431,9,9,9,0,0,0,0,0,0,0,0,0,0,0,0,0,0,0,0
0,4.870907,9,9,9,0,0,0,0,0,0,0,0,0,0,0,0,0,0,0,0
0,4.164433,9,9,9,0,0,0,0,0,0,0,0,0,0,0,0,0,0,0,0
0,4.522105,9,9,9,0,0,0,0,0,0,0,0,0,0,0,0,0,0,0,0
0,4.909212,9,9,9,0,0,0,0,0,0,0,0,0,0,0,0,0,0,0,0
0,7.055886,9,9,9,0,0,0,0,0,0,0,0,0,0,0,0,0,0,0,0
0,7.556414,9,9,9,0,0,0,0,0,0,0,0,0,0,0,0,0,0,0,0
0,20.832834,9,9,9,0,0,0,0,0,0,0,0,0,0,0,0,0,0,0,0
0,4.116212,9,9,9,0,0,0,0,0,0,0,0,0,0,0,0,0,0,0,0
0,5.173408,9,9,9,0,0,0,0,0,0,0,0,0,0,0,0,0,0,0,0
0,8.369906,9,9,9,0,0,0,0,0,0,0,0,0,0,0,0,0,0,0,0
0,0.727904,9,9,9,0,0,0,0,0,0,0,0,0,0,0,0,0,0,0,0
0,0.502165,9,9,9,0,0,0,0,0,0,0,0,0,0,0,0,0,0,0,0
0,7.428721,9,9,9,0,0,0,0,0,0,0,0,0,0,0,0,0,0,0,0
0,2.404316,9,9,9,0,0,0,0,0,0,0,0,0,0,0,0,0,0,0,0
0,4.869165,9,9,9,0,0,0,0,0,0,0,0,0,0,0,0,0,0,0,0
0,2.644794,9,9,9,0,0,0,0,0,0,0,0,0,0,0,0,0,0,0,0
0,5.783905,9,9,9,0,0,0,0,0,0,0,0,0,0,0,0,0,0,0,0
0,1.32987,9,9,9,0,0,0,0,0,0,0,0,0,0,0,0,0,0,0,0
0,0.998951,9,9,9,0,0,0,0,0,0,0,0,0,0,0,0,0,0,0,0
0,8.538412,9,9,9,0,0,0,0,0,0,0,0,0,0,0,0,0,0,0,0
0,1.517422,9,9,9,0,0,0,0,0,0,0,0,0,0,0,0,0,0,0,0
0,5.268989,9,9,9,0,0,0,0,0,0,0,0,0,0,0,0,0,0,0,0
0,4.728331,9,9,9,0,0,0,0,0,0,0,0,0,0,0,0,0,0,0,0
0,0.481218,9,9,9,0,0,0,0,0,0,0,0,0,0,0,0,0,0,0,0
0,1.092422,9,9,9,0,0,0,0,0,0,0,0,0,0,0,0,0,0,0,0
0,1.523029,9,9,9,0,0,0,0,0,0,0,0,0,0,0,0,0,0,0,0
0,1.568322,9,9,9,0,0,0,0,0,0,0,0,0,0,0,0,0,0,0,0
0,0.643755,9,9,9,0,0,0,0,0,0,0,0,0,0,0,0,0,0,0,0
0,1.415203,9,9,9,0,0,0,0,0,0,0,0,0,0,0,0,0,0,0,0
0,2.114981,9,9,9,0,0,0,0,0,0,0,0,0,0,0,0,0,0,0,0
0,2.783674,9,9,9,0,0,0,0,0,0,0,0,0,0,0,0,0,0,0,0
0,1.641832,9,9,9,0,0,0,0,0,0,0,0,0,0,0,0,0,0,0,0
0,1.698661,9,9,9,0,0,0,0,0,0,0,0,0,0,0,0,0,0,0,0
0,1.113689,9,9,9,0,0,0,0,0,0,0,0,0,0,0,0,0,0,0,0
0,0.466582,9,9,9,0,0,0,0,0,0,0,0,0,0,0,0,0,0,0,0
0,1.111596,9,9,9,0,0,0,0,0,0,0,0,0,0,0,0,0,0,0,0
0,1.376137,9,9,9,0,0,0,0,0,0,0,0,0,0,0,0,0,0,0,0
0,0.799759,9,9,9,0,0,0,0,0,0,0,0,0,0,0,0,0,0,0,0
0,0.725519,9,9,9,0,0,0,0,0,0,0,0,0,0,0,0,0,0,0,0
0,0.638538,9,9,9,0,0,0,0,0,0,0,0,0,0,0,0,0,0,0,0
0,0.489693,9,9,9,0,0,0,0,0,0,0,0,0,0,0,0,0,0,0,0
0,0.508859,9,9,9,0,0,0,0,0,0,0,0,0,0,0,0,0,0,0,0
0,0.496383,9,9,9,0,0,0,0,0,0,0,0,0,0,0,0,0,0,0,0
0,0.556024,9,9,9,0,0,0,0,0,0,0,0,0,0,0,0,0,0,0,0
0,0.577892,9,9,9,0,0,0,0,0,0,0,0,0,0,0,0,0,0,0,0
0,0.351339,9,9,9,0,0,0,0,0,0,0,0,0,0,0,0,0,0,0,0
0,1.199818,9,9,9,0,0,0,0,0,0,0,0,0,0,0,0,0,0,0,0
0,0.972056,9,9,9,0,0,0,0,0,0,0,0,0,0,0,0,0,0,0,0
0,2.737705,9,9,9,0,0,0,0,0,0,0,0,0,0,0,0,0,0,0,0
0,3.025875,9,9,9,0,0,0,0,0,0,0,0,0,0,0,0,0,0,0,0
0,0.984647,9,9,9,0,0,0,0,0,0,0,0,0,0,0,0,0,0,0,0
0,5.058091,9,9,9,0,0,0,0,0,0,0,0,0,0,0,0,0,0,0,0
0,4.735188,9,9,9,0,0,0,0,0,0,0,0,0,0,0,0,0,0,0,0
0,5.159844,9,9,9,0,0,0,0,0,0,0,0,0,0,0,0,0,0,0,0
0,4.75341,9,9,9,0,0,0,0,0,0,0,0,0,0,0,0,0,0,0,0
0,2.552597,9,9,9,0,0,0,0,0,0,0,0,0,0,0,0,0,0,0,0
0,2.454192,9,9,9,0,0,0,0,0,0,0,0,0,0,0,0,0,0,0,0
0,2.238604,9,9,9,0,0,0,0,0,0,0,0,0,0,0,0,0,0,0,0
0,1.148462,9,9,9,0,0,0,0,0,0,0,0,0,0,0,0,0,0,0,0
0,0.990881,9,9,9,0,0,0,0,0,0,0,0,0,0,0,0,0,0,0,0
0,1.635669,9,9,9,0,0,0,0,0,0,0,0,0,0,0,0,0,0,0,0
0,0.984961,9,9,9,0,0,0,0,0,0,0,0,0,0,0,0,0,0,0,0
0,0.560311,9,9,9,0,0,0,0,0,0,0,0,0,0,0,0,0,0,0,0
0,2.947181,9,9,9,0,0,0,0,0,0,0,0,0,0,0,0,0,0,0,0
0,4.126845,9,9,9,0,0,0,0,0,0,0,0,0,0,0,0,0,0,0,0
0,1.501369,9,9,9,0,0,0,0,0,0,0,0,0,0,0,0,0,0,0,0
0,1.164439,9,9,9,0,0,0,0,0,0,0,0,0,0,0,0,0,0,0,0
0,1.941669,9,9,9,0,0,0,0,0,0,0,0,0,0,0,0,0,0,0,0
0,2.802755,9,9,9,0,0,0,0,0,0,0,0,0,0,0,0,0,0,0,0
0,0.978867,9,9,9,0,0,0,0,0,0,0,0,0,0,0,0,0,0,0,0
0,1.033665,9,9,9,0,0,0,0,0,0,0,0,0,0,0,0,0,0,0,0
0,1.024169,9,9,9,0,0,0,0,0,0,0,0,0,0,0,0,0,0,0,0
0,0.999077,9,9,9,0,0,0,0,0,0,0,0,0,0,0,0,0,0,0,0
0,0.501011,9,9,9,0,0,0,0,0,0,0,0,0,0,0,0,0,0,0,0
0,1.003506,9,9,9,0,0,0,0,0,0,0,0,0,0,0,0,0,0,0,0
0,0.459658,9,9,9,0,0,0,0,0,0,0,0,0,0,0,0,0,0,0,0
0,0.907968,9,9,9,0,0,0,0,0,0,0,0,0,0,0,0,0,0,0,0
0,1.568623,9,9,9,0,0,0,0,0,0,0,0,0,0,0,0,0,0,0,0
0,0.51355,9,9,9,0,0,0,0,0,0,0,0,0,0,0,0,0,0,0,0
0,1.005926,9,9,9,0,0,0,0,0,0,0,0,0,0,0,0,0,0,0,0
0,0.9988,9,9,9,0,0,0,0,0,0,0,0,0,0,0,0,0,0,0,0
0,0.65872,9,9,9,0,0,0,0,0,0,0,0,0,0,0,0,0,0,0,0
0,0.280899,9,9,9,0,0,0,0,0,0,0,0,0,0,0,0,0,0,0,0
0,0.269081,9,9,9,0,0,0,0,0,0,0,0,0,0,0,0,0,0,0,0
0,0.221609,9,9,9,0,0,0,0,0,0,0,0,0,0,0,0,0,0,0,0
0,0.285614,9,9,9,0,0,0,0,0,0,0,0,0,0,0,0,0,0,0,0
0,0.541947,9,9,9,0,0,0,0,0,0,0,0,0,0,0,0,0,0,0,0
0,1.343008,9,9,9,0,0,0,0,0,0,0,0,0,0,0,0,0,0,0,0
0,0.554684,9,9,9,0,0,0,0,0,0,0,0,0,0,0,0,0,0,0,0
0,0.496012,9,9,9,0,0,0,0,0,0,0,0,0,0,0,0,0,0,0,0
0,0.543913,9,9,9,0,0,0,0,0,0,0,0,0,0,0,0,0,0,0,0
0,0.14197,9,9,9,0,0,0,0,0,0,0,0,0,0,0,0,0,0,0,0
0,0.50255,9,9,9,0,0,0,0,0,0,0,0,0,0,0,0,0,0,0,0
0,0.257032,9,9,9,0,0,0,0,0,0,0,0,0,0,0,0,0,0,0,0
0,1.164787,9,9,9,0,0,0,0,0,0,0,0,0,0,0,0,0,0,0,0
0,0.806688,9,9,9,0,0,0,0,0,0,0,0,0,0,0,0,0,0,0,0
0,0.501851,9,9,9,0,0,0,0,0,0,0,0,0,0,0,0,0,0,0,0
0,0.797194,9,9,9,0,0,0,0,0,0,0,0,0,0,0,0,0,0,0,0
0,0.46909,9,9,9,0,0,0,0,0,0,0,0,0,0,0,0,0,0,0,0
0,0.494909,9,9,9,0,0,0,0,0,0,0,0,0,0,0,0,0,0,0,0
0,0.249074,9,9,9,0,0,0,0,0,0,0,0,0,0,0,0,0,0,0,0
0,0.295103,9,9,9,0,0,0,0,0,0,0,0,0,0,0,0,0,0,0,0
0,0.618445,9,9,9,0,0,0,0,0,0,0,0,0,0,0,0,0,0,0,0
0,0.477811,9,9,9,0,0,0,0,0,0,0,0,0,0,0,0,0,0,0,0
0,0.544835,9,9,9,0,0,0,0,0,0,0,0,0,0,0,0,0,0,0,0
0,0.500855,9,9,9,0,0,0,0,0,0,0,0,0,0,0,0,0,0,0,0
0,0.501365,9,9,9,0,0,0,0,0,0,0,0,0,0,0,0,0,0,0,0
0,0.743325,9,9,9,0,0,0,0,0,0,0,0,0,0,0,0,0,0,0,0
0,0.261244,9,9,9,0,0,0,0,0,0,0,0,0,0,0,0,0,0,0,0
0,0.201313,9,9,9,0,0,0,0,0,0,0,0,0,0,0,0,0,0,0,0
0,0.227904,9,9,9,0,0,0,0,0,0,0,0,0,0,0,0,0,0,0,0
0,0.299546,9,9,9,0,0,0,0,0,0,0,0,0,0,0,0,0,0,0,0
0,0.978822,9,9,9,0,0,0,0,0,0,0,0,0,0,0,0,0,0,0,0
0,1.056361,9,9,9,0,0,0,0,0,0,0,0,0,0,0,0,0,0,0,0
0,0.307232,9,9,9,0,0,0,0,0,0,0,0,0,0,0,0,0,0,0,0
0,0.206204,9,9,9,0,0,0,0,0,0,0,0,0,0,0,0,0,0,0,0
0,0.43113,9,9,9,0,0,0,0,0,0,0,0,0,0,0,0,0,0,0,0
0,0.750683,9,9,9,0,0,0,0,0,0,0,0,0,0,0,0,0,0,0,0
0,0.784101,9,9,9,0,0,0,0,0,0,0,0,0,0,0,0,0,0,0,0
0,0.538905,9,9,9,0,0,0,0,0,0,0,0,0,0,0,0,0,0,0,0
0,0.275971,9,9,9,0,0,0,0,0,0,0,0,0,0,0,0,0,0,0,0
0,0.271941,9,9,9,0,0,0,0,0,0,0,0,0,0,0,0,0,0,0,0
0,0.170726,9,9,9,0,0,0,0,0,0,0,0,0,0,0,0,0,0,0,0
0,0.227116,9,9,9,0,0,0,0,0,0,0,0,0,0,0,0,0,0,0,0
0,0.324853,9,9,9,0,0,0,0,0,0,0,0,0,0,0,0,0,0,0,0
0,0.354186,9,9,9,0,0,0,0,0,0,0,0,0,0,0,0,0,0,0,0
0,0.214533,9,9,9,0,0,0,0,0,0,0,0,0,0,0,0,0,0,0,0
0,0.538669,9,9,9,0,0,0,0,0,0,0,0,0,0,0,0,0,0,0,0
0,0.478072,9,9,9,0,0,0,0,0,0,0,0,0,0,0,0,0,0,0,0
0,1.657341,9,9,9,0,0,0,0,0,0,0,0,0,0,0,0,0,0,0,0
0,0.13789,9,9,9,0,0,0,0,0,0,0,0,0,0,0,0,0,0,0,0
0,0.281277,9,9,9,0,0,0,0,0,0,0,0,0,0,0,0,0,0,0,0
0,0.216092,9,9,9,0,0,0,0,0,0,0,0,0,0,0,0,0,0,0,0
0,0.393457,9,9,9,0,0,0,0,0,0,0,0,0,0,0,0,0,0,0,0
0,0.307375,9,9,9,0,0,0,0,0,0,0,0,0,0,0,0,0,0,0,0
0,14.901772,9,9,0,0,0,0,0,0,0,0,0,0,0,0,0,0,0,0,0
0,13.743797,9,9,0,0,0,0,0,0,0,0,0,0,0,0,0,0,0,0,0
0,4.850286,9,9,9,0,0,0,0,0,0,0,0,0,0,0,0,0,0,0,0
0,13.587596,9,9,9,0,0,0,0,0,0,0,0,0,0,0,0,0,0,0,0
0,0.691784,9,9,9,0,0,0,0,0,0,0,0,0,0,0,0,0,0,0,0
0,1.13057,9,9,9,0,0,0,0,0,0,0,0,0,0,0,0,0,0,0,0
0,0.469672,9,9,9,0,0,0,0,0,0,0,0,0,0,0,0,0,0,0,0
0,0.73846,9,9,9,0,0,0,0,0,0,0,0,0,0,0,0,0,0,0,0
0,10.495497,9,9,9,0,0,0,0,0,0,0,0,0,0,0,0,0,0,0,0
0,2.168651,9,9,9,0,0,0,0,0,0,0,0,0,0,0,0,0,0,0,0
0,0.9403,9,9,9,0,0,0,0,0,0,0,0,0,0,0,0,0,0,0,0
0,9.28658,9,9,9,0,0,0,0,0,0,0,0,0,0,0,0,0,0,0,0
0,0.66897,9,9,9,0,0,0,0,0,0,0,0,0,0,0,0,0,0,0,0
0,8.582654,9,9,9,0,0,0,0,0,0,0,0,0,0,0,0,0,0,0,0
0,6.261136,9,9,9,0,0,0,0,0,0,0,0,0,0,0,0,0,0,0,0
0,0.587081,9,9,9,0,0,0,0,0,0,0,0,0,0,0,0,0,0,0,0
0,1.410154,9,9,9,0,0,0,0,0,0,0,0,0,0,0,0,0,0,0,0
0,0.563769,9,9,9,0,0,0,0,0,0,0,0,0,0,0,0,0,0,0,0
0,0.232096,9,9,9,0,0,0,0,0,0,0,0,0,0,0,0,0,0,0,0
0,3.169404,9,9,9,0,0,0,0,0,0,0,0,0,0,0,0,0,0,0,0
0,2.446315,9,9,9,0,0,0,0,0,0,0,0,0,0,0,0,0,0,0,0
0,3.272188,9,9,9,0,0,0,0,0,0,0,0,0,0,0,0,0,0,0,0
0,3.744005,9,9,0,0,0,0,0,0,0,0,0,0,0,0,0,0,0,0,0
0,3.750124,9,9,0,0,0,0,0,0,0,0,0,0,0,0,0,0,0,0,0
0,2.58372,9,9,9,0,0,0,0,0,0,0,0,0,0,0,0,0,0,0,0
0,3.144017,9,9,9,0,0,0,0,0,0,0,0,0,0,0,0,0,0,0,0
0,0.812469,9,9,9,0,0,0,0,0,0,0,0,0,0,0,0,0,0,0,0
0,0.530807,9,9,9,0,0,0,0,0,0,0,0,0,0,0,0,0,0,0,0
0,2.198422,9,9,9,0,0,0,0,0,0,0,0,0,0,0,0,0,0,0,0
0,0.389187,9,9,9,0,0,0,0,0,0,0,0,0,0,0,0,0,0,0,0
0,0.319784,9,9,9,0,0,0,0,0,0,0,0,0,0,0,0,0,0,0,0
0,3.219794,9,9,9,0,0,0,0,0,0,0,0,0,0,0,0,0,0,0,0
0,0.887493,9,9,9,0,0,0,0,0,0,0,0,0,0,0,0,0,0,0,0
0,0.476421,9,9,9,0,0,0,0,0,0,0,0,0,0,0,0,0,0,0,0
0,0.767176,9,9,9,0,0,0,0,0,0,0,0,0,0,0,0,0,0,0,0
0,0.477158,9,9,9,0,0,0,0,0,0,0,0,0,0,0,0,0,0,0,0
0,0.602315,9,9,9,0,0,0,0,0,0,0,0,0,0,0,0,0,0,0,0
0,0.72179,9,9,9,0,0,0,0,0,0,0,0,0,0,0,0,0,0,0,0
0,0.478716,9,9,9,0,0,0,0,0,0,0,0,0,0,0,0,0,0,0,0
0,0.210456,9,9,9,0,0,0,0,0,0,0,0,0,0,0,0,0,0,0,0
0,2.994434,9,9,9,0,0,0,0,0,0,0,0,0,0,0,0,0,0,0,0
0,1.582968,9,9,9,0,0,0,0,0,0,0,0,0,0,0,0,0,0,0,0
0,1.70198,9,9,9,0,0,0,0,0,0,0,0,0,0,0,0,0,0,0,0
0,2.209726,9,9,9,0,0,0,0,0,0,0,0,0,0,0,0,0,0,0,0
0,0.598583,9,9,9,0,0,0,0,0,0,0,0,0,0,0,0,0,0,0,0
0,2.030642,9,9,9,0,0,0,0,0,0,0,0,0,0,0,0,0,0,0,0
0,0.770648,9,9,9,0,0,0,0,0,0,0,0,0,0,0,0,0,0,0,0
0,1.714137,9,9,9,0,0,0,0,0,0,0,0,0,0,0,0,0,0,0,0
0,0.123965,9,9,9,0,0,0,0,0,0,0,0,0,0,0,0,0,0,0,0
0,0.436132,9,9,9,0,0,0,0,0,0,0,0,0,0,0,0,0,0,0,0
0,0.524185,9,9,9,0,0,0,0,0,0,0,0,0,0,0,0,0,0,0,0
0,0.277981,9,9,9,0,0,0,0,0,0,0,0,0,0,0,0,0,0,0,0
0,0.453099,9,9,9,0,0,0,0,0,0,0,0,0,0,0,0,0,0,0,0
0,0.43374,9,9,9,0,0,0,0,0,0,0,0,0,0,0,0,0,0,0,0
0,0.468083,9,9,9,0,0,0,0,0,0,0,0,0,0,0,0,0,0,0,0
0,0.105576,9,9,9,0,0,0,0,0,0,0,0,0,0,0,0,0,0,0,0
0,0.125053,9,9,9,0,0,0,0,0,0,0,0,0,0,0,0,0,0,0,0
0,0.291488,9,9,9,0,0,0,0,0,0,0,0,0,0,0,0,0,0,0,0
0,1.585148,9,9,9,0,0,0,0,0,0,0,0,0,0,0,0,0,0,0,0
0,1.705966,9,9,9,0,0,0,0,0,0,0,0,0,0,0,0,0,0,0,0
0,1.288063,9,9,9,0,0,0,0,0,0,0,0,0,0,0,0,0,0,0,0
0,2.082969,9,9,9,0,0,0,0,0,0,0,0,0,0,0,0,0,0,0,0
0,1.087949,9,9,9,0,0,0,0,0,0,0,0,0,0,0,0,0,0,0,0
0,1.271447,9,9,9,0,0,0,0,0,0,0,0,0,0,0,0,0,0,0,0
0,1.190506,9,9,9,0,0,0,0,0,0,0,0,0,0,0,0,0,0,0,0
0,1.045335,9,9,9,0,0,0,0,0,0,0,0,0,0,0,0,0,0,0,0
0,0.34373,9,9,9,0,0,0,0,0,0,0,0,0,0,0,0,0,0,0,0
0,0.356418,9,9,9,0,0,0,0,0,0,0,0,0,0,0,0,0,0,0,0
0,0.505426,9,9,9,0,0,0,0,0,0,0,0,0,0,0,0,0,0,0,0
0,0.650225,9,9,9,0,0,0,0,0,0,0,0,0,0,0,0,0,0,0,0
0,0.46056,9,9,9,0,0,0,0,0,0,0,0,0,0,0,0,0,0,0,0
0,0.306325,9,9,9,0,0,0,0,0,0,0,0,0,0,0,0,0,0,0,0
0,0.664995,9,9,9,0,0,0,0,0,0,0,0,0,0,0,0,0,0,0,0
0,0.652287,9,9,9,0,0,0,0,0,0,0,0,0,0,0,0,0,0,0,0
0,0.662686,9,9,9,0,0,0,0,0,0,0,0,0,0,0,0,0,0,0,0
0,0.222213,9,9,9,0,0,0,0,0,0,0,0,0,0,0,0,0,0,0,0
0,0.191862,9,9,9,0,0,0,0,0,0,0,0,0,0,0,0,0,0,0,0
0,0.277921,9,9,9,0,0,0,0,0,0,0,0,0,0,0,0,0,0,0,0
0,0.625174,9,9,9,0,0,0,0,0,0,0,0,0,0,0,0,0,0,0,0
0,0.340947,9,9,9,0,0,0,0,0,0,0,0,0,0,0,0,0,0,0,0
0,0.247925,9,9,9,0,0,0,0,0,0,0,0,0,0,0,0,0,0,0,0
0,0.577736,9,9,9,0,0,0,0,0,0,0,0,0,0,0,0,0,0,0,0
0,0.185171,9,9,9,0,0,0,0,0,0,0,0,0,0,0,0,0,0,0,0
0,0.391313,9,9,9,0,0,0,0,0,0,0,0,0,0,0,0,0,0,0,0
0,0.233621,9,9,9,0,0,0,0,0,0,0,0,0,0,0,0,0,0,0,0
0,0.418304,9,9,9,0,0,0,0,0,0,0,0,0,0,0,0,0,0,0,0
0,1.346106,9,9,9,0,0,0,0,0,0,0,0,0,0,0,0,0,0,0,0
0,0.975627,9,9,9,0,0,0,0,0,0,0,0,0,0,0,0,0,0,0,0
0,0.25764,9,9,9,0,0,0,0,0,0,0,0,0,0,0,0,0,0,0,0
0,0.23998,9,9,9,0,0,0,0,0,0,0,0,0,0,0,0,0,0,0,0
0,0.566559,9,9,9,0,0,0,0,0,0,0,0,0,0,0,0,0,0,0,0
0,0.726356,9,9,9,0,0,0,0,0,0,0,0,0,0,0,0,0,0,0,0
0,0.116299,9,9,9,0,0,0,0,0,0,0,0,0,0,0,0,0,0,0,0
0,0.322451,9,9,9,0,0,0,0,0,0,0,0,0,0,0,0,0,0,0,0
0,0.37346,9,9,9,0,0,0,0,0,0,0,0,0,0,0,0,0,0,0,0
0,0.276979,9,9,9,0,0,0,0,0,0,0,0,0,0,0,0,0,0,0,0
0,0.422487,9,9,9,0,0,0,0,0,0,0,0,0,0,0,0,0,0,0,0
0,0.498704,9,9,9,0,0,0,0,0,0,0,0,0,0,0,0,0,0,0,0
0,1.012342,9,9,9,0,0,0,0,0,0,0,0,0,0,0,0,0,0,0,0
0,0.70542,9,9,9,0,0,0,0,0,0,0,0,0,0,0,0,0,0,0,0
0,0.852375,9,9,9,0,0,0,0,0,0,0,0,0,0,0,0,0,0,0,0
0,0.541119,9,9,9,0,0,0,0,0,0,0,0,0,0,0,0,0,0,0,0
0,1.045858,9,9,9,0,0,0,0,0,0,0,0,0,0,0,0,0,0,0,0
0,0.43951,9,9,9,0,0,0,0,0,0,0,0,0,0,0,0,0,0,0,0
0,0.498249,9,9,9,0,0,0,0,0,0,0,0,0,0,0,0,0,0,0,0
0,0.848599,9,9,9,0,0,0,0,0,0,0,0,0,0,0,0,0,0,0,0
0,7.94822,9,9,9,0,0,0,0,0,0,0,0,0,0,0,0,0,0,0,0
0,5.998908,9,9,9,0,0,0,0,0,0,0,0,0,0,0,0,0,0,0,0
0,3.993127,9,9,9,0,0,0,0,0,0,0,0,0,0,0,0,0,0,0,0
0,1.568366,9,9,9,0,0,0,0,0,0,0,0,0,0,0,0,0,0,0,0
0,3.730376,9,9,9,0,0,0,0,0,0,0,0,0,0,0,0,0,0,0,0
0,6.277631,9,9,9,0,0,0,0,0,0,0,0,0,0,0,0,0,0,0,0
0,1.693458,9,9,9,0,0,0,0,0,0,0,0,0,0,0,0,0,0,0,0
0,1.119902,9,9,9,0,0,0,0,0,0,0,0,0,0,0,0,0,0,0,0
0,0.584241,9,9,9,0,0,0,0,0,0,0,0,0,0,0,0,0,0,0,0
0,0.931845,9,9,9,0,0,0,0,0,0,0,0,0,0,0,0,0,0,0,0
0,0.496217,9,9,9,0,0,0,0,0,0,0,0,0,0,0,0,0,0,0,0
0,2.068541,9,9,9,0,0,0,0,0,0,0,0,0,0,0,0,0,0,0,0
0,1.648586,9,9,9,0,0,0,0,0,0,0,0,0,0,0,0,0,0,0,0
0,0.974388,9,9,9,0,0,0,0,0,0,0,0,0,0,0,0,0,0,0,0
0,0.583459,9,9,9,0,0,0,0,0,0,0,0,0,0,0,0,0,0,0,0
0,0.453651,9,9,9,0,0,0,0,0,0,0,0,0,0,0,0,0,0,0,0
0,0.875237,9,9,9,0,0,0,0,0,0,0,0,0,0,0,0,0,0,0,0
0,0.681754,9,9,9,0,0,0,0,0,0,0,0,0,0,0,0,0,0,0,0
0,1.887303,9,9,9,0,0,0,0,0,0,0,0,0,0,0,0,0,0,0,0
0,2.260055,9,9,9,0,0,0,0,0,0,0,0,0,0,0,0,0,0,0,0
0,1.82212,9,9,9,0,0,0,0,0,0,0,0,0,0,0,0,0,0,0,0
0,0.540311,9,9,9,0,0,0,0,0,0,0,0,0,0,0,0,0,0,0,0
0,0.71125,9,9,9,0,0,0,0,0,0,0,0,0,0,0,0,0,0,0,0
0,0.45504,9,9,9,0,0,0,0,0,0,0,0,0,0,0,0,0,0,0,0
0,0.49188,9,9,9,0,0,0,0,0,0,0,0,0,0,0,0,0,0,0,0
0,0.534088,9,9,9,0,0,0,0,0,0,0,0,0,0,0,0,0,0,0,0
0,0.717608,9,9,9,0,0,0,0,0,0,0,0,0,0,0,0,0,0,0,0
0,2.591267,9,9,9,0,0,0,0,0,0,0,0,0,0,0,0,0,0,0,0
0,1.485444,9,9,9,0,0,0,0,0,0,0,0,0,0,0,0,0,0,0,0
0,2.202331,9,9,9,0,0,0,0,0,0,0,0,0,0,0,0,0,0,0,0
0,0.879023,9,9,9,0,0,0,0,0,0,0,0,0,0,0,0,0,0,0,0
0,0.453135,9,9,9,0,0,0,0,0,0,0,0,0,0,0,0,0,0,0,0
0,1.19664,9,9,9,0,0,0,0,0,0,0,0,0,0,0,0,0,0,0,0
0,0.745017,9,9,9,0,0,0,0,0,0,0,0,0,0,0,0,0,0,0,0
0,2.233759,9,9,9,0,0,0,0,0,0,0,0,0,0,0,0,0,0,0,0
0,0.356318,9,9,9,0,0,0,0,0,0,0,0,0,0,0,0,0,0,0,0
0,0.264113,9,9,9,0,0,0,0,0,0,0,0,0,0,0,0,0,0,0,0
0,0.545675,9,9,9,0,0,0,0,0,0,0,0,0,0,0,0,0,0,0,0
0,0.260501,9,9,9,0,0,0,0,0,0,0,0,0,0,0,0,0,0,0,0
0,0.252672,9,9,9,0,0,0,0,0,0,0,0,0,0,0,0,0,0,0,0
0,0.255369,9,9,9,0,0,0,0,0,0,0,0,0,0,0,0,0,0,0,0
0,0.526153,9,9,9,0,0,0,0,0,0,0,0,0,0,0,0,0,0,0,0
0,0.248752,9,9,9,0,0,0,0,0,0,0,0,0,0,0,0,0,0,0,0
0,0.24627,9,9,9,0,0,0,0,0,0,0,0,0,0,0,0,0,0,0,0
0,0.251019,9,9,9,0,0,0,0,0,0,0,0,0,0,0,0,0,0,0,0
0,0.781871,9,9,9,0,0,0,0,0,0,0,0,0,0,0,0,0,0,0,0
0,0.250179,9,9,9,0,0,0,0,0,0,0,0,0,0,0,0,0,0,0,0
0,0.25302,9,9,9,0,0,0,0,0,0,0,0,0,0,0,0,0,0,0,0
0,0.250473,9,9,9,0,0,0,0,0,0,0,0,0,0,0,0,0,0,0,0
0,0.250687,9,9,9,0,0,0,0,0,0,0,0,0,0,0,0,0,0,0,0
0,0.502351,9,9,9,0,0,0,0,0,0,0,0,0,0,0,0,0,0,0,0
0,0.509275,9,9,9,0,0,0,0,0,0,0,0,0,0,0,0,0,0,0,0
0,0.249603,9,9,9,0,0,0,0,0,0,0,0,0,0,0,0,0,0,0,0
0,0.250187,9,9,9,0,0,0,0,0,0,0,0,0,0,0,0,0,0,0,0
0,0.242273,9,9,9,0,0,0,0,0,0,0,0,0,0,0,0,0,0,0,0
0,0.4966,9,9,9,0,0,0,0,0,0,0,0,0,0,0,0,0,0,0,0
0,0.250819,9,9,9,0,0,0,0,0,0,0,0,0,0,0,0,0,0,0,0
0,0.50326,9,9,9,0,0,0,0,0,0,0,0,0,0,0,0,0,0,0,0
0,2.240813,9,9,9,0,0,0,0,0,0,0,0,0,0,0,0,0,0,0,0
0,1.456075,9,9,9,0,0,0,0,0,0,0,0,0,0,0,0,0,0,0,0
0,1.773263,9,9,9,0,0,0,0,0,0,0,0,0,0,0,0,0,0,0,0
0,0.509761,9,9,9,0,0,0,0,0,0,0,0,0,0,0,0,0,0,0,0
0,0.510975,9,9,9,0,0,0,0,0,0,0,0,0,0,0,0,0,0,0,0
0,0.271901,9,9,9,0,0,0,0,0,0,0,0,0,0,0,0,0,0,0,0
0,0.480552,9,9,9,0,0,0,0,0,0,0,0,0,0,0,0,0,0,0,0
0,0.499809,9,9,9,0,0,0,0,0,0,0,0,0,0,0,0,0,0,0,0
0,0.179281,9,9,9,0,0,0,0,0,0,0,0,0,0,0,0,0,0,0,0
0,0.881236,9,9,9,0,0,0,0,0,0,0,0,0,0,0,0,0,0,0,0
0,2.567063,9,9,9,0,0,0,0,0,0,0,0,0,0,0,0,0,0,0,0
0,0.976916,9,9,9,0,0,0,0,0,0,0,0,0,0,0,0,0,0,0,0
0,0.60308,9,9,9,0,0,0,0,0,0,0,0,0,0,0,0,0,0,0,0
0,0.525021,9,9,9,0,0,0,0,0,0,0,0,0,0,0,0,0,0,0,0
0,0.238416,9,9,9,0,0,0,0,0,0,0,0,0,0,0,0,0,0,0,0
0,0.375683,9,9,9,0,0,0,0,0,0,0,0,0,0,0,0,0,0,0,0
0,0.190436,9,9,9,0,0,0,0,0,0,0,0,0,0,0,0,0,0,0,0
0,2.516323,9,9,9,0,0,0,0,0,0,0,0,0,0,0,0,0,0,0,0
0,0.735156,9,9,9,0,0,0,0,0,0,0,0,0,0,0,0,0,0,0,0
0,2.513797,9,9,9,0,0,0,0,0,0,0,0,0,0,0,0,0,0,0,0
0,0.280843,9,9,9,0,0,0,0,0,0,0,0,0,0,0,0,0,0,0,0
0,2.513602,9,9,9,0,0,0,0,0,0,0,0,0,0,0,0,0,0,0,0
0,2.539614,9,9,9,0,0,0,0,0,0,0,0,0,0,0,0,0,0,0,0
0,0.247718,9,9,9,0,0,0,0,0,0,0,0,0,0,0,0,0,0,0,0
0,0.502416,9,9,9,0,0,0,0,0,0,0,0,0,0,0,0,0,0,0,0
0,0.61309,9,9,9,0,0,0,0,0,0,0,0,0,0,0,0,0,0,0,0
0,0.676462,9,9,9,0,0,0,0,0,0,0,0,0,0,0,0,0,0,0,0
0,0.536096,9,9,9,0,0,0,0,0,0,0,0,0,0,0,0,0,0,0,0
0,0.613553,9,9,9,0,0,0,0,0,0,0,0,0,0,0,0,0,0,0,0
0,0.257154,9,9,9,0,0,0,0,0,0,0,0,0,0,0,0,0,0,0,0
0,0.508513,9,9,9,0,0,0,0,0,0,0,0,0,0,0,0,0,0,0,0
0,1.790852,9,9,9,0,0,0,0,0,0,0,0,0,0,0,0,0,0,0,0
0,1.415227,9,9,9,0,0,0,0,0,0,0,0,0,0,0,0,0,0,0,0
0,2.020463,9,9,9,0,0,0,0,0,0,0,0,0,0,0,0,0,0,0,0
0,0.715497,9,9,9,0,0,0,0,0,0,0,0,0,0,0,0,0,0,0,0
0,1.501401,9,9,9,0,0,0,0,0,0,0,0,0,0,0,0,0,0,0,0
0,1.493189,9,9,9,0,0,0,0,0,0,0,0,0,0,0,0,0,0,0,0
0,1.611736,9,9,9,0,0,0,0,0,0,0,0,0,0,0,0,0,0,0,0
0,0.672243,9,9,9,0,0,0,0,0,0,0,0,0,0,0,0,0,0,0,0
0,0.454669,9,9,9,0,0,0,0,0,0,0,0,0,0,0,0,0,0,0,0
0,2.434799,9,9,9,0,0,0,0,0,0,0,0,0,0,0,0,0,0,0,0
0,1.356014,9,9,9,0,0,0,0,0,0,0,0,0,0,0,0,0,0,0,0
0,0.460499,9,9,9,0,0,0,0,0,0,0,0,0,0,0,0,0,0,0,0
0,0.815276,9,9,9,0,0,0,0,0,0,0,0,0,0,0,0,0,0,0,0
0,0.578898,9,9,9,0,0,0,0,0,0,0,0,0,0,0,0,0,0,0,0
0,0.703428,9,9,9,0,0,0,0,0,0,0,0,0,0,0,0,0,0,0,0
0,0.501932,9,9,9,0,0,0,0,0,0,0,0,0,0,0,0,0,0,0,0
0,0.801966,9,9,9,0,0,0,0,0,0,0,0,0,0,0,0,0,0,0,0
0,0.581344,9,9,9,0,0,0,0,0,0,0,0,0,0,0,0,0,0,0,0
0,0.449205,9,9,9,0,0,0,0,0,0,0,0,0,0,0,0,0,0,0,0
0,0.633149,9,9,9,0,0,0,0,0,0,0,0,0,0,0,0,0,0,0,0
0,1.058959,9,9,9,0,0,0,0,0,0,0,0,0,0,0,0,0,0,0,0
0,1.040182,9,9,9,0,0,0,0,0,0,0,0,0,0,0,0,0,0,0,0
0,0.740596,9,9,9,0,0,0,0,0,0,0,0,0,0,0,0,0,0,0,0
0,0.563962,9,9,9,0,0,0,0,0,0,0,0,0,0,0,0,0,0,0,0
0,0.502702,9,9,9,0,0,0,0,0,0,0,0,0,0,0,0,0,0,0,0
0,0.498178,9,9,9,0,0,0,0,0,0,0,0,0,0,0,0,0,0,0,0
0,0.329352,9,9,9,0,0,0,0,0,0,0,0,0,0,0,0,0,0,0,0
0,0.74081,9,9,9,0,0,0,0,0,0,0,0,0,0,0,0,0,0,0,0
0,1.504767,9,9,9,0,0,0,0,0,0,0,0,0,0,0,0,0,0,0,0
0,0.666851,9,9,9,0,0,0,0,0,0,0,0,0,0,0,0,0,0,0,0
0,0.503299,9,9,9,0,0,0,0,0,0,0,0,0,0,0,0,0,0,0,0
0,0.681852,9,9,9,0,0,0,0,0,0,0,0,0,0,0,0,0,0,0,0
0,0.493417,9,9,9,0,0,0,0,0,0,0,0,0,0,0,0,0,0,0,0
0,0.121209,9,9,9,0,0,0,0,0,0,0,0,0,0,0,0,0,0,0,0
0,0.640581,9,9,9,0,0,0,0,0,0,0,0,0,0,0,0,0,0,0,0
0,1.184636,9,9,9,0,0,0,0,0,0,0,0,0,0,0,0,0,0,0,0
0,0.590623,9,9,9,0,0,0,0,0,0,0,0,0,0,0,0,0,0,0,0
0,0.763859,9,9,9,0,0,0,0,0,0,0,0,0,0,0,0,0,0,0,0
0,1.007476,9,9,9,0,0,0,0,0,0,0,0,0,0,0,0,0,0,0,0
0,0.430199,9,9,9,0,0,0,0,0,0,0,0,0,0,0,0,0,0,0,0
0,0.264817,9,9,9,0,0,0,0,0,0,0,0,0,0,0,0,0,0,0,0
0,0.5259,9,9,9,0,0,0,0,0,0,0,0,0,0,0,0,0,0,0,0
0,0.249673,9,9,9,0,0,0,0,0,0,0,0,0,0,0,0,0,0,0,0
0,0.255074,9,9,9,0,0,0,0,0,0,0,0,0,0,0,0,0,0,0,0
0,0.48264,9,9,9,0,0,0,0,0,0,0,0,0,0,0,0,0,0,0,0
0,0.620657,9,9,9,0,0,0,0,0,0,0,0,0,0,0,0,0,0,0,0
0,0.053073,9,9,9,0,0,0,0,0,0,0,0,0,0,0,0,0,0,0,0
0,1.027306,9,9,9,0,0,0,0,0,0,0,0,0,0,0,0,0,0,0,0
0,0.571025,9,9,9,0,0,0,0,0,0,0,0,0,0,0,0,0,0,0,0
0,0.27765,9,9,9,0,0,0,0,0,0,0,0,0,0,0,0,0,0,0,0
0,0.537461,9,9,9,0,0,0,0,0,0,0,0,0,0,0,0,0,0,0,0
0,0.76175,9,9,9,0,0,0,0,0,0,0,0,0,0,0,0,0,0,0,0
0,0.183589,9,9,9,0,0,0,0,0,0,0,0,0,0,0,0,0,0,0,0
0,0.671283,9,9,9,0,0,0,0,0,0,0,0,0,0,0,0,0,0,0,0
0,0.244028,9,9,9,0,0,0,0,0,0,0,0,0,0,0,0,0,0,0,0
0,0.343129,9,9,9,0,0,0,0,0,0,0,0,0,0,0,0,0,0,0,0
0,0.231619,9,9,9,0,0,0,0,0,0,0,0,0,0,0,0,0,0,0,0
0,0.500178,9,9,9,0,0,0,0,0,0,0,0,0,0,0,0,0,0,0,0
0,0.245209,9,9,9,0,0,0,0,0,0,0,0,0,0,0,0,0,0,0,0
0,0.604311,9,9,9,0,0,0,0,0,0,0,0,0,0,0,0,0,0,0,0
0,0.170005,9,9,9,0,0,0,0,0,0,0,0,0,0,0,0,0,0,0,0
0,0.246287,9,9,9,0,0,0,0,0,0,0,0,0,0,0,0,0,0,0,0
0,0.255909,9,9,9,0,0,0,0,0,0,0,0,0,0,0,0,0,0,0,0
0,0.504578,9,9,9,0,0,0,0,0,0,0,0,0,0,0,0,0,0,0,0
0,0.506907,9,9,9,0,0,0,0,0,0,0,0,0,0,0,0,0,0,0,0
0,0.370481,9,9,9,0,0,0,0,0,0,0,0,0,0,0,0,0,0,0,0
0,0.196241,9,9,9,0,0,0,0,0,0,0,0,0,0,0,0,0,0,0,0
0,0.26301,9,9,9,0,0,0,0,0,0,0,0,0,0,0,0,0,0,0,0
0,0.247615,9,9,9,0,0,0,0,0,0,0,0,0,0,0,0,0,0,0,0
0,0.403021,9,9,9,0,0,0,0,0,0,0,0,0,0,0,0,0,0,0,0
0,0.242133,9,9,9,0,0,0,0,0,0,0,0,0,0,0,0,0,0,0,0
0,0.414952,9,9,9,0,0,0,0,0,0,0,0,0,0,0,0,0,0,0,0
0,0.273329,9,9,9,0,0,0,0,0,0,0,0,0,0,0,0,0,0,0,0
0,0.247666,9,9,9,0,0,0,0,0,0,0,0,0,0,0,0,0,0,0,0
0,0.090164,9,9,9,0,0,0,0,0,0,0,0,0,0,0,0,0,0,0,0
0,0.731296,9,9,9,0,0,0,0,0,0,0,0,0,0,0,0,0,0,0,0
0,0.376943,9,9,9,0,0,0,0,0,0,0,0,0,0,0,0,0,0,0,0
0,0.451127,9,9,9,0,0,0,0,0,0,0,0,0,0,0,0,0,0,0,0
0,0.498558,9,9,9,0,0,0,0,0,0,0,0,0,0,0,0,0,0,0,0
0,0.37396,9,9,9,0,0,0,0,0,0,0,0,0,0,0,0,0,0,0,0
0,1.100787,9,9,9,0,0,0,0,0,0,0,0,0,0,0,0,0,0,0,0
0,0.312363,9,9,9,0,0,0,0,0,0,0,0,0,0,0,0,0,0,0,0
0,1.414446,9,9,9,0,0,0,0,0,0,0,0,0,0,0,0,0,0,0,0
0,0.485084,9,9,9,0,0,0,0,0,0,0,0,0,0,0,0,0,0,0,0
0,0.711931,9,9,9,0,0,0,0,0,0,0,0,0,0,0,0,0,0,0,0
0,0.322339,9,9,9,0,0,0,0,0,0,0,0,0,0,0,0,0,0,0,0
0,0.456083,9,9,9,0,0,0,0,0,0,0,0,0,0,0,0,0,0,0,0
0,0.513404,9,9,9,0,0,0,0,0,0,0,0,0,0,0,0,0,0,0,0
0,0.594195,9,9,9,0,0,0,0,0,0,0,0,0,0,0,0,0,0,0,0
0,0.57977,9,9,9,0,0,0,0,0,0,0,0,0,0,0,0,0,0,0,0
0,0.354732,9,9,9,0,0,0,0,0,0,0,0,0,0,0,0,0,0,0,0
0,0.31206,9,9,9,0,0,0,0,0,0,0,0,0,0,0,0,0,0,0,0
0,0.276228,9,9,9,0,0,0,0,0,0,0,0,0,0,0,0,0,0,0,0
0,0.268054,9,9,9,0,0,0,0,0,0,0,0,0,0,0,0,0,0,0,0
0,0.495386,9,9,9,0,0,0,0,0,0,0,0,0,0,0,0,0,0,0,0
0,0.489748,9,9,9,0,0,0,0,0,0,0,0,0,0,0,0,0,0,0,0
0,0.964101,9,9,9,0,0,0,0,0,0,0,0,0,0,0,0,0,0,0,0
0,0.920767,9,9,9,0,0,0,0,0,0,0,0,0,0,0,0,0,0,0,0
0,0.841103,9,9,9,0,0,0,0,0,0,0,0,0,0,0,0,0,0,0,0
0,0.739003,9,9,9,0,0,0,0,0,0,0,0,0,0,0,0,0,0,0,0
0,1.972099,9,9,9,0,0,0,0,0,0,0,0,0,0,0,0,0,0,0,0
0,1.625196,9,9,9,0,0,0,0,0,0,0,0,0,0,0,0,0,0,0,0
0,0.644425,9,9,9,0,0,0,0,0,0,0,0,0,0,0,0,0,0,0,0
0,0.71006,9,9,9,0,0,0,0,0,0,0,0,0,0,0,0,0,0,0,0
0,0.837434,9,9,9,0,0,0,0,0,0,0,0,0,0,0,0,0,0,0,0
0,0.731773,9,9,9,0,0,0,0,0,0,0,0,0,0,0,0,0,0,0,0
0,1.399351,9,9,9,0,0,0,0,0,0,0,0,0,0,0,0,0,0,0,0
0,1.884671,9,9,9,0,0,0,0,0,0,0,0,0,0,0,0,0,0,0,0
0,1.893245,9,9,9,0,0,0,0,0,0,0,0,0,0,0,0,0,0,0,0
0,1.823792,9,9,9,0,0,0,0,0,0,0,0,0,0,0,0,0,0,0,0
0,1.768875,9,9,9,0,0,0,0,0,0,0,0,0,0,0,0,0,0,0,0
0,1.750711,9,9,9,0,0,0,0,0,0,0,0,0,0,0,0,0,0,0,0
0,1.121916,9,9,9,0,0,0,0,0,0,0,0,0,0,0,0,0,0,0,0
0,0.367253,9,9,9,0,0,0,0,0,0,0,0,0,0,0,0,0,0,0,0
0,0.988524,9,9,9,0,0,0,0,0,0,0,0,0,0,0,0,0,0,0,0
0,0.76743,9,9,9,0,0,0,0,0,0,0,0,0,0,0,0,0,0,0,0
0,0.132013,9,9,9,0,0,0,0,0,0,0,0,0,0,0,0,0,0,0,0
0,0.648169,9,9,9,0,0,0,0,0,0,0,0,0,0,0,0,0,0,0,0
0,0.166054,9,9,9,0,0,0,0,0,0,0,0,0,0,0,0,0,0,0,0
0,0.494047,9,9,9,0,0,0,0,0,0,0,0,0,0,0,0,0,0,0,0
0,0.998635,9,9,9,0,0,0,0,0,0,0,0,0,0,0,0,0,0,0,0
0,0.629707,9,9,9,0,0,0,0,0,0,0,0,0,0,0,0,0,0,0,0
0,1.360739,9,9,9,0,0,0,0,0,0,0,0,0,0,0,0,0,0,0,0
0,0.037767,9,9,9,0,0,0,0,0,0,0,0,0,0,0,0,0,0,0,0
0,1.64598,9,9,9,0,0,0,0,0,0,0,0,0,0,0,0,0,0,0,0
0,0.5733,9,9,9,0,0,0,0,0,0,0,0,0,0,0,0,0,0,0,0
0,0.732587,9,9,9,0,0,0,0,0,0,0,0,0,0,0,0,0,0,0,0
0,0.540985,9,9,9,0,0,0,0,0,0,0,0,0,0,0,0,0,0,0,0
0,0.478484,9,9,9,0,0,0,0,0,0,0,0,0,0,0,0,0,0,0,0
0,0.575965,9,9,9,0,0,0,0,0,0,0,0,0,0,0,0,0,0,0,0
0,0.247701,9,9,9,0,0,0,0,0,0,0,0,0,0,0,0,0,0,0,0
0,0.143934,9,9,9,0,0,0,0,0,0,0,0,0,0,0,0,0,0,0,0
0,0.537312,9,9,9,0,0,0,0,0,0,0,0,0,0,0,0,0,0,0,0
0,0.110341,9,9,9,0,0,0,0,0,0,0,0,0,0,0,0,0,0,0,0
0,0.191996,9,9,9,0,0,0,0,0,0,0,0,0,0,0,0,0,0,0,0
0,0.193425,9,9,9,0,0,0,0,0,0,0,0,0,0,0,0,0,0,0,0
0,0.262254,9,9,9,0,0,0,0,0,0,0,0,0,0,0,0,0,0,0,0
0,0.279091,9,9,9,0,0,0,0,0,0,0,0,0,0,0,0,0,0,0,0
0,0.506717,9,9,9,0,0,0,0,0,0,0,0,0,0,0,0,0,0,0,0
0,0.250404,9,9,9,0,0,0,0,0,0,0,0,0,0,0,0,0,0,0,0
0,0.235728,9,9,9,0,0,0,0,0,0,0,0,0,0,0,0,0,0,0,0
0,0.253263,9,9,9,0,0,0,0,0,0,0,0,0,0,0,0,0,0,0,0
0,0.498871,9,9,9,0,0,0,0,0,0,0,0,0,0,0,0,0,0,0,0
0,0.253612,9,9,9,0,0,0,0,0,0,0,0,0,0,0,0,0,0,0,0
0,0.239441,9,9,9,0,0,0,0,0,0,0,0,0,0,0,0,0,0,0,0
0,0.453768,9,9,9,0,0,0,0,0,0,0,0,0,0,0,0,0,0,0,0
0,0.375061,9,9,9,0,0,0,0,0,0,0,0,0,0,0,0,0,0,0,0
0,0.393356,9,9,9,0,0,0,0,0,0,0,0,0,0,0,0,0,0,0,0
0,0.544627,9,9,9,0,0,0,0,0,0,0,0,0,0,0,0,0,0,0,0
0,0.372006,9,9,9,0,0,0,0,0,0,0,0,0,0,0,0,0,0,0,0
0,0.241252,9,9,9,0,0,0,0,0,0,0,0,0,0,0,0,0,0,0,0
0,0.286613,9,9,9,0,0,0,0,0,0,0,0,0,0,0,0,0,0,0,0
0,0.388337,9,9,9,0,0,0,0,0,0,0,0,0,0,0,0,0,0,0,0
0,0.297818,9,9,9,0,0,0,0,0,0,0,0,0,0,0,0,0,0,0,0
0,1.391546,9,9,9,0,0,0,0,0,0,0,0,0,0,0,0,0,0,0,0
0,0.272399,9,9,9,0,0,0,0,0,0,0,0,0,0,0,0,0,0,0,0
0,0.249912,9,9,9,0,0,0,0,0,0,0,0,0,0,0,0,0,0,0,0
0,0.250539,9,9,9,0,0,0,0,0,0,0,0,0,0,0,0,0,0,0,0
0,0.256735,9,9,9,0,0,0,0,0,0,0,0,0,0,0,0,0,0,0,0
0,0.251544,9,9,9,0,0,0,0,0,0,0,0,0,0,0,0,0,0,0,0
0,0.21701,9,9,9,0,0,0,0,0,0,0,0,0,0,0,0,0,0,0,0
0,0.499945,9,9,9,0,0,0,0,0,0,0,0,0,0,0,0,0,0,0,0
0,0.467332,9,9,9,0,0,0,0,0,0,0,0,0,0,0,0,0,0,0,0
0,0.220306,9,9,9,0,0,0,0,0,0,0,0,0,0,0,0,0,0,0,0
0,0.512202,9,9,9,0,0,0,0,0,0,0,0,0,0,0,0,0,0,0,0
0,0.510707,9,9,9,0,0,0,0,0,0,0,0,0,0,0,0,0,0,0,0
0,0.584775,9,9,9,0,0,0,0,0,0,0,0,0,0,0,0,0,0,0,0
0,0.560426,9,9,9,0,0,0,0,0,0,0,0,0,0,0,0,0,0,0,0
0,0.883943,9,9,9,0,0,0,0,0,0,0,0,0,0,0,0,0,0,0,0
0,0.540841,9,9,9,0,0,0,0,0,0,0,0,0,0,0,0,0,0,0,0
0,0.129036,9,9,9,0,0,0,0,0,0,0,0,0,0,0,0,0,0,0,0
0,0.268993,9,9,9,0,0,0,0,0,0,0,0,0,0,0,0,0,0,0,0
0,0.165465,9,9,9,0,0,0,0,0,0,0,0,0,0,0,0,0,0,0,0
0,0.511554,9,9,9,0,0,0,0,0,0,0,0,0,0,0,0,0,0,0,0
0,0.219907,9,9,9,0,0,0,0,0,0,0,0,0,0,0,0,0,0,0,0
0,0.604384,9,9,9,0,0,0,0,0,0,0,0,0,0,0,0,0,0,0,0
0,0.153312,9,9,9,0,0,0,0,0,0,0,0,0,0,0,0,0,0,0,0
0,0.468854,9,9,9,0,0,0,0,0,0,0,0,0,0,0,0,0,0,0,0
0,0.283782,9,9,9,0,0,0,0,0,0,0,0,0,0,0,0,0,0,0,0
0,0.354263,9,9,9,0,0,0,0,0,0,0,0,0,0,0,0,0,0,0,0
0,0.256673,9,9,9,0,0,0,0,0,0,0,0,0,0,0,0,0,0,0,0
0,0.120997,9,9,9,0,0,0,0,0,0,0,0,0,0,0,0,0,0,0,0
0,0.490106,9,9,9,0,0,0,0,0,0,0,0,0,0,0,0,0,0,0,0
0,0.189849,9,9,9,0,0,0,0,0,0,0,0,0,0,0,0,0,0,0,0
0,0.161988,9,9,9,0,0,0,0,0,0,0,0,0,0,0,0,0,0,0,0
0,0.132488,9,9,9,0,0,0,0,0,0,0,0,0,0,0,0,0,0,0,0
0,1.007352,9,9,9,0,0,0,0,0,0,0,0,0,0,0,0,0,0,0,0
0,0.366672,9,9,9,0,0,0,0,0,0,0,0,0,0,0,0,0,0,0,0
0,0.112666,9,9,9,0,0,0,0,0,0,0,0,0,0,0,0,0,0,0,0
0,0.868131,9,9,9,0,0,0,0,0,0,0,0,0,0,0,0,0,0,0,0
0,0.170785,9,9,9,0,0,0,0,0,0,0,0,0,0,0,0,0,0,0,0
0,0.164784,9,9,9,0,0,0,0,0,0,0,0,0,0,0,0,0,0,0,0
0,0.721876,9,9,9,0,0,0,0,0,0,0,0,0,0,0,0,0,0,0,0
0,0.237466,9,9,9,0,0,0,0,0,0,0,0,0,0,0,0,0,0,0,0
0,0.163239,9,9,9,0,0,0,0,0,0,0,0,0,0,0,0,0,0,0,0
0,0.298633,9,9,9,0,0,0,0,0,0,0,0,0,0,0,0,0,0,0,0
0,0.311171,9,9,9,0,0,0,0,0,0,0,0,0,0,0,0,0,0,0,0
0,0.316825,9,9,9,0,0,0,0,0,0,0,0,0,0,0,0,0,0,0,0
0,0.251569,9,9,9,0,0,0,0,0,0,0,0,0,0,0,0,0,0,0,0
0,0.320953,9,9,9,0,0,0,0,0,0,0,0,0,0,0,0,0,0,0,0
0,0.247739,9,9,9,0,0,0,0,0,0,0,0,0,0,0,0,0,0,0,0
0,0.251029,9,9,9,0,0,0,0,0,0,0,0,0,0,0,0,0,0,0,0
0,0.250097,9,9,9,0,0,0,0,0,0,0,0,0,0,0,0,0,0,0,0
0,0.321693,9,9,9,0,0,0,0,0,0,0,0,0,0,0,0,0,0,0,0
0,0.252081,9,9,9,0,0,0,0,0,0,0,0,0,0,0,0,0,0,0,0
0,0.249027,9,9,9,0,0,0,0,0,0,0,0,0,0,0,0,0,0,0,0
0,0.379152,9,9,9,0,0,0,0,0,0,0,0,0,0,0,0,0,0,0,0
0,0.243928,9,9,9,0,0,0,0,0,0,0,0,0,0,0,0,0,0,0,0
0,0.138614,9,9,9,0,0,0,0,0,0,0,0,0,0,0,0,0,0,0,0
0,0.251704,9,9,9,0,0,0,0,0,0,0,0,0,0,0,0,0,0,0,0
0,0.248945,9,9,9,0,0,0,0,0,0,0,0,0,0,0,0,0,0,0,0
0,0.249028,9,9,9,0,0,0,0,0,0,0,0,0,0,0,0,0,0,0,0
0,0.252527,9,9,9,0,0,0,0,0,0,0,0,0,0,0,0,0,0,0,0
0,0.251154,9,9,9,0,0,0,0,0,0,0,0,0,0,0,0,0,0,0,0
0,0.255375,9,9,9,0,0,0,0,0,0,0,0,0,0,0,0,0,0,0,0
0,0.247362,9,9,9,0,0,0,0,0,0,0,0,0,0,0,0,0,0,0,0
0,0.12243,9,9,9,0,0,0,0,0,0,0,0,0,0,0,0,0,0,0,0
0,0.25505,9,9,9,0,0,0,0,0,0,0,0,0,0,0,0,0,0,0,0
0,0.130339,9,9,9,0,0,0,0,0,0,0,0,0,0,0,0,0,0,0,0
0,0.123479,9,9,9,0,0,0,0,0,0,0,0,0,0,0,0,0,0,0,0
0,0.249859,9,9,9,0,0,0,0,0,0,0,0,0,0,0,0,0,0,0,0
0,0.253162,9,9,9,0,0,0,0,0,0,0,0,0,0,0,0,0,0,0,0
0,0.251949,9,9,9,0,0,0,0,0,0,0,0,0,0,0,0,0,0,0,0
0,0.254086,9,9,9,0,0,0,0,0,0,0,0,0,0,0,0,0,0,0,0
0,0.249765,9,9,9,0,0,0,0,0,0,0,0,0,0,0,0,0,0,0,0
0,0.255425,9,9,9,0,0,0,0,0,0,0,0,0,0,0,0,0,0,0,0
0,0.251155,9,9,9,0,0,0,0,0,0,0,0,0,0,0,0,0,0,0,0
0,0.247724,9,9,9,0,0,0,0,0,0,0,0,0,0,0,0,0,0,0,0
0,0.117519,9,9,9,0,0,0,0,0,0,0,0,0,0,0,0,0,0,0,0
0,0.295671,9,9,9,0,0,0,0,0,0,0,0,0,0,0,0,0,0,0,0
0,0.063568,9,9,9,0,0,0,0,0,0,0,0,0,0,0,0,0,0,0,0
0,0.254683,9,9,9,0,0,0,0,0,0,0,0,0,0,0,0,0,0,0,0
0,0.1962,9,9,9,0,0,0,0,0,0,0,0,0,0,0,0,0,0,0,0
0,0.207417,9,9,9,0,0,0,0,0,0,0,0,0,0,0,0,0,0,0,0
0,0.169596,9,9,9,0,0,0,0,0,0,0,0,0,0,0,0,0,0,0,0
0,0.253088,9,9,9,0,0,0,0,0,0,0,0,0,0,0,0,0,0,0,0
0,0.251568,9,9,9,0,0,0,0,0,0,0,0,0,0,0,0,0,0,0,0
0,0.192196,9,9,9,0,0,0,0,0,0,0,0,0,0,0,0,0,0,0,0
0,0.192616,9,9,9,0,0,0,0,0,0,0,0,0,0,0,0,0,0,0,0
0,0.239495,9,9,9,0,0,0,0,0,0,0,0,0,0,0,0,0,0,0,0
0,0.250558,9,9,9,0,0,0,0,0,0,0,0,0,0,0,0,0,0,0,0
0,0.242177,9,9,9,0,0,0,0,0,0,0,0,0,0,0,0,0,0,0,0
0,0.249799,9,9,9,0,0,0,0,0,0,0,0,0,0,0,0,0,0,0,0
0,0.131268,9,9,9,0,0,0,0,0,0,0,0,0,0,0,0,0,0,0,0
0,0.13495,9,9,9,0,0,0,0,0,0,0,0,0,0,0,0,0,0,0,0
0,0.150432,9,9,9,0,0,0,0,0,0,0,0,0,0,0,0,0,0,0,0
0,0.250549,9,9,9,0,0,0,0,0,0,0,0,0,0,0,0,0,0,0,0
0,0.156895,9,9,9,0,0,0,0,0,0,0,0,0,0,0,0,0,0,0,0
0,0.25007,9,9,9,0,0,0,0,0,0,0,0,0,0,0,0,0,0,0,0
0,0.266063,9,9,9,0,0,0,0,0,0,0,0,0,0,0,0,0,0,0,0
0,0.29152,9,9,9,0,0,0,0,0,0,0,0,0,0,0,0,0,0,0,0
0,0.249845,9,9,9,0,0,0,0,0,0,0,0,0,0,0,0,0,0,0,0
0,0.29954,9,9,9,0,0,0,0,0,0,0,0,0,0,0,0,0,0,0,0
0,0.255773,9,9,9,0,0,0,0,0,0,0,0,0,0,0,0,0,0,0,0
0,0.251962,9,9,9,0,0,0,0,0,0,0,0,0,0,0,0,0,0,0,0
0,0.255785,9,9,9,0,0,0,0,0,0,0,0,0,0,0,0,0,0,0,0
0,0.307866,9,9,9,0,0,0,0,0,0,0,0,0,0,0,0,0,0,0,0
0,0.251279,9,9,9,0,0,0,0,0,0,0,0,0,0,0,0,0,0,0,0
0,0.252915,9,9,9,0,0,0,0,0,0,0,0,0,0,0,0,0,0,0,0
0,0.24813,9,9,9,0,0,0,0,0,0,0,0,0,0,0,0,0,0,0,0
0,0.251847,9,9,9,0,0,0,0,0,0,0,0,0,0,0,0,0,0,0,0
0,0.250673,9,9,9,0,0,0,0,0,0,0,0,0,0,0,0,0,0,0,0
0,0.259512,9,9,9,0,0,0,0,0,0,0,0,0,0,0,0,0,0,0,0
0,0.24174,9,9,9,0,0,0,0,0,0,0,0,0,0,0,0,0,0,0,0
0,0.251914,9,9,9,0,0,0,0,0,0,0,0,0,0,0,0,0,0,0,0
0,0.253565,9,9,9,0,0,0,0,0,0,0,0,0,0,0,0,0,0,0,0
0,0.251982,9,9,9,0,0,0,0,0,0,0,0,0,0,0,0,0,0,0,0
0,0.281032,9,9,9,0,0,0,0,0,0,0,0,0,0,0,0,0,0,0,0
0,0.505388,9,9,9,0,0,0,0,0,0,0,0,0,0,0,0,0,0,0,0
0,0.255738,9,9,9,0,0,0,0,0,0,0,0,0,0,0,0,0,0,0,0
0,0.231982,9,9,9,0,0,0,0,0,0,0,0,0,0,0,0,0,0,0,0
0,0.506008,9,9,9,0,0,0,0,0,0,0,0,0,0,0,0,0,0,0,0
0,0.174972,9,9,9,0,0,0,0,0,0,0,0,0,0,0,0,0,0,0,0
0,0.265194,9,9,9,0,0,0,0,0,0,0,0,0,0,0,0,0,0,0,0
0,0.258466,9,9,9,0,0,0,0,0,0,0,0,0,0,0,0,0,0,0,0
0,0.251471,9,9,9,0,0,0,0,0,0,0,0,0,0,0,0,0,0,0,0
0,0.232179,9,9,9,0,0,0,0,0,0,0,0,0,0,0,0,0,0,0,0
0,0.089391,9,9,9,0,0,0,0,0,0,0,0,0,0,0,0,0,0,0,0
0,0.083407,9,9,9,0,0,0,0,0,0,0,0,0,0,0,0,0,0,0,0
0,0.158759,9,9,9,0,0,0,0,0,0,0,0,0,0,0,0,0,0,0,0
0,0.246192,9,9,9,0,0,0,0,0,0,0,0,0,0,0,0,0,0,0,0
0,0.218607,9,9,9,0,0,0,0,0,0,0,0,0,0,0,0,0,0,0,0
0,0.279678,9,9,9,0,0,0,0,0,0,0,0,0,0,0,0,0,0,0,0
0,0.315563,9,9,9,0,0,0,0,0,0,0,0,0,0,0,0,0,0,0,0
0,0.255454,9,9,9,0,0,0,0,0,0,0,0,0,0,0,0,0,0,0,0
0,0.255426,9,9,9,0,0,0,0,0,0,0,0,0,0,0,0,0,0,0,0
0,0.189707,9,9,9,0,0,0,0,0,0,0,0,0,0,0,0,0,0,0,0
0,0.193547,9,9,9,0,0,0,0,0,0,0,0,0,0,0,0,0,0,0,0
0,0.542251,9,9,9,0,0,0,0,0,0,0,0,0,0,0,0,0,0,0,0
0,0.179782,9,9,9,0,0,0,0,0,0,0,0,0,0,0,0,0,0,0,0
0,0.213348,9,9,9,0,0,0,0,0,0,0,0,0,0,0,0,0,0,0,0
0,0.271097,9,9,9,0,0,0,0,0,0,0,0,0,0,0,0,0,0,0,0
0,0.185775,9,9,9,0,0,0,0,0,0,0,0,0,0,0,0,0,0,0,0
0,0.501967,9,9,9,0,0,0,0,0,0,0,0,0,0,0,0,0,0,0,0
0,0.215234,9,9,9,0,0,0,0,0,0,0,0,0,0,0,0,0,0,0,0
0,0.351625,9,9,9,0,0,0,0,0,0,0,0,0,0,0,0,0,0,0,0
0,0.403044,9,9,9,0,0,0,0,0,0,0,0,0,0,0,0,0,0,0,0
0,0.493369,9,9,9,0,0,0,0,0,0,0,0,0,0,0,0,0,0,0,0
0,0.263115,9,9,9,0,0,0,0,0,0,0,0,0,0,0,0,0,0,0,0
0,0.263768,9,9,9,0,0,0,0,0,0,0,0,0,0,0,0,0,0,0,0
0,0.494773,9,9,9,0,0,0,0,0,0,0,0,0,0,0,0,0,0,0,0
0,0.129345,9,9,9,0,0,0,0,0,0,0,0,0,0,0,0,0,0,0,0
0,0.220579,9,9,9,0,0,0,0,0,0,0,0,0,0,0,0,0,0,0,0
0,0.199128,9,9,9,0,0,0,0,0,0,0,0,0,0,0,0,0,0,0,0
0,0.217607,9,9,9,0,0,0,0,0,0,0,0,0,0,0,0,0,0,0,0
0,0.346148,9,9,9,0,0,0,0,0,0,0,0,0,0,0,0,0,0,0,0
0,0.375057,9,9,9,0,0,0,0,0,0,0,0,0,0,0,0,0,0,0,0
0,0.255015,9,9,9,0,0,0,0,0,0,0,0,0,0,0,0,0,0,0,0
0,0.277774,9,9,9,0,0,0,0,0,0,0,0,0,0,0,0,0,0,0,0
0,0.518459,9,9,9,0,0,0,0,0,0,0,0,0,0,0,0,0,0,0,0
0,0.347513,9,9,9,0,0,0,0,0,0,0,0,0,0,0,0,0,0,0,0
0,0.277408,9,9,9,0,0,0,0,0,0,0,0,0,0,0,0,0,0,0,0
0,0.347071,9,9,9,0,0,0,0,0,0,0,0,0,0,0,0,0,0,0,0
0,0.224609,9,9,9,0,0,0,0,0,0,0,0,0,0,0,0,0,0,0,0
0,0.170589,9,9,9,0,0,0,0,0,0,0,0,0,0,0,0,0,0,0,0
0,0.340982,9,9,9,0,0,0,0,0,0,0,0,0,0,0,0,0,0,0,0
0,0.340957,9,9,9,0,0,0,0,0,0,0,0,0,0,0,0,0,0,0,0
0,0.189437,9,9,9,0,0,0,0,0,0,0,0,0,0,0,0,0,0,0,0
0,0.03767,9,9,9,0,0,0,0,0,0,0,0,0,0,0,0,0,0,0,0
0,0.161467,9,9,9,0,0,0,0,0,0,0,0,0,0,0,0,0,0,0,0
0,0.250115,9,9,9,0,0,0,0,0,0,0,0,0,0,0,0,0,0,0,0
0,0.215967,9,9,9,0,0,0,0,0,0,0,0,0,0,0,0,0,0,0,0
0,0.547108,9,9,9,0,0,0,0,0,0,0,0,0,0,0,0,0,0,0,0
0,0.247218,9,9,9,0,0,0,0,0,0,0,0,0,0,0,0,0,0,0,0
0,0.24155,9,9,9,0,0,0,0,0,0,0,0,0,0,0,0,0,0,0,0
0,0.380233,9,9,9,0,0,0,0,0,0,0,0,0,0,0,0,0,0,0,0
0,0.489856,9,9,9,0,0,0,0,0,0,0,0,0,0,0,0,0,0,0,0
0,0.257112,9,9,9,0,0,0,0,0,0,0,0,0,0,0,0,0,0,0,0
0,0.249886,9,9,9,0,0,0,0,0,0,0,0,0,0,0,0,0,0,0,0
0,0.180548,9,9,9,0,0,0,0,0,0,0,0,0,0,0,0,0,0,0,0
0,0.180523,9,9,9,0,0,0,0,0,0,0,0,0,0,0,0,0,0,0,0
0,0.247028,9,9,9,0,0,0,0,0,0,0,0,0,0,0,0,0,0,0,0
0,0.181456,9,9,9,0,0,0,0,0,0,0,0,0,0,0,0,0,0,0,0
0,0.253392,9,9,9,0,0,0,0,0,0,0,0,0,0,0,0,0,0,0,0
0,0.177632,9,9,9,0,0,0,0,0,0,0,0,0,0,0,0,0,0,0,0
0,0.393033,9,9,9,0,0,0,0,0,0,0,0,0,0,0,0,0,0,0,0
0,0.258306,9,9,9,0,0,0,0,0,0,0,0,0,0,0,0,0,0,0,0
0,0.254567,9,9,9,0,0,0,0,0,0,0,0,0,0,0,0,0,0,0,0
0,0.285796,9,9,9,0,0,0,0,0,0,0,0,0,0,0,0,0,0,0,0
0,0.306991,9,9,9,0,0,0,0,0,0,0,0,0,0,0,0,0,0,0,0
0,0.249502,9,9,9,0,0,0,0,0,0,0,0,0,0,0,0,0,0,0,0
0,0.186693,9,9,9,0,0,0,0,0,0,0,0,0,0,0,0,0,0,0,0
0,0.219009,9,9,9,0,0,0,0,0,0,0,0,0,0,0,0,0,0,0,0
0,0.143642,9,9,9,0,0,0,0,0,0,0,0,0,0,0,0,0,0,0,0
0,0.245783,9,9,9,0,0,0,0,0,0,0,0,0,0,0,0,0,0,0,0
0,0.141208,9,9,9,0,0,0,0,0,0,0,0,0,0,0,0,0,0,0,0
0,0.251913,9,9,9,0,0,0,0,0,0,0,0,0,0,0,0,0,0,0,0
0,0.275078,9,9,9,0,0,0,0,0,0,0,0,0,0,0,0,0,0,0,0
0,0.405091,9,9,9,0,0,0,0,0,0,0,0,0,0,0,0,0,0,0,0
0,0.181771,9,9,9,0,0,0,0,0,0,0,0,0,0,0,0,0,0,0,0
0,0.258364,9,9,9,0,0,0,0,0,0,0,0,0,0,0,0,0,0,0,0
0,0.248408,9,9,9,0,0,0,0,0,0,0,0,0,0,0,0,0,0,0,0
0,0.179696,9,9,9,0,0,0,0,0,0,0,0,0,0,0,0,0,0,0,0
0,0.244838,9,9,9,0,0,0,0,0,0,0,0,0,0,0,0,0,0,0,0
0,0.180261,9,9,9,0,0,0,0,0,0,0,0,0,0,0,0,0,0,0,0
0,0.180268,9,9,9,0,0,0,0,0,0,0,0,0,0,0,0,0,0,0,0
0,0.182319,9,9,9,0,0,0,0,0,0,0,0,0,0,0,0,0,0,0,0
0,0.253842,9,9,9,0,0,0,0,0,0,0,0,0,0,0,0,0,0,0,0
0,0.316896,9,9,9,0,0,0,0,0,0,0,0,0,0,0,0,0,0,0,0
0,0.410948,9,9,9,0,0,0,0,0,0,0,0,0,0,0,0,0,0,0,0
0,0.210481,9,9,9,0,0,0,0,0,0,0,0,0,0,0,0,0,0,0,0
0,0.035394,9,9,9,0,0,0,0,0,0,0,0,0,0,0,0,0,0,0,0
0,0.155021,9,9,9,0,0,0,0,0,0,0,0,0,0,0,0,0,0,0,0
0,0.074013,9,9,9,0,0,0,0,0,0,0,0,0,0,0,0,0,0,0,0
0,0.164416,9,9,9,0,0,0,0,0,0,0,0,0,0,0,0,0,0,0,0
0,0.213948,9,9,9,0,0,0,0,0,0,0,0,0,0,0,0,0,0,0,0
0,0.2476,9,9,9,0,0,0,0,0,0,0,0,0,0,0,0,0,0,0,0
0,0.244087,9,9,9,0,0,0,0,0,0,0,0,0,0,0,0,0,0,0,0
0,0.251545,9,9,9,0,0,0,0,0,0,0,0,0,0,0,0,0,0,0,0
0,0.219544,9,9,9,0,0,0,0,0,0,0,0,0,0,0,0,0,0,0,0
0,0.057098,9,9,9,0,0,0,0,0,0,0,0,0,0,0,0,0,0,0,0
0,0.248868,9,9,9,0,0,0,0,0,0,0,0,0,0,0,0,0,0,0,0
0,0.049744,9,9,9,0,0,0,0,0,0,0,0,0,0,0,0,0,0,0,0
0,0.18224,9,9,9,0,0,0,0,0,0,0,0,0,0,0,0,0,0,0,0
0,0.075722,9,9,9,0,0,0,0,0,0,0,0,0,0,0,0,0,0,0,0
0,0.090456,9,9,9,0,0,0,0,0,0,0,0,0,0,0,0,0,0,0,0
0,0.089571,9,9,9,0,0,0,0,0,0,0,0,0,0,0,0,0,0,0,0
0,0.25312,9,9,9,0,0,0,0,0,0,0,0,0,0,0,0,0,0,0,0
0,0.246513,9,9,9,0,0,0,0,0,0,0,0,0,0,0,0,0,0,0,0
0,0.138434,9,9,9,0,0,0,0,0,0,0,0,0,0,0,0,0,0,0,0
0,0.247981,9,9,9,0,0,0,0,0,0,0,0,0,0,0,0,0,0,0,0
0,0.211661,9,9,9,0,0,0,0,0,0,0,0,0,0,0,0,0,0,0,0
0,0.144531,9,9,9,0,0,0,0,0,0,0,0,0,0,0,0,0,0,0,0
0,0.255613,9,9,9,0,0,0,0,0,0,0,0,0,0,0,0,0,0,0,0
0,0.141053,9,9,9,0,0,0,0,0,0,0,0,0,0,0,0,0,0,0,0
0,0.193863,9,9,9,0,0,0,0,0,0,0,0,0,0,0,0,0,0,0,0
0,0.192682,9,9,9,0,0,0,0,0,0,0,0,0,0,0,0,0,0,0,0
0,0.199895,9,9,9,0,0,0,0,0,0,0,0,0,0,0,0,0,0,0,0
0,0.069382,9,9,9,0,0,0,0,0,0,0,0,0,0,0,0,0,0,0,0
0,0.154721,9,9,9,0,0,0,0,0,0,0,0,0,0,0,0,0,0,0,0
0,0.035004,9,9,9,0,0,0,0,0,0,0,0,0,0,0,0,0,0,0,0
0,0.162132,9,9,9,0,0,0,0,0,0,0,0,0,0,0,0,0,0,0,0
0,0.054712,9,9,9,0,0,0,0,0,0,0,0,0,0,0,0,0,0,0,0
0,0.329975,9,9,9,0,0,0,0,0,0,0,0,0,0,0,0,0,0,0,0
0,0.138035,9,9,9,0,0,0,0,0,0,0,0,0,0,0,0,0,0,0,0
0,0.101177,9,9,9,0,0,0,0,0,0,0,0,0,0,0,0,0,0,0,0
0,0.22833,9,9,9,0,0,0,0,0,0,0,0,0,0,0,0,0,0,0,0
0,0.166287,9,9,9,0,0,0,0,0,0,0,0,0,0,0,0,0,0,0,0
0,0.096863,9,9,9,0,0,0,0,0,0,0,0,0,0,0,0,0,0,0,0
0,0.267804,9,9,9,0,0,0,0,0,0,0,0,0,0,0,0,0,0,0,0
0,0.16741,9,9,9,0,0,0,0,0,0,0,0,0,0,0,0,0,0,0,0
0,0.149685,9,9,9,0,0,0,0,0,0,0,0,0,0,0,0,0,0,0,0
0,0.101439,9,9,9,0,0,0,0,0,0,0,0,0,0,0,0,0,0,0,0
0,0.169899,9,9,9,0,0,0,0,0,0,0,0,0,0,0,0,0,0,0,0
0,0.169264,9,9,9,0,0,0,0,0,0,0,0,0,0,0,0,0,0,0,0
0,0.096904,9,9,9,0,0,0,0,0,0,0,0,0,0,0,0,0,0,0,0
0,0.120017,9,9,9,0,0,0,0,0,0,0,0,0,0,0,0,0,0,0,0
0,0.103315,9,9,9,0,0,0,0,0,0,0,0,0,0,0,0,0,0,0,0
0,0.111692,9,9,9,0,0,0,0,0,0,0,0,0,0,0,0,0,0,0,0
0,0.168001,9,9,9,0,0,0,0,0,0,0,0,0,0,0,0,0,0,0,0
0,0.137318,9,9,9,0,0,0,0,0,0,0,0,0,0,0,0,0,0,0,0
0,0.119271,9,9,9,0,0,0,0,0,0,0,0,0,0,0,0,0,0,0,0
0,0.149162,9,9,9,0,0,0,0,0,0,0,0,0,0,0,0,0,0,0,0
0,0.118387,9,9,9,0,0,0,0,0,0,0,0,0,0,0,0,0,0,0,0
0,0.12738,9,9,9,0,0,0,0,0,0,0,0,0,0,0,0,0,0,0,0
0,0.159323,9,9,9,0,0,0,0,0,0,0,0,0,0,0,0,0,0,0,0
0,0.180104,9,9,9,0,0,0,0,0,0,0,0,0,0,0,0,0,0,0,0
0,0.048945,9,9,9,0,0,0,0,0,0,0,0,0,0,0,0,0,0,0,0
0,0.047734,9,9,9,0,0,0,0,0,0,0,0,0,0,0,0,0,0,0,0
0,0.055687,9,9,9,0,0,0,0,0,0,0,0,0,0,0,0,0,0,0,0
0,0.032463,9,9,9,0,0,0,0,0,0,0,0,0,0,0,0,0,0,0,0
0,0.078533,9,9,9,0,0,0,0,0,0,0,0,0,0,0,0,0,0,0,0
0,0.124383,9,9,9,0,0,0,0,0,0,0,0,0,0,0,0,0,0,0,0
0,0.108428,9,9,0,0,0,0,0,0,0,0,0,0,0,0,0,0,0,0,0
0,0.119161,9,9,9,0,0,0,0,0,0,0,0,0,0,0,0,0,0,0,0
0,0.088047,9,9,9,0,0,0,0,0,0,0,0,0,0,0,0,0,0,0,0
0,0.112197,9,9,9,0,0,0,0,0,0,0,0,0,0,0,0,0,0,0,0
0,0.115516,9,9,9,0,0,0,0,0,0,0,0,0,0,0,0,0,0,0,0
0,0.097142,9,9,9,0,0,0,0,0,0,0,0,0,0,0,0,0,0,0,0
0,0.057742,9,9,9,0,0,0,0,0,0,0,0,0,0,0,0,0,0,0,0
0,0.03272,9,9,9,0,0,0,0,0,0,0,0,0,0,0,0,0,0,0,0
0,0.0273,9,9,9,0,0,0,0,0,0,0,0,0,0,0,0,0,0,0,0
0,0.03452,9,9,9,0,0,0,0,0,0,0,0,0,0,0,0,0,0,0,0
0,0.026434,9,9,9,0,0,0,0,0,0,0,0,0,0,0,0,0,0,0,0
0,0.043094,9,9,9,0,0,0,0,0,0,0,0,0,0,0,0,0,0,0,0
0,0.040098,9,9,9,0,0,0,0,0,0,0,0,0,0,0,0,0,0,0,0
0,0.029091,9,9,9,0,0,0,0,0,0,0,0,0,0,0,0,0,0,0,0
0,0.096742,9,9,9,0,0,0,0,0,0,0,0,0,0,0,0,0,0,0,0
0,0.04125,9,9,9,0,0,0,0,0,0,0,0,0,0,0,0,0,0,0,0
0,0.04178,9,9,9,0,0,0,0,0,0,0,0,0,0,0,0,0,0,0,0
0,0.052734,9,9,9,0,0,0,0,0,0,0,0,0,0,0,0,0,0,0,0
0,0.028049,9,9,9,0,0,0,0,0,0,0,0,0,0,0,0,0,0,0,0
0,0.039941,9,9,9,0,0,0,0,0,0,0,0,0,0,0,0,0,0,0,0
0,0.250817,9,9,9,0,0,0,0,0,0,0,0,0,0,0,0,0,0,0,0
0,0.222074,9,9,9,0,0,0,0,0,0,0,0,0,0,0,0,0,0,0,0
0,0.36654,9,9,9,0,0,0,0,0,0,0,0,0,0,0,0,0,0,0,0
0,0.180425,9,9,9,0,0,0,0,0,0,0,0,0,0,0,0,0,0,0,0
0,0.206024,9,9,9,0,0,0,0,0,0,0,0,0,0,0,0,0,0,0,0
0,0.14281,9,9,9,0,0,0,0,0,0,0,0,0,0,0,0,0,0,0,0
0,0.136384,9,9,9,0,0,0,0,0,0,0,0,0,0,0,0,0,0,0,0
0,0.225259,9,9,9,0,0,0,0,0,0,0,0,0,0,0,0,0,0,0,0
0,0.263233,9,9,9,0,0,0,0,0,0,0,0,0,0,0,0,0,0,0,0
0,0.219943,9,9,9,0,0,0,0,0,0,0,0,0,0,0,0,0,0,0,0
0,0.322008,9,9,9,0,0,0,0,0,0,0,0,0,0,0,0,0,0,0,0
0,0.048028,9,9,9,0,0,0,0,0,0,0,0,0,0,0,0,0,0,0,0
0,0.125108,9,9,9,0,0,0,0,0,0,0,0,0,0,0,0,0,0,0,0
0,0.089108,9,9,9,0,0,0,0,0,0,0,0,0,0,0,0,0,0,0,0
0,0.17973,9,9,9,0,0,0,0,0,0,0,0,0,0,0,0,0,0,0,0
0,0.125894,9,9,9,0,0,0,0,0,0,0,0,0,0,0,0,0,0,0,0
0,0.115695,9,9,9,0,0,0,0,0,0,0,0,0,0,0,0,0,0,0,0
0,0.190803,9,9,9,0,0,0,0,0,0,0,0,0,0,0,0,0,0,0,0
0,0.208551,9,9,9,0,0,0,0,0,0,0,0,0,0,0,0,0,0,0,0
0,0.09298,9,9,9,0,0,0,0,0,0,0,0,0,0,0,0,0,0,0,0
0,0.127044,9,9,9,0,0,0,0,0,0,0,0,0,0,0,0,0,0,0,0
0,0.090367,9,9,9,0,0,0,0,0,0,0,0,0,0,0,0,0,0,0,0
0,0.052339,9,9,9,0,0,0,0,0,0,0,0,0,0,0,0,0,0,0,0
0,0.05163,9,9,9,0,0,0,0,0,0,0,0,0,0,0,0,0,0,0,0
0,0.178688,9,9,9,0,0,0,0,0,0,0,0,0,0,0,0,0,0,0,0
0,0.049703,9,9,9,0,0,0,0,0,0,0,0,0,0,0,0,0,0,0,0
0,0.045461,9,9,9,0,0,0,0,0,0,0,0,0,0,0,0,0,0,0,0
0,0.044403,9,9,9,0,0,0,0,0,0,0,0,0,0,0,0,0,0,0,0
0,0.031831,9,9,9,0,0,0,0,0,0,0,0,0,0,0,0,0,0,0,0
0,0.031846,9,9,9,0,0,0,0,0,0,0,0,0,0,0,0,0,0,0,0
0,0.106814,9,9,9,0,0,0,0,0,0,0,0,0,0,0,0,0,0,0,0
0,0.134477,9,9,9,0,0,0,0,0,0,0,0,0,0,0,0,0,0,0,0
0,0.114922,9,9,9,0,0,0,0,0,0,0,0,0,0,0,0,0,0,0,0
0,0.206984,9,9,9,0,0,0,0,0,0,0,0,0,0,0,0,0,0,0,0
0,0.224223,9,9,9,0,0,0,0,0,0,0,0,0,0,0,0,0,0,0,0
0,0.248352,9,9,9,0,0,0,0,0,0,0,0,0,0,0,0,0,0,0,0
0,0.256671,9,9,9,0,0,0,0,0,0,0,0,0,0,0,0,0,0,0,0
0,0.214869,9,9,9,0,0,0,0,0,0,0,0,0,0,0,0,0,0,0,0
0,0.359998,9,9,9,0,0,0,0,0,0,0,0,0,0,0,0,0,0,0,0
0,0.20448,9,9,9,0,0,0,0,0,0,0,0,0,0,0,0,0,0,0,0
0,0.037956,9,9,9,0,0,0,0,0,0,0,0,0,0,0,0,0,0,0,0
0,0.12706,9,9,9,0,0,0,0,0,0,0,0,0,0,0,0,0,0,0,0
0,0.185146,9,9,9,0,0,0,0,0,0,0,0,0,0,0,0,0,0,0,0
0,0.122384,9,9,9,0,0,0,0,0,0,0,0,0,0,0,0,0,0,0,0
0,0.067087,9,9,9,0,0,0,0,0,0,0,0,0,0,0,0,0,0,0,0
0,0.035203,9,9,9,0,0,0,0,0,0,0,0,0,0,0,0,0,0,0,0
0,0.075345,9,9,9,0,0,0,0,0,0,0,0,0,0,0,0,0,0,0,0
0,0.0512,9,9,9,0,0,0,0,0,0,0,0,0,0,0,0,0,0,0,0
0,0.061626,9,9,9,0,0,0,0,0,0,0,0,0,0,0,0,0,0,0,0
0,0.264088,9,9,9,0,0,0,0,0,0,0,0,0,0,0,0,0,0,0,0
0,0.444272,9,9,9,0,0,0,0,0,0,0,0,0,0,0,0,0,0,0,0
0,0.249513,9,9,9,0,0,0,0,0,0,0,0,0,0,0,0,0,0,0,0
0,0.277232,9,9,9,0,0,0,0,0,0,0,0,0,0,0,0,0,0,0,0
0,0.250883,9,9,9,0,0,0,0,0,0,0,0,0,0,0,0,0,0,0,0
0,0.254341,9,9,9,0,0,0,0,0,0,0,0,0,0,0,0,0,0,0,0
0,0.248834,9,9,9,0,0,0,0,0,0,0,0,0,0,0,0,0,0,0,0
0,0.253095,9,9,9,0,0,0,0,0,0,0,0,0,0,0,0,0,0,0,0
0,0.247846,9,9,9,0,0,0,0,0,0,0,0,0,0,0,0,0,0,0,0
0,0.276936,9,9,9,0,0,0,0,0,0,0,0,0,0,0,0,0,0,0,0
0,0.257671,9,9,9,0,0,0,0,0,0,0,0,0,0,0,0,0,0,0,0
0,0.135792,9,9,9,0,0,0,0,0,0,0,0,0,0,0,0,0,0,0,0
0,0.373739,9,9,9,0,0,0,0,0,0,0,0,0,0,0,0,0,0,0,0
0,0.278837,9,9,9,0,0,0,0,0,0,0,0,0,0,0,0,0,0,0,0
0,0.498112,9,9,9,0,0,0,0,0,0,0,0,0,0,0,0,0,0,0,0
0,0.390691,9,9,9,0,0,0,0,0,0,0,0,0,0,0,0,0,0,0,0
0,1.13856,9,9,9,0,0,0,0,0,0,0,0,0,0,0,0,0,0,0,0
0,0.306941,9,9,9,0,0,0,0,0,0,0,0,0,0,0,0,0,0,0,0
0,0.133568,9,9,9,0,0,0,0,0,0,0,0,0,0,0,0,0,0,0,0
0,0.251045,9,9,9,0,0,0,0,0,0,0,0,0,0,0,0,0,0,0,0
0,0.183009,9,9,9,0,0,0,0,0,0,0,0,0,0,0,0,0,0,0,0
0,0.246963,9,9,9,0,0,0,0,0,0,0,0,0,0,0,0,0,0,0,0
0,0.246971,9,9,9,0,0,0,0,0,0,0,0,0,0,0,0,0,0,0,0
0,0.254758,9,9,9,0,0,0,0,0,0,0,0,0,0,0,0,0,0,0,0
0,0.249874,9,9,9,0,0,0,0,0,0,0,0,0,0,0,0,0,0,0,0
0,0.247235,9,9,9,0,0,0,0,0,0,0,0,0,0,0,0,0,0,0,0
0,0.256261,9,9,9,0,0,0,0,0,0,0,0,0,0,0,0,0,0,0,0
0,0.252006,9,9,9,0,0,0,0,0,0,0,0,0,0,0,0,0,0,0,0
0,0.559359,9,9,9,0,0,0,0,0,0,0,0,0,0,0,0,0,0,0,0
0,0.309905,9,9,9,0,0,0,0,0,0,0,0,0,0,0,0,0,0,0,0
0,0.25065,9,9,9,0,0,0,0,0,0,0,0,0,0,0,0,0,0,0,0
0,0.250064,9,9,9,0,0,0,0,0,0,0,0,0,0,0,0,0,0,0,0
0,0.251759,9,9,9,0,0,0,0,0,0,0,0,0,0,0,0,0,0,0,0
0,0.248933,9,9,9,0,0,0,0,0,0,0,0,0,0,0,0,0,0,0,0
0,0.248215,9,9,9,0,0,0,0,0,0,0,0,0,0,0,0,0,0,0,0
0,0.247682,9,9,9,0,0,0,0,0,0,0,0,0,0,0,0,0,0,0,0
0,0.247172,9,9,9,0,0,0,0,0,0,0,0,0,0,0,0,0,0,0,0
0,0.331928,9,9,9,0,0,0,0,0,0,0,0,0,0,0,0,0,0,0,0
0,0.126472,9,9,9,0,0,0,0,0,0,0,0,0,0,0,0,0,0,0,0
0,0.246032,9,9,9,0,0,0,0,0,0,0,0,0,0,0,0,0,0,0,0
0,0.288711,9,9,9,0,0,0,0,0,0,0,0,0,0,0,0,0,0,0,0
0,0.130261,9,9,9,0,0,0,0,0,0,0,0,0,0,0,0,0,0,0,0
0,0.247896,9,9,9,0,0,0,0,0,0,0,0,0,0,0,0,0,0,0,0
0,0.133589,9,9,9,0,0,0,0,0,0,0,0,0,0,0,0,0,0,0,0
0,0.375883,9,9,9,0,0,0,0,0,0,0,0,0,0,0,0,0,0,0,0
0,0.200657,9,9,9,0,0,0,0,0,0,0,0,0,0,0,0,0,0,0,0
0,0.393261,9,9,9,0,0,0,0,0,0,0,0,0,0,0,0,0,0,0,0
0,0.304309,9,9,9,0,0,0,0,0,0,0,0,0,0,0,0,0,0,0,0
0,0.249178,9,9,9,0,0,0,0,0,0,0,0,0,0,0,0,0,0,0,0
0,0.245985,9,9,9,0,0,0,0,0,0,0,0,0,0,0,0,0,0,0,0
0,0.248866,9,9,9,0,0,0,0,0,0,0,0,0,0,0,0,0,0,0,0
0,0.391161,9,9,9,0,0,0,0,0,0,0,0,0,0,0,0,0,0,0,0
0,0.272012,9,9,9,0,0,0,0,0,0,0,0,0,0,0,0,0,0,0,0
0,0.259234,9,9,9,0,0,0,0,0,0,0,0,0,0,0,0,0,0,0,0
0,0.172673,9,9,9,0,0,0,0,0,0,0,0,0,0,0,0,0,0,0,0
0,0.135128,9,9,9,0,0,0,0,0,0,0,0,0,0,0,0,0,0,0,0
0,0.236825,9,9,9,0,0,0,0,0,0,0,0,0,0,0,0,0,0,0,0
0,0.167494,9,9,9,0,0,0,0,0,0,0,0,0,0,0,0,0,0,0,0
0,0.12009,9,9,9,0,0,0,0,0,0,0,0,0,0,0,0,0,0,0,0
0,0.135633,9,9,9,0,0,0,0,0,0,0,0,0,0,0,0,0,0,0,0
0,0.131045,9,9,9,0,0,0,0,0,0,0,0,0,0,0,0,0,0,0,0
0,0.224908,9,9,9,0,0,0,0,0,0,0,0,0,0,0,0,0,0,0,0
0,0.272332,9,9,9,0,0,0,0,0,0,0,0,0,0,0,0,0,0,0,0
0,0.17927,9,9,9,0,0,0,0,0,0,0,0,0,0,0,0,0,0,0,0
0,0.254556,9,9,9,0,0,0,0,0,0,0,0,0,0,0,0,0,0,0,0
0,0.315207,9,9,9,0,0,0,0,0,0,0,0,0,0,0,0,0,0,0,0
0,0.127844,9,9,9,0,0,0,0,0,0,0,0,0,0,0,0,0,0,0,0
0,0.211912,9,9,9,0,0,0,0,0,0,0,0,0,0,0,0,0,0,0,0
0,0.284942,9,9,9,0,0,0,0,0,0,0,0,0,0,0,0,0,0,0,0
0,0.476054,9,9,9,0,0,0,0,0,0,0,0,0,0,0,0,0,0,0,0
0,0.426163,9,9,9,0,0,0,0,0,0,0,0,0,0,0,0,0,0,0,0
0,0.32851,9,9,9,0,0,0,0,0,0,0,0,0,0,0,0,0,0,0,0
0,0.155989,9,9,9,0,0,0,0,0,0,0,0,0,0,0,0,0,0,0,0
0,0.224429,9,9,9,0,0,0,0,0,0,0,0,0,0,0,0,0,0,0,0
0,0.504941,9,9,9,0,0,0,0,0,0,0,0,0,0,0,0,0,0,0,0
0,0.243989,9,9,9,0,0,0,0,0,0,0,0,0,0,0,0,0,0,0,0
0,0.200929,9,9,9,0,0,0,0,0,0,0,0,0,0,0,0,0,0,0,0
0,0.41873,9,9,9,0,0,0,0,0,0,0,0,0,0,0,0,0,0,0,0
0,0.242644,9,9,9,0,0,0,0,0,0,0,0,0,0,0,0,0,0,0,0
0,0.261921,9,9,9,0,0,0,0,0,0,0,0,0,0,0,0,0,0,0,0
0,0.248763,9,9,9,0,0,0,0,0,0,0,0,0,0,0,0,0,0,0,0
0,0.430275,9,9,9,0,0,0,0,0,0,0,0,0,0,0,0,0,0,0,0
0,0.249028,9,9,9,0,0,0,0,0,0,0,0,0,0,0,0,0,0,0,0
0,0.242028,9,9,9,0,0,0,0,0,0,0,0,0,0,0,0,0,0,0,0
0,0.219565,9,9,9,0,0,0,0,0,0,0,0,0,0,0,0,0,0,0,0
0,0.433395,9,9,9,0,0,0,0,0,0,0,0,0,0,0,0,0,0,0,0
0,0.116921,9,9,9,0,0,0,0,0,0,0,0,0,0,0,0,0,0,0,0
0,0.459158,9,9,9,0,0,0,0,0,0,0,0,0,0,0,0,0,0,0,0
0,0.401622,9,9,9,0,0,0,0,0,0,0,0,0,0,0,0,0,0,0,0
0,0.178642,9,9,9,0,0,0,0,0,0,0,0,0,0,0,0,0,0,0,0
0,0.267603,9,9,9,0,0,0,0,0,0,0,0,0,0,0,0,0,0,0,0
0,0.347816,9,9,9,0,0,0,0,0,0,0,0,0,0,0,0,0,0,0,0
0,0.256018,9,9,9,0,0,0,0,0,0,0,0,0,0,0,0,0,0,0,0
0,0.511417,9,9,9,0,0,0,0,0,0,0,0,0,0,0,0,0,0,0,0
0,0.201881,9,9,9,0,0,0,0,0,0,0,0,0,0,0,0,0,0,0,0
0,0.199438,9,9,9,0,0,0,0,0,0,0,0,0,0,0,0,0,0,0,0
0,0.443447,9,9,9,0,0,0,0,0,0,0,0,0,0,0,0,0,0,0,0
0,0.280218,9,9,9,0,0,0,0,0,0,0,0,0,0,0,0,0,0,0,0
0,0.221872,9,9,9,0,0,0,0,0,0,0,0,0,0,0,0,0,0,0,0
0,0.544825,9,9,9,0,0,0,0,0,0,0,0,0,0,0,0,0,0,0,0
0,0.332151,9,9,9,0,0,0,0,0,0,0,0,0,0,0,0,0,0,0,0
0,0.254482,9,9,9,0,0,0,0,0,0,0,0,0,0,0,0,0,0,0,0
0,0.505906,9,9,9,0,0,0,0,0,0,0,0,0,0,0,0,0,0,0,0
0,0.277616,9,9,9,0,0,0,0,0,0,0,0,0,0,0,0,0,0,0,0
0,0.25208,9,9,9,0,0,0,0,0,0,0,0,0,0,0,0,0,0,0,0
0,0.375355,9,9,9,0,0,0,0,0,0,0,0,0,0,0,0,0,0,0,0
0,0.349553,9,9,9,0,0,0,0,0,0,0,0,0,0,0,0,0,0,0,0
0,0.357846,9,9,9,0,0,0,0,0,0,0,0,0,0,0,0,0,0,0,0
0,0.354471,9,9,9,0,0,0,0,0,0,0,0,0,0,0,0,0,0,0,0
0,0.064701,9,9,9,0,0,0,0,0,0,0,0,0,0,0,0,0,0,0,0
0,0.129876,9,9,9,0,0,0,0,0,0,0,0,0,0,0,0,0,0,0,0
0,0.291413,9,9,9,0,0,0,0,0,0,0,0,0,0,0,0,0,0,0,0
0,0.907661,9,9,9,0,0,0,0,0,0,0,0,0,0,0,0,0,0,0,0
0,0.93021,9,9,9,0,0,0,0,0,0,0,0,0,0,0,0,0,0,0,0
0,0.315061,9,9,9,0,0,0,0,0,0,0,0,0,0,0,0,0,0,0,0
0,0.193314,9,9,9,0,0,0,0,0,0,0,0,0,0,0,0,0,0,0,0
0,0.401339,9,9,9,0,0,0,0,0,0,0,0,0,0,0,0,0,0,0,0
0,0.166322,9,9,9,0,0,0,0,0,0,0,0,0,0,0,0,0,0,0,0
0,0.030277,9,9,9,0,0,0,0,0,0,0,0,0,0,0,0,0,0,0,0
0,0.080722,9,9,9,0,0,0,0,0,0,0,0,0,0,0,0,0,0,0,0
0,0.285793,9,9,9,0,0,0,0,0,0,0,0,0,0,0,0,0,0,0,0
0,0.231067,9,9,9,0,0,0,0,0,0,0,0,0,0,0,0,0,0,0,0
0,0.445237,9,9,9,0,0,0,0,0,0,0,0,0,0,0,0,0,0,0,0
0,0.192689,9,9,9,0,0,0,0,0,0,0,0,0,0,0,0,0,0,0,0
0,0.246996,9,9,9,0,0,0,0,0,0,0,0,0,0,0,0,0,0,0,0
0,0.257425,9,9,9,0,0,0,0,0,0,0,0,0,0,0,0,0,0,0,0
0,0.24171,9,9,9,0,0,0,0,0,0,0,0,0,0,0,0,0,0,0,0
0,0.348508,9,9,9,0,0,0,0,0,0,0,0,0,0,0,0,0,0,0,0
0,0.25424,9,9,9,0,0,0,0,0,0,0,0,0,0,0,0,0,0,0,0
0,0.255705,9,9,9,0,0,0,0,0,0,0,0,0,0,0,0,0,0,0,0
0,0.252997,9,9,9,0,0,0,0,0,0,0,0,0,0,0,0,0,0,0,0
0,0.246799,9,9,9,0,0,0,0,0,0,0,0,0,0,0,0,0,0,0,0
0,0.228081,9,9,9,0,0,0,0,0,0,0,0,0,0,0,0,0,0,0,0
0,0.250696,9,9,9,0,0,0,0,0,0,0,0,0,0,0,0,0,0,0,0
0,0.226498,9,9,9,0,0,0,0,0,0,0,0,0,0,0,0,0,0,0,0
0,0.244344,9,9,9,0,0,0,0,0,0,0,0,0,0,0,0,0,0,0,0
0,0.25533,9,9,9,0,0,0,0,0,0,0,0,0,0,0,0,0,0,0,0
0,0.22436,9,9,9,0,0,0,0,0,0,0,0,0,0,0,0,0,0,0,0
0,0.248957,9,9,9,0,0,0,0,0,0,0,0,0,0,0,0,0,0,0,0
0,0.203308,9,9,9,0,0,0,0,0,0,0,0,0,0,0,0,0,0,0,0
0,0.333627,9,9,9,0,0,0,0,0,0,0,0,0,0,0,0,0,0,0,0
0,0.214665,9,9,9,0,0,0,0,0,0,0,0,0,0,0,0,0,0,0,0
0,0.2143,9,9,9,0,0,0,0,0,0,0,0,0,0,0,0,0,0,0,0
0,0.155391,9,9,9,0,0,0,0,0,0,0,0,0,0,0,0,0,0,0,0
0,0.182993,9,9,9,0,0,0,0,0,0,0,0,0,0,0,0,0,0,0,0
0,0.252692,9,9,9,0,0,0,0,0,0,0,0,0,0,0,0,0,0,0,0
0,0.07245,9,9,9,0,0,0,0,0,0,0,0,0,0,0,0,0,0,0,0
0,0.215463,9,9,9,0,0,0,0,0,0,0,0,0,0,0,0,0,0,0,0
0,0.255285,9,9,9,0,0,0,0,0,0,0,0,0,0,0,0,0,0,0,0
0,0.05316,9,9,9,0,0,0,0,0,0,0,0,0,0,0,0,0,0,0,0
0,0.142429,9,9,9,0,0,0,0,0,0,0,0,0,0,0,0,0,0,0,0
0,0.297266,9,9,9,0,0,0,0,0,0,0,0,0,0,0,0,0,0,0,0
0,0.253452,9,9,9,0,0,0,0,0,0,0,0,0,0,0,0,0,0,0,0
0,0.106725,9,9,9,0,0,0,0,0,0,0,0,0,0,0,0,0,0,0,0
0,0.064154,9,9,9,0,0,0,0,0,0,0,0,0,0,0,0,0,0,0,0
0,0.188389,9,9,9,0,0,0,0,0,0,0,0,0,0,0,0,0,0,0,0
0,0.108643,9,9,9,0,0,0,0,0,0,0,0,0,0,0,0,0,0,0,0
0,0.265561,9,9,9,0,0,0,0,0,0,0,0,0,0,0,0,0,0,0,0
0,0.259395,9,9,9,0,0,0,0,0,0,0,0,0,0,0,0,0,0,0,0
0,0.251339,9,9,9,0,0,0,0,0,0,0,0,0,0,0,0,0,0,0,0
0,0.254107,9,9,9,0,0,0,0,0,0,0,0,0,0,0,0,0,0,0,0
0,0.207132,9,9,9,0,0,0,0,0,0,0,0,0,0,0,0,0,0,0,0
0,0.255407,9,9,9,0,0,0,0,0,0,0,0,0,0,0,0,0,0,0,0
0,0.25343,9,9,9,0,0,0,0,0,0,0,0,0,0,0,0,0,0,0,0
0,0.254784,9,9,9,0,0,0,0,0,0,0,0,0,0,0,0,0,0,0,0
0,0.250191,9,9,9,0,0,0,0,0,0,0,0,0,0,0,0,0,0,0,0
0,0.244555,9,9,9,0,0,0,0,0,0,0,0,0,0,0,0,0,0,0,0
0,0.216942,9,9,9,0,0,0,0,0,0,0,0,0,0,0,0,0,0,0,0
0,0.246103,9,9,9,0,0,0,0,0,0,0,0,0,0,0,0,0,0,0,0
0,0.25066,9,9,9,0,0,0,0,0,0,0,0,0,0,0,0,0,0,0,0
0,0.189659,9,9,9,0,0,0,0,0,0,0,0,0,0,0,0,0,0,0,0
0,0.250931,9,9,9,0,0,0,0,0,0,0,0,0,0,0,0,0,0,0,0
0,0.287623,9,9,9,0,0,0,0,0,0,0,0,0,0,0,0,0,0,0,0
0,0.255469,9,9,9,0,0,0,0,0,0,0,0,0,0,0,0,0,0,0,0
0,0.255799,9,9,9,0,0,0,0,0,0,0,0,0,0,0,0,0,0,0,0
0,0.259977,9,9,9,0,0,0,0,0,0,0,0,0,0,0,0,0,0,0,0
0,0.271348,9,9,9,0,0,0,0,0,0,0,0,0,0,0,0,0,0,0,0
0,0.249838,9,9,9,0,0,0,0,0,0,0,0,0,0,0,0,0,0,0,0
0,0.254326,9,9,9,0,0,0,0,0,0,0,0,0,0,0,0,0,0,0,0
0,0.243043,9,9,9,0,0,0,0,0,0,0,0,0,0,0,0,0,0,0,0
0,0.240697,9,9,9,0,0,0,0,0,0,0,0,0,0,0,0,0,0,0,0
0,0.244084,9,9,9,0,0,0,0,0,0,0,0,0,0,0,0,0,0,0,0
0,0.312941,9,9,9,0,0,0,0,0,0,0,0,0,0,0,0,0,0,0,0
0,0.245865,9,9,9,0,0,0,0,0,0,0,0,0,0,0,0,0,0,0,0
0,0.373918,9,9,9,0,0,0,0,0,0,0,0,0,0,0,0,0,0,0,0
0,0.247094,9,9,9,0,0,0,0,0,0,0,0,0,0,0,0,0,0,0,0
0,0.269529,9,9,9,0,0,0,0,0,0,0,0,0,0,0,0,0,0,0,0
0,0.248261,9,9,9,0,0,0,0,0,0,0,0,0,0,0,0,0,0,0,0
0,0.247577,9,9,9,0,0,0,0,0,0,0,0,0,0,0,0,0,0,0,0
0,0.177851,9,9,9,0,0,0,0,0,0,0,0,0,0,0,0,0,0,0,0
0,0.130337,9,9,9,0,0,0,0,0,0,0,0,0,0,0,0,0,0,0,0
0,0.114588,9,9,9,0,0,0,0,0,0,0,0,0,0,0,0,0,0,0,0
0,0.252236,9,9,9,0,0,0,0,0,0,0,0,0,0,0,0,0,0,0,0
0,0.088684,9,9,9,0,0,0,0,0,0,0,0,0,0,0,0,0,0,0,0
0,0.143339,9,9,9,0,0,0,0,0,0,0,0,0,0,0,0,0,0,0,0
0,0.264993,9,9,9,0,0,0,0,0,0,0,0,0,0,0,0,0,0,0,0
0,0.251643,9,9,9,0,0,0,0,0,0,0,0,0,0,0,0,0,0,0,0
0,0.448181,9,9,9,0,0,0,0,0,0,0,0,0,0,0,0,0,0,0,0
0,0.09374,9,9,9,0,0,0,0,0,0,0,0,0,0,0,0,0,0,0,0
0,0.263596,9,9,9,0,0,0,0,0,0,0,0,0,0,0,0,0,0,0,0
0,0.255509,9,9,9,0,0,0,0,0,0,0,0,0,0,0,0,0,0,0,0
0,0.259409,9,9,9,0,0,0,0,0,0,0,0,0,0,0,0,0,0,0,0
0,0.165177,9,9,9,0,0,0,0,0,0,0,0,0,0,0,0,0,0,0,0
0,0.143191,9,9,9,0,0,0,0,0,0,0,0,0,0,0,0,0,0,0,0
0,0.251015,9,9,9,0,0,0,0,0,0,0,0,0,0,0,0,0,0,0,0
0,0.250402,9,9,9,0,0,0,0,0,0,0,0,0,0,0,0,0,0,0,0
0,0.256263,9,9,9,0,0,0,0,0,0,0,0,0,0,0,0,0,0,0,0
0,0.249641,9,9,9,0,0,0,0,0,0,0,0,0,0,0,0,0,0,0,0
0,0.206585,9,9,9,0,0,0,0,0,0,0,0,0,0,0,0,0,0,0,0
0,0.248562,9,9,9,0,0,0,0,0,0,0,0,0,0,0,0,0,0,0,0
0,0.246824,9,9,9,0,0,0,0,0,0,0,0,0,0,0,0,0,0,0,0
0,0.2511,9,9,9,0,0,0,0,0,0,0,0,0,0,0,0,0,0,0,0
0,0.251589,9,9,9,0,0,0,0,0,0,0,0,0,0,0,0,0,0,0,0
0,0.24771,9,9,9,0,0,0,0,0,0,0,0,0,0,0,0,0,0,0,0
0,0.375252,9,9,9,0,0,0,0,0,0,0,0,0,0,0,0,0,0,0,0
0,0.252559,9,9,9,0,0,0,0,0,0,0,0,0,0,0,0,0,0,0,0
0,0.252025,9,9,9,0,0,0,0,0,0,0,0,0,0,0,0,0,0,0,0
0,0.256154,9,9,9,0,0,0,0,0,0,0,0,0,0,0,0,0,0,0,0
0,0.248439,9,9,9,0,0,0,0,0,0,0,0,0,0,0,0,0,0,0,0
0,0.249831,9,9,9,0,0,0,0,0,0,0,0,0,0,0,0,0,0,0,0
0,0.251744,9,9,9,0,0,0,0,0,0,0,0,0,0,0,0,0,0,0,0
0,0.251019,9,9,9,0,0,0,0,0,0,0,0,0,0,0,0,0,0,0,0
0,0.262057,9,9,9,0,0,0,0,0,0,0,0,0,0,0,0,0,0,0,0
0,0.231853,9,9,9,0,0,0,0,0,0,0,0,0,0,0,0,0,0,0,0
0,0.498869,9,9,9,0,0,0,0,0,0,0,0,0,0,0,0,0,0,0,0
0,0.127341,9,9,9,0,0,0,0,0,0,0,0,0,0,0,0,0,0,0,0
0,0.272482,9,9,9,0,0,0,0,0,0,0,0,0,0,0,0,0,0,0,0
0,0.254943,9,9,9,0,0,0,0,0,0,0,0,0,0,0,0,0,0,0,0
0,0.250951,9,9,9,0,0,0,0,0,0,0,0,0,0,0,0,0,0,0,0
0,0.247815,9,9,9,0,0,0,0,0,0,0,0,0,0,0,0,0,0,0,0
0,0.251501,9,9,9,0,0,0,0,0,0,0,0,0,0,0,0,0,0,0,0
0,0.188175,9,9,9,0,0,0,0,0,0,0,0,0,0,0,0,0,0,0,0
0,0.124625,9,9,9,0,0,0,0,0,0,0,0,0,0,0,0,0,0,0,0
0,0.250283,9,9,9,0,0,0,0,0,0,0,0,0,0,0,0,0,0,0,0
0,0.252404,9,9,9,0,0,0,0,0,0,0,0,0,0,0,0,0,0,0,0
0,0.25186,9,9,9,0,0,0,0,0,0,0,0,0,0,0,0,0,0,0,0
0,0.125333,9,9,9,0,0,0,0,0,0,0,0,0,0,0,0,0,0,0,0
0,0.246339,9,9,9,0,0,0,0,0,0,0,0,0,0,0,0,0,0,0,0
0,0.253994,9,9,9,0,0,0,0,0,0,0,0,0,0,0,0,0,0,0,0
0,0.247854,9,9,9,0,0,0,0,0,0,0,0,0,0,0,0,0,0,0,0
0,0.251087,9,9,9,0,0,0,0,0,0,0,0,0,0,0,0,0,0,0,0
0,0.250762,9,9,9,0,0,0,0,0,0,0,0,0,0,0,0,0,0,0,0
0,0.250194,9,9,9,0,0,0,0,0,0,0,0,0,0,0,0,0,0,0,0
0,0.257314,9,9,9,0,0,0,0,0,0,0,0,0,0,0,0,0,0,0,0
0,0.247036,9,9,9,0,0,0,0,0,0,0,0,0,0,0,0,0,0,0,0
0,0.333225,9,9,9,0,0,0,0,0,0,0,0,0,0,0,0,0,0,0,0
0,0.253029,9,9,9,0,0,0,0,0,0,0,0,0,0,0,0,0,0,0,0
0,0.253931,9,9,9,0,0,0,0,0,0,0,0,0,0,0,0,0,0,0,0
0,0.246527,9,9,9,0,0,0,0,0,0,0,0,0,0,0,0,0,0,0,0
0,0.267713,9,9,9,0,0,0,0,0,0,0,0,0,0,0,0,0,0,0,0
0,0.251294,9,9,9,0,0,0,0,0,0,0,0,0,0,0,0,0,0,0,0
0,0.130734,9,9,9,0,0,0,0,0,0,0,0,0,0,0,0,0,0,0,0
0,0.25384,9,9,9,0,0,0,0,0,0,0,0,0,0,0,0,0,0,0,0
0,0.251781,9,9,9,0,0,0,0,0,0,0,0,0,0,0,0,0,0,0,0
0,0.250123,9,9,9,0,0,0,0,0,0,0,0,0,0,0,0,0,0,0,0
0,0.250068,9,9,9,0,0,0,0,0,0,0,0,0,0,0,0,0,0,0,0
0,0.254825,9,9,9,0,0,0,0,0,0,0,0,0,0,0,0,0,0,0,0
0,0.251368,9,9,9,0,0,0,0,0,0,0,0,0,0,0,0,0,0,0,0
0,0.251113,9,9,9,0,0,0,0,0,0,0,0,0,0,0,0,0,0,0,0
0,0.248401,9,9,9,0,0,0,0,0,0,0,0,0,0,0,0,0,0,0,0
0,0.248278,9,9,9,0,0,0,0,0,0,0,0,0,0,0,0,0,0,0,0
0,0.256876,9,9,9,0,0,0,0,0,0,0,0,0,0,0,0,0,0,0,0
0,0.103136,9,9,9,0,0,0,0,0,0,0,0,0,0,0,0,0,0,0,0
0,0.250118,9,9,9,0,0,0,0,0,0,0,0,0,0,0,0,0,0,0,0
0,0.250199,9,9,9,0,0,0,0,0,0,0,0,0,0,0,0,0,0,0,0
0,0.24654,9,9,9,0,0,0,0,0,0,0,0,0,0,0,0,0,0,0,0
0,0.38647,9,9,9,0,0,0,0,0,0,0,0,0,0,0,0,0,0,0,0
0,0.247798,9,9,9,0,0,0,0,0,0,0,0,0,0,0,0,0,0,0,0
0,0.451275,9,9,9,0,0,0,0,0,0,0,0,0,0,0,0,0,0,0,0
0,0.493606,9,9,9,0,0,0,0,0,0,0,0,0,0,0,0,0,0,0,0
0,0.578634,9,9,9,0,0,0,0,0,0,0,0,0,0,0,0,0,0,0,0
0,0.336625,9,9,9,0,0,0,0,0,0,0,0,0,0,0,0,0,0,0,0
0,0.711404,9,9,9,0,0,0,0,0,0,0,0,0,0,0,0,0,0,0,0
0,0.903171,9,9,9,0,0,0,0,0,0,0,0,0,0,0,0,0,0,0,0
0,0.315214,9,9,9,0,0,0,0,0,0,0,0,0,0,0,0,0,0,0,0
0,0.855015,9,9,9,0,0,0,0,0,0,0,0,0,0,0,0,0,0,0,0
0,0.501162,9,9,9,0,0,0,0,0,0,0,0,0,0,0,0,0,0,0,0
0,0.305794,9,9,9,0,0,0,0,0,0,0,0,0,0,0,0,0,0,0,0
0,0.535887,9,9,9,0,0,0,0,0,0,0,0,0,0,0,0,0,0,0,0
0,0.590196,9,9,9,0,0,0,0,0,0,0,0,0,0,0,0,0,0,0,0
0,0.144074,9,9,9,0,0,0,0,0,0,0,0,0,0,0,0,0,0,0,0
0,0.400408,9,9,9,0,0,0,0,0,0,0,0,0,0,0,0,0,0,0,0
0,0.325774,9,9,9,0,0,0,0,0,0,0,0,0,0,0,0,0,0,0,0
0,0.750106,9,9,9,0,0,0,0,0,0,0,0,0,0,0,0,0,0,0,0
0,1.181734,9,9,9,0,0,0,0,0,0,0,0,0,0,0,0,0,0,0,0
0,0.839202,9,9,9,0,0,0,0,0,0,0,0,0,0,0,0,0,0,0,0
0,0.442217,9,9,9,0,0,0,0,0,0,0,0,0,0,0,0,0,0,0,0
0,1.285284,9,9,9,0,0,0,0,0,0,0,0,0,0,0,0,0,0,0,0
0,0.884965,9,9,9,0,0,0,0,0,0,0,0,0,0,0,0,0,0,0,0
0,0.277756,9,9,9,0,0,0,0,0,0,0,0,0,0,0,0,0,0,0,0
0,0.618974,9,9,9,0,0,0,0,0,0,0,0,0,0,0,0,0,0,0,0
0,0.304414,9,9,9,0,0,0,0,0,0,0,0,0,0,0,0,0,0,0,0
0,0.695792,9,9,9,0,0,0,0,0,0,0,0,0,0,0,0,0,0,0,0
0,0.231234,9,9,9,0,0,0,0,0,0,0,0,0,0,0,0,0,0,0,0
0,0.228479,9,9,9,0,0,0,0,0,0,0,0,0,0,0,0,0,0,0,0
0,0.298404,9,9,9,0,0,0,0,0,0,0,0,0,0,0,0,0,0,0,0
0,0.294894,9,9,9,0,0,0,0,0,0,0,0,0,0,0,0,0,0,0,0
0,0.324481,9,9,9,0,0,0,0,0,0,0,0,0,0,0,0,0,0,0,0
0,0.494949,9,9,9,0,0,0,0,0,0,0,0,0,0,0,0,0,0,0,0
0,0.751731,9,9,9,0,0,0,0,0,0,0,0,0,0,0,0,0,0,0,0
0,0.527872,9,9,9,0,0,0,0,0,0,0,0,0,0,0,0,0,0,0,0
0,0.621195,9,9,9,0,0,0,0,0,0,0,0,0,0,0,0,0,0,0,0
0,0.337786,9,9,9,0,0,0,0,0,0,0,0,0,0,0,0,0,0,0,0
0,0.197179,9,9,9,0,0,0,0,0,0,0,0,0,0,0,0,0,0,0,0
0,0.364428,9,9,9,0,0,0,0,0,0,0,0,0,0,0,0,0,0,0,0
0,0.475558,9,9,9,0,0,0,0,0,0,0,0,0,0,0,0,0,0,0,0
0,0.192263,9,9,9,0,0,0,0,0,0,0,0,0,0,0,0,0,0,0,0
0,0.179433,9,9,9,0,0,0,0,0,0,0,0,0,0,0,0,0,0,0,0
0,0.564825,9,9,9,0,0,0,0,0,0,0,0,0,0,0,0,0,0,0,0
0,0.353237,9,9,9,0,0,0,0,0,0,0,0,0,0,0,0,0,0,0,0
0,0.704733,9,9,9,0,0,0,0,0,0,0,0,0,0,0,0,0,0,0,0
0,0.135217,9,9,9,0,0,0,0,0,0,0,0,0,0,0,0,0,0,0,0
0,1.221148,9,9,9,0,0,0,0,0,0,0,0,0,0,0,0,0,0,0,0
0,0.993819,9,9,9,0,0,0,0,0,0,0,0,0,0,0,0,0,0,0,0
0,1.115145,9,9,9,0,0,0,0,0,0,0,0,0,0,0,0,0,0,0,0
0,0.572883,9,9,9,0,0,0,0,0,0,0,0,0,0,0,0,0,0,0,0
0,0.512699,9,9,9,0,0,0,0,0,0,0,0,0,0,0,0,0,0,0,0
0,0.515518,9,9,9,0,0,0,0,0,0,0,0,0,0,0,0,0,0,0,0
0,0.546277,9,9,9,0,0,0,0,0,0,0,0,0,0,0,0,0,0,0,0
0,0.505695,9,9,9,0,0,0,0,0,0,0,0,0,0,0,0,0,0,0,0
0,0.610412,9,9,9,0,0,0,0,0,0,0,0,0,0,0,0,0,0,0,0
0,0.481721,9,9,9,0,0,0,0,0,0,0,0,0,0,0,0,0,0,0,0
0,0.516796,9,9,9,0,0,0,0,0,0,0,0,0,0,0,0,0,0,0,0
0,0.497639,9,9,9,0,0,0,0,0,0,0,0,0,0,0,0,0,0,0,0
0,0.485208,9,9,9,0,0,0,0,0,0,0,0,0,0,0,0,0,0,0,0
0,0.629912,9,9,9,0,0,0,0,0,0,0,0,0,0,0,0,0,0,0,0
0,0.341193,9,9,9,0,0,0,0,0,0,0,0,0,0,0,0,0,0,0,0
0,0.374559,9,9,9,0,0,0,0,0,0,0,0,0,0,0,0,0,0,0,0
0,0.533158,9,9,9,0,0,0,0,0,0,0,0,0,0,0,0,0,0,0,0
0,0.269644,9,9,9,0,0,0,0,0,0,0,0,0,0,0,0,0,0,0,0
0,0.039614,9,9,9,0,0,0,0,0,0,0,0,0,0,0,0,0,0,0,0
0,0.180782,9,9,9,0,0,0,0,0,0,0,0,0,0,0,0,0,0,0,0
0,0.621384,9,9,9,0,0,0,0,0,0,0,0,0,0,0,0,0,0,0,0
0,0.504763,9,9,9,0,0,0,0,0,0,0,0,0,0,0,0,0,0,0,0
0,0.234185,9,9,9,0,0,0,0,0,0,0,0,0,0,0,0,0,0,0,0
0,0.490973,9,9,9,0,0,0,0,0,0,0,0,0,0,0,0,0,0,0,0
0,0.335115,9,9,9,0,0,0,0,0,0,0,0,0,0,0,0,0,0,0,0
0,0.144509,9,9,9,0,0,0,0,0,0,0,0,0,0,0,0,0,0,0,0
0,0.242289,9,9,9,0,0,0,0,0,0,0,0,0,0,0,0,0,0,0,0
0,0.226729,9,9,9,0,0,0,0,0,0,0,0,0,0,0,0,0,0,0,0
0,0.303729,9,9,9,0,0,0,0,0,0,0,0,0,0,0,0,0,0,0,0
0,0.500896,9,9,9,0,0,0,0,0,0,0,0,0,0,0,0,0,0,0,0
0,0.504805,9,9,9,0,0,0,0,0,0,0,0,0,0,0,0,0,0,0,0
0,0.917616,9,9,9,0,0,0,0,0,0,0,0,0,0,0,0,0,0,0,0
0,0.425744,9,9,9,0,0,0,0,0,0,0,0,0,0,0,0,0,0,0,0
0,0.495077,9,9,9,0,0,0,0,0,0,0,0,0,0,0,0,0,0,0,0
0,0.684653,9,9,9,0,0,0,0,0,0,0,0,0,0,0,0,0,0,0,0
0,0.26992,9,9,9,0,0,0,0,0,0,0,0,0,0,0,0,0,0,0,0
0,0.626427,9,9,9,0,0,0,0,0,0,0,0,0,0,0,0,0,0,0,0
0,0.47541,9,9,9,0,0,0,0,0,0,0,0,0,0,0,0,0,0,0,0
0,0.348683,9,9,9,0,0,0,0,0,0,0,0,0,0,0,0,0,0,0,0
0,0.242577,9,9,9,0,0,0,0,0,0,0,0,0,0,0,0,0,0,0,0
0,0.445348,9,9,9,0,0,0,0,0,0,0,0,0,0,0,0,0,0,0,0
0,0.2329,9,9,9,0,0,0,0,0,0,0,0,0,0,0,0,0,0,0,0
0,0.14138,9,9,9,0,0,0,0,0,0,0,0,0,0,0,0,0,0,0,0
0,0.179004,9,9,9,0,0,0,0,0,0,0,0,0,0,0,0,0,0,0,0
0,0.253918,9,9,9,0,0,0,0,0,0,0,0,0,0,0,0,0,0,0,0
0,1.091869,9,9,9,0,0,0,0,0,0,0,0,0,0,0,0,0,0,0,0
0,0.333114,9,9,9,0,0,0,0,0,0,0,0,0,0,0,0,0,0,0,0
0,0.382356,9,9,9,0,0,0,0,0,0,0,0,0,0,0,0,0,0,0,0
0,0.757143,9,9,9,0,0,0,0,0,0,0,0,0,0,0,0,0,0,0,0
0,0.247371,9,9,9,0,0,0,0,0,0,0,0,0,0,0,0,0,0,0,0
0,0.345096,9,9,9,0,0,0,0,0,0,0,0,0,0,0,0,0,0,0,0
0,0.300617,9,9,9,0,0,0,0,0,0,0,0,0,0,0,0,0,0,0,0
0,0.285622,9,9,9,0,0,0,0,0,0,0,0,0,0,0,0,0,0,0,0
0,0.452084,9,9,9,0,0,0,0,0,0,0,0,0,0,0,0,0,0,0,0
0,0.463688,9,9,9,0,0,0,0,0,0,0,0,0,0,0,0,0,0,0,0
0,0.236593,9,9,9,0,0,0,0,0,0,0,0,0,0,0,0,0,0,0,0
0,0.244684,9,9,9,0,0,0,0,0,0,0,0,0,0,0,0,0,0,0,0
0,0.533653,9,9,9,0,0,0,0,0,0,0,0,0,0,0,0,0,0,0,0
0,0.653456,9,9,9,0,0,0,0,0,0,0,0,0,0,0,0,0,0,0,0
0,0.466406,9,9,9,0,0,0,0,0,0,0,0,0,0,0,0,0,0,0,0
0,0.279076,9,9,9,0,0,0,0,0,0,0,0,0,0,0,0,0,0,0,0
0,0.293586,9,9,9,0,0,0,0,0,0,0,0,0,0,0,0,0,0,0,0
0,0.18785,9,9,9,0,0,0,0,0,0,0,0,0,0,0,0,0,0,0,0
0,0.160824,9,9,9,0,0,0,0,0,0,0,0,0,0,0,0,0,0,0,0
0,0.240756,9,9,9,0,0,0,0,0,0,0,0,0,0,0,0,0,0,0,0
0,0.230926,9,9,9,0,0,0,0,0,0,0,0,0,0,0,0,0,0,0,0
0,0.311639,9,9,9,0,0,0,0,0,0,0,0,0,0,0,0,0,0,0,0
0,0.251956,9,9,9,0,0,0,0,0,0,0,0,0,0,0,0,0,0,0,0
0,0.189909,9,9,9,0,0,0,0,0,0,0,0,0,0,0,0,0,0,0,0
0,0.201639,9,9,9,0,0,0,0,0,0,0,0,0,0,0,0,0,0,0,0
0,0.2431,9,9,9,0,0,0,0,0,0,0,0,0,0,0,0,0,0,0,0
0,0.129866,9,9,9,0,0,0,0,0,0,0,0,0,0,0,0,0,0,0,0
0,0.268328,9,9,9,0,0,0,0,0,0,0,0,0,0,0,0,0,0,0,0
0,0.259436,9,9,9,0,0,0,0,0,0,0,0,0,0,0,0,0,0,0,0
0,0.312853,9,9,9,0,0,0,0,0,0,0,0,0,0,0,0,0,0,0,0
0,0.407595,9,9,9,0,0,0,0,0,0,0,0,0,0,0,0,0,0,0,0
0,0.249656,9,9,9,0,0,0,0,0,0,0,0,0,0,0,0,0,0,0,0
0,0.366106,9,9,9,0,0,0,0,0,0,0,0,0,0,0,0,0,0,0,0
0,0.226573,9,9,9,0,0,0,0,0,0,0,0,0,0,0,0,0,0,0,0
0,0.319517,9,9,9,0,0,0,0,0,0,0,0,0,0,0,0,0,0,0,0
0,0.331859,9,9,9,0,0,0,0,0,0,0,0,0,0,0,0,0,0,0,0
0,0.320688,9,9,9,0,0,0,0,0,0,0,0,0,0,0,0,0,0,0,0
0,0.515762,9,9,9,0,0,0,0,0,0,0,0,0,0,0,0,0,0,0,0
0,0.514449,9,9,9,0,0,0,0,0,0,0,0,0,0,0,0,0,0,0,0
0,0.227824,9,9,9,0,0,0,0,0,0,0,0,0,0,0,0,0,0,0,0
0,0.287222,9,9,9,0,0,0,0,0,0,0,0,0,0,0,0,0,0,0,0
0,0.280288,9,9,9,0,0,0,0,0,0,0,0,0,0,0,0,0,0,0,0
0,0.469605,9,9,9,0,0,0,0,0,0,0,0,0,0,0,0,0,0,0,0
0,0.441389,9,9,9,0,0,0,0,0,0,0,0,0,0,0,0,0,0,0,0
0,0.244281,9,9,9,0,0,0,0,0,0,0,0,0,0,0,0,0,0,0,0
0,0.484887,9,9,9,0,0,0,0,0,0,0,0,0,0,0,0,0,0,0,0
0,0.501286,9,9,9,0,0,0,0,0,0,0,0,0,0,0,0,0,0,0,0
0,0.609623,9,9,9,0,0,0,0,0,0,0,0,0,0,0,0,0,0,0,0
0,0.28087,9,9,9,0,0,0,0,0,0,0,0,0,0,0,0,0,0,0,0
0,0.243547,9,9,9,0,0,0,0,0,0,0,0,0,0,0,0,0,0,0,0
0,0.561859,9,9,9,0,0,0,0,0,0,0,0,0,0,0,0,0,0,0,0
0,0.49923,9,9,9,0,0,0,0,0,0,0,0,0,0,0,0,0,0,0,0
0,0.251571,9,9,9,0,0,0,0,0,0,0,0,0,0,0,0,0,0,0,0
0,0.48292,9,9,9,0,0,0,0,0,0,0,0,0,0,0,0,0,0,0,0
0,0.120339,9,9,9,0,0,0,0,0,0,0,0,0,0,0,0,0,0,0,0
0,1.077091,9,9,9,0,0,0,0,0,0,0,0,0,0,0,0,0,0,0,0
0,1.033134,9,9,9,0,0,0,0,0,0,0,0,0,0,0,0,0,0,0,0
0,0.438732,9,9,9,0,0,0,0,0,0,0,0,0,0,0,0,0,0,0,0
0,2.009806,9,9,9,0,0,0,0,0,0,0,0,0,0,0,0,0,0,0,0
0,0.354868,9,9,9,0,0,0,0,0,0,0,0,0,0,0,0,0,0,0,0
0,0.262154,9,9,9,0,0,0,0,0,0,0,0,0,0,0,0,0,0,0,0
0,0.12817,9,9,9,0,0,0,0,0,0,0,0,0,0,0,0,0,0,0,0
0,0.350052,9,9,9,0,0,0,0,0,0,0,0,0,0,0,0,0,0,0,0
0,0.237306,9,9,9,0,0,0,0,0,0,0,0,0,0,0,0,0,0,0,0
0,0.343555,9,9,9,0,0,0,0,0,0,0,0,0,0,0,0,0,0,0,0
0,0.734886,9,9,9,0,0,0,0,0,0,0,0,0,0,0,0,0,0,0,0
0,0.624568,9,9,9,0,0,0,0,0,0,0,0,0,0,0,0,0,0,0,0
0,0.234855,9,9,9,0,0,0,0,0,0,0,0,0,0,0,0,0,0,0,0
0,0.391645,9,9,9,0,0,0,0,0,0,0,0,0,0,0,0,0,0,0,0
0,0.434681,9,9,9,0,0,0,0,0,0,0,0,0,0,0,0,0,0,0,0
0,0.430096,9,9,9,0,0,0,0,0,0,0,0,0,0,0,0,0,0,0,0
0,0.141973,9,9,9,0,0,0,0,0,0,0,0,0,0,0,0,0,0,0,0
0,0.386363,9,9,9,0,0,0,0,0,0,0,0,0,0,0,0,0,0,0,0
0,0.361626,9,9,9,0,0,0,0,0,0,0,0,0,0,0,0,0,0,0,0
0,0.805198,9,9,9,0,0,0,0,0,0,0,0,0,0,0,0,0,0,0,0
0,0.505984,9,9,9,0,0,0,0,0,0,0,0,0,0,0,0,0,0,0,0
0,0.479673,9,9,9,0,0,0,0,0,0,0,0,0,0,0,0,0,0,0,0
0,1.123191,9,9,9,0,0,0,0,0,0,0,0,0,0,0,0,0,0,0,0
0,0.500394,9,9,9,0,0,0,0,0,0,0,0,0,0,0,0,0,0,0,0
0,0.508067,9,9,9,0,0,0,0,0,0,0,0,0,0,0,0,0,0,0,0
0,0.497296,9,9,9,0,0,0,0,0,0,0,0,0,0,0,0,0,0,0,0
0,0.242667,9,9,9,0,0,0,0,0,0,0,0,0,0,0,0,0,0,0,0
0,0.492437,9,9,9,0,0,0,0,0,0,0,0,0,0,0,0,0,0,0,0
0,0.495667,9,9,9,0,0,0,0,0,0,0,0,0,0,0,0,0,0,0,0
0,0.331989,9,9,9,0,0,0,0,0,0,0,0,0,0,0,0,0,0,0,0
0,0.250394,9,9,9,0,0,0,0,0,0,0,0,0,0,0,0,0,0,0,0
0,0.265368,9,9,9,0,0,0,0,0,0,0,0,0,0,0,0,0,0,0,0
0,0.31707,9,9,9,0,0,0,0,0,0,0,0,0,0,0,0,0,0,0,0
0,0.169305,9,9,9,0,0,0,0,0,0,0,0,0,0,0,0,0,0,0,0
0,0.500189,9,9,9,0,0,0,0,0,0,0,0,0,0,0,0,0,0,0,0
0,0.548377,9,9,9,0,0,0,0,0,0,0,0,0,0,0,0,0,0,0,0
0,0.478414,9,9,9,0,0,0,0,0,0,0,0,0,0,0,0,0,0,0,0
0,0.510181,9,9,9,0,0,0,0,0,0,0,0,0,0,0,0,0,0,0,0
0,0.456967,9,9,9,0,0,0,0,0,0,0,0,0,0,0,0,0,0,0,0
0,0.314414,9,9,9,0,0,0,0,0,0,0,0,0,0,0,0,0,0,0,0
0,0.572601,9,9,9,0,0,0,0,0,0,0,0,0,0,0,0,0,0,0,0
0,0.364667,9,9,9,0,0,0,0,0,0,0,0,0,0,0,0,0,0,0,0
0,0.267413,9,9,9,0,0,0,0,0,0,0,0,0,0,0,0,0,0,0,0
0,0.502104,9,9,9,0,0,0,0,0,0,0,0,0,0,0,0,0,0,0,0
0,0.474609,9,9,9,0,0,0,0,0,0,0,0,0,0,0,0,0,0,0,0
0,0.487205,9,9,9,0,0,0,0,0,0,0,0,0,0,0,0,0,0,0,0
0,0.458919,9,9,9,0,0,0,0,0,0,0,0,0,0,0,0,0,0,0,0
0,0.452592,9,9,9,0,0,0,0,0,0,0,0,0,0,0,0,0,0,0,0
0,0.502624,9,9,9,0,0,0,0,0,0,0,0,0,0,0,0,0,0,0,0
0,0.626787,9,9,9,0,0,0,0,0,0,0,0,0,0,0,0,0,0,0,0
0,0.501318,9,9,9,0,0,0,0,0,0,0,0,0,0,0,0,0,0,0,0
0,0.498848,9,9,9,0,0,0,0,0,0,0,0,0,0,0,0,0,0,0,0
0,0.502593,9,9,9,0,0,0,0,0,0,0,0,0,0,0,0,0,0,0,0
0,0.53195,9,9,9,0,0,0,0,0,0,0,0,0,0,0,0,0,0,0,0
0,0.486687,9,9,9,0,0,0,0,0,0,0,0,0,0,0,0,0,0,0,0
0,0.498389,9,9,9,0,0,0,0,0,0,0,0,0,0,0,0,0,0,0,0
0,0.677812,9,9,9,0,0,0,0,0,0,0,0,0,0,0,0,0,0,0,0
0,0.52425,9,9,9,0,0,0,0,0,0,0,0,0,0,0,0,0,0,0,0
0,0.68662,9,9,9,0,0,0,0,0,0,0,0,0,0,0,0,0,0,0,0
0,0.521709,9,9,9,0,0,0,0,0,0,0,0,0,0,0,0,0,0,0,0
0,0.83648,9,9,9,0,0,0,0,0,0,0,0,0,0,0,0,0,0,0,0
0,0.49474,9,9,9,0,0,0,0,0,0,0,0,0,0,0,0,0,0,0,0
0,0.6788,9,9,9,0,0,0,0,0,0,0,0,0,0,0,0,0,0,0,0
0,1.074694,9,9,9,0,0,0,0,0,0,0,0,0,0,0,0,0,0,0,0
0,0.445942,9,9,9,0,0,0,0,0,0,0,0,0,0,0,0,0,0,0,0
0,0.251917,9,9,9,0,0,0,0,0,0,0,0,0,0,0,0,0,0,0,0
0,0.242292,9,9,9,0,0,0,0,0,0,0,0,0,0,0,0,0,0,0,0
0,0.252812,9,9,9,0,0,0,0,0,0,0,0,0,0,0,0,0,0,0,0
0,0.253394,9,9,9,0,0,0,0,0,0,0,0,0,0,0,0,0,0,0,0
0,0.254527,9,9,9,0,0,0,0,0,0,0,0,0,0,0,0,0,0,0,0
0,0.144931,9,9,9,0,0,0,0,0,0,0,0,0,0,0,0,0,0,0,0
0,0.269471,9,9,9,0,0,0,0,0,0,0,0,0,0,0,0,0,0,0,0
0,0.636549,9,9,9,0,0,0,0,0,0,0,0,0,0,0,0,0,0,0,0
0,0.648415,9,9,9,0,0,0,0,0,0,0,0,0,0,0,0,0,0,0,0
0,0.3962,9,9,9,0,0,0,0,0,0,0,0,0,0,0,0,0,0,0,0
0,0.583081,9,9,9,0,0,0,0,0,0,0,0,0,0,0,0,0,0,0,0
0,0.734888,9,9,9,0,0,0,0,0,0,0,0,0,0,0,0,0,0,0,0
0,0.963012,9,9,9,0,0,0,0,0,0,0,0,0,0,0,0,0,0,0,0
0,0.498517,9,9,9,0,0,0,0,0,0,0,0,0,0,0,0,0,0,0,0
0,0.510858,9,9,9,0,0,0,0,0,0,0,0,0,0,0,0,0,0,0,0
0,0.291638,9,9,9,0,0,0,0,0,0,0,0,0,0,0,0,0,0,0,0
0,0.578434,9,9,9,0,0,0,0,0,0,0,0,0,0,0,0,0,0,0,0
0,0.334876,9,9,9,0,0,0,0,0,0,0,0,0,0,0,0,0,0,0,0
0,0.244576,9,9,9,0,0,0,0,0,0,0,0,0,0,0,0,0,0,0,0
0,0.250403,9,9,9,0,0,0,0,0,0,0,0,0,0,0,0,0,0,0,0
0,0.244888,9,9,9,0,0,0,0,0,0,0,0,0,0,0,0,0,0,0,0
0,0.250469,9,9,9,0,0,0,0,0,0,0,0,0,0,0,0,0,0,0,0
0,0.247092,9,9,9,0,0,0,0,0,0,0,0,0,0,0,0,0,0,0,0
0,0.2504,9,9,9,0,0,0,0,0,0,0,0,0,0,0,0,0,0,0,0
0,0.251232,9,9,9,0,0,0,0,0,0,0,0,0,0,0,0,0,0,0,0
0,0.299334,9,9,9,0,0,0,0,0,0,0,0,0,0,0,0,0,0,0,0
0,0.250001,9,9,9,0,0,0,0,0,0,0,0,0,0,0,0,0,0,0,0
0,0.415139,9,9,9,0,0,0,0,0,0,0,0,0,0,0,0,0,0,0,0
0,0.443842,9,9,9,0,0,0,0,0,0,0,0,0,0,0,0,0,0,0,0
0,0.490661,9,9,9,0,0,0,0,0,0,0,0,0,0,0,0,0,0,0,0
0,0.396927,9,9,9,0,0,0,0,0,0,0,0,0,0,0,0,0,0,0,0
0,0.263311,9,9,9,0,0,0,0,0,0,0,0,0,0,0,0,0,0,0,0
0,0.377883,9,9,9,0,0,0,0,0,0,0,0,0,0,0,0,0,0,0,0
0,0.246012,9,9,9,0,0,0,0,0,0,0,0,0,0,0,0,0,0,0,0
0,0.244271,9,9,9,0,0,0,0,0,0,0,0,0,0,0,0,0,0,0,0
0,0.966987,9,9,9,0,0,0,0,0,0,0,0,0,0,0,0,0,0,0,0
0,0.113406,9,9,9,0,0,0,0,0,0,0,0,0,0,0,0,0,0,0,0
0,0.435133,9,9,9,0,0,0,0,0,0,0,0,0,0,0,0,0,0,0,0
0,0.211273,9,9,9,0,0,0,0,0,0,0,0,0,0,0,0,0,0,0,0
0,0.18149,9,9,9,0,0,0,0,0,0,0,0,0,0,0,0,0,0,0,0
0,0.173986,9,9,9,0,0,0,0,0,0,0,0,0,0,0,0,0,0,0,0
0,0.374797,9,9,9,0,0,0,0,0,0,0,0,0,0,0,0,0,0,0,0
0,0.194318,9,9,9,0,0,0,0,0,0,0,0,0,0,0,0,0,0,0,0
0,0.197232,9,9,9,0,0,0,0,0,0,0,0,0,0,0,0,0,0,0,0
0,0.249958,9,9,9,0,0,0,0,0,0,0,0,0,0,0,0,0,0,0,0
0,0.148803,9,9,9,0,0,0,0,0,0,0,0,0,0,0,0,0,0,0,0
0,0.37746,9,9,9,0,0,0,0,0,0,0,0,0,0,0,0,0,0,0,0
0,0.247124,9,9,9,0,0,0,0,0,0,0,0,0,0,0,0,0,0,0,0
0,0.374979,9,9,9,0,0,0,0,0,0,0,0,0,0,0,0,0,0,0,0
0,0.244462,9,9,9,0,0,0,0,0,0,0,0,0,0,0,0,0,0,0,0
0,0.248265,9,9,9,0,0,0,0,0,0,0,0,0,0,0,0,0,0,0,0
0,0.250649,9,9,9,0,0,0,0,0,0,0,0,0,0,0,0,0,0,0,0
0,0.199775,9,9,9,0,0,0,0,0,0,0,0,0,0,0,0,0,0,0,0
0,0.247236,9,9,9,0,0,0,0,0,0,0,0,0,0,0,0,0,0,0,0
0,0.376571,9,9,9,0,0,0,0,0,0,0,0,0,0,0,0,0,0,0,0
0,0.245347,9,9,9,0,0,0,0,0,0,0,0,0,0,0,0,0,0,0,0
0,0.251714,9,9,9,0,0,0,0,0,0,0,0,0,0,0,0,0,0,0,0
0,0.243796,9,9,9,0,0,0,0,0,0,0,0,0,0,0,0,0,0,0,0
0,0.235155,9,9,9,0,0,0,0,0,0,0,0,0,0,0,0,0,0,0,0
0,0.25387,9,9,9,0,0,0,0,0,0,0,0,0,0,0,0,0,0,0,0
0,0.27894,9,9,9,0,0,0,0,0,0,0,0,0,0,0,0,0,0,0,0
0,0.357784,9,9,9,0,0,0,0,0,0,0,0,0,0,0,0,0,0,0,0
0,0.181822,9,9,9,0,0,0,0,0,0,0,0,0,0,0,0,0,0,0,0
0,0.248399,9,9,9,0,0,0,0,0,0,0,0,0,0,0,0,0,0,0,0
0,0.248502,9,9,9,0,0,0,0,0,0,0,0,0,0,0,0,0,0,0,0
0,0.192731,9,9,9,0,0,0,0,0,0,0,0,0,0,0,0,0,0,0,0
0,0.290298,9,9,9,0,0,0,0,0,0,0,0,0,0,0,0,0,0,0,0
0,0.248307,9,9,9,0,0,0,0,0,0,0,0,0,0,0,0,0,0,0,0
0,0.186548,9,9,9,0,0,0,0,0,0,0,0,0,0,0,0,0,0,0,0
0,0.255329,9,9,9,0,0,0,0,0,0,0,0,0,0,0,0,0,0,0,0
0,0.256195,9,9,9,0,0,0,0,0,0,0,0,0,0,0,0,0,0,0,0
0,0.246738,9,9,9,0,0,0,0,0,0,0,0,0,0,0,0,0,0,0,0
0,0.250196,9,9,9,0,0,0,0,0,0,0,0,0,0,0,0,0,0,0,0
0,0.244888,9,9,9,0,0,0,0,0,0,0,0,0,0,0,0,0,0,0,0
0,0.317443,9,9,9,0,0,0,0,0,0,0,0,0,0,0,0,0,0,0,0
0,0.236131,9,9,9,0,0,0,0,0,0,0,0,0,0,0,0,0,0,0,0
0,0.262374,9,9,9,0,0,0,0,0,0,0,0,0,0,0,0,0,0,0,0
0,0.243827,9,9,9,0,0,0,0,0,0,0,0,0,0,0,0,0,0,0,0
0,0.273371,9,9,9,0,0,0,0,0,0,0,0,0,0,0,0,0,0,0,0
0,0.251335,9,9,9,0,0,0,0,0,0,0,0,0,0,0,0,0,0,0,0
0,0.246078,9,9,9,0,0,0,0,0,0,0,0,0,0,0,0,0,0,0,0
0,0.25289,9,9,9,0,0,0,0,0,0,0,0,0,0,0,0,0,0,0,0
0,0.251752,9,9,9,0,0,0,0,0,0,0,0,0,0,0,0,0,0,0,0
0,0.239006,9,9,9,0,0,0,0,0,0,0,0,0,0,0,0,0,0,0,0
0,0.243391,9,9,9,0,0,0,0,0,0,0,0,0,0,0,0,0,0,0,0
0,0.247727,9,9,9,0,0,0,0,0,0,0,0,0,0,0,0,0,0,0,0
0,0.239687,9,9,9,0,0,0,0,0,0,0,0,0,0,0,0,0,0,0,0
0,0.497066,9,9,9,0,0,0,0,0,0,0,0,0,0,0,0,0,0,0,0
0,0.379443,9,9,9,0,0,0,0,0,0,0,0,0,0,0,0,0,0,0,0
0,0.136797,9,9,9,0,0,0,0,0,0,0,0,0,0,0,0,0,0,0,0
0,0.246014,9,9,9,0,0,0,0,0,0,0,0,0,0,0,0,0,0,0,0
0,0.246265,9,9,9,0,0,0,0,0,0,0,0,0,0,0,0,0,0,0,0
0,0.255298,9,9,9,0,0,0,0,0,0,0,0,0,0,0,0,0,0,0,0
0,0.323745,9,9,9,0,0,0,0,0,0,0,0,0,0,0,0,0,0,0,0
0,0.126456,9,9,9,0,0,0,0,0,0,0,0,0,0,0,0,0,0,0,0
0,0.167379,9,9,9,0,0,0,0,0,0,0,0,0,0,0,0,0,0,0,0
0,0.171426,9,9,9,0,0,0,0,0,0,0,0,0,0,0,0,0,0,0,0
0,0.178016,9,9,9,0,0,0,0,0,0,0,0,0,0,0,0,0,0,0,0
0,0.1797,9,9,9,0,0,0,0,0,0,0,0,0,0,0,0,0,0,0,0
0,0.251433,9,9,9,0,0,0,0,0,0,0,0,0,0,0,0,0,0,0,0
0,0.37679,9,9,9,0,0,0,0,0,0,0,0,0,0,0,0,0,0,0,0
0,0.217303,9,9,9,0,0,0,0,0,0,0,0,0,0,0,0,0,0,0,0
0,0.305019,9,9,9,0,0,0,0,0,0,0,0,0,0,0,0,0,0,0,0
0,0.245922,9,9,9,0,0,0,0,0,0,0,0,0,0,0,0,0,0,0,0
0,0.25003,9,9,9,0,0,0,0,0,0,0,0,0,0,0,0,0,0,0,0
0,0.281232,9,9,9,0,0,0,0,0,0,0,0,0,0,0,0,0,0,0,0
0,0.180771,9,9,9,0,0,0,0,0,0,0,0,0,0,0,0,0,0,0,0
0,0.37232,9,9,9,0,0,0,0,0,0,0,0,0,0,0,0,0,0,0,0
0,0.179934,9,9,9,0,0,0,0,0,0,0,0,0,0,0,0,0,0,0,0
0,0.196811,9,9,9,0,0,0,0,0,0,0,0,0,0,0,0,0,0,0,0
0,0.314968,9,9,9,0,0,0,0,0,0,0,0,0,0,0,0,0,0,0,0
0,0.1859,9,9,9,0,0,0,0,0,0,0,0,0,0,0,0,0,0,0,0
0,0.249799,9,9,9,0,0,0,0,0,0,0,0,0,0,0,0,0,0,0,0
0,0.215354,9,9,9,0,0,0,0,0,0,0,0,0,0,0,0,0,0,0,0
0,0.152195,9,9,9,0,0,0,0,0,0,0,0,0,0,0,0,0,0,0,0
0,0.262697,9,9,9,0,0,0,0,0,0,0,0,0,0,0,0,0,0,0,0
0,0.32418,9,9,9,0,0,0,0,0,0,0,0,0,0,0,0,0,0,0,0
0,0.250411,9,9,9,0,0,0,0,0,0,0,0,0,0,0,0,0,0,0,0
0,0.281114,9,9,9,0,0,0,0,0,0,0,0,0,0,0,0,0,0,0,0
0,0.244965,9,9,9,0,0,0,0,0,0,0,0,0,0,0,0,0,0,0,0
0,0.24538,9,9,9,0,0,0,0,0,0,0,0,0,0,0,0,0,0,0,0
0,0.178721,9,9,9,0,0,0,0,0,0,0,0,0,0,0,0,0,0,0,0
0,0.125121,9,9,9,0,0,0,0,0,0,0,0,0,0,0,0,0,0,0,0
0,0.19361,9,9,9,0,0,0,0,0,0,0,0,0,0,0,0,0,0,0,0
0,0.176918,9,9,9,0,0,0,0,0,0,0,0,0,0,0,0,0,0,0,0
0,0.25023,9,9,9,0,0,0,0,0,0,0,0,0,0,0,0,0,0,0,0
0,0.248333,9,9,9,0,0,0,0,0,0,0,0,0,0,0,0,0,0,0,0
0,0.360956,9,9,9,0,0,0,0,0,0,0,0,0,0,0,0,0,0,0,0
0,0.251572,9,9,9,0,0,0,0,0,0,0,0,0,0,0,0,0,0,0,0
0,0.390279,9,9,9,0,0,0,0,0,0,0,0,0,0,0,0,0,0,0,0
0,0.194136,9,9,9,0,0,0,0,0,0,0,0,0,0,0,0,0,0,0,0
0,0.252326,9,9,9,0,0,0,0,0,0,0,0,0,0,0,0,0,0,0,0
0,0.322333,9,9,9,0,0,0,0,0,0,0,0,0,0,0,0,0,0,0,0
0,0.074646,9,9,9,0,0,0,0,0,0,0,0,0,0,0,0,0,0,0,0
0,0.048732,9,9,9,0,0,0,0,0,0,0,0,0,0,0,0,0,0,0,0
0,0.204035,9,9,9,0,0,0,0,0,0,0,0,0,0,0,0,0,0,0,0
0,0.029462,9,9,9,0,0,0,0,0,0,0,0,0,0,0,0,0,0,0,0
0,0.220393,9,9,9,0,0,0,0,0,0,0,0,0,0,0,0,0,0,0,0
0,0.249593,9,9,9,0,0,0,0,0,0,0,0,0,0,0,0,0,0,0,0
0,0.279421,9,9,9,0,0,0,0,0,0,0,0,0,0,0,0,0,0,0,0
0,0.255258,9,9,9,0,0,0,0,0,0,0,0,0,0,0,0,0,0,0,0
0,0.271128,9,9,9,0,0,0,0,0,0,0,0,0,0,0,0,0,0,0,0
0,0.253721,9,9,9,0,0,0,0,0,0,0,0,0,0,0,0,0,0,0,0
0,0.083119,9,9,9,0,0,0,0,0,0,0,0,0,0,0,0,0,0,0,0
0,0.244206,9,9,9,0,0,0,0,0,0,0,0,0,0,0,0,0,0,0,0
0,0.196896,9,9,9,0,0,0,0,0,0,0,0,0,0,0,0,0,0,0,0
0,0.197544,9,9,9,0,0,0,0,0,0,0,0,0,0,0,0,0,0,0,0
0,0.338587,9,9,9,0,0,0,0,0,0,0,0,0,0,0,0,0,0,0,0
0,0.325195,9,9,9,0,0,0,0,0,0,0,0,0,0,0,0,0,0,0,0
0,0.273317,9,9,9,0,0,0,0,0,0,0,0,0,0,0,0,0,0,0,0
0,0.260034,9,9,9,0,0,0,0,0,0,0,0,0,0,0,0,0,0,0,0
0,0.243995,9,9,9,0,0,0,0,0,0,0,0,0,0,0,0,0,0,0,0
0,0.252124,9,9,9,0,0,0,0,0,0,0,0,0,0,0,0,0,0,0,0
0,0.24836,9,9,9,0,0,0,0,0,0,0,0,0,0,0,0,0,0,0,0
0,0.257201,9,9,9,0,0,0,0,0,0,0,0,0,0,0,0,0,0,0,0
0,0.411099,9,9,9,0,0,0,0,0,0,0,0,0,0,0,0,0,0,0,0
0,0.599253,9,9,9,0,0,0,0,0,0,0,0,0,0,0,0,0,0,0,0
0,0.2122,9,9,9,0,0,0,0,0,0,0,0,0,0,0,0,0,0,0,0
0,0.249716,9,9,9,0,0,0,0,0,0,0,0,0,0,0,0,0,0,0,0
0,0.259581,9,9,9,0,0,0,0,0,0,0,0,0,0,0,0,0,0,0,0
0,0.249573,9,9,9,0,0,0,0,0,0,0,0,0,0,0,0,0,0,0,0
0,0.24933,9,9,9,0,0,0,0,0,0,0,0,0,0,0,0,0,0,0,0
0,0.154476,9,9,9,0,0,0,0,0,0,0,0,0,0,0,0,0,0,0,0
0,0.130821,9,9,9,0,0,0,0,0,0,0,0,0,0,0,0,0,0,0,0
0,0.040655,9,9,9,0,0,0,0,0,0,0,0,0,0,0,0,0,0,0,0
0,0.254682,9,9,9,0,0,0,0,0,0,0,0,0,0,0,0,0,0,0,0
0,0.246729,9,9,9,0,0,0,0,0,0,0,0,0,0,0,0,0,0,0,0
0,0.422806,9,9,9,0,0,0,0,0,0,0,0,0,0,0,0,0,0,0,0
0,0.641033,9,9,9,0,0,0,0,0,0,0,0,0,0,0,0,0,0,0,0
0,0.245169,9,9,9,0,0,0,0,0,0,0,0,0,0,0,0,0,0,0,0
0,0.214453,9,9,9,0,0,0,0,0,0,0,0,0,0,0,0,0,0,0,0
0,0.208925,9,9,9,0,0,0,0,0,0,0,0,0,0,0,0,0,0,0,0
0,0.361304,9,9,9,0,0,0,0,0,0,0,0,0,0,0,0,0,0,0,0
0,0.39941,9,9,9,0,0,0,0,0,0,0,0,0,0,0,0,0,0,0,0
0,0.43808,9,9,9,0,0,0,0,0,0,0,0,0,0,0,0,0,0,0,0
0,0.041071,9,9,9,0,0,0,0,0,0,0,0,0,0,0,0,0,0,0,0
0,0.255037,9,9,9,0,0,0,0,0,0,0,0,0,0,0,0,0,0,0,0
0,0.153383,9,9,9,0,0,0,0,0,0,0,0,0,0,0,0,0,0,0,0
0,0.143218,9,9,9,0,0,0,0,0,0,0,0,0,0,0,0,0,0,0,0
0,0.250562,9,9,9,0,0,0,0,0,0,0,0,0,0,0,0,0,0,0,0
0,0.82392,9,9,9,0,0,0,0,0,0,0,0,0,0,0,0,0,0,0,0
0,0.510248,9,9,9,0,0,0,0,0,0,0,0,0,0,0,0,0,0,0,0
0,0.435634,9,9,9,0,0,0,0,0,0,0,0,0,0,0,0,0,0,0,0
0,0.539781,9,9,9,0,0,0,0,0,0,0,0,0,0,0,0,0,0,0,0
0,0.496639,9,9,9,0,0,0,0,0,0,0,0,0,0,0,0,0,0,0,0
0,0.385991,9,9,9,0,0,0,0,0,0,0,0,0,0,0,0,0,0,0,0
0,0.719966,9,9,9,0,0,0,0,0,0,0,0,0,0,0,0,0,0,0,0
0,0.555455,9,9,9,0,0,0,0,0,0,0,0,0,0,0,0,0,0,0,0
0,0.550141,9,9,9,0,0,0,0,0,0,0,0,0,0,0,0,0,0,0,0
0,0.650637,9,9,9,0,0,0,0,0,0,0,0,0,0,0,0,0,0,0,0
0,0.530373,9,9,9,0,0,0,0,0,0,0,0,0,0,0,0,0,0,0,0
0,0.164996,9,9,9,0,0,0,0,0,0,0,0,0,0,0,0,0,0,0,0
0,0.237832,9,9,9,0,0,0,0,0,0,0,0,0,0,0,0,0,0,0,0
0,0.265498,9,9,9,0,0,0,0,0,0,0,0,0,0,0,0,0,0,0,0
0,0.321193,9,9,9,0,0,0,0,0,0,0,0,0,0,0,0,0,0,0,0
0,0.541175,9,9,9,0,0,0,0,0,0,0,0,0,0,0,0,0,0,0,0
0,0.305662,9,9,9,0,0,0,0,0,0,0,0,0,0,0,0,0,0,0,0
0,0.494767,9,9,9,0,0,0,0,0,0,0,0,0,0,0,0,0,0,0,0
0,0.600502,9,9,9,0,0,0,0,0,0,0,0,0,0,0,0,0,0,0,0
0,0.732282,9,9,9,0,0,0,0,0,0,0,0,0,0,0,0,0,0,0,0
0,0.471288,9,9,9,0,0,0,0,0,0,0,0,0,0,0,0,0,0,0,0
0,0.509234,9,9,9,0,0,0,0,0,0,0,0,0,0,0,0,0,0,0,0
0,0.505749,9,9,9,0,0,0,0,0,0,0,0,0,0,0,0,0,0,0,0
0,0.147366,9,9,9,0,0,0,0,0,0,0,0,0,0,0,0,0,0,0,0
0,0.26844,9,9,9,0,0,0,0,0,0,0,0,0,0,0,0,0,0,0,0
0,0.440177,9,9,9,0,0,0,0,0,0,0,0,0,0,0,0,0,0,0,0
0,0.280615,9,9,9,0,0,0,0,0,0,0,0,0,0,0,0,0,0,0,0
0,0.501576,9,9,9,0,0,0,0,0,0,0,0,0,0,0,0,0,0,0,0
0,0.562544,9,9,9,0,0,0,0,0,0,0,0,0,0,0,0,0,0,0,0
0,0.542713,9,9,9,0,0,0,0,0,0,0,0,0,0,0,0,0,0,0,0
0,0.556487,9,9,9,0,0,0,0,0,0,0,0,0,0,0,0,0,0,0,0
0,0.398493,9,9,9,0,0,0,0,0,0,0,0,0,0,0,0,0,0,0,0
0,0.357948,9,9,9,0,0,0,0,0,0,0,0,0,0,0,0,0,0,0,0
0,0.212022,9,9,9,0,0,0,0,0,0,0,0,0,0,0,0,0,0,0,0
0,0.336976,9,9,9,0,0,0,0,0,0,0,0,0,0,0,0,0,0,0,0
0,0.363989,9,9,9,0,0,0,0,0,0,0,0,0,0,0,0,0,0,0,0
0,0.286239,9,9,9,0,0,0,0,0,0,0,0,0,0,0,0,0,0,0,0
0,0.273923,9,9,9,0,0,0,0,0,0,0,0,0,0,0,0,0,0,0,0
0,0.476446,9,9,9,0,0,0,0,0,0,0,0,0,0,0,0,0,0,0,0
0,0.305838,9,9,9,0,0,0,0,0,0,0,0,0,0,0,0,0,0,0,0
0,0.212855,9,9,9,0,0,0,0,0,0,0,0,0,0,0,0,0,0,0,0
0,0.352131,9,9,9,0,0,0,0,0,0,0,0,0,0,0,0,0,0,0,0
0,0.217967,9,9,9,0,0,0,0,0,0,0,0,0,0,0,0,0,0,0,0
0,0.700409,9,9,9,0,0,0,0,0,0,0,0,0,0,0,0,0,0,0,0
0,0.15993,9,9,9,0,0,0,0,0,0,0,0,0,0,0,0,0,0,0,0
0,0.402712,9,9,9,0,0,0,0,0,0,0,0,0,0,0,0,0,0,0,0
0,0.432139,9,9,9,0,0,0,0,0,0,0,0,0,0,0,0,0,0,0,0
0,0.205465,9,9,9,0,0,0,0,0,0,0,0,0,0,0,0,0,0,0,0
0,0.512871,9,9,9,0,0,0,0,0,0,0,0,0,0,0,0,0,0,0,0
0,0.126178,9,9,9,0,0,0,0,0,0,0,0,0,0,0,0,0,0,0,0
0,0.042512,9,9,9,0,0,0,0,0,0,0,0,0,0,0,0,0,0,0,0
0,0.499151,9,9,9,0,0,0,0,0,0,0,0,0,0,0,0,0,0,0,0
0,0.250515,9,9,9,0,0,0,0,0,0,0,0,0,0,0,0,0,0,0,0
0,0.612194,9,9,9,0,0,0,0,0,0,0,0,0,0,0,0,0,0,0,0
0,0.120878,9,9,9,0,0,0,0,0,0,0,0,0,0,0,0,0,0,0,0
0,0.371037,9,9,9,0,0,0,0,0,0,0,0,0,0,0,0,0,0,0,0
0,0.373921,9,9,9,0,0,0,0,0,0,0,0,0,0,0,0,0,0,0,0
0,0.380922,9,9,9,0,0,0,0,0,0,0,0,0,0,0,0,0,0,0,0
0,0.351513,9,9,9,0,0,0,0,0,0,0,0,0,0,0,0,0,0,0,0
0,0.297302,9,9,9,0,0,0,0,0,0,0,0,0,0,0,0,0,0,0,0
0,0.250396,9,9,9,0,0,0,0,0,0,0,0,0,0,0,0,0,0,0,0
0,0.252196,9,9,9,0,0,0,0,0,0,0,0,0,0,0,0,0,0,0,0
0,0.252584,9,9,9,0,0,0,0,0,0,0,0,0,0,0,0,0,0,0,0
0,0.251466,9,9,9,0,0,0,0,0,0,0,0,0,0,0,0,0,0,0,0
0,0.251872,9,9,9,0,0,0,0,0,0,0,0,0,0,0,0,0,0,0,0
0,0.25123,9,9,9,0,0,0,0,0,0,0,0,0,0,0,0,0,0,0,0
0,0.249999,9,9,9,0,0,0,0,0,0,0,0,0,0,0,0,0,0,0,0
0,0.252053,9,9,9,0,0,0,0,0,0,0,0,0,0,0,0,0,0,0,0
0,0.24192,9,9,9,0,0,0,0,0,0,0,0,0,0,0,0,0,0,0,0
0,0.261378,9,9,9,0,0,0,0,0,0,0,0,0,0,0,0,0,0,0,0
0,0.279907,9,9,9,0,0,0,0,0,0,0,0,0,0,0,0,0,0,0,0
0,0.25233,9,9,9,0,0,0,0,0,0,0,0,0,0,0,0,0,0,0,0
0,0.238116,9,9,9,0,0,0,0,0,0,0,0,0,0,0,0,0,0,0,0
0,0.247186,9,9,9,0,0,0,0,0,0,0,0,0,0,0,0,0,0,0,0
0,0.258533,9,9,9,0,0,0,0,0,0,0,0,0,0,0,0,0,0,0,0
0,0.259612,9,9,9,0,0,0,0,0,0,0,0,0,0,0,0,0,0,0,0
0,0.25096,9,9,9,0,0,0,0,0,0,0,0,0,0,0,0,0,0,0,0
0,0.250347,9,9,9,0,0,0,0,0,0,0,0,0,0,0,0,0,0,0,0
0,0.251641,9,9,9,0,0,0,0,0,0,0,0,0,0,0,0,0,0,0,0
0,0.24999,9,9,9,0,0,0,0,0,0,0,0,0,0,0,0,0,0,0,0
0,0.254701,9,9,9,0,0,0,0,0,0,0,0,0,0,0,0,0,0,0,0
0,0.255705,9,9,9,0,0,0,0,0,0,0,0,0,0,0,0,0,0,0,0
0,0.250959,9,9,9,0,0,0,0,0,0,0,0,0,0,0,0,0,0,0,0
0,0.25066,9,9,9,0,0,0,0,0,0,0,0,0,0,0,0,0,0,0,0
0,0.248332,9,9,9,0,0,0,0,0,0,0,0,0,0,0,0,0,0,0,0
0,0.251213,9,9,9,0,0,0,0,0,0,0,0,0,0,0,0,0,0,0,0
0,0.252212,9,9,9,0,0,0,0,0,0,0,0,0,0,0,0,0,0,0,0
0,0.251087,9,9,9,0,0,0,0,0,0,0,0,0,0,0,0,0,0,0,0
0,0.252194,9,9,9,0,0,0,0,0,0,0,0,0,0,0,0,0,0,0,0
0,0.250073,9,9,9,0,0,0,0,0,0,0,0,0,0,0,0,0,0,0,0
0,0.248819,9,9,9,0,0,0,0,0,0,0,0,0,0,0,0,0,0,0,0
0,0.249457,9,9,9,0,0,0,0,0,0,0,0,0,0,0,0,0,0,0,0
0,0.246625,9,9,9,0,0,0,0,0,0,0,0,0,0,0,0,0,0,0,0
0,0.249205,9,9,9,0,0,0,0,0,0,0,0,0,0,0,0,0,0,0,0
0,0.253916,9,9,9,0,0,0,0,0,0,0,0,0,0,0,0,0,0,0,0
0,0.250542,9,9,9,0,0,0,0,0,0,0,0,0,0,0,0,0,0,0,0
0,0.252418,9,9,9,0,0,0,0,0,0,0,0,0,0,0,0,0,0,0,0
0,0.250664,9,9,9,0,0,0,0,0,0,0,0,0,0,0,0,0,0,0,0
0,0.250195,9,9,9,0,0,0,0,0,0,0,0,0,0,0,0,0,0,0,0
0,0.239463,9,9,9,0,0,0,0,0,0,0,0,0,0,0,0,0,0,0,0
0,0.251323,9,9,9,0,0,0,0,0,0,0,0,0,0,0,0,0,0,0,0
0,0.251032,9,9,9,0,0,0,0,0,0,0,0,0,0,0,0,0,0,0,0
0,0.248807,9,9,9,0,0,0,0,0,0,0,0,0,0,0,0,0,0,0,0
0,0.238418,9,9,9,0,0,0,0,0,0,0,0,0,0,0,0,0,0,0,0
0,0.369349,9,9,9,0,0,0,0,0,0,0,0,0,0,0,0,0,0,0,0
0,0.252122,9,9,9,0,0,0,0,0,0,0,0,0,0,0,0,0,0,0,0
0,0.372204,9,9,9,0,0,0,0,0,0,0,0,0,0,0,0,0,0,0,0
0,0.248666,9,9,9,0,0,0,0,0,0,0,0,0,0,0,0,0,0,0,0
0,0.249752,9,9,9,0,0,0,0,0,0,0,0,0,0,0,0,0,0,0,0
0,0.252274,9,9,9,0,0,0,0,0,0,0,0,0,0,0,0,0,0,0,0
0,0.318617,9,9,9,0,0,0,0,0,0,0,0,0,0,0,0,0,0,0,0
0,0.250338,9,9,9,0,0,0,0,0,0,0,0,0,0,0,0,0,0,0,0
0,0.247509,9,9,9,0,0,0,0,0,0,0,0,0,0,0,0,0,0,0,0
0,0.24967,9,9,9,0,0,0,0,0,0,0,0,0,0,0,0,0,0,0,0
0,0.248389,9,9,9,0,0,0,0,0,0,0,0,0,0,0,0,0,0,0,0
0,0.250049,9,9,9,0,0,0,0,0,0,0,0,0,0,0,0,0,0,0,0
0,0.347737,9,9,9,0,0,0,0,0,0,0,0,0,0,0,0,0,0,0,0
0,0.252398,9,9,9,0,0,0,0,0,0,0,0,0,0,0,0,0,0,0,0
0,0.250297,9,9,9,0,0,0,0,0,0,0,0,0,0,0,0,0,0,0,0
0,0.370231,9,9,9,0,0,0,0,0,0,0,0,0,0,0,0,0,0,0,0
0,0.178859,9,9,9,0,0,0,0,0,0,0,0,0,0,0,0,0,0,0,0
0,0.922156,9,9,9,0,0,0,0,0,0,0,0,0,0,0,0,0,0,0,0
0,0.453179,9,9,9,0,0,0,0,0,0,0,0,0,0,0,0,0,0,0,0
0,0.157047,9,9,9,0,0,0,0,0,0,0,0,0,0,0,0,0,0,0,0
0,0.347605,9,9,9,0,0,0,0,0,0,0,0,0,0,0,0,0,0,0,0
0,0.150146,9,9,9,0,0,0,0,0,0,0,0,0,0,0,0,0,0,0,0
0,0.302103,9,9,9,0,0,0,0,0,0,0,0,0,0,0,0,0,0,0,0
0,0.248519,9,9,9,0,0,0,0,0,0,0,0,0,0,0,0,0,0,0,0
0,0.25061,9,9,9,0,0,0,0,0,0,0,0,0,0,0,0,0,0,0,0
0,0.245171,9,9,9,0,0,0,0,0,0,0,0,0,0,0,0,0,0,0,0
0,0.249539,9,9,9,0,0,0,0,0,0,0,0,0,0,0,0,0,0,0,0
0,0.248494,9,9,9,0,0,0,0,0,0,0,0,0,0,0,0,0,0,0,0
0,0.183992,9,9,9,0,0,0,0,0,0,0,0,0,0,0,0,0,0,0,0
0,0.2464,9,9,9,0,0,0,0,0,0,0,0,0,0,0,0,0,0,0,0
0,0.132134,9,9,9,0,0,0,0,0,0,0,0,0,0,0,0,0,0,0,0
0,0.125672,9,9,9,0,0,0,0,0,0,0,0,0,0,0,0,0,0,0,0
0,0.250783,9,9,9,0,0,0,0,0,0,0,0,0,0,0,0,0,0,0,0
0,0.127487,9,9,9,0,0,0,0,0,0,0,0,0,0,0,0,0,0,0,0
0,0.251157,9,9,9,0,0,0,0,0,0,0,0,0,0,0,0,0,0,0,0
0,0.246127,9,9,9,0,0,0,0,0,0,0,0,0,0,0,0,0,0,0,0
0,0.125559,9,9,9,0,0,0,0,0,0,0,0,0,0,0,0,0,0,0,0
0,0.249268,9,9,9,0,0,0,0,0,0,0,0,0,0,0,0,0,0,0,0
0,0.125494,9,9,9,0,0,0,0,0,0,0,0,0,0,0,0,0,0,0,0
0,0.248302,9,9,9,0,0,0,0,0,0,0,0,0,0,0,0,0,0,0,0
0,0.249163,9,9,9,0,0,0,0,0,0,0,0,0,0,0,0,0,0,0,0
0,0.247651,9,9,9,0,0,0,0,0,0,0,0,0,0,0,0,0,0,0,0
0,0.255166,9,9,9,0,0,0,0,0,0,0,0,0,0,0,0,0,0,0,0
0,0.127353,9,9,9,0,0,0,0,0,0,0,0,0,0,0,0,0,0,0,0
0,0.245534,9,9,9,0,0,0,0,0,0,0,0,0,0,0,0,0,0,0,0
0,0.344663,9,9,9,0,0,0,0,0,0,0,0,0,0,0,0,0,0,0,0
0,0.120811,9,9,9,0,0,0,0,0,0,0,0,0,0,0,0,0,0,0,0
0,0.251646,9,9,9,0,0,0,0,0,0,0,0,0,0,0,0,0,0,0,0
0,0.191134,9,9,9,0,0,0,0,0,0,0,0,0,0,0,0,0,0,0,0
0,0.125236,9,9,9,0,0,0,0,0,0,0,0,0,0,0,0,0,0,0,0
0,0.143263,9,9,9,0,0,0,0,0,0,0,0,0,0,0,0,0,0,0,0
0,0.253089,9,9,9,0,0,0,0,0,0,0,0,0,0,0,0,0,0,0,0
0,0.265292,9,9,9,0,0,0,0,0,0,0,0,0,0,0,0,0,0,0,0
0,0.283417,9,9,9,0,0,0,0,0,0,0,0,0,0,0,0,0,0,0,0
0,0.251336,9,9,9,0,0,0,0,0,0,0,0,0,0,0,0,0,0,0,0
0,0.249918,9,9,9,0,0,0,0,0,0,0,0,0,0,0,0,0,0,0,0
0,0.252713,9,9,9,0,0,0,0,0,0,0,0,0,0,0,0,0,0,0,0
0,0.246336,9,9,9,0,0,0,0,0,0,0,0,0,0,0,0,0,0,0,0
0,0.250167,9,9,9,0,0,0,0,0,0,0,0,0,0,0,0,0,0,0,0
0,0.251425,9,9,9,0,0,0,0,0,0,0,0,0,0,0,0,0,0,0,0
0,0.251205,9,9,9,0,0,0,0,0,0,0,0,0,0,0,0,0,0,0,0
0,0.249112,9,9,9,0,0,0,0,0,0,0,0,0,0,0,0,0,0,0,0
0,0.247987,9,9,9,0,0,0,0,0,0,0,0,0,0,0,0,0,0,0,0
0,0.161444,9,9,9,0,0,0,0,0,0,0,0,0,0,0,0,0,0,0,0
0,0.18796,9,9,9,0,0,0,0,0,0,0,0,0,0,0,0,0,0,0,0
0,0.321293,9,9,9,0,0,0,0,0,0,0,0,0,0,0,0,0,0,0,0
0,0.310623,9,9,9,0,0,0,0,0,0,0,0,0,0,0,0,0,0,0,0
0,0.258482,9,9,9,0,0,0,0,0,0,0,0,0,0,0,0,0,0,0,0
0,0.259593,9,9,9,0,0,0,0,0,0,0,0,0,0,0,0,0,0,0,0
0,0.179391,9,9,9,0,0,0,0,0,0,0,0,0,0,0,0,0,0,0,0
0,0.124601,9,9,9,0,0,0,0,0,0,0,0,0,0,0,0,0,0,0,0
0,0.60531,9,9,9,0,0,0,0,0,0,0,0,0,0,0,0,0,0,0,0
0,0.857548,9,9,9,0,0,0,0,0,0,0,0,0,0,0,0,0,0,0,0
0,0.756832,9,9,9,0,0,0,0,0,0,0,0,0,0,0,0,0,0,0,0
0,0.844654,9,9,9,0,0,0,0,0,0,0,0,0,0,0,0,0,0,0,0
0,0.595858,9,9,9,0,0,0,0,0,0,0,0,0,0,0,0,0,0,0,0
0,0.581722,9,9,9,0,0,0,0,0,0,0,0,0,0,0,0,0,0,0,0
0,0.65586,9,9,9,0,0,0,0,0,0,0,0,0,0,0,0,0,0,0,0
0,0.338183,9,9,9,0,0,0,0,0,0,0,0,0,0,0,0,0,0,0,0
0,0.388212,9,9,9,0,0,0,0,0,0,0,0,0,0,0,0,0,0,0,0
0,0.587583,9,9,9,0,0,0,0,0,0,0,0,0,0,0,0,0,0,0,0
0,0.391009,9,9,9,0,0,0,0,0,0,0,0,0,0,0,0,0,0,0,0
0,0.513853,9,9,9,0,0,0,0,0,0,0,0,0,0,0,0,0,0,0,0
0,0.515428,9,9,9,0,0,0,0,0,0,0,0,0,0,0,0,0,0,0,0
0,0.670662,9,9,9,0,0,0,0,0,0,0,0,0,0,0,0,0,0,0,0
0,0.181407,9,9,9,0,0,0,0,0,0,0,0,0,0,0,0,0,0,0,0
0,0.385366,9,9,9,0,0,0,0,0,0,0,0,0,0,0,0,0,0,0,0
0,0.490091,9,9,9,0,0,0,0,0,0,0,0,0,0,0,0,0,0,0,0
0,0.607797,9,9,9,0,0,0,0,0,0,0,0,0,0,0,0,0,0,0,0
0,0.50866,9,9,9,0,0,0,0,0,0,0,0,0,0,0,0,0,0,0,0
0,0.706496,9,9,9,0,0,0,0,0,0,0,0,0,0,0,0,0,0,0,0
0,0.410655,9,9,9,0,0,0,0,0,0,0,0,0,0,0,0,0,0,0,0
0,0.290434,9,9,9,0,0,0,0,0,0,0,0,0,0,0,0,0,0,0,0
0,0.494695,9,9,9,0,0,0,0,0,0,0,0,0,0,0,0,0,0,0,0
0,0.546317,9,9,9,0,0,0,0,0,0,0,0,0,0,0,0,0,0,0,0
0,0.362591,9,9,9,0,0,0,0,0,0,0,0,0,0,0,0,0,0,0,0
0,0.262446,9,9,9,0,0,0,0,0,0,0,0,0,0,0,0,0,0,0,0
0,0.655341,9,9,9,0,0,0,0,0,0,0,0,0,0,0,0,0,0,0,0
0,1.835284,9,9,9,0,0,0,0,0,0,0,0,0,0,0,0,0,0,0,0
0,0.903582,9,9,9,0,0,0,0,0,0,0,0,0,0,0,0,0,0,0,0
0,0.433596,9,9,9,0,0,0,0,0,0,0,0,0,0,0,0,0,0,0,0
0,0.540767,9,9,9,0,0,0,0,0,0,0,0,0,0,0,0,0,0,0,0
0,0.944785,9,9,9,0,0,0,0,0,0,0,0,0,0,0,0,0,0,0,0
0,0.494616,9,9,9,0,0,0,0,0,0,0,0,0,0,0,0,0,0,0,0
0,0.500925,9,9,9,0,0,0,0,0,0,0,0,0,0,0,0,0,0,0,0
0,0.447219,9,9,9,0,0,0,0,0,0,0,0,0,0,0,0,0,0,0,0
0,0.483239,9,9,9,0,0,0,0,0,0,0,0,0,0,0,0,0,0,0,0
0,0.500597,9,9,9,0,0,0,0,0,0,0,0,0,0,0,0,0,0,0,0
0,0.380576,9,9,9,0,0,0,0,0,0,0,0,0,0,0,0,0,0,0,0
0,0.557581,9,9,9,0,0,0,0,0,0,0,0,0,0,0,0,0,0,0,0
0,0.519426,9,9,9,0,0,0,0,0,0,0,0,0,0,0,0,0,0,0,0
0,0.31083,9,9,9,0,0,0,0,0,0,0,0,0,0,0,0,0,0,0,0
0,0.501708,9,9,9,0,0,0,0,0,0,0,0,0,0,0,0,0,0,0,0
0,0.663151,9,9,9,0,0,0,0,0,0,0,0,0,0,0,0,0,0,0,0
0,0.502348,9,9,9,0,0,0,0,0,0,0,0,0,0,0,0,0,0,0,0
0,0.486232,9,9,9,0,0,0,0,0,0,0,0,0,0,0,0,0,0,0,0
0,0.493235,9,9,9,0,0,0,0,0,0,0,0,0,0,0,0,0,0,0,0
0,0.264786,9,9,9,0,0,0,0,0,0,0,0,0,0,0,0,0,0,0,0
0,0.469598,9,9,9,0,0,0,0,0,0,0,0,0,0,0,0,0,0,0,0
0,0.498898,9,9,9,0,0,0,0,0,0,0,0,0,0,0,0,0,0,0,0
0,0.498768,9,9,9,0,0,0,0,0,0,0,0,0,0,0,0,0,0,0,0
0,0.508377,9,9,9,0,0,0,0,0,0,0,0,0,0,0,0,0,0,0,0
0,0.340105,9,9,9,0,0,0,0,0,0,0,0,0,0,0,0,0,0,0,0
0,0.479159,9,9,9,0,0,0,0,0,0,0,0,0,0,0,0,0,0,0,0
0,0.46075,9,9,9,0,0,0,0,0,0,0,0,0,0,0,0,0,0,0,0
0,0.41595,9,9,9,0,0,0,0,0,0,0,0,0,0,0,0,0,0,0,0
0,0.887096,9,9,9,0,0,0,0,0,0,0,0,0,0,0,0,0,0,0,0
0,0.757441,9,9,9,0,0,0,0,0,0,0,0,0,0,0,0,0,0,0,0
0,0.319625,9,9,9,0,0,0,0,0,0,0,0,0,0,0,0,0,0,0,0
0,0.589058,9,9,9,0,0,0,0,0,0,0,0,0,0,0,0,0,0,0,0
0,0.738013,9,9,9,0,0,0,0,0,0,0,0,0,0,0,0,0,0,0,0
0,0.586916,9,9,9,0,0,0,0,0,0,0,0,0,0,0,0,0,0,0,0
0,0.758648,9,9,9,0,0,0,0,0,0,0,0,0,0,0,0,0,0,0,0
0,0.670542,9,9,9,0,0,0,0,0,0,0,0,0,0,0,0,0,0,0,0
0,0.231534,9,9,9,0,0,0,0,0,0,0,0,0,0,0,0,0,0,0,0
0,0.488201,9,9,9,0,0,0,0,0,0,0,0,0,0,0,0,0,0,0,0
0,0.450348,9,9,9,0,0,0,0,0,0,0,0,0,0,0,0,0,0,0,0
0,0.446112,9,9,9,0,0,0,0,0,0,0,0,0,0,0,0,0,0,0,0
0,0.527372,9,9,9,0,0,0,0,0,0,0,0,0,0,0,0,0,0,0,0
0,0.353838,9,9,9,0,0,0,0,0,0,0,0,0,0,0,0,0,0,0,0
0,0.332925,9,9,9,0,0,0,0,0,0,0,0,0,0,0,0,0,0,0,0
0,0.316963,9,9,9,0,0,0,0,0,0,0,0,0,0,0,0,0,0,0,0
0,0.291055,9,9,9,0,0,0,0,0,0,0,0,0,0,0,0,0,0,0,0
0,3.052763,9,9,9,0,0,0,0,0,0,0,0,0,0,0,0,0,0,0,0
0,1.564295,9,9,9,0,0,0,0,0,0,0,0,0,0,0,0,0,0,0,0
0,0.160999,9,9,9,0,0,0,0,0,0,0,0,0,0,0,0,0,0,0,0
0,0.310975,9,9,9,0,0,0,0,0,0,0,0,0,0,0,0,0,0,0,0
0,0.052352,9,9,9,0,0,0,0,0,0,0,0,0,0,0,0,0,0,0,0
0,0.896486,9,9,9,0,0,0,0,0,0,0,0,0,0,0,0,0,0,0,0
0,0.496842,9,9,9,0,0,0,0,0,0,0,0,0,0,0,0,0,0,0,0
0,0.273864,9,9,9,0,0,0,0,0,0,0,0,0,0,0,0,0,0,0,0
0,0.2133,9,9,9,0,0,0,0,0,0,0,0,0,0,0,0,0,0,0,0
0,0.321038,9,9,9,0,0,0,0,0,0,0,0,0,0,0,0,0,0,0,0
0,0.19418,9,9,9,0,0,0,0,0,0,0,0,0,0,0,0,0,0,0,0
0,0.566634,9,9,9,0,0,0,0,0,0,0,0,0,0,0,0,0,0,0,0
0,0.164399,9,9,9,0,0,0,0,0,0,0,0,0,0,0,0,0,0,0,0
0,0.3299,9,9,9,0,0,0,0,0,0,0,0,0,0,0,0,0,0,0,0
0,0.121234,9,9,9,0,0,0,0,0,0,0,0,0,0,0,0,0,0,0,0
0,0.313015,9,9,9,0,0,0,0,0,0,0,0,0,0,0,0,0,0,0,0
0,0.74844,9,9,9,0,0,0,0,0,0,0,0,0,0,0,0,0,0,0,0
0,0.188211,9,9,9,0,0,0,0,0,0,0,0,0,0,0,0,0,0,0,0
0,0.196883,9,9,9,0,0,0,0,0,0,0,0,0,0,0,0,0,0,0,0
0,0.282363,9,9,9,0,0,0,0,0,0,0,0,0,0,0,0,0,0,0,0
0,0.221775,9,9,9,0,0,0,0,0,0,0,0,0,0,0,0,0,0,0,0
0,0.581482,9,9,9,0,0,0,0,0,0,0,0,0,0,0,0,0,0,0,0
0,0.374149,9,9,9,0,0,0,0,0,0,0,0,0,0,0,0,0,0,0,0
0,0.362938,9,9,9,0,0,0,0,0,0,0,0,0,0,0,0,0,0,0,0
0,0.515237,9,9,9,0,0,0,0,0,0,0,0,0,0,0,0,0,0,0,0
0,1.011602,9,9,9,0,0,0,0,0,0,0,0,0,0,0,0,0,0,0,0
0,0.63211,9,9,9,0,0,0,0,0,0,0,0,0,0,0,0,0,0,0,0
0,0.499247,9,9,9,0,0,0,0,0,0,0,0,0,0,0,0,0,0,0,0
0,0.776597,9,9,9,0,0,0,0,0,0,0,0,0,0,0,0,0,0,0,0
0,0.318646,9,9,9,0,0,0,0,0,0,0,0,0,0,0,0,0,0,0,0
0,1.061961,9,9,9,0,0,0,0,0,0,0,0,0,0,0,0,0,0,0,0
0,0.564688,9,9,9,0,0,0,0,0,0,0,0,0,0,0,0,0,0,0,0
0,0.351226,9,9,9,0,0,0,0,0,0,0,0,0,0,0,0,0,0,0,0
0,1.443541,9,9,9,0,0,0,0,0,0,0,0,0,0,0,0,0,0,0,0
0,0.571181,9,9,9,0,0,0,0,0,0,0,0,0,0,0,0,0,0,0,0
0,2.27362,9,9,9,0,0,0,0,0,0,0,0,0,0,0,0,0,0,0,0
0,0.525157,9,9,9,0,0,0,0,0,0,0,0,0,0,0,0,0,0,0,0
0,0.367725,9,9,9,0,0,0,0,0,0,0,0,0,0,0,0,0,0,0,0
0,0.549775,9,9,9,0,0,0,0,0,0,0,0,0,0,0,0,0,0,0,0
0,0.871666,9,9,9,0,0,0,0,0,0,0,0,0,0,0,0,0,0,0,0
0,0.844971,9,9,9,0,0,0,0,0,0,0,0,0,0,0,0,0,0,0,0
0,0.554221,9,9,9,0,0,0,0,0,0,0,0,0,0,0,0,0,0,0,0
0,2.251852,9,9,9,0,0,0,0,0,0,0,0,0,0,0,0,0,0,0,0
0,2.968594,9,9,9,0,0,0,0,0,0,0,0,0,0,0,0,0,0,0,0
0,0.911089,9,9,9,0,0,0,0,0,0,0,0,0,0,0,0,0,0,0,0
0,0.41874,9,9,9,0,0,0,0,0,0,0,0,0,0,0,0,0,0,0,0
0,2.124619,9,9,9,0,0,0,0,0,0,0,0,0,0,0,0,0,0,0,0
0,2.061167,9,9,9,0,0,0,0,0,0,0,0,0,0,0,0,0,0,0,0
0,0.735077,9,9,9,0,0,0,0,0,0,0,0,0,0,0,0,0,0,0,0
0,0.555601,9,9,9,0,0,0,0,0,0,0,0,0,0,0,0,0,0,0,0
0,1.398852,9,9,9,0,0,0,0,0,0,0,0,0,0,0,0,0,0,0,0
0,2.19971,9,9,9,0,0,0,0,0,0,0,0,0,0,0,0,0,0,0,0
0,0.739681,9,9,9,0,0,0,0,0,0,0,0,0,0,0,0,0,0,0,0
0,0.730267,9,9,9,0,0,0,0,0,0,0,0,0,0,0,0,0,0,0,0
0,0.965638,9,9,9,0,0,0,0,0,0,0,0,0,0,0,0,0,0,0,0
0,1.047082,9,9,9,0,0,0,0,0,0,0,0,0,0,0,0,0,0,0,0
0,1.535574,9,9,9,0,0,0,0,0,0,0,0,0,0,0,0,0,0,0,0
0,1.529436,9,9,9,0,0,0,0,0,0,0,0,0,0,0,0,0,0,0,0
0,0.532962,9,9,9,0,0,0,0,0,0,0,0,0,0,0,0,0,0,0,0
0,0.518684,9,9,9,0,0,0,0,0,0,0,0,0,0,0,0,0,0,0,0
0,0.757991,9,9,9,0,0,0,0,0,0,0,0,0,0,0,0,0,0,0,0
0,1.573,9,9,9,0,0,0,0,0,0,0,0,0,0,0,0,0,0,0,0
0,1.529014,9,9,9,0,0,0,0,0,0,0,0,0,0,0,0,0,0,0,0
0,1.5205,9,9,9,0,0,0,0,0,0,0,0,0,0,0,0,0,0,0,0
0,0.52854,9,9,9,0,0,0,0,0,0,0,0,0,0,0,0,0,0,0,0
0,0.52378,9,9,9,0,0,0,0,0,0,0,0,0,0,0,0,0,0,0,0
0,0.511877,9,9,9,0,0,0,0,0,0,0,0,0,0,0,0,0,0,0,0
0,0.56757,9,9,9,0,0,0,0,0,0,0,0,0,0,0,0,0,0,0,0
0,1.5662,9,9,9,0,0,0,0,0,0,0,0,0,0,0,0,0,0,0,0
0,0.926615,9,9,9,0,0,0,0,0,0,0,0,0,0,0,0,0,0,0,0
0,0.525892,9,9,9,0,0,0,0,0,0,0,0,0,0,0,0,0,0,0,0
0,1.491581,9,9,9,0,0,0,0,0,0,0,0,0,0,0,0,0,0,0,0
0,0.555412,9,9,9,0,0,0,0,0,0,0,0,0,0,0,0,0,0,0,0
0,1.484626,9,9,9,0,0,0,0,0,0,0,0,0,0,0,0,0,0,0,0
0,0.555156,9,9,9,0,0,0,0,0,0,0,0,0,0,0,0,0,0,0,0
0,0.600266,9,9,9,0,0,0,0,0,0,0,0,0,0,0,0,0,0,0,0
0,0.49667,9,9,9,0,0,0,0,0,0,0,0,0,0,0,0,0,0,0,0
0,1.467228,9,9,9,0,0,0,0,0,0,0,0,0,0,0,0,0,0,0,0
0,0.504351,9,9,9,0,0,0,0,0,0,0,0,0,0,0,0,0,0,0,0
0,0.397331,9,9,9,0,0,0,0,0,0,0,0,0,0,0,0,0,0,0,0
0,0.420911,9,9,9,0,0,0,0,0,0,0,0,0,0,0,0,0,0,0,0
0,0.446895,9,9,9,0,0,0,0,0,0,0,0,0,0,0,0,0,0,0,0
0,0.660505,9,9,9,0,0,0,0,0,0,0,0,0,0,0,0,0,0,0,0
0,0.459771,9,9,9,0,0,0,0,0,0,0,0,0,0,0,0,0,0,0,0
0,1.004304,9,9,9,0,0,0,0,0,0,0,0,0,0,0,0,0,0,0,0
0,1.890003,9,9,9,0,0,0,0,0,0,0,0,0,0,0,0,0,0,0,0
0,0.72494,9,9,9,0,0,0,0,0,0,0,0,0,0,0,0,0,0,0,0
0,0.801694,9,9,9,0,0,0,0,0,0,0,0,0,0,0,0,0,0,0,0
0,0.7723,9,9,9,0,0,0,0,0,0,0,0,0,0,0,0,0,0,0,0
0,0.714778,9,9,9,0,0,0,0,0,0,0,0,0,0,0,0,0,0,0,0
0,0.702805,9,9,9,0,0,0,0,0,0,0,0,0,0,0,0,0,0,0,0
0,0.80466,9,9,9,0,0,0,0,0,0,0,0,0,0,0,0,0,0,0,0
0,0.542704,9,9,9,0,0,0,0,0,0,0,0,0,0,0,0,0,0,0,0
0,1.051498,9,9,9,0,0,0,0,0,0,0,0,0,0,0,0,0,0,0,0
0,1.302707,9,9,9,0,0,0,0,0,0,0,0,0,0,0,0,0,0,0,0
0,0.25022,9,9,9,0,0,0,0,0,0,0,0,0,0,0,0,0,0,0,0
0,0.417174,9,9,9,0,0,0,0,0,0,0,0,0,0,0,0,0,0,0,0
0,0.765098,9,9,9,0,0,0,0,0,0,0,0,0,0,0,0,0,0,0,0
0,0.609384,9,9,9,0,0,0,0,0,0,0,0,0,0,0,0,0,0,0,0
0,1.500317,9,9,9,0,0,0,0,0,0,0,0,0,0,0,0,0,0,0,0
0,0.752024,9,9,9,0,0,0,0,0,0,0,0,0,0,0,0,0,0,0,0
0,0.327624,9,9,9,0,0,0,0,0,0,0,0,0,0,0,0,0,0,0,0
0,0.108993,9,9,9,0,0,0,0,0,0,0,0,0,0,0,0,0,0,0,0
0,0.554708,9,9,9,0,0,0,0,0,0,0,0,0,0,0,0,0,0,0,0
0,0.466996,9,9,9,0,0,0,0,0,0,0,0,0,0,0,0,0,0,0,0
0,0.808878,9,9,9,0,0,0,0,0,0,0,0,0,0,0,0,0,0,0,0
0,0.439321,9,9,9,0,0,0,0,0,0,0,0,0,0,0,0,0,0,0,0
0,0.502427,9,9,9,0,0,0,0,0,0,0,0,0,0,0,0,0,0,0,0
0,0.542589,9,9,9,0,0,0,0,0,0,0,0,0,0,0,0,0,0,0,0
0,0.239924,9,9,9,0,0,0,0,0,0,0,0,0,0,0,0,0,0,0,0
0,0.271648,9,9,9,0,0,0,0,0,0,0,0,0,0,0,0,0,0,0,0
0,0.357047,9,9,9,0,0,0,0,0,0,0,0,0,0,0,0,0,0,0,0
0,0.347357,9,9,9,0,0,0,0,0,0,0,0,0,0,0,0,0,0,0,0
0,0.331699,9,9,9,0,0,0,0,0,0,0,0,0,0,0,0,0,0,0,0
0,1.727703,9,9,9,0,0,0,0,0,0,0,0,0,0,0,0,0,0,0,0
0,0.238961,9,9,9,0,0,0,0,0,0,0,0,0,0,0,0,0,0,0,0
0,0.253635,9,9,9,0,0,0,0,0,0,0,0,0,0,0,0,0,0,0,0
0,0.249616,9,9,9,0,0,0,0,0,0,0,0,0,0,0,0,0,0,0,0
0,0.254501,9,9,9,0,0,0,0,0,0,0,0,0,0,0,0,0,0,0,0
0,0.201358,9,9,9,0,0,0,0,0,0,0,0,0,0,0,0,0,0,0,0
0,0.264014,9,9,9,0,0,0,0,0,0,0,0,0,0,0,0,0,0,0,0
0,0.296383,9,9,9,0,0,0,0,0,0,0,0,0,0,0,0,0,0,0,0
0,0.315189,9,9,9,0,0,0,0,0,0,0,0,0,0,0,0,0,0,0,0
0,0.281099,9,9,9,0,0,0,0,0,0,0,0,0,0,0,0,0,0,0,0
0,0.282783,9,9,9,0,0,0,0,0,0,0,0,0,0,0,0,0,0,0,0
0,0.237217,9,9,9,0,0,0,0,0,0,0,0,0,0,0,0,0,0,0,0
0,0.249503,9,9,9,0,0,0,0,0,0,0,0,0,0,0,0,0,0,0,0
0,0.247195,9,9,9,0,0,0,0,0,0,0,0,0,0,0,0,0,0,0,0
0,0.49538,9,9,9,0,0,0,0,0,0,0,0,0,0,0,0,0,0,0,0
0,0.301128,9,9,9,0,0,0,0,0,0,0,0,0,0,0,0,0,0,0,0
0,0.536147,9,9,9,0,0,0,0,0,0,0,0,0,0,0,0,0,0,0,0
0,0.365047,9,9,9,0,0,0,0,0,0,0,0,0,0,0,0,0,0,0,0
0,0.434991,9,9,9,0,0,0,0,0,0,0,0,0,0,0,0,0,0,0,0
0,0.532472,9,9,9,0,0,0,0,0,0,0,0,0,0,0,0,0,0,0,0
0,1.920277,9,9,9,0,0,0,0,0,0,0,0,0,0,0,0,0,0,0,0
0,0.37133,9,9,9,0,0,0,0,0,0,0,0,0,0,0,0,0,0,0,0
0,0.404567,9,9,9,0,0,0,0,0,0,0,0,0,0,0,0,0,0,0,0
0,0.453222,9,9,9,0,0,0,0,0,0,0,0,0,0,0,0,0,0,0,0
0,0.660479,9,9,9,0,0,0,0,0,0,0,0,0,0,0,0,0,0,0,0
0,0.346452,9,9,9,0,0,0,0,0,0,0,0,0,0,0,0,0,0,0,0
0,0.291047,9,9,9,0,0,0,0,0,0,0,0,0,0,0,0,0,0,0,0
0,0.248989,9,9,9,0,0,0,0,0,0,0,0,0,0,0,0,0,0,0,0
0,0.178836,9,9,9,0,0,0,0,0,0,0,0,0,0,0,0,0,0,0,0
0,0.567004,9,9,9,0,0,0,0,0,0,0,0,0,0,0,0,0,0,0,0
0,0.665268,9,9,9,0,0,0,0,0,0,0,0,0,0,0,0,0,0,0,0
0,0.391599,9,9,9,0,0,0,0,0,0,0,0,0,0,0,0,0,0,0,0
0,0.605865,9,9,9,0,0,0,0,0,0,0,0,0,0,0,0,0,0,0,0
0,0.22751,9,9,9,0,0,0,0,0,0,0,0,0,0,0,0,0,0,0,0
0,0.554458,9,9,9,0,0,0,0,0,0,0,0,0,0,0,0,0,0,0,0
0,0.498642,9,9,9,0,0,0,0,0,0,0,0,0,0,0,0,0,0,0,0
0,0.496324,9,9,9,0,0,0,0,0,0,0,0,0,0,0,0,0,0,0,0
0,0.394591,9,9,9,0,0,0,0,0,0,0,0,0,0,0,0,0,0,0,0
0,0.417747,9,9,9,0,0,0,0,0,0,0,0,0,0,0,0,0,0,0,0
0,0.54828,9,9,9,0,0,0,0,0,0,0,0,0,0,0,0,0,0,0,0
0,0.277961,9,9,9,0,0,0,0,0,0,0,0,0,0,0,0,0,0,0,0
0,0.240297,9,9,9,0,0,0,0,0,0,0,0,0,0,0,0,0,0,0,0
0,0.289222,9,9,9,0,0,0,0,0,0,0,0,0,0,0,0,0,0,0,0
0,0.503178,9,9,9,0,0,0,0,0,0,0,0,0,0,0,0,0,0,0,0
0,0.459928,9,9,9,0,0,0,0,0,0,0,0,0,0,0,0,0,0,0,0
0,0.340494,9,9,9,0,0,0,0,0,0,0,0,0,0,0,0,0,0,0,0
0,0.132963,9,9,9,0,0,0,0,0,0,0,0,0,0,0,0,0,0,0,0
0,0.251331,9,9,9,0,0,0,0,0,0,0,0,0,0,0,0,0,0,0,0
0,0.257725,9,9,9,0,0,0,0,0,0,0,0,0,0,0,0,0,0,0,0
0,0.253776,9,9,9,0,0,0,0,0,0,0,0,0,0,0,0,0,0,0,0
0,0.257234,9,9,9,0,0,0,0,0,0,0,0,0,0,0,0,0,0,0,0
0,0.503822,9,9,9,0,0,0,0,0,0,0,0,0,0,0,0,0,0,0,0
0,0.51249,9,9,9,0,0,0,0,0,0,0,0,0,0,0,0,0,0,0,0
0,0.250535,9,9,9,0,0,0,0,0,0,0,0,0,0,0,0,0,0,0,0
0,0.253977,9,9,9,0,0,0,0,0,0,0,0,0,0,0,0,0,0,0,0
0,0.249713,9,9,9,0,0,0,0,0,0,0,0,0,0,0,0,0,0,0,0
0,0.249301,9,9,9,0,0,0,0,0,0,0,0,0,0,0,0,0,0,0,0
0,0.251673,9,9,9,0,0,0,0,0,0,0,0,0,0,0,0,0,0,0,0
0,0.248545,9,9,9,0,0,0,0,0,0,0,0,0,0,0,0,0,0,0,0
0,0.25971,9,9,9,0,0,0,0,0,0,0,0,0,0,0,0,0,0,0,0
0,0.254468,9,9,9,0,0,0,0,0,0,0,0,0,0,0,0,0,0,0,0
0,0.250452,9,9,9,0,0,0,0,0,0,0,0,0,0,0,0,0,0,0,0
0,0.247228,9,9,9,0,0,0,0,0,0,0,0,0,0,0,0,0,0,0,0
0,0.249673,9,9,9,0,0,0,0,0,0,0,0,0,0,0,0,0,0,0,0
0,0.251163,9,9,9,0,0,0,0,0,0,0,0,0,0,0,0,0,0,0,0
0,0.250827,9,9,9,0,0,0,0,0,0,0,0,0,0,0,0,0,0,0,0
0,0.249652,9,9,9,0,0,0,0,0,0,0,0,0,0,0,0,0,0,0,0
0,0.258468,9,9,9,0,0,0,0,0,0,0,0,0,0,0,0,0,0,0,0
0,0.25188,9,9,9,0,0,0,0,0,0,0,0,0,0,0,0,0,0,0,0
0,0.249226,9,9,9,0,0,0,0,0,0,0,0,0,0,0,0,0,0,0,0
0,0.251858,9,9,9,0,0,0,0,0,0,0,0,0,0,0,0,0,0,0,0
0,0.250296,9,9,9,0,0,0,0,0,0,0,0,0,0,0,0,0,0,0,0
0,0.250467,9,9,9,0,0,0,0,0,0,0,0,0,0,0,0,0,0,0,0
0,0.499818,9,9,9,0,0,0,0,0,0,0,0,0,0,0,0,0,0,0,0
0,0.248826,9,9,9,0,0,0,0,0,0,0,0,0,0,0,0,0,0,0,0
0,0.287421,9,9,9,0,0,0,0,0,0,0,0,0,0,0,0,0,0,0,0
0,0.251683,9,9,9,0,0,0,0,0,0,0,0,0,0,0,0,0,0,0,0
0,0.258702,9,9,9,0,0,0,0,0,0,0,0,0,0,0,0,0,0,0,0
0,0.246887,9,9,9,0,0,0,0,0,0,0,0,0,0,0,0,0,0,0,0
0,0.238169,9,9,9,0,0,0,0,0,0,0,0,0,0,0,0,0,0,0,0
0,0.252244,9,9,9,0,0,0,0,0,0,0,0,0,0,0,0,0,0,0,0
0,0.24887,9,9,9,0,0,0,0,0,0,0,0,0,0,0,0,0,0,0,0
0,0.170998,9,9,9,0,0,0,0,0,0,0,0,0,0,0,0,0,0,0,0
0,0.255488,9,9,9,0,0,0,0,0,0,0,0,0,0,0,0,0,0,0,0
0,0.248125,9,9,9,0,0,0,0,0,0,0,0,0,0,0,0,0,0,0,0
0,0.250733,9,9,9,0,0,0,0,0,0,0,0,0,0,0,0,0,0,0,0
0,0.252226,9,9,9,0,0,0,0,0,0,0,0,0,0,0,0,0,0,0,0
0,0.249295,9,9,9,0,0,0,0,0,0,0,0,0,0,0,0,0,0,0,0
0,0.250913,9,9,9,0,0,0,0,0,0,0,0,0,0,0,0,0,0,0,0
0,0.251708,9,9,9,0,0,0,0,0,0,0,0,0,0,0,0,0,0,0,0
0,0.175325,9,9,9,0,0,0,0,0,0,0,0,0,0,0,0,0,0,0,0
0,0.251165,9,9,9,0,0,0,0,0,0,0,0,0,0,0,0,0,0,0,0
0,0.251527,9,9,9,0,0,0,0,0,0,0,0,0,0,0,0,0,0,0,0
0,0.248562,9,9,9,0,0,0,0,0,0,0,0,0,0,0,0,0,0,0,0
0,0.256697,9,9,9,0,0,0,0,0,0,0,0,0,0,0,0,0,0,0,0
0,0.250662,9,9,9,0,0,0,0,0,0,0,0,0,0,0,0,0,0,0,0
0,0.262568,9,9,9,0,0,0,0,0,0,0,0,0,0,0,0,0,0,0,0
0,0.247928,9,9,9,0,0,0,0,0,0,0,0,0,0,0,0,0,0,0,0
0,0.251781,9,9,9,0,0,0,0,0,0,0,0,0,0,0,0,0,0,0,0
0,0.62664,9,9,9,0,0,0,0,0,0,0,0,0,0,0,0,0,0,0,0
0,0.503738,9,9,9,0,0,0,0,0,0,0,0,0,0,0,0,0,0,0,0
0,0.293454,9,9,9,0,0,0,0,0,0,0,0,0,0,0,0,0,0,0,0
0,0.219589,9,9,9,0,0,0,0,0,0,0,0,0,0,0,0,0,0,0,0
0,0.254086,9,9,9,0,0,0,0,0,0,0,0,0,0,0,0,0,0,0,0
0,0.258207,9,9,9,0,0,0,0,0,0,0,0,0,0,0,0,0,0,0,0
0,0.247995,9,9,9,0,0,0,0,0,0,0,0,0,0,0,0,0,0,0,0
0,0.25807,9,9,9,0,0,0,0,0,0,0,0,0,0,0,0,0,0,0,0
0,0.24923,9,9,9,0,0,0,0,0,0,0,0,0,0,0,0,0,0,0,0
0,0.259569,9,9,9,0,0,0,0,0,0,0,0,0,0,0,0,0,0,0,0
0,0.250042,9,9,9,0,0,0,0,0,0,0,0,0,0,0,0,0,0,0,0
0,0.250206,9,9,9,0,0,0,0,0,0,0,0,0,0,0,0,0,0,0,0
0,0.187131,9,9,9,0,0,0,0,0,0,0,0,0,0,0,0,0,0,0,0
0,0.532479,9,9,9,0,0,0,0,0,0,0,0,0,0,0,0,0,0,0,0
0,0.248738,9,9,9,0,0,0,0,0,0,0,0,0,0,0,0,0,0,0,0
0,0.589151,9,9,9,0,0,0,0,0,0,0,0,0,0,0,0,0,0,0,0
0,0.613378,9,9,9,0,0,0,0,0,0,0,0,0,0,0,0,0,0,0,0
0,0.253289,9,9,9,0,0,0,0,0,0,0,0,0,0,0,0,0,0,0,0
0,0.249446,9,9,9,0,0,0,0,0,0,0,0,0,0,0,0,0,0,0,0
0,0.254186,9,9,9,0,0,0,0,0,0,0,0,0,0,0,0,0,0,0,0
0,0.501379,9,9,9,0,0,0,0,0,0,0,0,0,0,0,0,0,0,0,0
0,0.252975,9,9,9,0,0,0,0,0,0,0,0,0,0,0,0,0,0,0,0
0,0.253258,9,9,9,0,0,0,0,0,0,0,0,0,0,0,0,0,0,0,0
0,0.254117,9,9,9,0,0,0,0,0,0,0,0,0,0,0,0,0,0,0,0
0,0.257294,9,9,9,0,0,0,0,0,0,0,0,0,0,0,0,0,0,0,0
0,0.247981,9,9,9,0,0,0,0,0,0,0,0,0,0,0,0,0,0,0,0
0,0.257779,9,9,9,0,0,0,0,0,0,0,0,0,0,0,0,0,0,0,0
0,0.248056,9,9,9,0,0,0,0,0,0,0,0,0,0,0,0,0,0,0,0
0,0.250911,9,9,9,0,0,0,0,0,0,0,0,0,0,0,0,0,0,0,0
0,0.514591,9,9,9,0,0,0,0,0,0,0,0,0,0,0,0,0,0,0,0
0,0.278648,9,9,9,0,0,0,0,0,0,0,0,0,0,0,0,0,0,0,0
0,0.170333,9,9,9,0,0,0,0,0,0,0,0,0,0,0,0,0,0,0,0
0,0.251986,9,9,9,0,0,0,0,0,0,0,0,0,0,0,0,0,0,0,0
0,0.251434,9,9,9,0,0,0,0,0,0,0,0,0,0,0,0,0,0,0,0
0,0.25034,9,9,9,0,0,0,0,0,0,0,0,0,0,0,0,0,0,0,0
0,0.245594,9,9,9,0,0,0,0,0,0,0,0,0,0,0,0,0,0,0,0
0,0.250763,9,9,9,0,0,0,0,0,0,0,0,0,0,0,0,0,0,0,0
0,0.254791,9,9,9,0,0,0,0,0,0,0,0,0,0,0,0,0,0,0,0
0,0.248912,9,9,9,0,0,0,0,0,0,0,0,0,0,0,0,0,0,0,0
0,0.248813,9,9,9,0,0,0,0,0,0,0,0,0,0,0,0,0,0,0,0
0,0.252054,9,9,9,0,0,0,0,0,0,0,0,0,0,0,0,0,0,0,0
0,0.246825,9,9,9,0,0,0,0,0,0,0,0,0,0,0,0,0,0,0,0
0,0.249525,9,9,9,0,0,0,0,0,0,0,0,0,0,0,0,0,0,0,0
0,0.251909,9,9,9,0,0,0,0,0,0,0,0,0,0,0,0,0,0,0,0
0,0.162663,9,9,9,0,0,0,0,0,0,0,0,0,0,0,0,0,0,0,0
0,0.212211,9,9,9,0,0,0,0,0,0,0,0,0,0,0,0,0,0,0,0
0,0.496366,9,9,9,0,0,0,0,0,0,0,0,0,0,0,0,0,0,0,0
0,0.345505,9,9,9,0,0,0,0,0,0,0,0,0,0,0,0,0,0,0,0
0,0.452359,9,9,9,0,0,0,0,0,0,0,0,0,0,0,0,0,0,0,0
0,0.243607,9,9,9,0,0,0,0,0,0,0,0,0,0,0,0,0,0,0,0
0,0.458911,9,9,9,0,0,0,0,0,0,0,0,0,0,0,0,0,0,0,0
0,0.506405,9,9,9,0,0,0,0,0,0,0,0,0,0,0,0,0,0,0,0
0,0.543767,9,9,9,0,0,0,0,0,0,0,0,0,0,0,0,0,0,0,0
0,0.498,9,9,9,0,0,0,0,0,0,0,0,0,0,0,0,0,0,0,0
0,0.285523,9,9,9,0,0,0,0,0,0,0,0,0,0,0,0,0,0,0,0
0,0.252844,9,9,9,0,0,0,0,0,0,0,0,0,0,0,0,0,0,0,0
0,0.224007,9,9,9,0,0,0,0,0,0,0,0,0,0,0,0,0,0,0,0
0,0.496592,9,9,9,0,0,0,0,0,0,0,0,0,0,0,0,0,0,0,0
0,0.286525,9,9,9,0,0,0,0,0,0,0,0,0,0,0,0,0,0,0,0
0,0.376228,9,9,9,0,0,0,0,0,0,0,0,0,0,0,0,0,0,0,0
0,0.122552,9,9,9,0,0,0,0,0,0,0,0,0,0,0,0,0,0,0,0
0,0.342335,9,9,9,0,0,0,0,0,0,0,0,0,0,0,0,0,0,0,0
0,0.136762,9,9,9,0,0,0,0,0,0,0,0,0,0,0,0,0,0,0,0
0,0.222533,9,9,9,0,0,0,0,0,0,0,0,0,0,0,0,0,0,0,0
0,0.444364,9,9,9,0,0,0,0,0,0,0,0,0,0,0,0,0,0,0,0
0,0.25551,9,9,9,0,0,0,0,0,0,0,0,0,0,0,0,0,0,0,0
0,0.231029,9,9,9,0,0,0,0,0,0,0,0,0,0,0,0,0,0,0,0
0,0.248121,9,9,9,0,0,0,0,0,0,0,0,0,0,0,0,0,0,0,0
0,0.257348,9,9,9,0,0,0,0,0,0,0,0,0,0,0,0,0,0,0,0
0,0.25299,9,9,9,0,0,0,0,0,0,0,0,0,0,0,0,0,0,0,0
0,0.250827,9,9,9,0,0,0,0,0,0,0,0,0,0,0,0,0,0,0,0
0,0.25323,9,9,9,0,0,0,0,0,0,0,0,0,0,0,0,0,0,0,0
0,0.546747,9,9,9,0,0,0,0,0,0,0,0,0,0,0,0,0,0,0,0
0,0.26699,9,9,9,0,0,0,0,0,0,0,0,0,0,0,0,0,0,0,0
0,0.259965,9,9,9,0,0,0,0,0,0,0,0,0,0,0,0,0,0,0,0
0,0.254098,9,9,9,0,0,0,0,0,0,0,0,0,0,0,0,0,0,0,0
0,0.275071,9,9,9,0,0,0,0,0,0,0,0,0,0,0,0,0,0,0,0
0,0.503844,9,9,9,0,0,0,0,0,0,0,0,0,0,0,0,0,0,0,0
0,0.497584,9,9,9,0,0,0,0,0,0,0,0,0,0,0,0,0,0,0,0
0,0.499,9,9,9,0,0,0,0,0,0,0,0,0,0,0,0,0,0,0,0
0,0.493705,9,9,9,0,0,0,0,0,0,0,0,0,0,0,0,0,0,0,0
0,0.504834,9,9,9,0,0,0,0,0,0,0,0,0,0,0,0,0,0,0,0
0,0.49983,9,9,9,0,0,0,0,0,0,0,0,0,0,0,0,0,0,0,0
0,0.547255,9,9,9,0,0,0,0,0,0,0,0,0,0,0,0,0,0,0,0
0,0.768293,9,9,9,0,0,0,0,0,0,0,0,0,0,0,0,0,0,0,0
0,0.248047,9,9,9,0,0,0,0,0,0,0,0,0,0,0,0,0,0,0,0
0,0.757324,9,9,9,0,0,0,0,0,0,0,0,0,0,0,0,0,0,0,0
0,0.249634,9,9,9,0,0,0,0,0,0,0,0,0,0,0,0,0,0,0,0
0,0.260915,9,9,9,0,0,0,0,0,0,0,0,0,0,0,0,0,0,0,0
0,0.458673,9,9,9,0,0,0,0,0,0,0,0,0,0,0,0,0,0,0,0
0,0.462233,9,9,9,0,0,0,0,0,0,0,0,0,0,0,0,0,0,0,0
0,0.343861,9,9,9,0,0,0,0,0,0,0,0,0,0,0,0,0,0,0,0
0,0.528859,9,9,9,0,0,0,0,0,0,0,0,0,0,0,0,0,0,0,0
0,0.279684,9,9,9,0,0,0,0,0,0,0,0,0,0,0,0,0,0,0,0
0,0.370111,9,9,9,0,0,0,0,0,0,0,0,0,0,0,0,0,0,0,0
0,0.257433,9,9,9,0,0,0,0,0,0,0,0,0,0,0,0,0,0,0,0
0,0.375919,9,9,9,0,0,0,0,0,0,0,0,0,0,0,0,0,0,0,0
0,0.370493,9,9,9,0,0,0,0,0,0,0,0,0,0,0,0,0,0,0,0
0,0.387748,9,9,9,0,0,0,0,0,0,0,0,0,0,0,0,0,0,0,0
0,0.337446,9,9,9,0,0,0,0,0,0,0,0,0,0,0,0,0,0,0,0
0,0.461214,9,9,9,0,0,0,0,0,0,0,0,0,0,0,0,0,0,0,0
0,0.466985,9,9,9,0,0,0,0,0,0,0,0,0,0,0,0,0,0,0,0
0,0.503756,9,9,9,0,0,0,0,0,0,0,0,0,0,0,0,0,0,0,0
0,0.303344,9,9,9,0,0,0,0,0,0,0,0,0,0,0,0,0,0,0,0
0,0.424178,9,9,9,0,0,0,0,0,0,0,0,0,0,0,0,0,0,0,0
0,0.308789,9,9,9,0,0,0,0,0,0,0,0,0,0,0,0,0,0,0,0
0,0.501343,9,9,9,0,0,0,0,0,0,0,0,0,0,0,0,0,0,0,0
0,0.147153,9,9,9,0,0,0,0,0,0,0,0,0,0,0,0,0,0,0,0
0,0.355285,9,9,9,0,0,0,0,0,0,0,0,0,0,0,0,0,0,0,0
0,0.280062,9,9,9,0,0,0,0,0,0,0,0,0,0,0,0,0,0,0,0
0,0.288397,9,9,9,0,0,0,0,0,0,0,0,0,0,0,0,0,0,0,0
0,0.247133,9,9,9,0,0,0,0,0,0,0,0,0,0,0,0,0,0,0,0
0,0.281663,9,9,9,0,0,0,0,0,0,0,0,0,0,0,0,0,0,0,0
0,0.248626,9,9,9,0,0,0,0,0,0,0,0,0,0,0,0,0,0,0,0
0,0.237893,9,9,9,0,0,0,0,0,0,0,0,0,0,0,0,0,0,0,0
0,0.492422,9,9,9,0,0,0,0,0,0,0,0,0,0,0,0,0,0,0,0
0,0.504865,9,9,9,0,0,0,0,0,0,0,0,0,0,0,0,0,0,0,0
0,0.253441,9,9,9,0,0,0,0,0,0,0,0,0,0,0,0,0,0,0,0
0,0.187828,9,9,9,0,0,0,0,0,0,0,0,0,0,0,0,0,0,0,0
0,0.398093,9,9,9,0,0,0,0,0,0,0,0,0,0,0,0,0,0,0,0
0,0.356083,9,9,9,0,0,0,0,0,0,0,0,0,0,0,0,0,0,0,0
0,0.647137,9,9,9,0,0,0,0,0,0,0,0,0,0,0,0,0,0,0,0
0,0.195852,9,9,9,0,0,0,0,0,0,0,0,0,0,0,0,0,0,0,0
0,0.256423,9,9,9,0,0,0,0,0,0,0,0,0,0,0,0,0,0,0,0
0,0.236448,9,9,9,0,0,0,0,0,0,0,0,0,0,0,0,0,0,0,0
0,0.646554,9,9,9,0,0,0,0,0,0,0,0,0,0,0,0,0,0,0,0
0,0.253941,9,9,9,0,0,0,0,0,0,0,0,0,0,0,0,0,0,0,0
0,0.261428,9,9,9,0,0,0,0,0,0,0,0,0,0,0,0,0,0,0,0
0,0.243171,9,9,9,0,0,0,0,0,0,0,0,0,0,0,0,0,0,0,0
0,0.257193,9,9,9,0,0,0,0,0,0,0,0,0,0,0,0,0,0,0,0
0,0.24406,9,9,9,0,0,0,0,0,0,0,0,0,0,0,0,0,0,0,0
0,0.260191,9,9,9,0,0,0,0,0,0,0,0,0,0,0,0,0,0,0,0
0,0.192945,9,9,9,0,0,0,0,0,0,0,0,0,0,0,0,0,0,0,0
0,0.205974,9,9,9,0,0,0,0,0,0,0,0,0,0,0,0,0,0,0,0
0,0.25378,9,9,9,0,0,0,0,0,0,0,0,0,0,0,0,0,0,0,0
0,0.524277,9,9,9,0,0,0,0,0,0,0,0,0,0,0,0,0,0,0,0
0,0.250289,9,9,9,0,0,0,0,0,0,0,0,0,0,0,0,0,0,0,0
0,0.2556,9,9,9,0,0,0,0,0,0,0,0,0,0,0,0,0,0,0,0
0,0.17827,9,9,9,0,0,0,0,0,0,0,0,0,0,0,0,0,0,0,0
0,0.198974,9,9,9,0,0,0,0,0,0,0,0,0,0,0,0,0,0,0,0
0,0.251776,9,9,9,0,0,0,0,0,0,0,0,0,0,0,0,0,0,0,0
0,0.50162,9,9,9,0,0,0,0,0,0,0,0,0,0,0,0,0,0,0,0
0,0.401042,9,9,9,0,0,0,0,0,0,0,0,0,0,0,0,0,0,0,0
0,0.266699,9,9,9,0,0,0,0,0,0,0,0,0,0,0,0,0,0,0,0
0,0.303497,9,9,9,0,0,0,0,0,0,0,0,0,0,0,0,0,0,0,0
0,0.518525,9,9,9,0,0,0,0,0,0,0,0,0,0,0,0,0,0,0,0
0,0.231871,9,9,9,0,0,0,0,0,0,0,0,0,0,0,0,0,0,0,0
0,0.418202,9,9,9,0,0,0,0,0,0,0,0,0,0,0,0,0,0,0,0
0,0.374606,9,9,9,0,0,0,0,0,0,0,0,0,0,0,0,0,0,0,0
0,0.253015,9,9,9,0,0,0,0,0,0,0,0,0,0,0,0,0,0,0,0
0,0.620694,9,9,9,0,0,0,0,0,0,0,0,0,0,0,0,0,0,0,0
0,0.492625,9,9,9,0,0,0,0,0,0,0,0,0,0,0,0,0,0,0,0
0,0.572011,9,9,9,0,0,0,0,0,0,0,0,0,0,0,0,0,0,0,0
0,0.315152,9,9,9,0,0,0,0,0,0,0,0,0,0,0,0,0,0,0,0
0,0.192929,9,9,9,0,0,0,0,0,0,0,0,0,0,0,0,0,0,0,0
0,0.246952,9,9,9,0,0,0,0,0,0,0,0,0,0,0,0,0,0,0,0
0,0.374275,9,9,9,0,0,0,0,0,0,0,0,0,0,0,0,0,0,0,0
0,0.221117,9,9,9,0,0,0,0,0,0,0,0,0,0,0,0,0,0,0,0
0,0.258191,9,9,9,0,0,0,0,0,0,0,0,0,0,0,0,0,0,0,0
0,0.250785,9,9,9,0,0,0,0,0,0,0,0,0,0,0,0,0,0,0,0
0,0.131393,9,9,9,0,0,0,0,0,0,0,0,0,0,0,0,0,0,0,0
0,0.223484,9,9,9,0,0,0,0,0,0,0,0,0,0,0,0,0,0,0,0
0,0.33683,9,9,9,0,0,0,0,0,0,0,0,0,0,0,0,0,0,0,0
0,0.1258,9,9,9,0,0,0,0,0,0,0,0,0,0,0,0,0,0,0,0
0,0.294989,9,9,9,0,0,0,0,0,0,0,0,0,0,0,0,0,0,0,0
0,0.250074,9,9,9,0,0,0,0,0,0,0,0,0,0,0,0,0,0,0,0
0,0.253536,9,9,9,0,0,0,0,0,0,0,0,0,0,0,0,0,0,0,0
0,0.251388,9,9,9,0,0,0,0,0,0,0,0,0,0,0,0,0,0,0,0
0,0.246119,9,9,9,0,0,0,0,0,0,0,0,0,0,0,0,0,0,0,0
0,0.2472,9,9,9,0,0,0,0,0,0,0,0,0,0,0,0,0,0,0,0
0,0.19309,9,9,9,0,0,0,0,0,0,0,0,0,0,0,0,0,0,0,0
0,0.247239,9,9,9,0,0,0,0,0,0,0,0,0,0,0,0,0,0,0,0
0,0.497832,9,9,9,0,0,0,0,0,0,0,0,0,0,0,0,0,0,0,0
0,0.204432,9,9,9,0,0,0,0,0,0,0,0,0,0,0,0,0,0,0,0
0,0.236823,9,9,9,0,0,0,0,0,0,0,0,0,0,0,0,0,0,0,0
0,0.499688,9,9,9,0,0,0,0,0,0,0,0,0,0,0,0,0,0,0,0
0,0.278306,9,9,9,0,0,0,0,0,0,0,0,0,0,0,0,0,0,0,0
0,0.22441,9,9,9,0,0,0,0,0,0,0,0,0,0,0,0,0,0,0,0
0,0.439401,9,9,9,0,0,0,0,0,0,0,0,0,0,0,0,0,0,0,0
0,0.495944,9,9,9,0,0,0,0,0,0,0,0,0,0,0,0,0,0,0,0
0,0.485996,9,9,9,0,0,0,0,0,0,0,0,0,0,0,0,0,0,0,0
0,0.430331,9,9,9,0,0,0,0,0,0,0,0,0,0,0,0,0,0,0,0
0,0.246924,9,9,9,0,0,0,0,0,0,0,0,0,0,0,0,0,0,0,0
0,0.366021,9,9,9,0,0,0,0,0,0,0,0,0,0,0,0,0,0,0,0
0,0.256873,9,9,9,0,0,0,0,0,0,0,0,0,0,0,0,0,0,0,0
0,0.35989,9,9,9,0,0,0,0,0,0,0,0,0,0,0,0,0,0,0,0
0,0.238187,9,9,9,0,0,0,0,0,0,0,0,0,0,0,0,0,0,0,0
0,0.251458,9,9,9,0,0,0,0,0,0,0,0,0,0,0,0,0,0,0,0
0,0.251644,9,9,9,0,0,0,0,0,0,0,0,0,0,0,0,0,0,0,0
0,0.245161,9,9,9,0,0,0,0,0,0,0,0,0,0,0,0,0,0,0,0
0,0.512235,9,9,9,0,0,0,0,0,0,0,0,0,0,0,0,0,0,0,0
0,0.445168,9,9,9,0,0,0,0,0,0,0,0,0,0,0,0,0,0,0,0
0,0.623446,9,9,9,0,0,0,0,0,0,0,0,0,0,0,0,0,0,0,0
0,0.51407,9,9,9,0,0,0,0,0,0,0,0,0,0,0,0,0,0,0,0
0,0.502617,9,9,9,0,0,0,0,0,0,0,0,0,0,0,0,0,0,0,0
0,0.499056,9,9,9,0,0,0,0,0,0,0,0,0,0,0,0,0,0,0,0
0,0.244492,9,9,9,0,0,0,0,0,0,0,0,0,0,0,0,0,0,0,0
0,0.252757,9,9,9,0,0,0,0,0,0,0,0,0,0,0,0,0,0,0,0
0,0.269556,9,9,9,0,0,0,0,0,0,0,0,0,0,0,0,0,0,0,0
0,0.21316,9,9,9,0,0,0,0,0,0,0,0,0,0,0,0,0,0,0,0
0,0.229199,9,9,9,0,0,0,0,0,0,0,0,0,0,0,0,0,0,0,0
0,0.254481,9,9,9,0,0,0,0,0,0,0,0,0,0,0,0,0,0,0,0
0,0.281833,9,9,9,0,0,0,0,0,0,0,0,0,0,0,0,0,0,0,0
0,0.495441,9,9,9,0,0,0,0,0,0,0,0,0,0,0,0,0,0,0,0
0,0.395049,9,9,9,0,0,0,0,0,0,0,0,0,0,0,0,0,0,0,0
0,0.189035,9,9,9,0,0,0,0,0,0,0,0,0,0,0,0,0,0,0,0
0,0.227645,9,9,9,0,0,0,0,0,0,0,0,0,0,0,0,0,0,0,0
0,1.679052,9,9,9,0,0,0,0,0,0,0,0,0,0,0,0,0,0,0,0
0,0.52228,9,9,9,0,0,0,0,0,0,0,0,0,0,0,0,0,0,0,0
0,1.029641,9,9,9,0,0,0,0,0,0,0,0,0,0,0,0,0,0,0,0
0,0.792288,9,9,9,0,0,0,0,0,0,0,0,0,0,0,0,0,0,0,0
0,1.931061,9,9,9,0,0,0,0,0,0,0,0,0,0,0,0,0,0,0,0
0,0.943699,9,9,9,0,0,0,0,0,0,0,0,0,0,0,0,0,0,0,0
0,1.002513,9,9,9,0,0,0,0,0,0,0,0,0,0,0,0,0,0,0,0
0,1.685277,9,9,9,0,0,0,0,0,0,0,0,0,0,0,0,0,0,0,0
0,1.426378,9,9,9,0,0,0,0,0,0,0,0,0,0,0,0,0,0,0,0
0,0.726269,9,9,9,0,0,0,0,0,0,0,0,0,0,0,0,0,0,0,0
0,0.735701,9,9,9,0,0,0,0,0,0,0,0,0,0,0,0,0,0,0,0
0,1.904259,9,9,9,0,0,0,0,0,0,0,0,0,0,0,0,0,0,0,0
0,0.633774,9,9,9,0,0,0,0,0,0,0,0,0,0,0,0,0,0,0,0
0,0.525601,9,9,9,0,0,0,0,0,0,0,0,0,0,0,0,0,0,0,0
0,0.957829,9,9,9,0,0,0,0,0,0,0,0,0,0,0,0,0,0,0,0
0,0.435105,9,9,9,0,0,0,0,0,0,0,0,0,0,0,0,0,0,0,0
0,0.2368,9,9,9,0,0,0,0,0,0,0,0,0,0,0,0,0,0,0,0
0,0.732936,9,9,9,0,0,0,0,0,0,0,0,0,0,0,0,0,0,0,0
0,1.350502,9,9,9,0,0,0,0,0,0,0,0,0,0,0,0,0,0,0,0
0,0.997393,9,9,9,0,0,0,0,0,0,0,0,0,0,0,0,0,0,0,0
0,1.401356,9,9,9,0,0,0,0,0,0,0,0,0,0,0,0,0,0,0,0
0,0.174435,9,9,9,0,0,0,0,0,0,0,0,0,0,0,0,0,0,0,0
0,0.227514,9,9,9,0,0,0,0,0,0,0,0,0,0,0,0,0,0,0,0
0,0.882585,9,9,9,0,0,0,0,0,0,0,0,0,0,0,0,0,0,0,0
0,1.09018,9,9,9,0,0,0,0,0,0,0,0,0,0,0,0,0,0,0,0
0,0.412066,9,9,9,0,0,0,0,0,0,0,0,0,0,0,0,0,0,0,0
0,1.132067,9,9,9,0,0,0,0,0,0,0,0,0,0,0,0,0,0,0,0
0,1.997354,9,9,9,0,0,0,0,0,0,0,0,0,0,0,0,0,0,0,0
0,3.457387,9,9,9,0,0,0,0,0,0,0,0,0,0,0,0,0,0,0,0
0,0.887079,9,9,9,0,0,0,0,0,0,0,0,0,0,0,0,0,0,0,0
0,2.316135,9,9,9,0,0,0,0,0,0,0,0,0,0,0,0,0,0,0,0
0,1.217414,9,9,9,0,0,0,0,0,0,0,0,0,0,0,0,0,0,0,0
0,1.186911,9,9,9,0,0,0,0,0,0,0,0,0,0,0,0,0,0,0,0
0,0.649556,9,9,9,0,0,0,0,0,0,0,0,0,0,0,0,0,0,0,0
0,2.290754,9,9,9,0,0,0,0,0,0,0,0,0,0,0,0,0,0,0,0
0,0.753436,9,9,9,0,0,0,0,0,0,0,0,0,0,0,0,0,0,0,0
0,0.893753,9,9,9,0,0,0,0,0,0,0,0,0,0,0,0,0,0,0,0
0,0.479973,9,9,9,0,0,0,0,0,0,0,0,0,0,0,0,0,0,0,0
0,0.74483,9,9,9,0,0,0,0,0,0,0,0,0,0,0,0,0,0,0,0
0,0.368247,9,9,9,0,0,0,0,0,0,0,0,0,0,0,0,0,0,0,0
0,0.172499,9,9,9,0,0,0,0,0,0,0,0,0,0,0,0,0,0,0,0
0,0.659517,9,9,9,0,0,0,0,0,0,0,0,0,0,0,0,0,0,0,0
0,0.72889,9,9,9,0,0,0,0,0,0,0,0,0,0,0,0,0,0,0,0
0,0.40365,9,9,9,0,0,0,0,0,0,0,0,0,0,0,0,0,0,0,0
0,0.614121,9,9,9,0,0,0,0,0,0,0,0,0,0,0,0,0,0,0,0
0,0.978303,9,9,9,0,0,0,0,0,0,0,0,0,0,0,0,0,0,0,0
0,0.749046,9,9,9,0,0,0,0,0,0,0,0,0,0,0,0,0,0,0,0
0,1.132194,9,9,9,0,0,0,0,0,0,0,0,0,0,0,0,0,0,0,0
0,0.490466,9,9,9,0,0,0,0,0,0,0,0,0,0,0,0,0,0,0,0
0,0.732515,9,9,9,0,0,0,0,0,0,0,0,0,0,0,0,0,0,0,0
0,0.695726,9,9,9,0,0,0,0,0,0,0,0,0,0,0,0,0,0,0,0
0,0.573057,9,9,9,0,0,0,0,0,0,0,0,0,0,0,0,0,0,0,0
0,0.271174,9,9,9,0,0,0,0,0,0,0,0,0,0,0,0,0,0,0,0
0,0.54476,9,9,9,0,0,0,0,0,0,0,0,0,0,0,0,0,0,0,0
0,0.307659,9,9,9,0,0,0,0,0,0,0,0,0,0,0,0,0,0,0,0
0,1.358471,9,9,9,0,0,0,0,0,0,0,0,0,0,0,0,0,0,0,0
0,0.28603,9,9,9,0,0,0,0,0,0,0,0,0,0,0,0,0,0,0,0
0,0.551871,9,9,9,0,0,0,0,0,0,0,0,0,0,0,0,0,0,0,0
0,1.505383,9,9,9,0,0,0,0,0,0,0,0,0,0,0,0,0,0,0,0
0,0.390989,9,9,9,0,0,0,0,0,0,0,0,0,0,0,0,0,0,0,0
0,0.508185,9,9,9,0,0,0,0,0,0,0,0,0,0,0,0,0,0,0,0
0,1.330535,9,9,9,0,0,0,0,0,0,0,0,0,0,0,0,0,0,0,0
0,0.498554,9,9,9,0,0,0,0,0,0,0,0,0,0,0,0,0,0,0,0
0,0.438406,9,9,9,0,0,0,0,0,0,0,0,0,0,0,0,0,0,0,0
0,0.769947,9,9,9,0,0,0,0,0,0,0,0,0,0,0,0,0,0,0,0
0,0.812522,9,9,9,0,0,0,0,0,0,0,0,0,0,0,0,0,0,0,0
0,0.254384,9,9,9,0,0,0,0,0,0,0,0,0,0,0,0,0,0,0,0
0,0.42469,9,9,9,0,0,0,0,0,0,0,0,0,0,0,0,0,0,0,0
0,0.222042,9,9,9,0,0,0,0,0,0,0,0,0,0,0,0,0,0,0,0
0,0.164303,9,9,9,0,0,0,0,0,0,0,0,0,0,0,0,0,0,0,0
0,0.64005,9,9,9,0,0,0,0,0,0,0,0,0,0,0,0,0,0,0,0
0,0.856593,9,9,9,0,0,0,0,0,0,0,0,0,0,0,0,0,0,0,0
0,1.045586,9,9,9,0,0,0,0,0,0,0,0,0,0,0,0,0,0,0,0
0,0.758734,9,9,9,0,0,0,0,0,0,0,0,0,0,0,0,0,0,0,0
0,0.368853,9,9,9,0,0,0,0,0,0,0,0,0,0,0,0,0,0,0,0
0,0.470664,9,9,9,0,0,0,0,0,0,0,0,0,0,0,0,0,0,0,0
0,0.166964,9,9,9,0,0,0,0,0,0,0,0,0,0,0,0,0,0,0,0
0,0.25251,9,9,9,0,0,0,0,0,0,0,0,0,0,0,0,0,0,0,0
0,0.262001,9,9,9,0,0,0,0,0,0,0,0,0,0,0,0,0,0,0,0
0,0.12476,9,9,9,0,0,0,0,0,0,0,0,0,0,0,0,0,0,0,0
0,0.249436,9,9,9,0,0,0,0,0,0,0,0,0,0,0,0,0,0,0,0
0,0.337508,9,9,9,0,0,0,0,0,0,0,0,0,0,0,0,0,0,0,0
0,0.084176,9,9,9,0,0,0,0,0,0,0,0,0,0,0,0,0,0,0,0
0,0.247711,9,9,9,0,0,0,0,0,0,0,0,0,0,0,0,0,0,0,0
0,0.257195,9,9,9,0,0,0,0,0,0,0,0,0,0,0,0,0,0,0,0
0,0.248162,9,9,9,0,0,0,0,0,0,0,0,0,0,0,0,0,0,0,0
0,0.129723,9,9,9,0,0,0,0,0,0,0,0,0,0,0,0,0,0,0,0
0,0.272765,9,9,9,0,0,0,0,0,0,0,0,0,0,0,0,0,0,0,0
0,0.244813,9,9,9,0,0,0,0,0,0,0,0,0,0,0,0,0,0,0,0
0,0.543739,9,9,9,0,0,0,0,0,0,0,0,0,0,0,0,0,0,0,0
0,0.151932,9,9,9,0,0,0,0,0,0,0,0,0,0,0,0,0,0,0,0
0,0.201939,9,9,9,0,0,0,0,0,0,0,0,0,0,0,0,0,0,0,0
0,0.145321,9,9,9,0,0,0,0,0,0,0,0,0,0,0,0,0,0,0,0
0,0.250124,9,9,9,0,0,0,0,0,0,0,0,0,0,0,0,0,0,0,0
0,0.255924,9,9,9,0,0,0,0,0,0,0,0,0,0,0,0,0,0,0,0
0,0.158514,9,9,9,0,0,0,0,0,0,0,0,0,0,0,0,0,0,0,0
0,0.072562,9,9,9,0,0,0,0,0,0,0,0,0,0,0,0,0,0,0,0
0,0.039748,9,9,9,0,0,0,0,0,0,0,0,0,0,0,0,0,0,0,0
0,0.463864,9,9,9,0,0,0,0,0,0,0,0,0,0,0,0,0,0,0,0
0,1.071793,9,9,9,0,0,0,0,0,0,0,0,0,0,0,0,0,0,0,0
0,0.424066,9,9,9,0,0,0,0,0,0,0,0,0,0,0,0,0,0,0,0
0,0.503137,9,9,9,0,0,0,0,0,0,0,0,0,0,0,0,0,0,0,0
0,0.524145,9,9,9,0,0,0,0,0,0,0,0,0,0,0,0,0,0,0,0
0,0.468267,9,9,9,0,0,0,0,0,0,0,0,0,0,0,0,0,0,0,0
0,0.542565,9,9,9,0,0,0,0,0,0,0,0,0,0,0,0,0,0,0,0
0,0.368263,9,9,9,0,0,0,0,0,0,0,0,0,0,0,0,0,0,0,0
0,0.308426,9,9,9,0,0,0,0,0,0,0,0,0,0,0,0,0,0,0,0
0,0.328903,9,9,9,0,0,0,0,0,0,0,0,0,0,0,0,0,0,0,0
0,0.941976,9,9,9,0,0,0,0,0,0,0,0,0,0,0,0,0,0,0,0
0,0.670541,9,9,9,0,0,0,0,0,0,0,0,0,0,0,0,0,0,0,0
0,0.728278,9,9,9,0,0,0,0,0,0,0,0,0,0,0,0,0,0,0,0
0,0.239543,9,9,9,0,0,0,0,0,0,0,0,0,0,0,0,0,0,0,0
0,0.179297,9,9,9,0,0,0,0,0,0,0,0,0,0,0,0,0,0,0,0
0,0.17611,9,9,9,0,0,0,0,0,0,0,0,0,0,0,0,0,0,0,0
0,0.445287,9,9,9,0,0,0,0,0,0,0,0,0,0,0,0,0,0,0,0
0,0.566192,9,9,9,0,0,0,0,0,0,0,0,0,0,0,0,0,0,0,0
0,0.377814,9,9,9,0,0,0,0,0,0,0,0,0,0,0,0,0,0,0,0
0,0.398181,9,9,9,0,0,0,0,0,0,0,0,0,0,0,0,0,0,0,0
0,0.399628,9,9,9,0,0,0,0,0,0,0,0,0,0,0,0,0,0,0,0
0,0.161225,9,9,9,0,0,0,0,0,0,0,0,0,0,0,0,0,0,0,0
0,0.20948,9,9,9,0,0,0,0,0,0,0,0,0,0,0,0,0,0,0,0
0,0.253203,9,9,9,0,0,0,0,0,0,0,0,0,0,0,0,0,0,0,0
0,0.077606,9,9,9,0,0,0,0,0,0,0,0,0,0,0,0,0,0,0,0
0,0.34129,9,9,9,0,0,0,0,0,0,0,0,0,0,0,0,0,0,0,0
0,1.19489,9,9,9,0,0,0,0,0,0,0,0,0,0,0,0,0,0,0,0
0,0.254271,9,9,9,0,0,0,0,0,0,0,0,0,0,0,0,0,0,0,0
0,0.314774,9,9,9,0,0,0,0,0,0,0,0,0,0,0,0,0,0,0,0
0,0.38233,9,9,9,0,0,0,0,0,0,0,0,0,0,0,0,0,0,0,0
0,0.792509,9,9,9,0,0,0,0,0,0,0,0,0,0,0,0,0,0,0,0
0,0.624211,9,9,9,0,0,0,0,0,0,0,0,0,0,0,0,0,0,0,0
0,0.376773,9,9,9,0,0,0,0,0,0,0,0,0,0,0,0,0,0,0,0
0,0.327662,9,9,9,0,0,0,0,0,0,0,0,0,0,0,0,0,0,0,0
0,0.259724,9,9,9,0,0,0,0,0,0,0,0,0,0,0,0,0,0,0,0
0,0.589546,9,9,9,0,0,0,0,0,0,0,0,0,0,0,0,0,0,0,0
0,0.993315,9,9,9,0,0,0,0,0,0,0,0,0,0,0,0,0,0,0,0
0,0.547029,9,9,9,0,0,0,0,0,0,0,0,0,0,0,0,0,0,0,0
0,0.725841,9,9,9,0,0,0,0,0,0,0,0,0,0,0,0,0,0,0,0
0,0.530788,9,9,9,0,0,0,0,0,0,0,0,0,0,0,0,0,0,0,0
0,0.267671,9,9,9,0,0,0,0,0,0,0,0,0,0,0,0,0,0,0,0
0,0.597158,9,9,9,0,0,0,0,0,0,0,0,0,0,0,0,0,0,0,0
0,0.671918,9,9,9,0,0,0,0,0,0,0,0,0,0,0,0,0,0,0,0
0,0.488892,9,9,9,0,0,0,0,0,0,0,0,0,0,0,0,0,0,0,0
0,0.90044,9,9,9,0,0,0,0,0,0,0,0,0,0,0,0,0,0,0,0
0,0.352622,9,9,9,0,0,0,0,0,0,0,0,0,0,0,0,0,0,0,0
0,0.396713,9,9,9,0,0,0,0,0,0,0,0,0,0,0,0,0,0,0,0
0,0.346786,9,9,9,0,0,0,0,0,0,0,0,0,0,0,0,0,0,0,0
0,0.329279,9,9,9,0,0,0,0,0,0,0,0,0,0,0,0,0,0,0,0
0,0.854883,9,9,9,0,0,0,0,0,0,0,0,0,0,0,0,0,0,0,0
0,0.421943,9,9,9,0,0,0,0,0,0,0,0,0,0,0,0,0,0,0,0
0,0.488767,9,9,9,0,0,0,0,0,0,0,0,0,0,0,0,0,0,0,0
0,0.410137,9,9,9,0,0,0,0,0,0,0,0,0,0,0,0,0,0,0,0
0,0.957172,9,9,9,0,0,0,0,0,0,0,0,0,0,0,0,0,0,0,0
0,0.484203,9,9,9,0,0,0,0,0,0,0,0,0,0,0,0,0,0,0,0
0,0.174528,9,9,9,0,0,0,0,0,0,0,0,0,0,0,0,0,0,0,0
0,0.565466,9,9,9,0,0,0,0,0,0,0,0,0,0,0,0,0,0,0,0
0,0.510242,9,9,9,0,0,0,0,0,0,0,0,0,0,0,0,0,0,0,0
0,0.661412,9,9,9,0,0,0,0,0,0,0,0,0,0,0,0,0,0,0,0
0,0.497044,9,9,9,0,0,0,0,0,0,0,0,0,0,0,0,0,0,0,0
0,0.315871,9,9,9,0,0,0,0,0,0,0,0,0,0,0,0,0,0,0,0
0,0.783449,9,9,9,0,0,0,0,0,0,0,0,0,0,0,0,0,0,0,0
0,0.386855,9,9,9,0,0,0,0,0,0,0,0,0,0,0,0,0,0,0,0
0,0.360377,9,9,9,0,0,0,0,0,0,0,0,0,0,0,0,0,0,0,0
0,0.490052,9,9,9,0,0,0,0,0,0,0,0,0,0,0,0,0,0,0,0
0,0.654422,9,9,9,0,0,0,0,0,0,0,0,0,0,0,0,0,0,0,0
0,0.283571,9,9,9,0,0,0,0,0,0,0,0,0,0,0,0,0,0,0,0
0,0.423435,9,9,9,0,0,0,0,0,0,0,0,0,0,0,0,0,0,0,0
0,0.41043,9,9,9,0,0,0,0,0,0,0,0,0,0,0,0,0,0,0,0
0,0.824903,9,9,9,0,0,0,0,0,0,0,0,0,0,0,0,0,0,0,0
0,0.502254,9,9,9,0,0,0,0,0,0,0,0,0,0,0,0,0,0,0,0
0,0.729322,9,9,9,0,0,0,0,0,0,0,0,0,0,0,0,0,0,0,0
0,0.506804,9,9,9,0,0,0,0,0,0,0,0,0,0,0,0,0,0,0,0
0,0.278942,9,9,9,0,0,0,0,0,0,0,0,0,0,0,0,0,0,0,0
0,0.433755,9,9,9,0,0,0,0,0,0,0,0,0,0,0,0,0,0,0,0
0,0.404213,9,9,9,0,0,0,0,0,0,0,0,0,0,0,0,0,0,0,0
0,0.58256,9,9,9,0,0,0,0,0,0,0,0,0,0,0,0,0,0,0,0
0,1.042612,9,9,9,0,0,0,0,0,0,0,0,0,0,0,0,0,0,0,0
0,0.833799,9,9,9,0,0,0,0,0,0,0,0,0,0,0,0,0,0,0,0
0,0.745451,9,9,9,0,0,0,0,0,0,0,0,0,0,0,0,0,0,0,0
0,0.580894,9,9,9,0,0,0,0,0,0,0,0,0,0,0,0,0,0,0,0
0,0.31948,9,9,9,0,0,0,0,0,0,0,0,0,0,0,0,0,0,0,0
0,1.696636,9,9,9,0,0,0,0,0,0,0,0,0,0,0,0,0,0,0,0
0,3.757813,9,9,0,0,0,0,0,0,0,0,0,0,0,0,0,0,0,0,0
0,3.756561,9,9,0,0,0,0,0,0,0,0,0,0,0,0,0,0,0,0,0
0,5.901006,9,9,9,0,0,0,0,0,0,0,0,0,0,0,0,0,0,0,0
0,9.656751,9,9,9,0,0,0,0,0,0,0,0,0,0,0,0,0,0,0,0
0,2.973882,9,9,9,0,0,0,0,0,0,0,0,0,0,0,0,0,0,0,0
0,4.770053,9,9,9,0,0,0,0,0,0,0,0,0,0,0,0,0,0,0,0
0,1.031629,9,9,9,0,0,0,0,0,0,0,0,0,0,0,0,0,0,0,0
0,0.74061,9,9,9,0,0,0,0,0,0,0,0,0,0,0,0,0,0,0,0
0,2.841462,9,9,9,0,0,0,0,0,0,0,0,0,0,0,0,0,0,0,0
0,0.631088,9,9,9,0,0,0,0,0,0,0,0,0,0,0,0,0,0,0,0
0,0.759317,9,9,9,0,0,0,0,0,0,0,0,0,0,0,0,0,0,0,0
0,0.504218,9,9,9,0,0,0,0,0,0,0,0,0,0,0,0,0,0,0,0
0,4.500393,9,9,9,0,0,0,0,0,0,0,0,0,0,0,0,0,0,0,0
0,0.306394,9,9,9,0,0,0,0,0,0,0,0,0,0,0,0,0,0,0,0
0,0.125319,9,9,9,0,0,0,0,0,0,0,0,0,0,0,0,0,0,0,0
2069,1.496329,5,3,3,12.046586,11.921469,58.709049,58.747953,35.761914,32.370009,59.666788,59.869426,13.395183,13.446757,58.518092,58.502491,18.273233,18.921621,60.746323,60.735879
2071,1.630889,5,3,3,18.274228,18.34282,44.000815,43.989445,50.706277,54.995724,44.889382,44.750121,20.736134,20.511312,43.780087,43.81637,28.843943,28.740871,45.644408,45.645322
2072,0.169602,4,7,0,1.060347,0,57.748791,0,4.067538,0,57.916112,0,1.983173,0,55.460526,0,2.640321,0,58.916328,0
2073,0.062168,5,3,3,1.439589,1.223866,40.17779,24.495273,3.673862,3.663552,41.010404,24.595605,2.140724,1.380915,39.07423,24.466547,2.948853,1.976277,41.453424,24.694844
2074,0.052177,5,3,3,0.570036,1.075607,45.286093,23.916571,1.730493,3.030473,45.499433,24.029654,0.63561,1.215903,45.236802,23.8868,0.917521,1.746699,45.743837,24.114414
2076,0.093468,2,4,4,1.106682,1.567213,39.117993,13.580024,3.72578,8.093404,39.723785,13.237055,1.568147,2.92696,37.882611,12.455891,1.827917,2.959664,41.048595,14.150138
2078,0.323492,2,1,0,83.058097,0,38.87764,0,136.38524,0,61.134978,0,34.52246,0,61.449311,0,61.587664,0,70.941544,0
2079,0.164102,2,7,0,4.594461,0,40.731588,0,12.20943,0,42.21533,0,3.660797,0,41.798665,0,7.518416,0,43.347858,0
2080,0.037087,2,7,0,14.45309,0,3.938338,0,35.725236,0,5.010383,0,17.287172,0,3.69296,0,15.688006,0,6.870784,0
2081,0.598754,2,6,0,14.807956,0,33.529309,0,41.062735,0,35.81483,0,11.405758,0,35.440072,0,24.259733,0,38.284088,0
2083,0.347165,2,6,0,1.150909,0,38.682727,0,3.537625,0,38.757714,0,12.951052,0,30.741443,0,2.76339,0,38.832746,0
2084,0.923362,2,1,0,64.706148,0,67.105016,0,316.691745,0,64.814162,0,200.77331,0,44.356696,0,218.470361,0,70.660231,0
2085,0.183173,2,7,0,0.611382,0,43.538823,0,2.339646,0,43.546741,0,7.344614,0,39.083276,0,1.614137,0,43.588824,0
2090,0.432675,5,4,4,9.245102,15.055333,43.087155,37.961563,21.808917,27.748393,46.893384,45.52673,11.198379,6.883872,41.824853,45.756292,18.533386,12.496547,48.864254,49.408266
2091,0.483662,5,4,4,51.365494,15.435722,13.60486,36.627306,62.118045,28.289624,24.5437,42.710181,16.470972,14.111807,24.272754,38.04771,22.35176,23.58712,31.820246,44.727394
2093,0.608111,5,4,4,12.299023,18.853588,43.56498,39.300932,28.207208,35.673648,47.274982,46.079924,13.898646,8.923948,42.996291,46.239383,23.807699,16.096015,49.022807,49.485589
2097,0.669351,5,4,4,13.787763,21.693033,43.408242,38.794075,31.887434,40.542098,47.157162,45.888083,16.17459,10.123463,42.485188,46.064509,27.060197,18.250785,48.968967,49.460631
2099,1.639309,5,4,4,8.669062,10.362086,53.789094,59.201004,21.204909,19.244984,54.422611,60.501362,12.747756,7.667848,52.948551,60.005546,12.111759,8.598834,54.741343,60.862816
2100,1.372167,5,4,4,9.868467,6.542142,52.033448,59.872687,18.277529,15.963514,53.370335,60.508043,7.287087,9.560997,52.873398,59.077042,8.159116,9.121939,53.712006,60.841731
2102,0.294881,5,4,4,2.337489,0.832852,30.742601,45.607455,7.602716,3.6338,30.930048,45.587637,1.928018,1.687639,30.938568,45.202885,2.24101,2.078344,31.223407,45.75151
2103,0.211548,5,4,4,0.597487,1.140402,45.607456,45.205701,2.606886,3.715229,45.587636,45.407203,1.210711,0.94223,45.202885,45.41665,1.491003,1.096883,45.75151,45.764085
2105,0.540344,5,4,4,0.808503,1.496556,60.781313,45.336041,3.614334,5.126057,60.761385,45.390762,1.13556,1.321973,60.697784,45.390046,2.127482,2.361329,60.878424,45.501398
2106,0.500894,4,4,4,2.428095,2.570549,58.114335,43.095986,6.513131,9.662275,58.683539,43.19423,1.420645,2.676004,58.809314,43.115606,3.749944,6.563799,59.087864,43.593265
2110,0.376857,4,4,4,1.072723,1.624798,48.278889,48.019735,3.922232,5.547276,48.323303,48.160996,1.641308,1.365779,48.059823,48.187446,1.82289,1.560684,48.483275,48.487798
2111,0.377666,5,4,4,2.211405,1.043975,35.357531,49.714806,7.545664,3.817366,35.482065,49.757347,1.857627,1.596817,35.504798,49.504891,2.121826,1.774563,35.741163,49.910531
2112,0.168425,2,3,3,4.00854,10.911695,44.777415,30.425196,18.156165,25.717548,44.323748,33.977275,9.742631,7.898013,38.725972,33.05274,10.415639,9.751854,46.986778,36.678816
2113,0.112358,2,4,4,5.170707,6.063645,14.814446,10.898293,16.724335,24.558715,15.804911,10.969016,4.398954,8.827151,15.720066,9.502732,7.46038,8.247115,18.050807,14.749272
2114,0.163413,2,3,3,7.750121,5.170566,40.092,34.436212,21.335845,25.131089,43.231251,33.743498,6.590355,12.530642,41.94474,29.351232,7.4373,13.753912,47.230687,36.208343
2115,0.045104,1,3,3,7.549749,7.454905,18.064106,18.123806,18.862074,18.319613,20.046927,20.137336,7.284676,8.048875,18.492234,18.03153,9.284571,8.453629,21.914252,21.963267
2116,0.169325,1,3,0,27.986652,0,18.123807,0,68.774128,0,20.137337,0,30.216488,0,18.031531,0,31.735985,0,21.963269,0
2117,0.762271,4,7,7,2.763289,4.348707,47.673494,47.219054,7.396112,6.488806,47.854155,47.884666,3.595524,1.461474,47.515018,47.908413,3.19404,2.625511,47.976805,47.980096
2119,0.226709,4,4,4,1.582144,1.488993,32.014187,22.534967,2.547411,4.220356,32.320973,22.607226,0.489935,2.061785,32.348037,22.43617,0.927647,1.593753,32.380999,22.666422
2133,0.159863,2,4,4,2.556491,2.24412,17.1853,33.790971,11.481237,6.990832,17.007169,34.506088,6.155099,2.253482,14.444228,33.950146,6.744689,2.866989,18.023314,35.598196
2135,0.716797,2,6,0,29.962415,0,29.191378,0,36.323074,0,36.979657,0,10.097181,0,36.723157,0,8.991803,0,38.795491,0
2137,0.09149,2,4,4,1.925647,2.001566,12.04917,28.924544,10.254905,3.085308,11.639094,31.205597,8.862453,1.33657,7.827816,30.391627,2.205301,0.614271,12.689899,31.738712
2138,0.088973,2,4,4,4.433549,0.777904,12.731474,31.137487,6.224632,3.782141,14.948749,30.926503,2.800355,2.328064,14.188208,28.379621,1.230732,0.80786,15.32951,31.72999
2142,0.123694,5,4,4,0.603297,2.416773,49.316328,43.85382,2.347551,3.326268,49.376655,48.889735,2.566791,0.490358,43.828547,49.552545,2.184057,1.493902,49.719902,49.825988
2143,0.237514,5,4,4,4.640639,1.158438,43.853817,49.316325,6.387032,4.507719,48.889732,49.376655,0.941575,4.928701,49.552539,43.828547,2.868561,4.193783,49.825984,49.719897
2145,0.35898,2,6,0,13.297412,0,30.298732,0,38.219219,0,33.215374,0,17.11455,0,28.486416,0,28.59949,0,36.978176,0
2146,0.161588,2,6,0,3.899834,0,33.696957,0,11.133007,0,35.793359,0,4.25757,0,33.486391,0,4.389198,0,38.584424,0
2151,0.565031,2,6,0,5.957125,0,37.410567,0,25.527113,0,37.308802,0,12.959696,0,34.397051,0,13.457249,0,38.644366,0
2153,0.740216,5,1,0,26.682844,0,79.477561,0,121.037607,0,79.277214,0,34.15838,0,79.016423,0,66.159362,0,79.980737,0
2164,0.153934,2,4,4,1.42845,0.944179,16.546734,31.429113,4.521739,2.701144,16.653326,31.587005,2.967953,0.917793,15.807932,31.476046,4.03716,1.691159,16.750921,31.72128
2165,0.138919,1,4,4,1.789269,0.895437,14.817878,22.08738,4.7041,2.609348,14.938103,22.153033,1.530783,1.877775,14.88853,21.743275,2.406914,2.320618,15.009454,22.200446
2166,0.374407,2,1,0,27.285733,0,66.649318,0,74.051062,0,69.876809,0,27.404037,0,67.255192,0,40.805429,0,71.16218,0
2175,0.203758,2,4,4,1.528934,1.349041,25.337793,40.458251,7.743288,4.945258,25.16895,40.604678,2.900011,1.280706,24.625903,40.596549,3.720927,2.217014,25.614557,41.169942
2177,0.198066,2,4,4,1.115917,0.531119,40.654047,41.085111,3.507296,3.143278,40.879675,40.944215,0.762082,1.390565,40.973909,40.45618,1.382295,1.738794,41.204108,41.189999
2180,0.38745,2,4,4,1.585072,1.53075,40.910675,40.930721,6.66673,6.594031,40.89784,40.904536,2.182876,2.119488,40.711229,40.738525,2.519405,2.774989,41.207356,41.202802
2183,0.065969,2,4,4,0.372524,0.484501,40.651637,40.300714,1.576969,1.600164,40.621709,40.605328,0.619839,0.434249,39.933627,40.541157,0.683826,0.739247,41.175204,41.1665
2185,0.640467,2,1,0,56.332268,0,67.73763,0,244.633894,0,67.18516,0,169.047863,0,46.730817,0,165.976006,0,70.922657,0
2195,0.02804,5,7,0,0.240651,0,60.187536,0,0.83343,0,60.382375,0,0.475867,0,58.726165,0,0.671485,0,60.751931,0
2196,0.293245,5,6,0,2.798728,0,37.638987,0,10.317782,0,37.853889,0,7.240651,0,33.926774,0,8.989611,0,38.515026,0
2197,0.719649,5,1,0,30.535721,0,79.099478,0,135.338362,0,78.853525,0,49.108974,0,76.661015,0,83.117038,0,79.953191,0
2198,0.240832,3,6,0,4.891353,0,34.781845,0,17.702593,0,35.4794,0,4.727649,0,35.284857,0,7.178352,0,38.532522,0
2199,0.754209,3,1,0,68.443918,0,69.908116,0,179.127986,0,76.810039,0,43.847913,0,77.242779,0,90.013156,0,79.927083,0
2203,1.231625,3,7,0,9.385407,0,47.213084,0,0,0,47.55,0,0,0,47.55,0,0,0,47.55,0
2207,1.271554,5,7,7,2.18551,1.37132,60.771193,53.213643,6.036866,6.529185,60.839478,53.202049,1.246091,2.869809,60.860098,53.114977,2.626948,2.804059,60.894709,53.245258
2208,0.029905,5,4,4,0.560961,1.941398,44.783438,7.511984,1.083749,6.532772,48.923989,7.763468,0.218559,5.148181,49.557883,5.618623,0.480873,5.045328,50.574406,8.203647
2209,1.44398,5,7,0,3.338541,0,60.839178,0,10.642944,0,60.862558,0,3.376601,0,60.844236,0,4.319872,0,60.897139,0
2210,2.095318,5,4,4,15.265121,40.619469,57.603721,49.508723,52.844828,74.085819,58.221123,56.838082,38.42488,14.847317,50.903252,57.927925,45.576338,32.009136,59.35693,59.625202
2211,0.141607,1,4,4,2.430256,3.821613,21.416137,14.24949,7.375408,9.565966,21.751145,14.779717,4.293578,6.106771,20.373683,13.38175,3.551915,3.81221,22.172045,15.090544
2213,0.089029,1,4,4,3.330512,1.753398,9.541824,21.204214,10.78626,4.599597,9.938855,21.757949,7.875484,2.515358,7.428723,20.562279,5.450316,1.757644,10.624192,22.191315
2216,0.521303,5,1,0,13.441341,0,79.338238,0,66.165615,0,78.806781,0,26.465877,0,75.449763,0,43.582749,0,79.937757,0
2232,0.079936,5,4,4,0.015959,0.322006,50.755466,50.306818,0.078698,1.22872,50.754842,50.366107,0.023665,0.852043,50.754093,48.455848,0.039745,1.241577,50.75675,50.585928
2233,0.059267,5,4,4,0.252133,0.656981,50.259005,48.058676,0.978208,1.227574,50.310919,50.079398,0.65466,0.30782,48.315179,50.109884,0.954543,0.67784,50.573849,50.660948
2237,0.496781,5,4,4,0.905608,3.268207,44.454594,59.077981,4.797763,4.328293,44.40744,60.671933,4.773684,0.88934,42.758064,60.750518,4.191876,1.829836,44.489299,60.880991
2238,2.580647,5,4,4,16.981517,3.243114,59.077225,60.81467,22.752332,18.345554,60.666796,60.744512,4.675497,17.950462,60.747109,59.082519,9.381032,16.178513,60.881458,60.847861
2241,2.738559,5,4,4,26.749076,6.857677,38.629155,41.527889,38.96402,31.055214,39.645387,41.507347,9.141047,27.302556,39.672856,40.433489,16.271308,24.906621,39.803014,41.597412
2244,0.17646,5,4,4,0.571034,2.391667,41.462996,23.647707,1.559446,2.841363,41.554319,24.323434,0.957413,1.234054,41.233061,24.213196,0.769317,1.807881,41.62381,24.369664
2245,3.103222,5,4,4,42.335805,6.029844,39.384983,39.963876,32.601675,24.72667,41.524134,39.96433,7.813627,34.487571,41.537606,38.660932,11.043547,17.200135,41.626589,40.00964
2247,0.495584,5,4,4,2.630009,2.461974,37.95409,38.001936,7.012457,6.31444,38.179,38.209667,2.66189,2.389388,37.98745,38.056196,3.135037,3.425219,38.326921,38.32443
2249,0.213473,5,4,4,0.947912,1.991327,49.413218,28.741424,2.652341,5.12153,49.676829,29.115951,1.080434,1.718389,49.33851,28.948135,1.703397,2.34855,49.881163,29.323788
2251,0.507359,5,5,5,0.181614,0.320901,33.335908,27.845441,0.681362,1.008553,33.336167,27.846486,0.209029,0.362372,33.335636,27.845098,0.449352,0.614164,33.337244,27.847758
2252,0.184375,5,4,4,0.600646,1.169666,49.638199,27.323664,1.757418,3.13804,49.77514,27.457828,0.663619,1.106815,49.614281,27.371306,0.84791,1.602793,49.911212,27.539572
2253,0.498605,5,4,4,0.758465,0.37241,33.316081,27.764708,2.636527,2.143478,33.321967,27.761931,0.866073,0.815912,33.312784,27.755244,0.837317,1.155552,33.336754,27.766993
2255,0.679945,4,4,4,1.476468,1.022814,40.363987,34.295159,4.584443,4.847385,40.396677,34.287545,0.966652,1.88007,40.411193,34.248236,2.363484,3.835627,40.437407,34.310873
2258,0.241635,5,4,4,1.239756,1.86535,30.623806,48.531602,4.835891,3.557845,30.645046,49.583287,2.628329,0.864729,29.992197,49.617626,3.419445,1.642544,30.788615,49.893307
2260,0.761239,5,4,4,7.072878,2.408828,40.32265,49.653507,13.422121,9.397601,41.405831,49.679829,3.261887,5.072703,41.438826,48.956342,6.192657,6.650359,41.691028,49.872487
2262,0.502549,5,4,4,0,0,16.7475,15.225342,0.000025,0,16.7475,15.225342,0,0,16.7475,15.225342,0,0,16.7475,15.225342
2263,0.31662,5,4,4,1.119144,1.508586,49.59063,33.671348,2.973314,4.346782,49.779356,33.787227,1.025982,1.559664,49.670108,33.68202,1.426751,2.228543,49.911829,33.882811
2265,0.055472,5,4,4,0.600528,0.844628,14.317502,14.198679,2.952055,3.061053,14.266718,14.253666,0.968308,0.966188,14.156111,14.157381,1.656566,1.869865,14.406118,14.401405
2266,0.42558,5,4,4,3.079106,1.165886,43.612413,44.652824,5.712082,4.676991,44.580967,44.661557,1.476484,2.700219,44.578392,43.990568,2.67293,3.197245,44.799581,44.790841
2286,1.014378,5,4,4,2.962335,7.321571,54.552607,52.976146,12.503072,15.855363,54.536005,54.328158,7.476175,3.177286,53.100282,54.544046,9.623081,7.373101,54.799703,54.834457
2287,2.322942,5,4,4,12.89584,6.987423,59.549567,56.092052,30.225931,26.331457,60.417248,56.149479,5.887076,15.799813,60.612563,54.928965,14.704817,23.152252,60.846893,56.358141
2289,1.438012,5,4,4,5.07123,4.741339,57.097368,64.876628,25.738497,22.636909,56.827409,64.675387,6.770919,5.89829,56.791122,64.654732,14.519932,11.991127,57.530237,65.40944
2290,1.138497,4,4,4,8.9478,4.532079,52.204577,62.749557,25.958681,20.456878,53.303924,62.586291,5.685254,7.870965,53.6216,61.479957,13.102239,13.287314,54.375142,63.441894
2293,0.96686,4,4,4,5.220065,12.362607,43.903007,36.964498,26.44977,34.898237,43.642534,38.007384,11.515054,7.108293,42.397895,38.387886,18.771071,17.443605,44.280945,38.961604
2295,2.068951,5,4,4,24.633968,11.592579,59.717365,58.412424,42.654873,35.91301,64.143227,59.000405,8.54181,23.771631,64.644336,55.318357,19.241405,31.835088,65.384121,59.556733
2296,1.435449,4,4,4,9.320238,15.995835,54.451358,51.759557,38.224801,44.105225,54.463947,53.955148,16.100142,9.831967,52.109866,54.463073,26.629143,21.601171,55.812842,55.934274
2302,1.645745,5,4,4,6.327854,3.372897,54.267037,60.685214,15.560561,11.463092,54.612661,60.750381,3.432898,5.024838,54.664697,60.492842,7.014604,8.589613,54.796889,60.863167
2303,1.327193,5,4,4,2.124716,2.808139,60.765157,60.671951,5.337566,6.580336,60.847065,60.821303,2.241386,1.554426,60.766097,60.832984,3.374052,2.604629,60.890599,60.894251
2309,0.483234,5,4,4,8.816005,4.788587,38.475841,57.273386,19.602291,12.462972,42.166344,59.228057,6.66423,5.18327,40.854954,57.143158,8.991659,7.788741,44.017571,60.590251
2310,1.027185,5,4,4,11.557557,11.213904,48.189934,56.67214,29.148189,26.981495,50.242979,59.173482,11.676791,9.773622,48.458829,57.806292,17.10684,12.89186,51.487841,60.706362
2313,0.505393,4,4,4,7.436883,7.41959,52.675291,39.606876,18.492737,22.596477,56.164341,41.288981,5.712026,9.602045,55.137311,38.091951,8.419288,13.629535,58.83435,43.396475
2319,0.477859,4,4,4,13.547877,5.398167,33.116139,54.766794,31.43533,19.244989,38.493805,55.658699,8.616643,8.176145,38.013475,51.785956,13.369549,12.181197,42.736676,58.443261
2322,1.045878,5,4,4,2.263125,2.975815,60.662132,60.502872,7.347089,7.47699,60.747958,60.742847,2.267188,1.751262,60.685643,60.768238,4.551024,3.899645,60.873914,60.880546
2323,2.507267,5,4,4,8.253794,5.392031,56.321431,60.664864,19.00951,16.990863,56.618658,60.757932,4.330853,5.793454,56.648821,60.658309,9.701468,11.066356,56.747079,60.8732
2326,0.945646,5,4,4,8.521709,4.301194,48.709637,59.95679,20.710943,15.144256,50.172525,60.191486,4.534349,5.950159,50.405134,59.376049,9.728722,10.977803,50.958743,60.732826
2329,1.982056,5,4,4,3.746658,3.188072,60.715534,60.763951,8.671645,7.143942,60.837901,60.856992,2.256585,2.872837,60.836483,60.799688,3.370443,4.154297,60.895622,60.893485
2335,3.446586,5,4,4,9.613512,28.886064,40.060001,40.655996,30.424478,33.03139,40.10601,41.541377,20.893635,12.313563,39.722489,41.449158,17.391075,20.44589,40.166356,41.616899
2336,0.621759,4,4,4,3.158826,2.576534,58.022061,41.412593,10.261796,13.574415,58.420182,41.064931,2.285129,6.601201,58.59232,38.924981,5.495911,10.307071,59.061221,41.742128
2338,0.432244,5,4,4,3.687927,27.212286,58.060742,18.580625,18.127258,43.742975,57.110861,28.66736,12.52251,8.801603,46.903792,31.054977,14.620753,17.987888,59.687265,36.875074
2342,0.420975,4,4,4,20.883447,7.272645,36.548271,51.103858,35.106226,28.764252,49.326255,51.519755,7.433742,19.466211,51.468689,38.507973,15.578297,21.921568,57.754021,56.619803
2344,0.988343,4,4,4,7.181805,14.544975,57.024143,52.674384,27.066122,30.493034,57.326947,56.909209,14.217814,7.976719,53.371428,56.842534,19.749549,17.04462,58.702873,58.812586
2345,0.607136,4,4,4,8.934938,4.411763,52.674385,57.024141,18.731787,16.626646,56.909209,57.326944,4.900076,8.733964,56.842538,53.371431,10.470463,12.132094,58.812588,58.702873
2347,0.519616,5,4,4,3.414228,1.3393,44.083714,60.569811,5.633645,3.626065,44.903473,60.749851,1.881933,2.217571,44.795344,60.14352,2.339726,1.875416,45.04696,60.88171
2348,0.463933,5,4,4,1.599929,2.157766,43.448431,59.9178,4.109277,3.405238,43.599943,60.734842,2.671964,1.166695,43.074766,60.616696,2.088598,1.438279,43.68374,60.886295
2350,2.052922,5,4,4,3.738703,3.732677,59.62883,59.629346,10.767509,9.724847,59.711759,59.726629,3.56473,3.667706,59.65932,59.651633,5.730058,6.925901,59.784589,59.780064
2353,1.004305,5,4,4,4.310134,2.273001,30.199376,33.29203,18.620618,15.359477,30.187799,33.221675,3.562225,5.057014,30.244701,33.153353,8.550177,8.898749,30.306238,33.319955
2355,0.123334,5,4,4,0.524788,1.791401,60.064685,54.43024,1.703377,2.295167,60.36082,59.967693,1.705276,0.391393,55.351202,60.462482,1.752641,1.179788,60.655415,60.783985
2357,0.506291,5,4,4,7.353755,2.15427,54.430244,60.064688,9.421732,6.992418,59.967694,60.360823,1.606681,7.000212,60.462487,55.351205,4.843067,7.194648,60.783988,60.655416
2363,11.962705,5,4,4,6.472226,9.573856,49.300782,49.907092,25.01137,26.604095,49.301844,49.917827,11.826366,7.830045,49.283794,49.915,15.826135,14.842774,49.308637,49.926145
2364,1.961149,5,4,4,1.863425,1.350127,50.727354,50.740919,5.865317,5.558448,50.739197,50.740924,1.701501,2.322772,50.734618,50.716605,3.20934,3.336366,50.754601,50.754418
2371,10.543387,5,4,4,8.097608,8.384226,64.281682,65.47569,28.772254,27.786443,64.291271,65.490642,9.714677,9.732758,64.271163,65.467244,16.475364,15.774061,64.316536,65.515752
2377,10.837663,5,4,4,6.271488,9.078009,65.495756,64.306555,26.796852,28.139947,65.493995,64.32589,10.642351,8.331509,65.460689,64.317583,16.604785,15.933853,65.515555,64.348989
2383,0.136586,5,4,4,0.000111,0.000111,23.813332,23.813332,0.001722,0.001718,23.813332,23.813332,0.001062,0.000106,23.813332,23.813332,0.001246,0.002202,23.813332,23.813332
2386,1.0026,5,4,4,0.156915,0.038237,60.898366,51.512923,0.526452,0.562264,60.898891,51.512292,0.107482,0.201753,60.899284,51.511672,0.169523,0.337459,60.899946,51.512876
2387,0.492559,5,4,4,0.332294,0.620758,60.873758,44.389555,1.364117,1.901461,60.873911,44.404434,0.485932,0.603439,60.851585,44.394805,0.824186,0.926014,60.895753,44.420944
2388,2.021087,5,4,4,1.711266,1.446394,55.820323,55.828883,5.317446,5.3268,55.833271,55.83321,1.845697,1.911209,55.819202,55.816973,2.825061,3.235565,55.84899,55.848328
2391,0.499908,5,4,4,0.099212,0.035686,60.89743,60.89963,0.325174,0.296897,60.898333,60.898599,0.054056,0.103309,60.899273,60.897508,0.109427,0.15354,60.89991,60.899829
2394,0.481936,5,4,4,0.325127,0.443051,60.87376,60.8528,1.334696,1.357124,60.873909,60.873072,0.475451,0.43069,60.851586,60.859861,0.806411,0.660906,60.895751,60.897088
2397,0.360041,5,4,4,0.123649,0.044622,35.257911,35.258977,0.409887,0.3747,35.258339,35.25847,0.070867,0.12873,35.258775,35.257952,0.140212,0.198491,35.259101,35.259063
2399,0.368865,5,4,4,0.135572,0.035741,35.507263,49.927132,0.42769,0.309413,35.50785,49.925984,0.083881,0.107301,35.508203,49.924823,0.171558,0.138834,35.508645,49.92736
2401,0.635054,5,4,4,0.025856,0.123196,40.399027,49.926117,0.437354,0.340348,40.39857,49.926854,0.145063,0.062866,40.398258,49.927155,0.2147,0.123559,40.399006,49.927463
2410,1.536178,4,4,4,1.509544,1.66698,40.900443,44.444039,9.286287,9.806577,40.87958,44.417021,1.94225,1.889257,40.892306,44.440187,5.434357,4.336463,40.912507,44.467043
2413,0.49314,5,4,4,21.223021,6.501464,40.017946,55.272672,25.213302,19.648181,55.751247,57.409874,5.657746,17.449325,56.721452,43.951359,11.41905,17.50211,60.292198,59.578293
2414,0.285611,5,4,4,3.765449,12.291724,55.272675,40.017949,11.379623,14.602773,57.409881,55.751249,10.106114,3.276793,43.951363,56.721453,10.136685,6.613564,59.5783,60.292202
2416,1.746548,5,4,4,0.091363,0.149634,38.853956,38.853873,0.77545,0.722173,38.853801,38.853825,0.246817,0.168566,38.853695,38.853856,0.316815,0.373421,38.853993,38.853987
2422,0.107036,5,4,4,6.035148,0.914739,16.313644,62.064263,9.430065,2.308488,21.350888,64.027909,1.856184,1.649906,22.049298,57.789541,4.119966,2.074239,22.980232,64.981524
2423,0.891691,5,4,4,9.171965,14.50952,50.239513,56.550857,23.059468,26.436736,52.283386,62.923141,17.739535,5.191386,45.008394,63.893567,21.214082,12.004544,53.191189,65.24727
2425,0.771476,5,4,4,0.38718,2.661734,49.919085,41.604551,1.201138,2.08908,49.922587,41.802185,0.402824,0.551985,49.919361,41.801757,0.720501,0.689479,49.926711,41.80967
2426,0.998805,5,4,4,16.722875,8.273735,56.213897,52.303951,30.631865,26.058067,62.770141,53.258027,6.228317,19.583173,63.684449,45.989667,13.674328,23.519405,65.238536,54.237068
2428,0.730668,5,4,4,2.110459,0.441866,49.696539,41.427332,1.656911,1.370793,49.917463,41.430081,0.437796,0.45972,49.916931,41.427552,0.54684,0.822274,49.926981,41.433237
2429,1.023536,5,4,4,18.105304,26.050313,44.635209,36.049635,30.262319,49.170998,48.698839,41.266714,16.244651,13.553435,45.77163,40.975207,15.623715,15.794559,49.769611,43.442768
2430,1.014697,5,4,4,16.224841,16.982828,45.352502,39.35935,30.628077,23.462289,48.653064,42.917012,7.419972,13.816853,48.780859,40.806248,8.204994,13.439207,49.879986,43.423396
2431,1.000054,5,4,4,13.749136,15.3769,40.915277,40.288517,26.175002,25.436016,43.273804,43.315155,9.18576,8.906297,42.657212,42.73452,13.436468,11.343548,43.962189,43.986942
2437,1.576909,5,4,4,20.316213,11.088016,55.460441,58.854951,42.437244,31.637977,59.098749,59.831511,10.787835,18.353393,59.13453,56.626657,14.754915,15.779239,60.788728,60.773684
2438,1.061809,4,4,4,18.171343,16.84635,36.020523,40.883951,46.637958,46.173409,37.940765,42.605776,16.31178,14.215778,36.838487,41.958538,26.789948,28.080802,39.274505,44.131627
2447,1.71698,5,4,4,41.585844,12.472209,39.187866,44.794335,100.380172,84.271695,42.712427,43.465436,19.745837,43.72617,43.797024,39.246393,48.327418,77.88652,45.39333,44.855032
2456,1.085229,5,4,4,15.30761,2.265227,39.259874,41.558321,12.970399,9.631454,41.494333,41.553686,3.190545,12.261671,41.505403,40.143121,4.63624,6.819186,41.624133,41.615098
2460,0.62779,5,4,4,13.466671,4.165858,31.146819,40.99081,20.164366,15.289863,34.135387,41.112326,7.118699,9.61978,33.647006,39.159749,8.770196,8.71671,34.677397,41.554346
2467,1.636504,4,4,4,5.228775,9.003847,58.673064,57.847558,24.364994,27.728292,58.547869,58.383742,9.687739,6.103696,57.809496,58.576686,16.519626,13.148688,59.033054,59.077537
2468,0.576578,4,4,4,7.669431,3.351555,41.451456,57.712863,22.485896,14.662261,43.148633,57.54964,4.917632,5.792852,43.69306,55.825723,9.614038,9.730762,45.075442,58.826347
2477,0.67908,4,4,4,2.632941,1.088197,39.697658,48.425784,8.685041,5.832723,39.784904,48.377229,1.857742,2.486387,39.833227,48.181405,3.969337,4.683729,39.928966,48.46625
2480,0.431966,4,4,4,3.081153,2.536012,47.301963,35.843474,6.622762,7.156791,48.134234,36.076655,1.532062,4.372169,48.199824,35.138633,4.943284,6.378279,48.410365,36.215809
2484,1.316323,4,4,4,13.401942,7.142986,46.287153,47.767258,28.402526,21.617418,47.812492,48.084322,5.932306,13.167664,48.031032,46.548775,16.965197,19.720131,48.387555,48.350342
2485,2.797666,5,4,4,9.85232,24.123233,16.733174,16.249153,45.185517,57.57564,16.729928,16.298553,26.029888,10.667679,16.667026,16.311058,35.957212,25.786604,16.742665,16.322911
2486,0.674506,5,4,4,9.718486,32.869396,43.312034,23.947112,38.387143,55.576343,43.609603,34.864483,26.082667,13.321803,33.235276,35.624559,28.529458,25.282703,46.80404,42.736324
2493,1.484465,5,4,4,16.601108,5.306123,50.459858,60.293508,37.298806,25.599672,52.941089,60.088536,6.987339,15.875642,53.520575,57.160858,16.909162,21.327491,54.10913,60.650328
2494,1.954662,5,4,4,6.841411,15.350962,55.219229,58.429433,34.387574,38.779328,54.999152,59.85296,18.309247,7.416363,53.05155,60.2907,26.832166,18.373253,55.513308,60.787766
2497,1.544775,5,4,4,15.076364,24.693685,57.361197,47.867297,62.162304,73.334619,57.353555,50.472842,25.083861,20.113038,53.919959,50.03506,35.029174,37.119912,60.315258,53.954705
2500,1.737319,5,4,4,7.256273,3.600223,45.585168,49.803834,22.913577,18.097242,45.736697,49.747432,4.462521,7.296297,45.831286,49.510134,10.888311,12.371436,45.942019,49.890155
2503,1.095752,5,4,4,2.007667,0.855608,60.726063,60.865367,5.048782,4.261065,60.831504,60.850331,0.960106,1.944697,60.861337,60.752941,2.537061,3.463598,60.892127,60.885781
2506,0.513412,5,4,4,2.702849,0.921675,44.294594,60.732631,8.523225,5.565194,44.55342,60.556521,1.645101,2.234005,44.713685,60.116162,4.041252,3.708498,44.884332,60.83181
2509,0.142095,5,4,4,2.296989,1.053864,25.162312,26.346763,6.871694,5.898453,25.858696,26.072345,1.304148,2.551154,26.228797,25.022106,3.163719,3.989246,26.587541,26.550902
2519,0.138097,5,4,4,0.027571,0.556293,50.755469,50.30682,0.135957,2.122721,50.754843,50.366107,0.040883,1.471979,50.754097,48.455851,0.068663,2.144933,50.756752,50.585932
2521,0.232161,5,6,0,0.060542,0,38.858564,0,0.298541,0,38.85798,0,0.089773,0,38.857282,0,0.150772,0,38.859766,0
2522,0.039373,5,1,0,1.164037,0,79.954179,0,5.825262,0,79.910069,0,1.802878,0,79.829708,0,3.380067,0,79.997152,0
2523,0.222653,5,6,0,1.173799,0,38.439778,0,4.477862,0,38.495024,0,3.130983,0,36.729168,0,4.520382,0,38.70012,0
2527,1.781026,5,4,4,7.576888,19.743002,50.259009,48.058678,29.396254,36.889958,50.310922,50.079401,19.673275,9.250342,48.315181,50.109882,28.685075,20.369854,50.573851,50.66095
2540,0.547143,5,3,3,10.016153,3.925969,58.176936,60.388075,22.719781,18.150297,59.94339,60.265833,4.942058,10.731391,60.195402,58.12264,11.333772,14.747324,60.787402,60.714958
2541,2.364921,4,3,3,14.549148,37.353724,57.329258,57.037819,65.871621,82.190707,57.260372,58.466825,41.046587,17.675452,55.579872,58.661638,55.121275,41.191538,57.554658,59.078533
2543,0.495288,4,4,4,1.833063,3.893119,40.227522,31.944313,4.63904,5.171463,40.356744,32.428207,1.54265,1.515987,40.302955,32.411184,2.411832,3.131414,40.432398,32.476592
2544,0.951947,5,4,4,7.176911,7.526094,58.59507,49.254287,12.646248,17.464465,60.398301,50.478129,4.676363,5.71804,59.922211,50.110257,7.686839,7.572526,60.815793,51.045338
2547,0.13323,4,4,4,0.934019,1.034279,39.742736,39.601755,2.087461,1.856776,40.216047,40.260734,0.619588,0.716418,40.146419,40.054772,1.0711,1.253382,40.415544,40.406016
2553,4.421669,5,4,4,0.216439,0.20835,40.488771,40.488776,1.066943,1.087167,40.48875,40.488747,0.23043,0.291101,40.488771,40.488741,0.617116,0.532177,40.488815,40.488818
2559,0.600884,5,4,4,7.627442,11.180926,43.133746,40.218712,20.304029,20.26428,45.073765,45.079782,9.113354,5.955541,42.345937,44.620562,12.119727,11.132121,46.460894,46.498667
2563,3.781268,5,4,4,3.092034,3.639775,62.242409,62.227728,10.797764,9.312706,62.25324,62.260438,3.753581,2.883353,62.230426,62.251053,5.333587,7.178168,62.279218,62.276785
2573,1.200555,5,4,4,2.727418,2.598227,56.085211,56.104932,7.672895,8.580631,56.199468,56.174275,2.552027,2.577288,56.131981,56.128655,5.158729,4.360571,56.282541,56.287972
2584,2.443888,5,4,4,7.576684,16.155088,60.434076,55.040698,27.737265,36.757401,60.525714,56.127003,16.52766,7.337068,59.169729,56.332886,24.534493,18.251967,60.772906,56.605225
2588,0.272072,5,6,0,0.078163,0,38.858276,0,0.393536,0,38.857474,0,0.120431,0,38.856488,0,0.201884,0,38.859699,0
2589,0.265217,5,1,0,7.790772,0,79.739408,0,39.977387,0,79.449739,0,11.385582,0,79.225482,0,21.865735,0,79.985437,0
2592,0.306519,5,4,4,2.775437,1.695174,29.044944,29.383044,4.237394,4.610496,29.508891,29.495554,0.847617,2.333844,29.537278,29.243784,1.685354,1.69061,29.575258,29.57523
2593,0.770272,4,7,7,4.852876,8.365571,47.145441,45.493224,12.975161,11.461135,47.680675,47.768186,6.885831,2.283044,46.446145,47.89301,4.838856,4.256936,48.058417,48.063558
2595,0.512685,4,7,7,0.623358,0.591799,59.092787,43.922191,1.393453,1.864376,59.138895,43.932339,0.388772,0.501514,59.135364,43.930989,0.503374,0.781743,59.158703,43.945597
2597,0.070767,4,7,7,1.1532,1.063879,16.494467,16.553695,2.205296,2.123652,16.797095,16.802592,0.607218,0.480069,16.785862,16.818216,0.833872,0.742727,16.861821,16.862449
2598,0.059356,4,4,4,0.646376,0.976318,13.949969,13.797159,1.950611,2.196892,14.001526,13.985864,0.56073,0.485563,13.986969,14.005127,0.920533,0.751311,14.049165,14.050418
2600,0.679011,5,7,7,0.051983,0.061296,60.899645,47.987771,0.221906,0.343937,60.899624,47.987606,0.079595,0.073425,60.899293,47.987717,0.15601,0.170281,60.899917,47.987933
2601,0.03783,4,4,4,2.457099,3.018198,8.381471,7.944107,7.030351,6.819647,8.957905,8.994567,2.641742,2.508327,8.351588,8.451001,3.131192,3.434129,9.569317,9.559174
2602,0.028152,4,4,4,0.734449,4.045905,34.703825,5.541201,1.590723,9.198696,38.205385,6.667009,0.537311,3.220195,37.015334,6.131416,0.750879,3.635289,40.17947,7.559939
2609,0.43626,4,3,3,13.738416,8.988957,40.609862,46.55013,39.111635,30.15431,41.970299,47.130974,10.575281,14.075212,41.825943,44.82402,17.017555,18.909591,43.403414,48.245069
2610,0.533209,3,3,3,21.921592,17.070297,41.184666,39.772975,56.37528,56.176024,43.998818,40.732082,19.173535,24.103744,42.509352,38.079378,25.317205,36.051506,46.460688,42.474122
2611,0.315936,4,3,3,11.650278,8.439686,43.619092,39.900328,33.589201,33.014561,45.667654,40.070382,8.572805,17.905897,45.701638,36.044878,13.767528,19.348857,48.242496,41.616829
2614,0.694169,4,4,4,5.786793,11.979737,46.925507,32.362752,31.515152,43.287829,45.975344,33.260953,9.528097,10.074951,45.225629,33.864411,19.866506,19.041798,47.996519,36.913881
2615,0.536034,4,4,4,9.851578,11.93462,43.006509,28.460564,34.628008,53.482033,44.120269,27.733975,9.281778,19.354439,43.845764,24.511381,16.050755,28.122626,47.952698,33.719264
2616,0.500138,4,4,4,4.785217,13.283817,46.506581,26.429188,23.375475,45.251164,45.852626,28.056378,9.94703,10.940375,42.83873,28.546202,13.641117,15.689905,48.039401,33.800249
2617,0.926178,3,3,3,12.414219,7.37002,46.601422,44.86928,55.708098,52.103397,46.443952,44.33878,13.209523,19.018562,46.592987,43.611873,24.568715,31.595054,47.444768,45.03579
2620,0.281066,4,4,4,3.458095,3.21779,30.584371,45.815419,18.687848,11.902536,29.696708,46.249658,5.53288,2.723771,29.078918,46.65127,11.570243,5.543939,31.589486,48.248474
2623,0.516084,5,4,4,0.846016,2.172086,36.127216,45.416289,5.76711,7.211375,36.074228,45.536544,2.991968,1.603486,35.817288,45.594609,3.886613,1.936971,36.142271,45.771383
2624,0.512975,5,4,4,3.313974,0.927813,35.64034,45.705551,11.39338,6.129972,35.782387,45.598427,2.467133,2.933162,35.878124,45.20384,3.409635,3.94586,36.099703,45.746374
2627,0.506668,5,4,4,0.98836,1.497743,45.694117,35.919047,2.780306,3.498608,45.738242,35.985504,1.082725,1.240914,45.688411,35.957095,1.090363,1.171694,45.777003,36.015543
2629,0.650336,5,4,4,4.310862,4.974957,48.861733,39.671015,10.433037,15.217421,49.523772,40.071034,4.457376,7.232227,48.906047,38.927675,5.952939,7.129182,49.867403,40.534993
2630,0.188978,5,4,4,4.396055,1.399269,24.914295,27.531139,6.969374,5.283804,27.374065,27.584724,2.51189,3.465057,26.900578,26.089856,2.438421,3.150543,27.832162,27.817891
2633,0.470638,4,4,4,4.364172,3.842246,35.917282,46.981574,12.503687,11.302131,36.491143,47.664776,5.711608,4.150673,35.36471,46.927795,7.499962,5.696732,36.967296,48.400231
2634,0.503171,4,4,4,1.511475,0.9378,44.280531,35.11248,3.104376,4.426935,44.420465,35.100229,1.164281,2.024261,44.366797,34.989019,1.47321,1.555608,44.466688,35.148898
2635,0.31504,4,4,4,1.204286,1.305809,33.034983,33.00906,7.194584,6.349455,32.870576,32.940148,1.771815,2.019106,32.896646,32.810297,3.033901,3.895528,33.1571,33.143391
2636,0.534022,5,4,4,1.051923,2.137627,49.815117,38.7622,5.858618,8.22667,49.729015,38.791279,2.26672,2.019261,49.501826,38.809124,3.547911,3.596606,49.894759,38.97577
2639,0.50212,4,4,4,2.146991,0.747499,34.930449,44.42109,3.905306,3.290404,35.09606,44.414232,1.328781,1.71138,35.066005,44.254028,1.719556,1.245845,35.132896,44.46812
2641,0.247173,4,3,3,7.742949,5.0965,38.907185,42.790189,19.525656,17.844445,43.335193,43.962245,6.666566,9.500452,40.975307,37.283027,8.782862,8.502283,47.86119,47.898118
2642,0.247368,4,3,3,5.563183,7.694983,42.08346,38.981484,19.017059,20.196529,43.530743,43.090568,9.482134,7.227491,37.313967,40.207558,8.660645,9.332259,47.878291,47.787295
2645,0.254998,4,3,3,10.237834,4.849894,31.620653,43.398069,24.538819,17.966149,36.079605,44.121838,7.733409,10.31234,34.610955,36.698722,10.427889,9.056752,40.131098,47.861727
2648,0.675573,4,4,4,1.869937,10.129241,48.290251,33.121199,12.185015,24.828222,48.005456,35.478785,8.318239,5.878526,45.746527,35.70796,8.054027,7.439344,48.403084,36.970099
2649,0.254054,3,3,3,10.121363,4.150636,39.086924,36.442868,25.149841,22.789744,41.537942,35.994421,6.216259,14.376014,41.669616,32.388395,7.955956,13.212408,43.487948,36.920608
2652,0.256532,4,3,3,6.081431,6.607996,39.923274,47.075328,21.405563,18.897993,40.106048,47.757365,9.35505,6.372518,39.221887,47.291299,10.596018,9.553209,40.58292,48.411334
2654,0.425621,4,4,4,9.518138,9.152461,38.628992,30.00851,19.546266,25.631262,42.427016,31.824164,6.85614,11.426311,41.106397,28.957409,9.983409,12.556206,44.199796,33.646853
2655,0.497234,4,4,4,17.278151,18.052616,27.343929,26.955291,50.07557,48.28357,30.126529,30.375888,17.41616,19.494049,27.770672,26.778661,22.387926,25.250837,34.524391,34.380783
2656,0.52311,4,5,5,2.562347,3.839125,43.926424,34.724391,13.292115,16.758444,43.641677,34.639278,4.362138,4.503166,43.191289,34.568839,7.776341,9.545299,44.338986,35.328429
2659,0.396409,4,4,4,16.711777,5.829586,24.459316,41.278176,35.365372,22.26717,29.499748,41.633308,10.201752,11.290953,28.794844,37.093192,15.014192,13.208852,32.938783,43.950266
2662,0.501144,4,4,4,0.982168,0.59247,40.377908,40.418013,2.805734,2.746742,40.410428,40.411713,0.735808,1.116393,40.409191,40.368567,1.212603,1.512651,40.440192,40.438723
2663,0.363597,5,4,4,0.384997,0.406049,30.980013,41.609814,2.221742,1.464875,30.97235,41.614848,0.8157,0.451306,30.956015,41.607629,1.018696,0.811399,30.986617,41.630061
2665,0.248218,4,4,4,0.643453,0.244697,30.526921,48.471037,1.838013,1.134438,30.553546,48.463478,0.482022,0.461084,30.552573,48.411735,0.794385,0.624743,30.57533,48.495873
2670,0.495678,4,4,4,10.316165,5.643843,42.002786,45.839162,27.798367,24.589866,44.963474,45.584987,6.968814,10.271875,45.100351,42.512962,12.145158,15.883621,48.122569,47.880044
2673,0.504034,4,4,4,24.309016,6.857757,20.710046,44.969119,54.713843,29.071655,26.550483,44.807182,13.947823,12.604715,26.628309,40.868309,20.0735,18.244381,33.626604,47.725578
2675,0.341946,5,6,0,18.421923,0,26.730764,0,17.585492,0,36.933211,0,3.494205,0,37.615158,0,7.947732,0,38.653986,0
2676,0.206527,5,4,4,4.307752,7.11882,60.773477,55.864154,9.184729,11.813938,63.944729,63.077267,3.480189,5.008168,62.448053,60.045477,6.001902,5.265341,65.205297,65.27386
2682,0.29736,4,4,4,11.78057,2.175129,18.495319,39.686959,29.025664,13.317044,21.794188,38.924442,5.721943,7.309835,23.06227,35.52286,12.26488,10.862655,25.174782,39.971159
2685,0.440697,4,5,5,2.900982,1.970104,39.728143,31.519956,7.817166,8.556124,40.114502,31.498278,1.660939,3.744477,40.212768,31.097178,3.635515,6.601398,40.409802,31.6609
2687,2.850591,3,1,0,88.97266,0,70.167741,0,343.640223,0,70.363028,0,153.182541,0,66.741254,0,233.148174,0,71.152286,0
2693,0.083624,3,1,0,4.250755,0,66.722514,0,11.600694,0,69.878964,0,3.507509,0,69.00885,0,6.709553,0,71.15535,0
2699,0.46318,4,3,3,20.952747,9.829762,50.618244,61.505545,65.158294,51.57205,52.478207,60.423387,16.226196,22.448982,52.650357,56.45059,27.294128,29.452281,55.504877,63.113297
2700,0.380596,4,3,3,7.162352,14.714717,61.910239,57.999522,42.788101,49.231895,60.371794,59.539824,18.736855,11.093013,56.293418,60.327551,25.102267,19.160282,63.075813,63.301936
2702,0.27803,4,3,3,6.281347,10.43959,50.286112,58.240182,38.936374,36.286836,48.908323,59.48147,16.752931,8.151768,45.552096,60.295176,22.695768,14.014885,51.142585,63.301109
2703,0.757661,4,3,3,29.292944,14.258267,57.999523,61.910247,98.007125,85.179304,59.539825,60.371798,22.083129,37.29991,60.327554,56.293418,38.142832,49.971686,63.301944,63.075819
2705,0.897465,4,3,3,16.780334,38.284631,56.51434,49.739253,125.122179,149.409989,52.252864,50.365095,54.478801,31.664247,45.885285,52.408744,68.642333,49.956724,58.077479,58.636794
2706,2.247092,5,4,4,0.435723,0.755025,50.755552,46.241317,2.118615,2.760387,50.755014,46.241972,0.813676,0.561974,50.752741,46.242887,1.442272,1.210633,50.756595,46.244271
2710,0.748813,4,4,4,13.33563,7.46697,32.663863,46.362842,29.203313,20.128106,36.109032,47.476855,7.374512,8.427703,36.169547,46.122983,8.5829,8.586291,37.840194,48.410025
2712,0.431858,4,4,4,2.514827,4.569526,35.848335,30.942431,16.917717,19.134037,35.146907,30.886738,4.008403,4.721822,35.312184,31.020684,8.32599,9.663818,36.167313,32.490216
2713,0.501486,4,3,3,28.706988,14.76274,48.903864,53.675977,67.134732,60.528537,53.191889,53.695269,17.819211,29.745238,53.022348,49.119757,30.925341,37.501477,55.997625,55.849107
2718,0.229071,5,3,3,13.987915,7.444025,54.972054,61.180512,32.002335,28.846568,60.87741,61.579618,8.64764,14.284504,60.507887,55.431921,13.534186,16.653575,65.055196,64.837362
2719,1.605991,4,3,3,51.150091,99.464963,59.44962,53.000827,192.188008,216.355438,60.020859,59.268568,99.319608,57.164936,53.735237,59.079361,115.404767,92.228305,62.97763,63.205534
2721,0.530502,4,3,3,19.097621,32.344197,52.91384,53.20042,71.888489,71.748269,53.42909,59.241676,36.763052,18.997328,47.713229,59.036436,42.637891,30.775549,56.123225,63.197112
2723,0.512424,4,3,3,8.260837,3.772889,49.459266,45.966452,14.239834,13.52093,50.620004,46.025337,3.208441,8.201839,50.685387,45.248026,6.581577,8.747106,50.888773,46.184746
2724,0.724752,4,4,4,0.862583,1.322519,48.458173,37.564461,3.619574,5.01457,48.456612,37.573875,1.375196,1.588783,48.408078,37.54647,2.466601,3.311544,48.491906,37.61562
2725,1.115604,4,4,4,9.028667,29.290763,47.004417,31.552666,32.909591,45.205912,47.292645,38.7297,19.953574,10.968574,43.622822,38.943995,20.718357,20.717864,48.27542,40.65187
2728,0.284862,4,4,4,8.242298,5.361736,30.514018,47.279363,25.646357,15.954282,31.309129,48.153422,8.587628,5.28472,30.570058,47.511962,12.031509,9.24557,32.357477,49.123176
2732,1.001053,5,4,4,10.087762,4.238967,41.674559,49.456401,30.81669,17.835416,42.417841,49.437228,6.934447,10.477691,42.643827,47.791804,14.35812,11.920166,43.333865,49.82867
2733,0.712442,5,4,4,4.060329,5.832122,40.720352,48.38101,17.169324,19.816603,40.691864,48.82518,8.859729,4.668468,39.162778,48.985233,10.332634,9.707076,41.170033,49.800046
2735,0.499716,4,4,4,5.060076,2.763525,46.307244,37.139861,13.467366,11.178388,47.472075,37.154658,2.843944,7.240847,47.779884,35.183151,5.709324,7.901084,48.410642,37.481489
2737,0.518218,4,4,4,0.714938,0.834436,48.444349,37.832006,2.631319,3.219036,48.455198,37.836454,0.869359,1.215914,48.427385,37.799392,1.78202,2.057591,48.491728,37.863074
2743,0.279421,4,4,4,2.751805,2.824474,39.163018,27.570109,9.601728,12.773743,39.486014,27.442006,2.375085,3.817135,39.54983,27.185363,4.60939,6.996468,40.336038,28.109976
2744,0.188805,4,4,4,0.911069,2.288875,40.089816,23.981768,3.821409,7.794193,40.077524,24.186676,1.314173,2.042685,39.819813,24.169395,2.631188,3.875457,40.365203,24.581956
2745,0.318385,4,4,4,0.406421,0.954873,40.414102,29.224841,1.926128,2.964681,40.405278,29.250527,0.747018,0.625107,40.360905,29.261497,1.524103,1.528418,40.432735,29.280146
2746,0.285316,4,4,4,1.145534,1.364416,40.19211,28.236657,5.401063,6.545368,40.120159,28.185302,1.168785,1.849431,40.208887,28.144653,1.853193,3.371211,40.424683,28.356688
2747,0.502734,5,4,4,2.139584,3.135298,33.186973,41.059402,6.435989,5.002832,33.261886,41.534669,3.35099,0.917048,32.997092,41.580908,2.456705,1.878503,33.342503,41.626013
2748,0.212515,4,4,4,1.365747,0.745771,39.844964,40.247947,2.17738,2.243539,40.340826,40.334889,0.399093,1.16739,40.38911,40.039174,0.817445,0.856327,40.436222,40.435599
2750,0.928055,5,3,3,91.402718,35.91248,37.589446,56.334976,196.094764,143.032913,45.342115,56.576205,54.011429,71.54497,44.682316,49.794641,79.043017,85.328831,51.063566,60.264942
2754,0.753313,4,4,4,35.876257,12.762733,30.434995,47.612624,86.519238,54.965772,34.72057,47.476957,19.383585,24.831936,35.496277,44.796263,34.03973,37.58983,38.191481,48.896577
2755,0.697931,4,4,4,10.047268,18.477049,39.815008,45.776927,50.834252,49.707898,39.399157,47.551201,23.467502,10.511639,37.091969,48.058217,37.677999,20.314864,40.385155,49.157196
2756,0.126448,4,4,4,1.679565,8.436311,48.201113,19.274803,7.597338,19.343108,48.00082,21.436377,3.558648,4.201116,45.755048,21.796267,5.053249,8.029225,49.035556,22.645295
2762,0.503424,4,4,4,8.2727,2.349281,30.217975,47.944178,20.686577,9.219392,32.572626,47.991339,4.460367,5.878935,33.061499,45.974048,8.534816,6.581229,34.144623,48.384469
2766,0.465807,3,4,4,7.646278,6.965438,42.826986,29.590176,14.794139,22.224096,46.152988,30.811749,4.092539,12.330839,45.963954,25.907513,6.581993,11.465266,47.412639,32.773619
2769,0.475975,4,3,3,20.367398,10.412767,31.149102,46.343024,49.660552,28.829571,33.387657,47.416169,15.013914,14.260684,32.864701,45.223301,22.081928,18.076375,34.777859,48.301241
2771,0.241846,4,3,3,4.335686,3.248402,43.812755,45.481983,11.211189,10.943404,46.236738,46.326231,3.78097,5.392983,44.997602,42.622927,5.631297,6.569931,48.208332,48.111023
2772,0.25091,4,3,3,4.035425,4.498171,37.98376,43.81275,13.587202,11.631342,38.710383,46.236736,6.725697,3.922666,35.457908,44.997599,8.159036,5.842336,40.192469,48.20833
2776,0.981164,5,3,3,16.676421,11.797303,46.255452,49.17505,44.282004,40.796727,46.917179,49.380855,14.555713,19.383116,46.609005,48.283203,22.636865,25.58102,47.39245,49.829556
2778,0.512762,4,4,4,6.328412,9.981668,34.995768,25.047859,24.418084,29.197613,35.14499,26.31793,8.394145,8.370722,34.351979,25.977546,15.425558,15.453778,36.169817,27.695215
2779,0.552818,4,3,3,10.435242,14.123821,40.392056,38.209041,32.031983,34.815838,41.913605,41.538062,15.708009,11.673456,37.794835,40.04321,18.991421,16.370841,44.050719,44.16163
2780,0.481149,3,4,4,6.009248,8.665245,52.834039,31.372216,14.684889,24.331812,55.758833,34.339454,4.43065,9.804899,55.070862,30.757464,8.868601,17.228692,57.599785,37.315793
2783,0.193082,4,4,4,3.807433,2.717347,21.903036,34.646144,14.646693,8.178753,22.06286,35.378415,5.123183,2.327591,21.194087,35.178782,9.106569,4.443911,23.070593,36.266061
2786,2.013802,5,4,4,38.199773,13.821618,49.616932,63.126727,68.168527,43.713003,56.869404,64.010714,13.825919,31.508454,57.842379,57.630487,30.265535,39.588185,59.428929,64.967028
2794,0.266363,4,3,3,5.352582,13.88073,39.748707,35.528155,21.315309,27.641094,39.815661,39.184188,15.680696,6.300035,35.038242,39.51048,18.768125,12.687028,40.522987,40.714257
2795,0.44428,4,3,3,21.495011,8.270285,41.447928,42.426818,42.695947,35.619017,46.09798,42.326378,9.279768,27.283799,46.689385,36.530947,18.985221,32.212291,48.251794,43.156135
2799,0.234331,4,3,3,3.973384,12.479171,47.106588,34.766025,15.822974,24.836635,47.186011,38.364466,11.570899,5.660766,41.773069,38.684398,13.927431,11.400385,48.040456,39.860496
2813,0.40588,5,4,4,4.733334,17.497039,30.789732,24.016634,32.28563,38.578426,29.244221,28.384528,18.705832,7.457183,23.93603,29.676239,28.319945,17.779021,30.935294,31.475833
2815,0.348713,4,4,4,7.042756,2.338274,36.392997,29.680439,14.875068,16.484889,39.045978,29.067059,2.749683,10.630008,39.662171,25.543464,7.864678,17.065154,40.250415,29.591955
2816,0.522151,5,4,4,3.705992,2.795411,48.723852,38.393226,12.986112,15.628826,49.025647,38.05608,3.09729,5.337523,49.140444,37.515047,5.972944,10.935074,49.835886,38.650644
2820,0.529226,4,4,4,17.326227,7.866153,23.160881,37.898921,51.27734,31.786005,25.622787,37.974152,13.490176,11.26767,25.468669,36.418458,19.184249,17.83838,30.069996,40.036129
2823,0.266944,4,4,4,1.305289,5.065656,47.894331,42.758917,4.2831,4.279617,48.101915,48.102518,6.488324,1.417933,41.133293,47.865196,2.495414,2.28146,48.439177,48.448827
2826,0.640751,4,4,4,5.00765,12.265358,35.386726,42.690387,16.348254,11.858691,35.822873,47.98134,27.239633,4.048281,23.888545,47.629511,8.851112,6.555899,36.472042,48.427659
2827,0.372215,4,4,4,7.063322,1.820036,42.75892,47.894333,5.967305,5.972161,48.102521,48.101919,1.977101,9.047026,47.865197,41.133298,3.181164,3.479492,48.448832,48.43918
2830,0.672474,4,4,4,4.815076,7.116155,45.475422,55.191745,23.257928,20.132529,45.0082,57.022055,10.061704,4.894413,42.359012,57.218976,16.44436,8.751211,46.427069,58.955098
2831,0.824836,4,4,4,14.167617,4.80611,37.365431,57.706724,40.484775,25.746039,40.641103,56.864206,9.580699,11.416789,41.226901,53.687515,16.413537,18.697602,44.846859,58.582555
2833,0.388976,4,4,4,1.024773,2.136705,48.308913,34.941791,3.347232,4.81044,48.376796,35.1934,1.185195,1.033978,48.274306,35.225206,2.029707,1.984097,48.480533,35.29042
2834,0.062251,4,4,4,1.520096,2.557501,14.581125,13.382702,6.372571,7.015014,14.552973,14.387554,2.596983,1.719245,13.509891,14.473466,4.146979,2.928704,15.239946,15.306318
2836,0.42576,4,4,4,1.40572,1.512662,48.207832,48.164876,6.901075,7.882174,48.09432,47.981046,2.434728,1.988805,47.77355,47.998886,4.514414,3.313612,48.422539,48.45731
2837,0.359675,4,4,4,3.169783,1.472257,29.597492,48.063786,14.199884,7.552995,29.40371,47.845772,3.395129,2.800973,29.57271,47.235254,5.896874,5.17837,30.57511,48.361214
2840,0.355027,4,4,4,1.587452,0.963194,34.183731,48.298027,6.932579,5.52155,34.155837,48.124361,2.294301,1.453891,33.990411,48.107408,4.342449,2.328463,34.364327,48.469417
2842,0.512234,4,4,4,3.447601,4.20766,47.419442,33.26762,13.821515,18.183101,47.469838,33.151038,3.830574,5.878418,47.322763,32.445187,5.920421,8.9664,48.408647,34.310003
2846,0.099087,4,4,4,0.453055,0.73108,47.964697,19.52593,1.547498,3.793479,48.121428,19.44533,0.444844,1.080573,48.034363,19.394825,0.814092,1.677921,48.452587,19.635827
2847,0.417228,4,4,4,0.96247,1.928139,48.351378,35.697003,3.800457,6.166022,48.362736,35.80269,1.195069,1.395085,48.299127,35.838773,2.111628,2.419894,48.481687,35.950687
2851,0.493423,4,4,4,2.74379,0.788777,37.030583,48.426133,7.229449,4.308336,37.282354,48.373334,1.641262,1.617874,37.320861,48.240925,2.940053,2.913775,37.444264,48.475119
2854,0.400403,4,4,4,0.898453,1.731609,35.514944,48.017008,5.042107,4.566117,35.4634,48.290024,1.836904,0.999684,35.349472,48.345068,1.560662,1.763327,35.569569,48.486165
2858,0.635199,4,4,4,0.711307,0.865562,48.462847,39.431958,4.211482,4.856777,48.425098,39.406815,1.044341,1.163477,48.430137,39.414008,1.642438,4.242142,48.495604,39.444495
2860,1.205347,3,4,4,10.004835,3.101925,45.963108,47.362919,23.072458,17.553786,46.98771,47.210881,4.579588,8.819935,47.201629,46.398553,9.447507,10.535211,47.504918,47.494583
2861,0.523852,4,4,4,0.862137,2.265487,48.421895,48.01701,4.837553,5.973911,48.359119,48.290025,1.761483,1.307899,48.228375,48.345069,1.497638,2.306984,48.494471,48.486168
2862,0.491376,4,4,4,1.843167,1.611227,48.129165,37.273577,4.265777,5.557162,48.374714,37.317637,1.017166,1.898629,48.391477,37.238271,2.012923,3.373556,48.488068,37.405041
2863,0.417498,4,4,4,1.426666,2.769433,48.188408,35.420587,4.487672,5.725399,48.3122,35.83086,1.468016,1.396039,48.204641,35.844722,2.514919,2.827205,48.474122,35.95321
2867,0.467249,4,4,4,3.90139,1.710278,36.064445,48.145711,9.322904,6.609011,36.67175,48.185342,2.136402,2.567525,36.736439,47.824543,4.284318,4.465369,36.95779,48.436545
2871,0.847135,4,4,4,2.202229,2.267695,48.313668,48.303071,6.010408,4.604471,48.414725,48.448894,1.545852,1.571701,48.414692,48.411943,2.534699,2.837281,48.49388,48.492181
2873,0.255646,4,4,4,0.547575,0.741479,48.370889,48.270935,2.116337,2.619056,48.385541,48.328494,0.760266,0.491848,48.284389,48.405614,1.209416,0.951932,48.484003,48.49021
2874,0.135688,4,4,4,0.575994,0.33004,48.033348,48.335683,1.919006,1.525924,48.18541,48.295473,0.373041,0.638297,48.314085,47.992331,0.738523,1.014639,48.478822,48.460495
2878,0.886062,4,4,4,6.231652,6.073259,47.331545,40.834529,15.003612,15.984795,48.060026,41.312613,3.936927,4.990733,48.04321,41.15312,5.854433,8.40227,48.468966,41.619444
2881,0.938823,4,4,4,1.72836,1.765681,48.403229,48.399203,3.930679,4.576461,48.469223,48.458601,1.088936,1.134373,48.464401,48.461453,1.860683,1.998512,48.497743,48.49727
2882,0.638318,4,4,4,2.104614,1.510293,39.325307,48.344064,5.922897,3.826324,39.416837,48.438279,1.480626,1.4473,39.421248,48.370951,2.566417,2.438588,39.491263,48.489677
2888,0.354028,4,4,4,2.124583,0.861121,33.976946,48.335685,7.071709,3.981351,34.116554,48.295476,1.373837,1.665406,34.228869,47.992335,2.718769,2.647337,34.359087,48.460498
2891,0.376182,4,4,4,3.622751,2.107189,33.910699,47.723694,13.861347,8.740057,34.052233,47.713364,3.825632,3.064513,33.916178,47.130951,5.485609,4.537664,34.917188,48.400886
2893,0.506927,4,4,4,1.705991,2.410623,37.526735,47.924564,8.772608,9.097671,37.437887,48.01,3.89996,1.820903,36.951405,48.192603,6.377172,3.644587,37.632079,48.463404
2894,0.50063,4,4,4,3.530116,1.395496,36.892508,48.28745,13.441237,7.916568,36.99069,48.11255,2.635608,3.417988,37.236138,47.499184,5.322429,5.674743,37.541963,48.411986
2899,0.554466,4,3,3,8.970685,3.900105,48.200265,57.423309,31.653877,24.902441,49.28032,55.533008,7.009843,10.906346,50.14595,51.253988,13.171838,18.16234,52.957365,58.193732
2900,0.575239,4,3,3,4.171745,7.417052,52.166794,54.451875,26.834408,27.432261,50.573126,55.17151,11.431031,6.189276,47.112015,55.924326,19.404353,11.660181,52.784536,58.760729
2902,0.592959,4,4,4,1.910099,4.259368,48.221024,47.286941,11.027017,13.246589,47.976727,47.767528,4.627413,2.686535,47.230546,48.0264,9.558475,5.688329,48.328075,48.436078
2903,0.479564,4,4,4,7.47995,2.755601,30.132214,47.686966,25.580213,14.980443,31.111245,47.164352,5.932474,5.756869,31.559742,45.857639,10.650079,10.67363,33.576663,48.184552
2909,0.226869,3,3,3,5.753103,3.184689,46.318918,42.934712,18.807486,20.164457,49.085069,40.095368,4.00383,9.66012,51.030347,33.698099,7.193482,14.234815,57.05877,44.372666
2912,0.657994,5,4,4,1.174282,0.652977,41.577344,41.614367,3.834785,3.336394,41.596946,41.605195,0.832955,1.368042,41.606682,41.566414,1.645409,2.159406,41.629474,41.627428
2916,0.838033,4,4,4,9.560768,4.195245,34.015181,40.064959,23.495107,16.896631,34.829773,40.080119,5.018052,8.365964,34.979924,39.256561,10.706925,12.946081,35.283677,40.348496
2917,0.324205,5,4,4,0.074212,0.078906,34.535703,34.535637,0.329576,0.372249,34.535622,34.535461,0.074284,0.090646,34.535757,34.535538,0.16279,0.154332,34.536152,34.536159
2918,0.261795,5,4,4,0.277033,0.543266,31.749515,31.72496,1.427077,1.696861,31.744744,31.7392,0.640741,0.383095,31.716756,31.743547,0.995728,0.702372,31.755238,31.756499
2920,1.224181,5,4,4,1.893764,0.880964,44.433913,49.910818,6.057759,4.553855,44.453603,49.901816,1.355699,1.984638,44.460946,49.857698,2.537758,3.107143,44.482249,49.92223
2923,1.242625,5,4,4,3.858445,5.432202,41.066722,45.389761,19.361019,18.313327,40.993339,45.511056,8.48826,4.480676,40.581683,45.534933,9.970022,9.218816,41.197355,45.748603
2928,0.030865,4,4,4,0.330138,0.456649,46.098336,8.446973,0.832349,3.116358,47.470921,8.359055,0.195395,2.31674,47.626396,7.430524,0.254605,2.074575,48.452221,8.469778
2929,0.289496,4,4,4,0.885247,4.109063,32.194802,30.443404,6.569214,10.43272,31.99672,31.55551,4.70771,2.524366,30.162833,31.638657,4.359785,3.069165,32.230591,32.254875
2935,0.172632,4,4,4,1.74365,1.174764,25.755743,47.398036,8.380579,4.912036,25.54665,47.367536,2.931763,1.193622,24.907753,47.476259,4.993739,2.041692,26.218047,48.404548
2936,0.502363,4,4,4,11.085293,4.624547,28.055133,46.632948,36.119395,20.884336,29.803497,46.318021,8.523417,8.218551,30.358315,44.218121,13.51814,12.733832,33.950415,48.097962
2939,0.496551,4,4,4,2.894131,6.486917,47.665717,31.378218,10.780068,17.829978,47.804749,32.831037,4.220395,4.656773,47.025546,32.791058,6.445059,7.508317,48.386032,34.028952
2940,0.253092,4,3,3,6.883532,7.237046,46.933961,39.543969,19.143543,22.399137,47.720835,39.958268,7.393674,9.693851,46.894611,39.013426,9.056572,10.156505,48.417844,40.497219
2941,0.504224,4,3,3,10.903098,16.123395,42.40987,35.970746,33.278031,39.860138,44.528851,40.016608,16.016041,15.740334,39.361823,36.729226,14.527488,17.062026,48.066091,43.724237
2942,0.250481,3,4,4,2.808091,2.566104,41.509664,23.996206,8.694092,12.458138,42.314387,23.649423,2.438416,5.584105,42.10541,21.59531,3.467572,7.377475,43.497105,24.730162
2946,0.25349,4,4,4,1.094686,1.000366,30.66527,48.092419,4.297137,3.167647,30.679383,48.250574,1.572986,0.795002,30.533062,48.261703,2.426819,1.348106,30.797785,48.479778
2947,0.021557,5,4,4,0.038991,0.252735,49.831843,6.273568,0.084299,0.721178,49.899266,6.278231,0.03081,0.332988,49.872513,6.268178,0.036659,0.33418,49.925039,6.281489
2948,0.147179,5,4,4,0.457468,3.784618,49.662525,22.098382,2.545922,6.516416,49.463274,24.241644,2.087409,1.353768,46.429445,24.423938,2.412967,2.883123,49.746903,24.711581
2949,0.776898,5,4,4,8.705739,1.846744,43.690655,38.823515,15.705668,13.731611,45.296372,38.648871,2.849309,12.328648,45.527024,36.251259,7.142247,14.813437,45.732854,38.781729
2952,0.625911,5,4,4,1.770384,1.107373,40.161704,49.83575,4.581779,3.670597,40.237174,49.866634,1.464755,1.597153,40.210288,49.763141,1.873541,1.892863,40.283261,49.920149
2953,0.240827,5,4,4,2.914916,1.21519,46.947765,30.591744,5.25188,6.772901,49.216938,30.423683,1.094205,5.820589,49.444692,27.24536,2.338122,6.406606,49.860319,30.658293
2954,1.033052,5,4,4,3.554123,2.383301,49.607182,43.500684,11.294711,10.935277,49.730286,43.476023,2.98152,5.486747,49.720328,43.129319,4.063876,7.994793,49.915388,43.576242
2955,1.578079,5,4,4,3.350968,19.274904,60.67041,50.189656,24.673474,36.689088,60.222057,53.454453,21.629726,7.028402,55.422121,53.936679,26.533195,15.81107,60.56477,54.4881
2961,0.63513,4,3,3,19.235137,37.743121,37.018144,31.288372,96.048727,100.916555,35.082987,36.579518,54.448307,26.717564,25.942332,36.238377,61.789336,40.141385,42.016606,46.719368
2965,0.367491,4,3,3,54.063426,10.784908,13.311589,39.588285,125.528857,55.96356,18.095491,37.070229,33.237082,32.37682,17.833587,27.067466,37.627959,34.699401,30.32836,45.061013
2967,0.334157,4,4,4,1.790518,5.485403,47.783944,26.652272,9.685671,18.531416,47.329679,27.566809,4.143294,4.485249,45.715236,27.801383,6.337926,7.915593,48.266335,29.658837
2968,0.497703,4,3,3,11.466344,20.252479,48.823515,37.61104,46.838702,56.110761,48.920474,42.671188,21.357977,17.352015,40.974411,40.412481,29.420677,24.726814,56.444825,51.302481
2971,0.805715,4,4,4,16.462806,6.991964,35.80808,46.812415,65.967307,51.421006,36.01113,44.198248,13.634192,19.142888,37.448158,41.34123,26.463345,31.666799,40.634758,47.601123
2973,0.317369,4,3,3,9.927236,6.771123,59.56775,51.570022,24.477497,26.101098,61.924518,51.712418,7.71015,13.787951,61.198975,48.937036,12.181563,19.50698,63.439992,52.544316
2974,0.258251,4,3,3,6.888037,9.518204,60.49552,47.898209,17.769919,22.909277,62.239874,49.70594,7.470048,8.597416,60.368727,48.600261,11.003922,12.173731,63.394849,50.691395
2975,0.280261,4,4,4,3.907964,30.579965,45.482396,11.413838,15.610758,41.081541,45.656411,20.053006,8.505992,9.009141,39.394322,21.29675,11.468912,15.379232,48.293608,27.21377
2978,0.178328,4,3,3,5.572238,2.952789,59.5745,62.262714,14.313726,12.595172,61.799617,62.17286,4.445779,6.763463,61.08903,58.611373,7.124165,9.524596,63.423728,63.261492
2980,1.335979,4,4,4,39.118445,11.83258,31.176801,35.619304,82.239441,67.263488,34.461655,35.01809,18.506946,45.90136,34.848772,30.461974,30.365446,46.859263,36.269505,36.08923
2981,0.601889,4,4,4,4.822978,12.368588,38.576304,42.66783,28.311327,27.024916,37.63646,46.716328,19.764714,6.142569,30.905179,47.196092,19.122524,10.207824,39.194868,49.107319
2984,0.506669,4,4,4,21.342316,4.669728,26.663902,46.629167,39.488549,24.287082,33.591907,45.741741,8.69531,16.393459,34.488193,38.235654,14.124627,16.565515,37.4211,47.856773
2986,0.349548,4,4,4,4.541256,8.704629,45.214336,29.086054,15.445172,21.317496,46.08539,31.9884,4.978641,5.390857,45.030869,32.054139,7.710362,10.94271,48.189801,33.992688
2987,0.098,4,4,4,3.370425,7.853681,17.039798,12.688209,20.579654,24.952114,15.203262,14.160191,9.883078,5.031232,11.701774,15.464324,10.277745,8.029779,18.98521,19.2525
2989,0.352997,4,4,4,3.595397,4.579059,26.137239,38.402098,11.925724,12.340744,26.465624,39.456329,8.178018,2.811834,23.434587,39.647813,7.058633,3.716037,26.98074,40.397236
2990,0.376306,4,4,4,3.184844,1.025607,47.615246,49.092137,10.078598,5.809185,48.241432,48.917411,2.027379,4.167103,48.623183,46.888224,2.977631,4.29612,49.259512,49.212171
2993,0.392369,4,3,3,8.6564,32.252119,55.467222,36.710802,34.848777,56.08219,55.597948,46.075237,27.344968,10.188268,44.053699,48.256953,26.429244,19.043469,58.1439,50.907213
2996,0.423587,3,4,4,6.83383,6.076941,26.940885,33.851347,18.942547,15.293922,27.748723,34.906983,5.606659,5.166213,27.520547,34.421362,9.133773,7.246948,28.423311,35.613845
2997,0.341702,3,4,4,4.724783,2.086204,28.057748,39.096252,14.13423,9.411192,28.674871,38.996266,3.729844,2.955511,28.63675,38.714157,6.035927,5.47142,29.358204,39.547061
3000,0.886917,3,4,4,29.956834,13.742978,36.160307,37.364131,51.791598,50.137531,43.745741,38.006702,11.606621,40.198235,44.476389,28.304037,18.206459,32.698989,47.273102,40.368018
3004,0.621913,5,3,3,11.715997,7.099576,57.869723,64.817051,32.898312,23.378139,58.517266,65.055367,8.239499,12.203817,58.547579,63.831648,16.180637,16.521691,59.077245,65.416556
3005,0.734372,5,3,3,7.8548,12.618059,59.043966,62.542248,27.558154,33.690839,59.299465,64.114865,15.820557,7.287313,56.933595,64.491123,20.501309,15.962199,59.859979,65.367687
3007,0.534594,5,3,3,54.78364,35.95259,45.056446,46.53114,107.351437,95.939681,54.270762,50.244224,31.666926,61.248279,52.907186,40.756066,44.870832,57.100398,60.177533,53.75039
3008,0.935728,5,3,3,88.409746,94.414157,46.251407,43.140725,199.654741,216.155989,53.689559,50.143971,96.424195,98.366802,45.819462,43.364495,94.152304,117.222736,59.894262,55.873036
3011,0.61926,4,3,3,27.32207,50.601018,39.638583,35.908049,111.490555,124.457749,39.704754,41.368743,60.065065,34.971575,32.610128,40.540489,75.770132,52.266774,43.55724,47.626487
3015,0.495391,4,4,4,6.331136,4.461226,45.298194,32.725289,26.207353,35.667863,45.271448,29.681069,5.772075,12.607789,45.983382,27.238042,10.321098,17.232193,48.221258,33.613487
3016,0.119613,4,3,3,4.577659,15.700581,43.353979,23.608775,21.216149,37.79589,42.4421,28.23184,11.146003,9.539842,35.018448,28.371729,14.590334,15.166321,46.825028,33.648272
3018,0.326051,4,4,4,3.81058,3.545967,45.724185,46.031561,11.557376,12.976057,46.835626,46.472202,3.091282,3.503199,46.719137,46.299448,6.762487,5.988379,48.223599,48.280065
3026,0.649273,4,4,4,6.046721,1.835141,46.595706,48.281811,28.382511,23.919935,46.127837,46.721565,5.781394,8.162631,46.901415,45.652418,10.423992,13.344309,48.329385,48.228281
3029,0.755187,4,4,4,58.405512,15.852652,18.659096,48.896751,91.15855,50.868218,30.373051,51.663878,22.323257,28.12032,30.98683,41.79974,34.741128,30.65245,42.48462,57.504935
3030,0.498589,4,4,4,10.373425,12.57163,49.004399,46.552148,32.446518,32.283114,52.00407,52.053022,15.144345,9.333079,44.771977,50.85912,18.559473,17.167208,57.739242,57.923519
3032,0.630533,5,3,3,8.608648,26.120877,54.184948,47.947999,51.792491,64.297875,53.002655,51.949672,28.506991,13.272019,47.641519,53.016964,39.78148,26.766263,54.75736,55.107777
3033,0.479414,4,3,3,32.649649,12.789143,43.560436,48.859731,60.53741,54.971836,53.082272,48.600337,11.794148,37.510288,55.152171,38.793472,22.856198,39.938632,58.620449,51.493741
3042,0.072244,5,4,4,1.778477,1.868209,15.479955,41.772282,10.317609,3.96669,14.731348,47.133989,9.369085,0.791199,9.435172,48.349649,9.145162,1.782697,15.796307,50.350296
3043,0.331132,5,4,4,13.592887,2.15164,26.985261,59.116928,24.252317,11.855628,34.879748,57.97007,4.673476,8.452336,36.556134,48.659165,10.573796,11.007531,38.865753,59.724554
3045,1.057941,5,4,4,0.524743,1.157651,50.748369,44.345055,1.731495,2.652346,50.751329,44.362471,0.820945,0.576453,50.738886,44.364748,1.086131,1.130065,50.756007,44.370005
3048,1.295089,5,4,4,10.427962,25.566038,51.29808,51.196452,49.433624,53.044317,50.707834,57.251343,34.328569,10.81843,41.928887,58.410333,44.950591,24.267279,52.396578,60.489613
3052,0.495917,4,4,4,9.76826,17.0488,31.437991,42.138605,63.776535,43.189118,26.525395,48.805315,47.830735,8.965658,15.253361,51.226307,35.445076,19.420753,35.898941,57.605928
3053,0.255611,4,4,4,8.202981,2.701388,43.155688,55.199819,16.226925,12.375449,52.242314,54.48901,3.527985,7.332083,53.710195,45.5734,8.06757,8.534654,58.102541,57.989803
3055,0.255701,5,3,3,7.089884,9.044316,62.159118,49.238624,17.90241,22.925438,64.070925,50.795513,7.040226,8.727699,62.497744,49.636721,9.952996,13.089245,65.307294,51.7525
3056,0.175002,4,4,4,2.215276,17.579462,46.015085,10.338797,10.505024,34.401402,45.215561,15.016535,4.821923,7.645696,40.419546,15.955996,7.394732,13.759585,48.233852,21.292735
3057,0.486464,4,3,3,11.558621,16.654872,61.049316,52.744488,38.359377,48.5081,61.856192,54.260854,13.875552,14.712332,60.443358,53.635321,23.115724,25.735425,63.337396,55.886711
3061,0.204933,5,3,3,1.189919,3.45413,65.094363,62.636492,6.663132,9.052177,64.767727,64.206998,3.575171,1.913403,62.744469,64.599121,5.024833,4.321951,65.328828,65.37612
3062,0.759778,4,4,4,3.251556,1.639667,48.026278,48.369035,7.60595,7.483943,48.335837,48.340786,2.778902,2.014221,48.18204,48.326436,4.416537,3.415281,48.475879,48.485578
3063,0.103501,4,4,4,0.223364,0.442945,48.369036,48.026277,1.019503,1.036124,48.340787,48.335836,0.274388,0.378557,48.326436,48.182035,0.465248,0.601645,48.485578,48.475878
3071,0.297678,4,4,4,13.197724,47.097563,39.97007,12.768102,30.418741,77.051234,49.246857,21.429021,12.7315,27.875067,41.510497,17.893165,16.75285,23.905456,60.141008,36.255294
3072,0.636801,4,4,4,28.49135,30.464391,39.819267,29.232924,68.552019,82.311186,48.46747,34.99759,23.436694,42.27498,43.976177,25.600662,30.11582,43.762526,61.019805,45.783485
3073,0.400297,4,4,4,1.265755,3.063581,49.023279,35.269608,5.156812,7.780185,49.028856,35.725557,2.291106,2.049175,48.543564,35.711718,3.48367,3.86961,49.250173,35.976009
3074,0.502419,4,4,4,13.903523,18.41239,41.568876,31.93871,36.311038,48.219183,43.113331,33.682871,10.544553,15.41503,42.796402,32.984011,17.576745,26.500926,44.314934,34.953587
3081,0.704068,4,4,4,28.870736,101.438021,41.261924,12.769162,63.26334,113.509936,51.09635,26.781572,26.888003,46.835581,43.373267,20.909299,28.780627,45.74102,61.60015,41.999085
3082,0.164265,4,3,3,5.329481,6.074655,43.855133,43.399622,11.634921,14.542052,45.060218,44.780729,4.606068,6.003585,44.393888,43.651286,8.184999,6.383812,45.473882,45.515818
3083,1.157685,4,4,4,25.808615,12.177661,48.153728,44.467323,98.848254,90.174347,49.044604,38.955624,21.163517,42.186629,51.110207,31.086169,41.364136,79.943461,57.839025,44.368342
3089,0.770518,4,4,4,18.673029,9.682309,38.255769,53.997696,64.216063,39.781541,40.234457,54.014411,15.16168,10.975698,41.088548,53.453372,26.413698,25.484802,47.292726,58.009506
3092,0.433703,4,4,4,3.915219,5.817901,58.241111,41.075213,15.104314,20.422299,58.343967,41.322672,5.566916,6.495511,57.601784,40.975,7.351772,12.33197,59.068767,41.887265
3093,1.173077,4,4,4,12.168805,46.847068,39.514819,35.454357,45.653393,61.918372,39.582991,39.30766,42.496454,11.248544,36.390761,39.610478,26.394054,20.317813,39.880701,39.900586
3094,0.709471,4,4,4,29.463928,11.788565,49.028086,45.518022,52.006294,48.364128,56.156176,45.530216,9.372679,32.298706,57.520853,39.03305,17.478053,26.618062,58.97523,47.091864
3100,1.005398,4,4,4,0.593113,0.861799,16.268524,16.268031,3.292127,3.483399,16.26816,16.268065,1.259772,3.052569,16.267212,16.259408,1.410732,1.803177,16.268929,16.268887
3101,0.504306,5,4,4,0.447363,0.496769,15.229411,16.746224,2.300812,2.270233,15.22901,16.745944,2.045926,0.685224,15.21753,16.745391,1.167986,0.680225,15.230031,16.747434
3105,0.497798,4,4,4,1.863257,12.34506,12.088253,12.759492,25.758241,31.360981,12.026433,12.927023,17.653642,4.069184,11.666127,13.01279,16.949288,11.379889,12.082094,13.038282
3107,0.298137,4,4,4,2.633669,7.761794,56.19348,30.072245,7.238563,12.582319,57.675842,35.553619,4.442139,4.687405,53.072131,34.06953,5.082008,6.739586,58.820067,36.914434
3108,0.257353,4,4,4,3.727898,6.727152,52.816921,28.682382,8.455892,15.499392,56.655872,32.436086,4.233631,7.276756,52.16873,28.504137,4.829437,8.586832,58.753295,34.688068
3111,1.79665,4,4,4,26.394915,32.936626,50.56847,53.402691,58.539549,52.366822,54.96036,61.158562,35.938552,19.185297,47.766092,59.208022,27.463569,26.118795,57.268587,63.336668
3114,0.978433,4,4,4,8.361323,2.673721,56.351799,49.838107,19.100702,13.597358,58.155506,49.715223,5.269681,9.048595,58.019577,47.858866,5.345967,8.477429,59.120283,50.018104
3115,0.427497,4,4,4,5.373239,13.671429,57.462523,31.821053,12.152236,22.389838,61.262463,40.511695,6.2728,8.645178,56.542333,37.42222,7.308814,11.653141,63.226468,43.58471
3116,0.071704,4,4,4,0.376374,2.910899,57.953433,14.539784,1.484009,5.490413,58.043821,16.419268,0.943082,1.4479,54.085822,16.38702,0.950598,2.573059,58.947821,16.981646
3120,0.347417,4,4,4,6.290469,4.602692,53.557069,56.977859,10.228368,10.37346,61.115743,61.054601,3.853207,6.000072,58.938987,54.802556,5.090585,4.804603,63.332039,63.364484
3125,0.509186,4,3,3,20.456457,5.410867,39.416948,59.443394,33.967459,22.603338,50.506535,59.347003,6.466309,18.01567,52.703546,46.009783,13.551709,17.833402,55.880259,62.3102
3126,0.434153,4,4,4,6.826804,15.987261,39.231466,43.033544,28.874693,25.890467,39.021054,56.096833,31.242966,4.733728,22.627458,59.061643,22.041125,10.147067,42.754129,62.895996
3129,1.030489,4,3,3,22.027873,27.479762,59.404952,54.748613,82.366456,81.950792,60.009837,56.80648,31.553771,26.93492,56.973388,55.320804,35.1072,44.399289,63.292107,59.415323
3132,0.250946,4,4,4,3.8699,1.225564,27.43678,43.998746,10.924779,5.049494,28.26153,43.998217,3.871427,2.390909,27.596529,43.052967,3.380547,2.318994,29.008146,44.424938
3135,0.37314,2,4,4,1.450231,6.077752,28.797491,39.591184,15.159516,14.232076,27.725712,41.97478,8.804805,4.472544,24.013226,41.325933,9.515888,4.29863,28.792068,43.521357
3138,0.212063,5,4,4,0.807918,2.849076,49.540216,46.413081,2.894949,5.846877,49.628577,48.842349,2.06166,1.319184,48.042857,49.069616,2.272181,2.355784,49.846547,49.840821
3141,0.630943,4,4,4,8.948517,2.284664,32.126254,40.236153,14.757924,10.933285,33.602321,40.169106,3.523152,7.595092,33.645512,38.805641,6.448933,8.335464,33.894782,40.372673
3142,0.211397,5,6,0,1.225933,0,38.359377,0,2.669119,0,38.706873,0,0.744708,0,38.68153,0,1.285244,0,38.843649,0
3143,0.338765,5,1,0,23.92408,0,63.263983,0,49.417422,0,70.057178,0,13.465383,0,69.823392,0,26.942433,0,71.16886,0
3145,0.267665,5,6,0,5.579889,0,34.62914,0,12.578322,0,37.202113,0,3.777353,0,36.716817,0,5.81975,0,38.678182,0
3146,0.582748,5,1,0,20.79348,0,78.096017,0,67.748917,0,79.105094,0,15.647707,0,79.374001,0,36.90752,0,79.976201,0
3148,0.201866,4,4,4,5.474762,0.266604,45.558182,59.067338,10.692798,1.348518,53.815261,59.023314,5.07062,0.834139,47.35805,58.455563,5.470987,1.246748,58.358164,59.109897
3149,0.31088,5,6,0,0.593747,0,38.797293,0,3.106475,0,38.76142,0,1.928934,0,38.349724,0,2.900868,0,38.823159,0
3150,0.34717,4,5,5,0.131926,0.038848,48.49535,48.500445,0.21366,0.26834,48.500041,48.499519,0.061047,0.105955,48.499829,48.497658,0.098265,0.106408,48.500906,48.500892
3152,0.34835,4,6,0,21.702247,0,25.273092,0,36.282701,0,33.371635,0,16.458293,0,28.572978,0,14.14445,0,38.281834,0
3155,0.204439,4,4,4,6.844532,5.606326,24.550363,45.404296,24.035102,15.107636,25.820338,50.697301,9.808283,4.774081,21.907029,48.288563,13.64704,8.211376,30.632794,57.535142
3156,0.130986,4,4,4,11.967806,2.128021,13.589656,51.732776,27.947977,7.603513,17.692608,53.056409,9.7884,2.779536,15.441889,49.450037,12.773113,4.661759,23.940361,57.848269
3159,1.165222,5,4,4,21.796882,9.224646,40.177641,58.39575,51.390574,46.049297,45.526303,57.455545,16.657271,25.727118,43.64622,50.532102,18.777202,27.554175,49.446786,60.268188
3160,0.599682,4,7,0,0.945447,0,59.050127,0,5.360378,0,58.959152,0,2.855417,0,58.381186,0,4.227221,0,59.105417,0
3164,1.308067,4,7,7,8.76551,1.809303,50.835619,59.074214,26.284963,8.065335,51.403928,59.060324,5.680925,2.414157,51.599892,59.027193,12.433553,4.806672,52.025654,59.144137
3167,0.020883,4,4,4,0.296126,1.59049,38.083508,5.480373,0.918231,7.701671,38.971326,5.327156,0.214844,2.45846,39.192634,5.072897,0.420182,4.13086,40.287544,5.871731
3170,0.342808,5,4,4,1.934889,5.055355,49.129702,32.547422,5.715299,9.384514,49.493901,34.275631,2.869268,2.627222,48.472433,34.187332,3.392145,4.052779,49.857856,34.712628
3171,0.051829,4,4,4,0.621168,1.963118,38.653446,11.221548,2.10472,6.731901,39.159854,11.48174,0.516967,2.326841,39.258276,11.022657,0.895645,3.508363,40.326249,12.047464
3173,0.082605,4,4,4,1.936034,0.334328,17.423469,49.184215,8.903174,2.805466,17.357293,48.842188,1.871033,0.960277,17.467712,48.521895,3.475991,1.674305,17.653927,49.231258
3174,0.928879,4,4,4,2.243872,4.792849,49.26061,49.113158,19.013263,22.113328,49.126256,49.067082,6.570125,4.6576,48.992741,49.142,13.018764,9.190883,49.269238,49.287397
3177,0.097656,4,4,4,0.358468,0.958772,49.204854,19.557552,1.85036,4.735472,49.150671,19.533039,0.506789,1.133037,49.130995,19.543938,0.79339,2.070696,49.293453,19.602778
3181,0.417262,5,4,4,4.410992,7.09956,36.830977,32.149846,27.473057,32.179291,36.371901,31.911939,8.51679,8.469797,36.013595,31.847831,15.768979,14.314197,37.080164,33.179055
3184,1.363322,4,4,4,5.973036,5.779573,44.37323,49.173017,28.271041,24.512435,44.339863,49.16535,8.670036,6.234822,44.282502,49.168229,12.618305,11.887188,44.468382,49.291533
3188,0.959171,4,4,4,7.511458,13.919412,48.884715,48.013343,33.352503,37.076858,48.821505,48.71706,14.074374,8.096651,48.114531,48.870512,21.120108,16.087148,49.218447,49.254014
3189,0.597075,5,4,4,5.160858,11.348191,44.439714,33.599078,22.576387,34.708958,44.29094,35.01237,10.828543,7.349512,41.69457,35.660358,17.734612,16.028492,45.352821,37.007559
3190,0.296575,5,4,4,3.282787,2.309906,26.566403,26.87602,5.31007,4.776916,27.08669,27.10465,1.264823,2.446101,27.100066,26.87594,3.228001,5.055543,27.16573,27.14584
3191,0.282739,5,4,4,3.268079,1.616603,29.807238,30.570421,14.807299,11.647212,29.603259,30.05617,3.044533,5.283252,30.031101,28.604561,6.421369,8.153169,30.724358,30.667934
3197,0.499863,5,4,4,0.255646,0.470834,33.307221,33.301637,1.305084,1.653716,33.30596,33.303786,0.433178,0.386469,33.30357,33.304787,0.931358,0.827973,33.308848,33.309009
3200,0.340327,5,4,4,0.792972,1.89135,33.289458,25.638029,4.393336,6.590627,33.253332,25.67448,1.68451,1.622143,33.159168,25.682177,2.239198,2.906885,33.327527,25.758498
3201,0.234826,4,4,4,1.11058,0.889039,32.204873,22.862504,5.335976,5.898075,32.144807,22.788067,1.076366,1.811842,32.232359,22.73562,2.088448,3.497071,32.367531,22.89113
3202,0.447002,4,4,4,4.88552,6.860741,38.91171,29.989443,16.712829,22.786798,39.332223,30.577881,5.784419,5.639472,38.594025,30.662774,8.745219,9.769877,40.29553,31.713931
3207,1.013618,4,3,3,21.999653,18.873317,46.371472,46.860358,63.18976,54.589823,47.359095,47.622196,19.251441,25.66334,46.962945,46.000099,29.328266,34.80099,48.381276,48.33574
3208,0.29707,4,3,3,6.399169,6.542689,46.398265,46.318651,17.503291,19.457467,47.468332,47.254715,7.642198,6.427906,45.933956,46.577178,10.619601,9.639146,48.322702,48.352408
3213,0.274921,4,3,3,13.135409,7.023161,25.910277,45.715907,33.559019,21.26509,27.653541,46.835185,14.200723,7.384437,25.806579,45.747224,18.638137,10.604318,28.8042,48.295324
3217,0.567086,4,4,4,16.857028,7.1034,30.256926,35.534304,47.59468,39.303535,31.727124,35.170518,12.388772,18.346208,31.691791,33.526367,25.189982,26.515911,33.060165,35.845029
3218,0.421543,4,4,4,6.605612,18.443036,43.358536,29.845072,30.270063,47.470784,43.128508,31.984993,15.755316,11.280067,40.268045,32.225491,23.071606,24.437215,44.109324,33.577546
3219,0.242269,4,4,4,3.429774,3.702583,41.462347,27.151195,11.862448,16.027489,42.198137,27.004031,2.762584,7.300017,42.543317,24.410886,5.519675,10.826096,44.214198,28.363771
3220,0.410382,4,3,3,5.726674,4.129172,47.799338,49.378866,15.027229,13.574781,49.802662,50.093762,4.535845,6.436255,49.236158,47.428229,7.475767,8.563234,51.352196,51.291376
3221,0.333647,4,4,4,1.478238,1.095271,33.950629,29.971194,2.440426,2.615092,34.129175,30.056831,0.724803,0.933822,34.118119,30.017653,1.197264,1.503658,34.158412,30.08991
3224,0.501149,4,3,3,9.112342,7.186811,36.310822,53.642506,27.215874,19.16235,38.166496,56.369993,11.843449,6.478025,34.720429,54.830094,15.062751,10.039119,40.423016,58.769412
3225,0.503303,4,3,3,8.702061,5.383817,47.278191,55.64438,20.656328,16.723788,50.516907,56.957989,6.249933,7.790123,49.792216,53.48615,10.135235,10.330361,52.540802,58.751315
3231,0.457497,5,3,3,3.644943,5.652925,58.747954,38.252236,9.897005,16.620071,59.869427,39.253785,4.111294,6.299428,58.502492,38.045097,5.785213,8.432976,60.735879,40.245329
3233,0.480073,4,3,3,6.684229,23.739625,43.700644,28.892004,29.912991,47.96431,43.575898,31.687305,17.32156,11.527551,40.968521,31.826885,22.828649,24.055574,44.234715,32.719764
3238,0.79142,4,4,4,1.683783,2.394938,40.366983,40.295293,4.89405,4.738779,40.403678,40.406006,1.373356,1.094833,40.396602,40.412803,1.77145,1.97744,40.440579,40.440017
3239,0.488095,4,4,4,2.148553,1.084147,32.221198,40.360537,4.657501,3.431009,32.344052,40.392872,1.118544,1.273215,32.350062,40.342725,1.717409,1.638605,32.388579,40.437768
3244,0.322994,4,4,4,3.036894,1.110601,28.795541,40.25526,9.18385,5.410878,29.074216,40.185843,1.912507,2.527467,29.187479,39.67284,4.435827,4.27916,29.369922,40.372295
3245,0.8096,4,4,4,1.566615,2.182934,35.12974,40.324126,6.678982,7.189338,35.126764,40.365005,2.675935,1.471665,35.064134,40.392334,5.176121,3.444808,35.160626,40.434792
3247,0.087369,4,4,4,12.842006,4.981841,6.452152,13.303862,18.806013,8.912276,10.424574,15.957125,4.176082,5.711988,10.939625,12.946864,5.23688,5.698644,13.361724,16.780898
3255,0.375764,4,3,3,8.024488,14.23845,46.428663,39.075892,23.826259,32.078226,47.324201,41.46345,12.552795,7.848229,44.623415,41.580608,17.12209,15.012136,48.219998,42.700612
3260,0.43131,4,4,4,13.132027,6.781894,26.575364,39.5825,36.733963,24.517746,27.718042,39.762128,11.223269,9.27645,27.294016,39.092893,20.139228,16.371388,28.666224,40.30372
3265,0.397526,4,3,3,4.939555,6.122731,47.699983,47.323781,11.071125,13.862177,48.240413,48.104792,5.696664,3.368107,47.566415,48.144399,7.837154,5.441541,48.443028,48.471963
3268,0.464438,4,3,3,7.49034,5.061059,39.672559,36.850745,17.823535,14.391672,40.16138,36.994072,4.185993,7.107624,40.205187,36.652727,6.54263,8.949602,40.424887,37.11128
3271,0.26283,4,3,3,5.916694,2.863152,34.040858,40.066795,14.489911,9.334848,34.59931,40.199247,3.257411,4.805103,34.676586,39.572335,5.556079,6.263406,34.920143,40.39393
3273,0.121356,4,3,3,3.787063,6.487207,29.106435,35.155059,16.416523,15.483153,29.003782,38.077835,9.700073,3.531852,25.776562,38.498377,12.237113,7.125438,29.876721,40.175062
3277,0.495036,4,4,4,8.145216,15.284976,39.510003,27.489096,31.179064,44.369711,39.62397,28.633592,12.205606,12.917955,38.738396,28.295998,19.709151,26.592489,40.290637,29.720937
3280,0.376402,3,3,3,19.135457,8.325836,39.923731,45.288365,46.972266,32.250191,43.812728,45.507896,10.105997,18.718971,44.723014,40.640991,15.924264,20.767123,47.296849,47.134888
3281,0.139226,3,3,3,4.265462,6.974653,33.52266,40.060079,17.177644,18.279284,33.588331,43.514863,9.282382,3.895678,29.952129,44.530297,10.923592,6.236286,34.935928,47.268331
3287,0.413472,4,3,3,14.481715,8.158182,43.970029,42.000073,25.112026,30.830858,47.4109,42.186013,6.996978,18.362794,47.244233,38.804025,14.801941,25.117814,48.32222,42.974111
3290,0.76821,4,4,4,3.544357,22.310882,40.118005,26.08842,26.724814,42.086596,39.464894,30.843433,17.093406,7.405874,36.157104,31.918634,28.40287,21.282381,39.960611,32.726939
3291,0.910016,4,4,4,31.235583,16.112251,36.927878,34.012262,80.399184,114.875865,41.739741,28.764826,18.412159,72.447764,42.704208,18.927513,44.182261,97.498334,47.189923,34.525682
3301,0.086185,4,4,4,0.826018,0.465458,46.500786,47.77359,2.637574,2.420847,47.21168,47.393243,0.627085,0.892946,47.3787,46.429575,1.229584,1.724296,48.363591,48.241669
3307,0.808596,5,4,4,1.235801,0.968811,41.591378,36.045695,3.934303,3.740435,41.607251,36.047649,0.973936,0.963547,41.609008,36.047597,1.833913,2.953603,41.629987,36.058412
3308,0.489851,5,4,4,3.662849,17.250917,48.607656,29.043424,24.30064,39.149606,46.9699,34.031986,12.736594,7.723195,41.779482,35.506769,21.784706,17.91456,48.790675,37.801435
3311,0.534234,4,4,4,2.84153,1.22755,30.174141,40.355082,7.529938,4.748361,30.357045,40.364872,1.812397,1.859936,30.372585,40.270363,3.758196,3.798826,30.46542,40.421246
3314,0.516662,4,4,4,3.951682,2.268734,34.68306,44.083164,16.150833,11.659303,34.69262,43.887191,3.778291,3.575893,34.803002,43.666464,6.707528,6.631727,35.298963,44.384369
3317,0.431197,5,3,3,11.955888,12.093889,62.159116,62.095251,30.18938,30.669361,64.070927,64.029629,11.872149,11.673418,62.497743,62.58172,16.784041,17.49613,65.307293,65.289994
3318,0.247156,5,3,3,6.932048,6.852948,62.095252,62.159115,17.579249,17.304131,64.02963,64.070927,6.69104,6.80495,62.581722,62.497742,10.028537,9.620378,65.289994,65.307291
3324,2.22083,4,4,4,3.009142,3.387803,44.429402,44.418678,11.787566,10.480036,44.433246,44.440987,2.898778,2.737516,44.43639,44.44005,4.768564,5.233835,44.469052,44.468479
3325,0.278929,4,4,4,1.226923,0.69324,44.081922,44.337919,4.889735,4.415025,44.104835,44.168328,0.920984,1.400441,44.266613,44.023799,1.828295,2.410639,44.44746,44.430545
3328,0.511699,4,4,4,8.700959,3.424918,28.778936,43.631369,29.653478,18.253982,29.74532,43.143522,6.313159,6.583522,30.494222,42.116088,11.138267,10.667409,32.189899,44.253664
3332,0.42452,5,4,4,1.973581,3.756633,49.367858,35.938828,8.003957,12.570972,49.383295,36.263265,2.929017,3.232408,48.893834,36.263314,5.316958,5.180623,49.818774,36.863208
3333,0.346643,4,4,4,0.906044,1.085131,48.311746,34.0587,2.582098,3.040422,48.406411,34.11482,0.609477,0.785566,48.420547,34.11436,0.994186,1.441836,48.494428,34.157485
3336,0.404103,5,4,4,1.341306,1.698316,36.296275,49.462923,5.823306,4.848223,36.281493,49.692734,2.307662,1.164328,36.077549,49.720983,4.166042,2.195601,36.396778,49.905142
3339,0.272444,4,4,4,0.712106,0.600601,48.311749,48.363634,2.029401,1.683125,48.40641,48.434596,0.479019,0.434875,48.420546,48.433993,0.781381,0.798192,48.494431,48.494157
3347,0.197156,4,4,4,1.634104,2.491312,46.941157,45.354929,7.416526,7.836627,46.657044,46.476439,2.504711,1.857487,45.604122,46.73826,4.763188,3.494399,48.132344,48.29434
3348,0.532216,4,4,4,10.001939,4.595841,33.967169,46.826677,31.264221,22.392955,35.45915,46.273771,7.315387,8.027197,35.857254,44.711107,13.476835,14.575026,37.868186,48.035926
3351,0.209804,4,4,4,2.806589,2.519062,27.406475,45.600894,12.55545,7.612847,27.195219,46.767293,4.226196,1.759931,26.287683,47.05896,8.014727,3.470359,28.407163,48.319486
3353,0.591138,4,4,4,3.509378,5.95136,47.6375,37.449882,13.713454,16.584472,47.715524,38.222875,4.059387,3.633721,47.488731,38.411015,8.956558,8.557418,48.347104,38.844689
3354,0.152526,4,4,4,1.145018,2.905885,47.188778,23.143287,3.313372,7.201294,47.803961,24.199581,1.071451,1.816699,47.446822,24.223592,1.747805,2.700806,48.410137,24.792508
3357,0.16554,4,4,4,1.583393,2.534628,46.507568,44.275519,7.442445,8.966762,46.015504,45.149543,3.140007,2.223512,43.198985,45.335479,4.323542,3.538138,48.074979,48.20759
3360,0.332351,4,4,4,3.65341,3.943789,32.473816,45.655195,17.05782,14.618912,32.136542,46.103393,7.341489,3.531915,29.86683,46.339476,10.347097,5.63035,33.49271,48.311149
3365,0.401828,4,4,4,5.309287,5.825292,41.774207,31.441279,13.765699,18.054568,43.234363,32.235216,5.884012,7.704316,41.57119,30.533926,7.031448,10.147022,44.314825,33.238063
3366,1.092217,4,4,4,6.195501,8.566368,47.705767,41.672549,16.61989,18.29085,48.139338,42.477986,7.002677,8.471834,47.606141,41.807358,7.892631,9.70403,48.463042,42.760698
3369,0.086546,5,4,4,0.33978,0.52967,41.389045,41.078792,1.042043,1.41005,41.492402,41.385472,0.589192,0.448603,41.026614,41.265429,0.508788,0.448809,41.617165,41.620416
3370,0.555664,5,4,4,3.579214,2.096739,41.024609,41.406436,8.540677,6.144012,41.410967,41.513164,2.74997,3.774577,41.295616,41.029038,2.630901,3.180507,41.622332,41.617922
3373,0.234282,5,4,4,1.595977,1.5377,26.917158,41.003462,4.737311,3.956519,27.034751,41.368355,2.442988,1.230622,26.647416,41.256286,2.046919,1.290833,27.147172,41.618939
3383,0.249233,4,3,3,7.134897,5.650485,46.789167,47.362515,19.076921,18.213994,47.703849,47.768104,6.996555,8.277143,47.001825,46.500906,8.546495,8.530533,48.424282,48.424553
3384,0.24434,4,3,3,5.664116,6.805953,47.316713,46.867971,17.57347,18.250532,47.789109,47.738442,7.95169,6.927771,46.568419,46.975686,8.138148,8.387424,48.428395,48.424133
3387,0.252397,4,3,3,8.893509,5.759445,39.066913,47.349334,24.671351,19.663835,39.819767,47.677906,8.758341,8.79286,39.244851,46.333445,10.992879,9.270934,40.469618,48.413635
3391,0.222817,3,4,4,3.09565,3.52691,40.644073,21.793373,12.481693,23.271714,40.740248,19.711118,2.901085,10.025967,41.167364,16.469764,5.671153,15.14199,43.27751,22.799148
3398,0.212293,4,3,3,5.648163,5.816042,34.26971,40.27842,17.09756,14.832467,36.123882,44.175748,8.052513,5.960482,31.908591,40.595125,7.341232,6.624381,39.005792,47.997021
3404,0.71222,5,4,4,1.715396,10.153575,45.652146,36.002271,12.244372,19.360352,45.421667,37.809192,10.130132,3.702705,42.970249,38.059756,12.48852,8.661541,45.620369,38.331263
3407,0.575579,4,4,4,12.392884,2.684929,29.259015,47.944585,28.847476,16.783372,32.978621,47.317208,6.211806,10.302245,33.696395,43.617725,12.532164,13.227495,35.36651,48.165094
3411,0.290984,4,3,3,21.841977,13.859139,17.872489,30.342639,65.423059,43.11885,20.568838,33.16384,26.251856,16.323597,16.808844,29.199739,27.721479,18.756235,28.255589,40.271162
3412,0.489585,3,4,4,11.333221,10.038383,37.449924,26.759712,36.345114,48.212752,39.225227,25.652873,8.541309,21.424653,39.764167,20.992078,18.298246,36.025679,42.945588,29.719077
3415,0.666486,4,4,4,2.259223,3.237429,48.193066,47.901655,12.266781,13.144304,47.986621,47.916928,4.86213,3.497928,47.373448,47.879018,7.215883,5.731759,48.419378,48.448211
3422,0.319697,3,3,3,69.05751,19.067332,20.879774,38.354183,97.929378,64.327814,32.309924,40.287337,18.274106,50.253351,35.164188,27.574413,32.940444,44.879903,40.431313,45.360018
3425,0.529066,4,3,3,25.526923,66.795587,44.315968,34.190582,90.068794,103.255871,45.899572,48.47664,69.585787,19.422982,31.850458,51.950508,63.854455,37.338544,51.012632,58.054667
3429,0.145738,4,4,4,2.756299,7.93586,36.76195,12.74438,10.460961,33.458768,37.18402,12.617938,2.969335,8.092567,36.667334,12.944664,5.208216,12.89056,39.989826,17.720377
3432,0.185043,4,4,4,5.901702,6.863748,22.490739,36.022034,38.242226,19.601887,19.28109,40.039902,22.951138,4.087102,12.835151,41.983129,22.119101,8.374541,25.178445,47.342924
3433,0.347212,4,4,4,12.991315,5.854545,35.919246,43.635527,37.679291,34.882055,39.797487,40.559172,7.951235,16.673713,41.669826,33.581739,16.07139,22.790996,47.295835,46.300562
3437,1.111757,4,4,4,27.46693,9.924668,35.665043,46.728411,61.483811,42.419552,39.95236,46.611936,12.291231,24.084639,40.984043,42.147195,30.571686,34.708779,42.536194,47.909012
3440,0.511608,4,3,3,12.898417,15.916812,43.710766,44.855121,51.89298,47.696401,43.967131,49.034051,22.452172,15.481346,37.439419,46.03449,31.882189,22.023481,50.730177,57.584968
3443,0.293571,4,4,4,3.537494,7.213103,38.637212,25.375586,19.449385,26.862444,37.561217,25.852348,5.257045,6.01774,37.330798,26.419999,10.616056,12.479267,39.979868,28.342675
3449,0.174938,4,3,3,4.143516,16.599006,55.029729,31.265295,17.807246,29.829422,54.746532,39.309938,11.986988,5.792165,44.296847,40.979073,12.948628,11.214035,57.955909,43.597851
3452,0.318376,5,4,4,2.509219,2.025151,58.414626,38.077181,8.970065,12.254858,58.949167,37.356425,1.991721,4.415161,59.391565,36.170401,2.845545,8.069385,60.797965,38.468826
3457,0.500364,5,3,3,29.938899,49.575834,52.177053,45.556336,76.184028,90.075737,56.497352,55.232308,46.860924,26.804016,47.196376,53.922818,43.309117,33.571783,60.135609,60.422298
3458,0.704937,5,3,3,76.727906,45.696161,41.448784,51.255209,145.396985,115.225895,50.305146,55.991514,46.03135,66.2224,48.397153,47.153088,54.421812,63.07823,55.485439,60.087666
3461,0.498442,5,3,3,31.624055,56.545566,51.50785,39.889431,81.785534,112.829779,55.962993,48.155223,48.741146,35.69804,46.580501,46.191612,47.812893,48.159275,59.977823,53.491571
3471,0.410798,4,3,3,36.185339,17.211732,35.007675,38.788422,89.882219,81.263951,40.576445,37.827462,22.495256,43.468423,40.834232,30.775979,36.821595,56.068773,47.526567,41.808895
3472,0.501823,4,4,4,5.598674,7.260173,45.926045,30.945072,19.035354,31.91626,46.630675,30.571699,4.657206,8.516921,46.783207,30.347467,11.005811,14.253877,48.19312,33.906091
3473,0.252051,4,4,4,5.442253,47.871865,55.065281,12.242226,26.507077,89.392224,53.872815,18.573738,13.606363,22.859862,46.404985,18.62127,19.178445,30.68837,57.683288,28.129567
3479,0.748531,4,4,4,26.280182,10.412192,50.93459,46.500044,63.668329,63.152502,55.340746,45.127442,13.98099,35.916064,56.201021,38.828797,32.026199,55.306593,58.641222,46.9174
3487,0.579101,5,4,4,4.811275,8.217278,39.135025,46.770348,23.290002,21.362577,38.756428,48.86738,10.746894,4.542623,36.220255,49.398097,19.306348,10.760189,39.776111,50.51747
3488,0.47012,4,4,4,7.038431,48.35192,52.517057,18.077563,38.408321,84.488901,49.567503,27.909223,26.286639,16.061641,35.587979,31.522152,31.959549,28.95895,55.236385,41.066733
3490,1.192051,4,4,4,8.587127,11.998884,58.55221,50.653198,35.979404,44.858828,58.5324,50.795405,12.923712,15.167745,58.006243,50.316913,26.911541,25.213019,59.003252,51.399549
3491,0.482097,4,4,4,22.181182,10.360088,37.70637,36.071025,47.84916,54.089203,47.149857,33.622516,9.470867,41.83221,50.332153,20.59886,20.558553,44.264792,57.355764,39.383862
3492,0.28408,4,4,4,10.601872,13.786145,22.656556,20.723381,38.482159,42.446735,23.49806,22.849476,15.900114,11.104745,20.056579,22.73128,25.316704,13.715746,27.178215,27.993881
3493,0.433005,4,4,4,4.582199,24.768108,55.191577,24.188946,20.9674,41.819178,54.48785,34.32282,12.407253,8.910252,45.588202,36.042683,14.43704,19.366759,57.992799,41.00098
3499,1.068857,5,4,4,59.017847,18.656907,39.70134,59.432023,141.741376,87.493585,44.773393,59.054862,34.22433,45.399031,45.194086,55.155045,65.669363,78.836104,48.494922,60.221227
3500,1.210054,5,4,4,29.834753,79.436981,41.778371,33.377762,148.002503,161.141564,39.309822,44.44748,124.729208,38.163854,22.721452,45.673225,113.043363,61.375335,47.466177,58.437299
3502,0.499654,4,4,4,6.97915,2.60234,39.82465,57.970141,13.559571,9.650632,42.691027,58.17471,3.309881,6.13792,42.78504,54.583243,6.455094,5.946739,43.567624,58.986801
3506,0.36899,4,4,4,5.13755,5.744969,38.152152,37.705393,16.183031,14.677004,38.977774,39.205255,7.456949,5.323737,36.712171,38.230906,8.150692,8.545053,40.257777,40.240627
3508,0.078812,4,4,4,6.712652,0.399747,10.96513,40.055676,9.314076,2.978528,14.832638,39.311064,1.669261,1.921562,15.385892,35.577347,3.0647,1.845562,15.885753,40.236364
3509,0.198436,4,4,4,1.563567,5.216785,24.819443,34.647274,12.136047,8.75223,24.095334,38.963539,8.380457,1.60254,20.109649,39.627961,7.280856,3.030289,24.957678,40.350532
3512,0.103502,4,4,4,10.276457,0.878771,8.461058,39.456302,22.800852,6.736908,11.164569,37.63955,4.779273,2.513794,11.995561,35.602922,7.515156,2.744877,14.790621,40.182272
3514,0.294592,4,3,3,23.206114,8.192296,43.35662,48.279557,49.97995,52.674235,53.027602,44.688147,10.134422,38.936182,55.805907,31.094395,18.834308,24.188405,62.512661,51.160416
3515,0.251558,2,3,3,9.346147,31.80016,44.594433,25.507677,49.682914,77.437656,43.177485,30.939569,29.390495,17.845661,35.491211,31.962602,24.252717,27.897637,46.945494,38.897329
3524,0.646231,4,4,4,10.494397,41.087859,43.286173,29.396594,48.385269,74.374048,43.027327,34.641947,33.68976,14.584891,37.85736,35.495852,41.85335,27.654896,43.976965,36.721391
3527,0.705507,5,4,4,4.07698,8.082879,49.884939,36.116842,9.63001,14.308706,50.443677,38.23145,4.454376,4.04691,49.834109,38.124096,6.437219,6.368329,50.694351,38.687524
3529,0.984973,4,4,4,29.67108,23.150871,44.074623,47.478554,86.362426,82.246601,48.722813,49.310832,32.457214,37.520404,43.603457,41.458706,37.35863,42.644647,57.691265,57.307581
3530,0.510156,4,4,4,11.990738,15.367809,47.478554,44.074622,42.598717,44.730466,49.310837,48.722814,19.433278,16.810855,41.458709,43.603459,22.087325,19.349491,57.307581,57.691263
3533,0.628489,4,4,4,34.810238,16.066368,26.546382,46.367091,89.953183,57.836886,32.545732,48.122316,35.057464,27.720737,27.187497,39.232465,33.41444,30.148462,44.45981,56.949694
3537,0.692756,4,4,4,3.037513,10.44095,58.288329,52.455349,9.855675,13.286197,58.597149,58.187234,9.927753,2.2643,53.403242,58.703218,10.137021,6.822638,58.904582,59.038825
3544,0.389741,4,3,3,9.908715,23.10413,50.7916,47.881233,55.346267,48.646735,48.553584,56.517114,34.722328,10.178836,37.808296,58.358482,23.821504,21.404702,53.896084,62.78653
3550,0.984142,4,4,4,0.791959,0.659077,16.268141,16.268394,1.718328,2.101939,16.268746,16.268627,0.489811,1.102981,16.268692,16.267555,0.691153,0.87671,16.268981,16.26897
3551,0.806309,4,4,4,7.543501,5.481945,47.29954,48.154036,19.994531,17.646174,48.378843,48.566662,5.159477,6.590333,48.372979,47.864889,8.208357,10.655725,49.230609,49.182064
3553,0.753594,5,4,4,0.589103,0.490259,16.746678,16.746921,1.278192,1.563543,16.747257,16.747144,0.364349,0.820457,16.747205,16.746117,0.51412,0.652148,16.747483,16.747473
3559,0.52024,5,4,4,0.712987,0.685186,15.270791,16.745284,2.324298,2.306581,15.271425,16.745988,0.697109,0.841661,15.271038,16.744562,1.200517,1.203844,15.27241,16.747313
3562,0.562009,5,4,4,0.470696,1.128942,60.860442,45.865067,2.0106,3.070573,60.857595,45.918461,0.772939,0.651502,60.809162,45.931539,1.526798,1.497318,60.889336,45.955362
3567,0.776216,5,4,4,5.049361,2.159764,41.137121,49.712179,14.873834,10.923261,41.479903,49.611134,3.149751,4.211093,41.598046,49.258603,7.035184,7.831153,41.816867,49.855254
3571,0.391805,5,4,4,3.986334,5.729176,47.686023,45.924291,10.358021,11.407063,48.920945,48.731952,5.479589,2.681256,46.50518,48.908879,7.920152,5.5768,49.659996,49.7891
3573,0.273362,5,4,4,3.985119,2.602122,45.942689,47.923677,7.855328,7.029886,48.759376,48.969649,1.773765,3.852654,49.001752,46.463713,3.770595,5.525012,49.797061,49.660076
3578,0.269138,5,4,4,2.391626,8.452575,48.145456,26.045768,8.090465,15.214345,48.662283,30.467921,5.046321,3.243644,44.627043,30.952173,7.22448,7.145391,49.473953,31.936909
3579,0.684706,5,4,4,0.803587,2.141695,60.825026,47.811553,4.33693,6.257223,60.774943,47.941473,1.660452,1.223001,60.635355,47.996946,3.338441,3.073488,60.867627,48.059784
3582,0.635589,4,4,4,27.121032,10.174686,27.631077,43.988469,47.22542,31.696455,35.352274,45.560386,11.706125,13.961655,35.580776,42.02986,22.113885,21.33938,39.012393,47.824772
3583,0.175682,5,4,4,2.727085,1.856047,38.868045,40.168472,5.48996,6.494614,40.814645,40.529637,1.216189,3.769995,41.007881,37.497667,2.1658,4.257461,41.570085,41.409584
3584,0.34145,5,6,0,2.134017,0,38.286074,0,3.571526,0,38.752549,0,2.388117,0,38.225369,0,2.984746,0,38.827446,0
3589,1.756947,5,1,0,102.431365,0,72.498088,0,248.976576,0,78.300669,0,56.023873,0,78.893865,0,131.040409,0,79.958069,0
3593,0.255383,4,4,4,8.413857,6.530511,51.593718,53.863254,17.453096,14.853848,56.485718,57.126048,6.899641,6.413,53.880261,54.428411,8.128922,8.075545,58.861023,58.864689
3594,1.77452,3,1,0,170.039905,0,58.14921,0,332.202821,0,74.902295,0,88.791705,0,74.35741,0,160.526423,0,79.886431,0
3595,1.105391,4,7,0,1.742737,0,59.050129,0,9.880752,0,58.959148,0,5.263372,0,58.381189,0,7.79201,0,59.105415,0
3596,0.258025,4,6,0,1.812198,0,38.150946,0,5.789958,0,38.413345,0,2.536146,0,37.696509,0,3.32945,0,38.791957,0
3597,3.163792,4,1,0,114.416603,0,79.382418,0,537.571047,0,79.042397,0,170.906272,0,78.104339,0,306.04684,0,79.970227,0
3598,0.438253,4,6,0,8.28205,0,35.183391,0,25.832995,0,36.455532,0,9.717628,0,34.602043,0,13.636922,0,38.505362,0
3605,0.463876,4,6,0,13.951752,0,32.066793,0,24.379272,0,36.863158,0,7.278392,0,36.319947,0,10.669541,0,38.657981,0
3606,2.455711,5,1,0,72.489829,0,79.735024,0,363.745022,0,79.481214,0,113.130204,0,79.0219,0,210.080083,0,79.983447,0
3613,0.292112,5,4,4,1.94616,0.964376,40.986124,29.097686,3.799952,4.228129,41.470472,29.088682,0.79366,3.382319,41.52296,28.412262,2.04509,4.712934,41.611137,29.126326
3614,0.224094,5,4,4,0.610583,2.619514,41.50985,26.043835,2.743992,5.481134,41.487893,26.561292,1.971709,1.166637,40.670709,26.617194,2.868153,2.906566,41.565497,26.714973
3617,0.647373,5,3,3,5.157717,5.211848,58.747954,58.709048,14.004596,15.472073,59.869425,59.666791,5.81762,5.795307,58.502491,58.518088,8.186271,7.905752,60.735879,60.746319
3622,0.508982,5,3,3,3.477333,10.422401,41.475619,40.45749,13.02382,16.265747,41.501236,41.433201,10.309812,3.512826,40.590096,41.488889,14.024501,8.661857,41.568186,41.606688
3623,0.488408,5,3,3,9.997307,3.333226,40.458269,41.475932,15.615223,12.500341,41.433033,41.501175,3.371223,9.893479,41.488857,40.59002,8.312846,13.46265,41.606679,41.568141
3626,0.427379,3,4,4,10.526579,6.927362,36.946631,39.856654,23.77553,21.657793,40.771386,41.164069,8.603652,10.197467,38.882206,37.660322,10.852982,13.243129,43.278874,43.135757
3630,0.29386,4,4,4,2.334571,4.511031,31.836876,30.302257,10.821651,12.172365,31.675109,31.474641,3.829791,3.802835,31.015381,31.03429,6.476205,6.016927,32.333678,32.34855
3633,0.498801,4,4,4,26.122107,10.702941,23.504935,31.00253,55.652152,44.302629,29.400527,30.970212,14.42604,23.082334,29.339585,25.254389,22.799458,29.9221,34.530571,34.142807
3636,0.267844,3,4,4,3.6216,3.448308,40.767772,28.053142,10.164118,15.919596,42.099297,27.756633,3.272283,6.715923,41.407765,25.733113,5.470011,10.476373,43.386202,29.020757
3641,0.442212,5,4,4,1.772174,2.697464,37.091828,49.009436,5.407044,4.415909,37.184473,49.761185,2.022415,1.949287,37.058475,49.470978,3.117222,2.467678,37.280492,49.90398
3644,0.497425,5,4,4,1.266445,1.031153,35.803068,45.683661,3.555288,2.669301,35.841502,45.739973,1.350962,1.036614,35.801988,45.692658,1.321749,1.019958,35.872936,45.777265
3648,0.502565,5,4,4,0.642915,0.852553,38.441554,49.84276,3.723261,3.081028,38.419725,49.861295,1.528377,0.788252,38.350807,49.861929,2.330356,1.365302,38.456813,49.921504
3656,0.498604,4,4,4,6.41763,3.199205,31.141007,39.846703,14.840933,10.133238,32.067384,40.074736,3.453928,4.503298,32.14957,39.44813,6.672734,7.198119,32.489643,40.359837
3662,0.458964,3,4,4,10.600359,5.161979,40.089228,30.79524,23.523309,27.69882,44.441828,29.576314,5.423181,23.766595,44.940987,19.598637,9.639396,17.021305,47.261026,32.31614
3666,0.681181,5,3,3,92.306073,81.757786,32.248381,36.266741,181.918524,167.958588,42.894898,46.978255,101.44613,84.907856,31.703968,36.571946,76.203807,82.065342,53.870697,58.098837
3667,0.214603,3,3,3,23.243139,19.115592,41.444892,36.777307,42.832806,46.826505,51.321085,41.179332,13.462879,28.51573,49.29682,32.953197,15.655745,25.352708,57.420976,44.785838
3673,0.371324,5,4,4,0.567421,0.284647,50.684059,50.737274,1.760424,1.504871,50.714327,50.725304,0.375471,0.693773,50.727066,50.661253,0.889182,1.325274,50.752051,50.746439
3678,0.504745,2,4,4,33.799445,17.135526,17.611043,42.510361,64.550077,34.542701,26.177678,52.800032,46.362767,13.665804,15.150881,46.93282,25.360694,18.590319,38.509995,60.536659
3679,0.034659,4,4,4,0.945224,0.453839,47.824117,57.087887,1.606172,1.271882,58.394284,59.999858,0.492732,0.798172,56.850542,51.142396,0.774679,0.76432,62.955286,62.972252
3682,0.249545,2,4,4,0.837425,1.870484,31.645922,22.763919,2.808087,4.731154,31.679328,22.899365,1.291202,1.421929,31.539503,22.869506,1.168865,1.584564,31.744303,22.975498
3683,0.320007,2,4,4,1.28736,6.034851,39.373222,26.476998,6.881378,10.357498,39.201316,28.433887,3.320427,2.010734,38.266738,28.637908,3.49062,3.568569,39.596107,28.883823
3686,0.210578,5,4,4,0.933323,1.397745,50.219895,29.156391,5.229273,7.372021,49.815089,28.953357,1.443879,2.260846,49.686716,28.734262,2.600176,3.859749,50.645992,29.406876
3692,0.309831,5,6,0,3.701458,0,37.070121,0,12.623493,0,37.560235,0,4.763605,0,36.400393,0,8.188253,0,38.598146,0
3704,1.258942,4,4,4,2.688115,3.065343,48.37166,43.352742,11.794724,13.321824,48.355208,43.339082,4.024824,3.776053,48.252947,43.310493,5.847674,7.089071,48.484585,43.459473
3716,0.367661,3,3,3,25.733475,21.334297,47.363526,32.06695,75.122805,111.593178,51.102654,30.331601,18.842492,60.100948,51.33433,23.245636,28.36818,60.654306,57.357946,35.259063
3722,0.468383,3,3,3,18.77339,10.1209,41.947118,33.090175,37.09349,42.083928,45.762837,33.068214,8.483398,24.808626,46.08979,29.389462,15.811685,27.181723,47.384251,34.050857
3727,0.48835,3,3,3,55.69863,21.086046,22.3938,41.356204,91.992736,59.961368,30.289216,43.904232,35.004087,36.772651,27.300154,36.459086,42.389704,35.549697,34.180817,46.858979
3731,0.386713,3,3,3,25.169821,15.901654,37.4329,41.748429,48.725525,45.996211,43.757645,44.078319,18.010686,28.039572,41.202832,36.878947,23.943708,27.194884,47.036338,46.901193
3733,0.460908,5,4,4,0.820449,2.152473,41.577611,32.571792,3.72639,5.303578,41.566421,32.690354,1.64989,1.151557,41.448485,32.709259,2.554057,2.408953,41.618793,32.750595
3741,0.867212,4,4,4,9.918258,4.169261,39.424077,47.912877,25.179247,18.089784,40.667281,47.853723,5.410141,8.626275,40.919404,46.567344,11.479829,13.179521,41.455396,48.346224
3747,0.332939,5,4,4,2.292724,3.095118,48.786739,33.535147,5.204346,8.069381,49.542771,34.077272,2.514954,3.173599,48.712829,33.590552,3.03256,3.796948,49.867965,34.405464
3750,0.930762,5,4,4,7.652737,3.755003,48.369199,42.705727,13.670145,11.564531,49.584891,42.836411,3.947814,8.463083,49.502409,41.722321,3.573392,6.755418,49.915934,42.982224
3757,0.240523,3,3,3,9.990229,9.183423,38.813378,24.101627,25.511317,42.066512,41.289602,23.756999,6.023132,23.963418,41.593411,19.508997,11.840595,29.956517,43.337987,25.319732
3763,0.518369,4,4,4,0.832426,2.036838,49.2276,48.881969,3.503207,4.347676,49.224261,49.182695,2.0708,1.057168,48.912802,49.195127,3.150368,2.143129,49.278125,49.292998
3767,0.554268,5,4,4,0.422818,0.780254,60.86687,60.794241,1.81324,2.110688,60.864214,60.852265,0.724248,0.454488,60.817554,60.865907,1.390596,1.014444,60.89083,60.894963
3770,0.683053,4,4,4,7.39739,36.043334,46.048576,25.609306,32.184905,53.432449,45.817422,35.438047,26.986858,9.426488,35.951546,37.515634,25.582621,21.279412,47.676113,39.606699
3782,0.657574,5,4,4,3.300377,2.093466,40.795219,41.044176,4.511923,4.554415,41.166744,41.165869,1.283376,3.60374,41.156393,40.768998,2.123949,2.508146,41.20907,41.207397
3783,0.360738,5,4,4,2.31875,3.161431,41.026934,30.365232,6.818665,8.840397,41.306714,30.667753,2.796795,2.393968,40.865656,30.639346,3.248787,3.956287,41.598062,30.90504
3784,0.519302,4,4,4,4.760544,4.675081,29.345322,32.064323,12.850829,12.014304,29.876874,32.498115,5.668947,4.821198,29.105108,32.100022,5.613734,5.572238,30.235895,32.758313
3791,0.491833,3,3,3,22.85829,31.664684,37.719849,37.550064,67.315439,63.861122,39.870281,43.581504,40.307772,24.099932,33.064962,40.770451,39.042899,32.246998,42.669517,46.979311
3796,0.311696,3,4,4,35.339418,5.228767,11.191106,42.677758,70.977672,29.799065,16.562002,40.040784,18.692022,14.100235,16.366672,33.404986,28.731916,26.176977,26.240376,44.230752
3803,0.568291,5,4,4,2.418083,8.254297,60.064687,54.430246,7.848711,10.575518,60.360822,59.967696,7.857459,1.803435,55.351206,60.462483,8.075705,5.43615,60.655416,60.783992
3811,0.408933,5,4,4,1.740012,5.939654,60.064685,54.430243,5.6478,7.609965,60.360823,59.967694,5.654095,1.297722,55.351206,60.462483,5.811142,3.911762,60.655413,60.783988
3812,0.390174,5,6,0,2.612616,0,38.209524,0,9.067483,0,38.383672,0,3.708943,0,37.762563,0,5.136325,0,38.789335,0
3814,1.81376,5,1,0,48.10604,0,79.272776,0,206.751596,0,79.161539,0,134.004856,0,68.872674,0,174.751676,0,79.898392,0
3815,1.144237,5,1,0,29.503157,0,79.338233,0,145.230641,0,78.806776,0,58.091444,0,75.449761,0,95.662226,0,79.937759,0
3816,0.296647,5,6,0,2.528117,0,37.858574,0,12.809412,0,37.423758,0,21.527341,0,24.309286,0,11.721914,0,38.309789,0
3817,0.560692,5,1,0,11.273655,0,79.714834,0,59.88334,0,79.324958,0,23.723315,0,77.304999,0,39.707353,0,79.964954,0
3818,1.778453,5,1,0,43.09326,0,79.462833,0,227.762697,0,78.771492,0,129.362101,0,69.219635,0,159.704102,0,79.920318,0
3819,0.204842,4,6,0,8.817518,0,28.915034,0,16.619539,0,34.954422,0,7.951458,0,30.391012,0,8.445608,0,38.265525,0
3820,0.525938,4,1,0,12.255557,0,79.44919,0,64.795514,0,78.740174,0,36.415872,0,69.280762,0,44.844194,0,79.921755,0
3822,0.378048,4,6,0,3.261439,0,37.836772,0,9.839717,0,38.274127,0,3.544847,0,37.788579,0,5.31481,0,38.779993,0
3823,0.783702,5,1,0,32.544645,0,79.161425,0,132.138153,0,79.199595,0,36.533126,0,78.983173,0,70.956834,0,79.979858,0
3824,0.43448,5,6,0,2.441034,0,38.387629,0,6.187334,0,38.668097,0,2.028123,0,38.55815,0,2.808893,0,38.841631,0
3825,0.893941,4,1,0,29.778125,0,79.531731,0,139.978658,0,79.269436,0,39.209208,0,79.030153,0,77.093186,0,79.980002,0
3828,0.358489,4,4,4,3.420414,1.540399,25.163135,36.356825,18.340011,11.903408,25.052747,36.226867,3.929355,3.485532,25.135359,36.175458,6.271312,5.161571,25.298562,36.397573
3831,0.33619,4,3,3,2.693783,3.101859,44.193108,38.933628,18.248981,21.110735,43.773373,38.55872,4.385458,5.532809,43.854386,38.536691,6.653523,7.893708,44.426564,39.13188
3832,0.465418,3,3,3,3.121917,3.580781,43.392985,39.590743,26.334353,35.426365,42.821834,38.782953,5.800513,8.326344,43.012601,38.933606,8.448059,12.652783,43.560055,39.725377
3833,0.105955,3,4,4,1.587831,2.871781,31.32045,13.535227,10.697912,20.031525,30.715445,12.949421,2.720157,5.27518,30.735389,12.908522,3.840947,6.916612,31.681519,13.804098
3839,0.451168,4,4,4,1.491745,3.388324,40.395831,31.753587,12.887184,18.96349,40.252176,31.652978,4.056062,3.476266,40.164605,31.760842,6.284656,6.117159,40.422088,31.862646
3840,0.253166,3,4,4,1.353868,1.182359,39.215661,26.851184,5.758041,8.217811,39.189034,26.610666,1.160678,2.701284,39.356151,26.376402,2.033007,3.967036,39.622109,26.943389
3843,0.623301,4,4,4,1.718783,1.497258,33.777388,40.347392,19.802333,17.803358,33.278413,39.756018,4.773784,3.53651,33.345985,40.014344,7.32952,5.778213,33.819959,40.407033
3845,0.28493,4,4,4,1.030995,2.393255,48.153239,31.449767,4.701969,7.677412,48.080574,31.711146,1.901062,2.101002,47.539674,31.657458,2.844785,3.726895,48.430979,32.070985
3846,0.454926,4,4,4,3.401864,6.014229,56.916862,39.239,10.259623,14.355672,57.85813,41.340491,3.775335,4.435479,56.730517,40.827064,5.480573,7.242885,58.982796,42.434683
3847,0.372861,5,4,4,4.152543,4.047052,56.538799,38.841904,6.874567,9.366014,59.983306,40.216859,2.039943,4.932423,59.712324,38.247463,3.367292,6.159082,60.795941,40.763704
3848,0.512402,4,4,4,0.402831,0.890925,40.431481,32.67265,2.255446,3.338595,40.422359,32.677326,0.738991,0.556394,40.410322,32.690431,1.51531,1.47785,40.438889,32.698217
3854,0.386007,4,4,4,1.780659,2.247986,58.204083,57.708071,7.936319,7.85971,58.057005,58.076112,2.967686,2.272078,57.026894,57.823141,4.075096,4.231887,59.021847,59.011651
3857,1.51247,4,4,4,5.855899,4.448995,50.456467,59.046425,28.466927,22.533306,50.39521,58.992139,8.784578,7.145632,50.299108,58.911001,13.270412,13.508195,50.590228,59.132916
3859,0.390108,4,4,4,1.13682,0.590485,30.783919,40.403087,8.35001,5.520572,30.640446,40.255434,1.674916,1.422853,30.722546,40.254621,3.09981,2.387794,30.837188,40.426633
3860,0.121797,4,4,4,0.084601,0.224907,40.433893,40.384841,1.000161,1.395146,40.375731,40.316924,0.329118,0.218455,40.335828,40.393603,0.60337,0.476225,40.432046,40.43601
3862,0.214944,4,4,4,0.24162,0.134718,59.091696,32.400868,0.782975,1.158593,59.116616,32.389693,0.104271,0.57208,59.147555,32.34749,0.248853,0.503643,59.157913,32.402957
3865,0.403605,3,4,4,0.396272,0.422284,39.632117,39.629825,5.438388,5.271115,39.475871,39.485784,1.094674,1.069011,39.540141,39.544944,1.433868,1.255122,39.644071,39.645394
3866,0.212449,4,4,4,0.123515,0.159467,25.740479,40.432449,2.789775,2.094376,25.696529,40.347993,0.667319,0.323914,25.702854,40.406689,0.81771,0.403702,25.740412,40.441226
3869,0.276462,4,4,4,0.510507,0.276301,40.384843,28.102002,3.166781,3.266636,40.316927,28.060024,0.495862,1.075074,40.393603,28.028669,1.080963,1.97056,40.436011,28.100793
3871,0.607656,4,4,4,0.662956,0.862217,33.708734,40.433521,8.692765,9.555063,33.681757,40.381044,2.148091,1.55925,33.684028,40.416821,3.699126,2.677067,33.709515,40.440651
3875,0.16772,5,4,4,4.194425,1.205868,25.24483,58.774985,6.522545,2.818288,28.50563,60.12615,1.940458,1.45703,28.279997,58.240438,3.137044,1.855957,29.097737,60.747259
3877,0.401151,4,3,3,4.754189,5.323893,43.896644,39.439109,25.63521,26.161512,43.534409,39.243883,7.838902,8.154785,43.1979,38.950101,11.266389,13.841288,44.383899,39.853223
3878,0.303722,4,4,4,2.141205,2.308317,57.132375,31.124391,6.358116,12.874851,58.020644,30.287333,1.667483,5.077768,57.979603,28.218844,3.236393,5.401388,59.019399,32.017158
3882,0.410131,4,3,3,4.828658,3.498416,43.903547,44.158615,23.79458,22.544118,43.683901,43.757258,5.58149,7.828855,43.804809,43.249152,9.011259,10.722991,44.416617,44.395038
3883,0.553689,4,3,3,3.980077,5.242805,44.244333,44.091527,25.459523,26.28601,43.956106,43.924949,8.427449,6.329226,43.6549,43.987192,11.838624,9.9508,44.419403,44.434153
3887,0.749438,5,4,4,3.786419,0.951851,59.759337,48.91803,6.954753,8.305741,60.643248,48.760218,0.972592,5.309971,60.818613,47.73698,3.781225,4.302238,60.865458,48.941181
3889,2.293528,4,4,4,1.656571,10.487022,59.130465,54.103587,14.723901,15.203225,59.033199,54.801386,10.3435,2.166692,58.333228,54.875752,8.27597,10.138815,59.141922,54.889852
3892,0.951638,4,4,4,4.035341,0.68735,58.339915,59.13047,5.854997,6.109288,59.042988,59.033204,0.834446,4.291758,59.121723,58.333233,3.904705,3.433892,59.136935,59.141926
3898,0.237082,4,4,4,0.877895,0.457347,29.955132,48.394205,5.762721,3.792487,29.789403,48.104149,1.227062,0.971423,29.876074,48.107005,2.336844,1.472758,30.039517,48.472505
3899,0.24154,3,4,4,2.050935,1.105281,25.005604,47.003769,16.136875,7.993193,23.276703,46.049355,3.954606,1.833686,23.47092,46.32113,5.713301,2.992493,25.586611,47.442811
3900,1.458058,5,4,4,2.781337,4.75542,60.712347,53.732271,11.824335,14.908201,60.700716,53.891256,3.666777,3.096319,60.61669,53.968697,7.385904,6.469236,60.8652,54.100132
3901,0.309131,4,4,4,3.967938,4.002892,53.832579,35.140845,7.479021,10.309951,57.685078,36.585676,1.83217,5.040468,57.806623,34.280108,3.693916,7.4323,58.985492,37.382277
3903,1.005767,5,4,4,7.449034,11.444632,49.878365,47.977053,16.54071,18.896015,51.030076,50.879413,8.918382,5.148592,49.458108,50.801036,12.700198,10.233741,51.414043,51.457018
3909,0.636218,4,4,4,0,0,49.306801,49.306801,0,0,49.306801,49.306801,0,0,49.306801,49.306801,0,0,49.306801,49.306801
3911,0.533751,4,4,4,6.745128,3.443904,38.488324,32.572389,14.371245,16.292739,39.825804,32.453319,3.931409,7.857916,39.752487,31.315033,8.466999,10.36523,40.343647,32.869342
3912,0.867283,3,4,4,4.665012,8.581459,40.30636,39.170752,20.48563,21.048531,40.236509,40.204475,8.16413,6.502103,39.465736,39.940146,12.042923,13.282305,40.746562,40.728056
3913,6.854584,5,4,4,3.93903,15.469891,65.496071,63.397574,17.816797,24.400657,65.491406,63.645894,15.687488,5.721682,65.227041,63.653583,18.536551,13.009312,65.50693,63.68748
3922,3.52036,5,4,4,2.042955,8.447111,60.880281,60.611212,9.420262,12.681342,60.875554,60.857037,8.610826,2.804439,60.631057,60.867724,10.026253,6.714109,60.888336,60.894555
3926,1.673414,5,4,4,2.35885,2.857571,54.826808,60.747687,9.345302,9.312275,54.83249,60.802087,2.559062,2.051314,54.823004,60.826941,5.94835,4.314463,54.892835,60.890343
3928,1.169059,5,4,4,0.494261,1.183324,60.889193,52.632502,1.644158,2.014974,60.892792,52.662395,0.872384,0.845413,60.871487,52.652019,1.061551,1.084163,60.898672,52.668099
3936,0.331992,5,6,0,0,0,38.859998,0,0,0,38.859998,0,0,0,38.859998,0,0,0,38.859998,0
3937,0.074747,5,4,4,0,0,50.757002,50.757002,0,0,50.757002,50.757002,0,0,50.757002,50.757002,0,0,50.757002,50.757002
3938,2.24622,5,1,0,151.245357,0,69.657197,0,306.433309,0,78.494223,0,83.655686,0,78.179731,0,165.638681,0,79.959686,0
3939,0.257327,5,6,0,0,0,38.86,0,0,0,38.86,0,0,0,38.86,0,0,0,38.86,0
3940,0.586735,5,1,0,39.506765,0,69.657199,0,80.043378,0,78.494222,0,21.851684,0,78.17973,0,43.266442,0,79.959689,0
3941,3.93612,5,1,0,265.031927,0,69.657197,0,536.972606,0,78.49422,0,146.592456,0,78.179729,0,290.253783,0,79.959689,0
3942,0.497808,5,1,0,22.926144,0,75.929859,0,53.824862,0,79.296662,0,15.088258,0,79.063498,0,29.732979,0,79.980582,0
3943,0.353362,5,6,0,1.669708,0,38.516706,0,5.945821,0,38.5979,0,1.271692,0,38.67424,0,2.935854,0,38.830436,0
3944,0.196195,5,6,0,7.937998,0,29.495143,0,11.478252,0,36.484207,0,2.751752,0,36.738185,0,5.696588,0,38.548071,0
3947,0.050201,5,4,4,0.07945,0.358612,65.357025,62.957738,0.293702,1.623317,65.387041,62.514771,0.106728,1.4925,65.264887,48.914807,0.1755,1.590392,65.498716,64.197312
3948,0.104004,5,4,4,0.472515,2.239355,64.363883,52.921515,2.563087,3.439565,63.631901,62.400284,2.488575,0.739453,52.22761,63.214889,2.881765,1.759048,64.481357,65.101974
3951,0.486683,5,4,4,2.38233,2.564345,64.197829,64.012041,8.218323,7.438574,64.559887,64.71983,2.912349,2.398063,63.812721,64.312721,3.906547,4.948522,65.417126,65.359203
3959,0.26568,5,6,0,0,0,38.860001,0,0,0,38.860001,0,0,0,38.860001,0,0,0,38.860001,0
3960,0.264044,5,6,0,0,0,38.859999,0,0,0,38.859999,0,0,0,38.859999,0,0,0,38.859999,0
3961,0.526574,5,1,0,13.96622,0,79.272774,0,60.024445,0,79.161536,0,38.904498,0,68.872672,0,50.734176,0,79.898394,0
3962,4.05408,5,1,0,107.525636,0,79.272775,0,462.126976,0,79.161531,0,299.524931,0,68.872669,0,390.601373,0,79.89839,0
3963,0.46802,5,6,0,4.086182,0,37.815017,0,18.880055,0,37.582368,0,21.734642,0,28.737284,0,23.470762,0,38.013901,0
3964,0.39131,5,1,0,8.713352,0,79.596343,0,36.927867,0,79.554909,0,19.394314,0,75.741233,0,28.342634,0,79.96211,0
3968,0.625293,3,3,3,11.653571,13.274594,33.28251,41.493051,46.561953,40.800867,33.450178,43.551243,23.959447,14.229181,28.140952,41.39319,28.211899,21.467435,36.248664,46.928915
3969,0.572061,3,3,3,20.670069,8.431436,27.65772,43.968085,65.092079,39.742626,29.988886,43.161334,20.310966,19.2155,28.340783,37.706059,29.868303,23.212362,35.335007,46.708368
3971,0.495838,3,3,3,8.666941,18.716174,42.92913,26.424575,36.554904,59.410204,42.766367,28.653446,16.001609,20.25077,38.127894,26.226694,22.92418,30.432467,46.486331,33.853305
3972,0.473661,3,3,3,11.84347,38.117242,44.786093,25.570867,47.643322,72.749229,44.888323,31.242812,27.321528,22.218893,39.263623,30.26918,29.007888,29.958238,47.046598,34.117629
3973,0.295167,3,3,3,17.16966,15.222313,38.610025,25.624428,40.032913,65.995987,43.314878,25.322671,11.928305,40.926722,42.314019,18.591853,16.485892,34.804512,47.125363,28.856043
3976,0.727681,5,7,7,1.143295,0.705661,48.621805,60.856409,2.964093,2.415441,48.655723,60.869294,0.871152,0.851303,48.648895,60.844176,1.503468,1.074746,48.67582,60.897207
3979,0.5018,5,7,7,0.603258,0.678356,39.92844,44.613141,1.336679,1.458996,39.946451,44.636448,0.721162,0.258733,39.921128,44.641,0.944747,0.700806,39.951812,44.64433
3981,0.026838,5,3,3,1.493495,0.960807,15.654927,38.656356,3.720344,1.745361,15.938205,40.892518,2.263942,0.555241,15.213356,40.550462,3.150742,0.850961,16.052151,41.548642
3985,0.365004,4,7,7,5.939691,3.722057,36.26524,55.905879,10.572441,8.450595,39.074102,57.992266,4.546068,3.404816,37.811113,56.604896,6.764356,3.666662,39.689972,59.053281
3986,0.286303,5,4,4,5.55177,7.047222,37.754527,25.790975,7.016198,11.408619,41.106397,28.406758,2.379082,3.696683,40.763961,28.07123,3.133735,4.101975,41.582664,28.958635
3987,0.48052,3,4,4,5.068993,9.70663,45.170658,32.166024,14.548841,19.057184,46.265296,35.401844,5.702243,5.838907,44.922775,34.915477,6.82211,9.405481,47.411409,36.538209
3988,0.500192,3,4,4,7.171127,17.389456,43.682561,27.884927,19.736754,27.029216,45.522502,34.73173,10.005798,7.036876,41.800274,34.682077,10.590516,10.397353,47.256637,36.851248
3989,0.499578,3,4,4,12.155851,8.052174,39.600365,33.776725,21.715019,25.045166,45.167968,35.005129,5.382124,15.670899,45.308694,29.376354,8.12487,13.642606,47.371032,36.733819
3993,0.698943,5,4,4,6.628918,6.345736,40.418219,40.507694,10.298743,11.297651,41.427805,41.3891,4.178511,3.863246,41.154859,41.219133,5.191228,4.943179,41.608604,41.610725
3994,0.300721,3,3,3,22.73486,25.979653,27.3504,16.360351,67.378963,107.378916,31.404193,16.329335,20.495304,55.732156,29.328985,11.098782,28.253296,51.787215,44.049701,25.592897
3995,0.525639,3,3,3,29.30647,78.809247,42.505412,24.063867,107.338431,178.365769,43.291352,29.490426,56.104168,60.820072,37.085417,27.093281,73.067175,82.746835,46.482137,34.612517
3997,0.249112,3,3,3,16.940613,18.988785,40.947695,24.264313,43.371075,74.427928,44.207633,24.50639,13.331277,43.556437,43.170699,19.079541,21.459121,44.76682,47.102933,26.997977
4001,0.503234,3,3,3,11.415025,12.300796,30.559822,40.283535,49.100568,38.501536,30.26988,42.506987,23.798402,11.648789,24.931019,41.252635,29.728002,20.895902,34.05009,46.672628
4004,0.258002,3,4,4,3.784017,4.343535,43.547767,42.65286,12.799878,13.135118,44.598306,44.474572,4.454465,4.084395,42.872157,43.431031,6.955575,6.528565,47.090447,47.141292
4005,0.375057,3,4,4,7.70159,4.936889,41.124739,44.157223,19.590365,17.565095,44.347694,44.859309,5.423579,7.338676,43.958392,41.971051,8.396454,10.705488,47.224491,47.039392
4008,0.325853,3,4,4,4.35501,4.347099,44.076203,44.08596,16.213468,15.920495,44.584505,44.669604,5.226534,5.341422,43.350051,43.212933,8.756429,8.901788,47.093185,47.079078
4011,0.763698,3,3,3,19.040717,8.663339,34.213009,43.050981,72.494539,53.295193,34.42302,42.468383,18.021565,20.664465,34.505616,41.31943,33.980882,33.221651,35.656484,43.39211
4013,0.184606,3,3,3,41.928297,9.736142,9.194882,20.703903,106.88697,56.654232,11.572107,19.164102,24.247772,32.329465,12.19407,14.229718,33.298987,35.857637,16.685975,22.133337
4014,0.779007,3,3,3,15.432331,47.745922,39.122216,22.95327,90.525693,141.172061,36.453514,26.217365,44.27596,31.51632,29.923088,27.539751,59.447547,48.773132,41.602352,34.922292
4022,0.275069,3,4,4,6.33339,3.963155,21.010258,37.199892,20.352246,11.931045,22.132696,38.191532,8.842305,3.729465,19.433064,37.625979,9.133627,5.861912,24.252181,39.473756
4023,0.205669,3,4,4,2.567013,1.484246,37.709648,38.900148,5.927068,5.1064,38.940456,39.108707,1.430835,2.880466,39.017079,37.515564,2.482454,2.954207,39.589644,39.566144
4026,0.493476,3,4,4,4.479398,7.806702,42.13802,39.990599,26.217204,29.505012,40.9713,40.433453,10.411353,7.03004,38.563915,40.789873,18.795623,13.332141,42.922709,43.239716
4027,0.283383,3,4,4,19.624731,3.891517,14.123736,40.697692,61.202767,23.347935,16.204115,38.534955,13.643978,10.47172,17.292986,33.710751,18.688481,14.652737,25.201582,42.429292
4034,0.174741,3,3,3,5.629025,6.115205,40.305345,39.864715,18.981895,20.208625,41.197929,40.942735,6.894876,7.177481,39.501315,39.255579,9.704674,9.309077,43.271975,43.29642
4035,0.26508,3,3,3,11.92044,8.904004,33.599353,40.088204,40.794995,32.744288,34.522095,40.650297,13.703494,12.145461,33.123493,38.533378,18.782316,16.610165,37.010382,43.189711
4039,0.250887,3,3,3,9.963485,7.650818,34.002405,40.573589,30.72364,26.452909,35.139761,41.311964,10.069981,10.362638,34.215911,39.220734,14.596216,13.117552,36.811763,43.306832
4042,0.294934,3,3,3,5.1124,18.600618,42.422592,31.747276,28.242116,43.39031,41.649097,35.167634,18.836284,9.905309,35.86588,35.644678,17.744207,13.470043,43.219465,37.73197
4043,0.230113,3,3,3,13.902099,5.464321,35.851442,35.300688,29.650507,27.073017,40.449528,34.831569,6.656993,19.040718,41.0578,29.16604,11.467928,20.377227,43.331919,36.080063
4045,0.114519,3,3,3,3.296706,3.588329,37.492665,37.177058,9.436277,9.595773,38.483942,38.449346,3.256812,3.525804,37.724782,37.457199,3.349775,3.121833,39.575117,39.584456
4046,0.251573,3,3,3,8.182369,8.041923,37.026494,37.097291,22.431636,21.665604,38.312719,38.390745,8.195072,7.486971,37.248297,37.575284,7.212768,7.749852,39.577897,39.567419
4049,0.253434,3,3,3,8.812485,7.268428,32.20481,37.505793,24.073378,20.203823,33.21249,38.549502,7.599396,8.051562,32.788041,37.342948,7.858606,7.129518,34.130642,39.580442
4051,0.279839,3,4,4,5.937643,10.264257,29.213619,16.910205,16.391964,29.486726,30.416119,18.643499,5.617049,8.409466,29.618912,18.194218,7.853089,9.54004,31.59412,21.189474
4052,0.250132,3,3,3,5.058797,19.866222,42.06046,29.316323,25.323278,40.086346,41.459861,34.082933,18.709589,8.515073,34.370682,34.861767,19.649675,14.973468,42.978451,36.783572
4053,0.189578,3,3,3,14.24261,7.184354,37.444495,34.061644,33.825421,32.217727,40.820886,33.859561,7.492882,21.223159,41.416778,29.227862,12.699181,23.319511,43.38163,34.954604
4056,0.250262,3,3,3,13.672859,8.000016,22.042625,37.097291,36.456509,21.552703,23.450916,38.390748,13.62242,7.447957,22.291326,37.575285,11.524074,7.709467,24.642209,39.567421
4060,0.560095,3,4,4,10.193583,3.612777,31.991211,42.800747,28.451253,17.631218,33.61287,42.51727,7.405269,8.195479,33.57477,40.668709,10.777993,11.442062,35.236637,43.386076
4061,0.254134,3,3,3,4.67104,7.693046,42.295331,25.200533,12.428811,21.513684,43.002841,25.804753,5.120143,7.712855,42.214297,25.313276,3.203036,5.874312,43.579997,26.31143
4062,0.418159,3,3,3,5.309958,20.378998,42.925494,27.446405,23.364367,42.092776,42.839323,30.047953,13.203706,9.310399,40.677682,30.33143,14.811179,16.00584,43.458687,31.105116
4063,0.101115,3,3,3,6.937839,7.400201,28.008104,15.628059,15.773464,24.688463,29.475002,15.913664,4.137282,13.385958,29.445414,14.323229,5.176077,11.310534,30.219005,16.419798
4067,0.245178,3,3,3,5.427133,4.199258,35.780945,42.447175,14.494837,12.327376,36.390585,42.971899,5.651901,4.635193,35.813565,42.359769,3.567873,3.706282,36.875695,43.571758
4073,0.189921,3,4,4,9.198737,2.849251,14.741388,24.595434,19.702708,12.16236,18.54794,24.509076,5.657782,7.71775,17.9873,20.39675,6.137468,6.892178,21.754256,25.654597
4074,0.614065,3,4,4,9.056671,22.954058,40.35624,27.044989,43.172993,64.814493,39.557134,30.260147,20.871788,16.926151,34.543881,30.142539,31.981377,28.266505,42.414326,35.305193
4075,0.212028,3,4,4,13.977312,4.265597,13.244098,24.663085,39.380843,22.598563,15.792891,23.512939,9.516089,9.73059,16.208164,20.240189,15.068312,17.505728,22.230757,25.967908
4079,0.542241,3,4,4,20.121405,4.49833,27.661421,45.964616,40.171306,23.168832,33.695345,45.23445,8.90269,15.770478,34.532277,38.397653,15.146506,15.186931,37.367197,47.056919
4081,0.125371,3,7,0,9.203656,0,14.523691,0,19.427384,0,16.829856,0,5.186705,0,16.742626,0,8.019167,0,17.95579,0
4085,0.497554,3,3,3,34.784481,18.553665,26.460055,35.921943,96.977855,65.711481,30.909063,37.588928,33.510585,27.37474,27.546868,31.970986,46.99052,44.458286,40.541145,44.312619
4087,0.460085,3,3,3,10.851059,13.303204,40.603329,35.73694,44.464768,46.427664,40.646012,37.121984,16.960957,16.646229,36.694032,34.171824,23.673134,22.282393,46.264527,42.152871
4088,0.4912,3,4,4,4.926482,15.211009,45.361721,24.341341,22.42133,33.957936,44.969169,29.324238,10.718959,12.894226,41.093978,26.350581,6.984384,7.742689,47.411008,33.439003
4089,0.296162,3,3,3,17.259049,10.786473,38.591445,37.453715,43.750461,43.00899,42.753426,37.619988,15.494701,20.809804,40.186352,33.12572,18.723552,26.428677,47.016243,40.219626
4090,0.104251,3,3,3,3.877037,9.227514,36.423173,23.465476,13.203543,20.513434,37.249237,26.475579,7.000658,5.835721,32.979706,26.10706,8.554751,9.158287,39.135385,28.343864
4091,0.089229,3,3,3,10.165225,5.31391,21.050072,24.642505,26.330218,16.078762,23.80626,25.684553,9.770975,6.025356,21.69312,24.352017,10.980654,8.958651,26.925751,27.035221
4092,0.064497,3,7,0,1.109574,0,46.075249,0,3.216612,0,46.759828,0,1.176332,0,46.071995,0,1.916476,0,47.41965,0
4095,0.246581,3,3,3,9.314822,15.213397,36.346117,33.197766,30.401207,33.812816,37.350723,36.927331,15.924133,9.741008,33.287561,36.407377,19.545863,15.169922,39.167002,39.347585
4098,0.485687,3,4,4,4.079586,4.140794,42.322328,42.288686,21.46125,23.930319,41.656486,41.272995,6.154392,7.158602,41.272452,40.635046,11.42212,10.101543,43.321664,43.37877
4100,0.544152,3,4,4,3.132932,2.77572,42.949437,43.078592,18.103717,15.294144,42.406338,42.715173,4.69735,4.272369,42.387318,42.574255,8.526865,9.915533,43.470022,43.427366
4103,0.23124,3,4,4,7.32479,2.835919,18.648709,41.177862,29.045067,14.458509,18.887258,40.207954,8.469228,4.834856,18.076648,38.62629,12.125062,6.342115,23.526796,43.229514
4105,0.502366,3,3,3,8.756579,26.982869,46.041274,36.611599,37.213969,50.965449,45.956467,41.251949,21.992208,11.350984,41.705433,41.710486,24.729231,20.832493,47.214136,43.174453
4106,0.519051,3,4,4,6.314772,10.721333,44.552359,28.255586,20.770258,33.38614,45.474138,30.219366,7.413424,9.722615,44.026217,29.405262,12.205601,14.118027,47.193301,33.769501
4107,0.492617,3,3,3,30.109933,11.447495,35.745596,38.453743,60.804728,55.18466,40.65381,37.982226,13.02118,32.682925,41.4054,33.179498,24.36003,35.090839,43.335777,39.587608
4118,0.725196,5,4,4,3.089656,10.511627,60.062735,54.449047,10.02233,13.491445,60.360164,59.968189,10.017712,2.308227,55.35868,60.460051,10.287352,6.935079,60.656219,60.784048
4119,0.222692,5,4,4,3.234548,0.947556,54.43024,60.064684,4.144148,3.075614,59.96769,60.360822,0.706698,3.079042,60.462485,55.351204,2.130223,3.164565,60.783986,60.655413
4123,0.497107,3,4,4,7.949769,7.508531,50.677525,38.530658,16.380188,21.901246,55.449136,40.488434,4.585875,9.930643,55.062139,36.779483,9.451774,17.198167,57.575965,42.30752
4125,0.504058,3,3,3,9.606096,5.706297,42.0177,46.851071,31.39843,24.172809,42.475479,46.814044,8.584846,10.768338,42.370597,45.611339,11.238127,12.125602,43.310978,47.462517
4127,0.298931,3,3,3,12.017172,7.233849,41.353548,38.646305,29.757397,28.912775,44.25559,38.730522,8.45678,13.891903,43.817573,35.968388,14.293738,23.541125,46.456731,39.835102
4131,0.654193,3,3,3,10.674054,12.620601,43.173641,45.753495,44.959949,46.795885,43.128607,46.050056,17.256458,13.797977,41.994071,45.652905,20.403911,17.261945,44.148068,47.445815
4132,0.464063,3,3,3,8.484575,5.879017,45.911453,46.692966,31.058063,27.038055,46.214498,46.504902,8.561939,10.838089,46.042134,45.298922,11.097374,12.890095,47.463491,47.435219
4133,0.676883,3,4,4,8.410323,4.324025,44.450537,38.601659,17.691713,16.083908,46.560361,38.722239,4.383209,8.844471,46.624208,36.98715,6.180115,9.011333,47.489809,39.201666
4134,0.498212,3,4,4,4.287121,12.057633,38.623911,27.962102,16.229777,23.412356,38.765995,30.869705,8.557115,5.787569,36.69915,30.950612,7.630392,7.882019,39.555349,31.953101
4135,0.496956,5,4,4,3.879464,4.718565,48.503985,37.15235,6.901878,9.145047,49.618808,38.090795,2.583771,3.685033,49.308716,37.693416,3.422134,4.215658,49.892452,38.341191
4136,0.650124,3,4,4,7.877817,9.530978,44.571375,35.968626,14.688286,19.682629,46.788958,38.127186,6.074687,8.774973,45.786952,36.607458,7.612378,9.79189,47.453649,38.904291
4139,0.319209,3,4,4,7.273938,2.788062,28.456357,45.817768,14.013836,7.062997,31.672124,46.817251,3.550295,3.667147,31.70577,45.058087,4.610559,3.892631,32.813962,47.445964
4140,0.496713,3,4,4,8.75357,6.586476,36.302982,30.491507,18.98175,21.973255,38.478327,30.9742,5.406513,10.186836,38.251296,29.118355,7.572231,9.33185,39.556172,31.912217
4142,0.507295,3,4,4,5.559496,12.089541,53.761485,34.702478,16.621882,23.37172,55.473151,40.479272,7.291739,6.536415,52.16649,40.052998,13.179129,13.176529,57.245393,42.814255
4149,0.502549,3,4,4,6.636367,3.505374,32.720865,42.680213,16.479351,11.918534,33.868663,42.948987,4.522718,5.587191,33.770998,41.726199,5.856814,5.550749,34.558009,43.532843
4150,0.456983,3,4,4,3.663233,3.834851,33.195797,42.324442,11.77171,9.716575,33.467218,43.066768,5.259622,2.88519,32.639371,42.906653,4.914969,3.277132,33.867486,43.570367
4153,0.498681,3,4,4,9.917157,10.699386,41.390379,31.989488,25.669361,33.21103,44.420605,33.746156,7.062702,13.671187,44.071789,30.534074,14.80784,25.598336,47.000892,36.085355
4155,0.481651,5,4,4,1.653109,3.658254,41.443204,32.562471,4.03612,5.180167,41.56179,33.000657,2.975543,1.332332,41.125186,33.00063,2.387585,2.273166,41.621405,33.055023
4156,0.49869,3,4,4,7.489222,7.154012,30.141195,30.286513,16.041649,16.737429,31.462354,31.414813,6.333569,7.438976,30.765016,30.341237,6.27125,6.272633,31.979103,31.979087
4157,0.495006,3,4,4,0.342871,0.449789,15.949342,14.543286,1.120459,1.387235,15.949576,14.543628,0.383796,0.289414,15.949269,14.54378,0.806237,0.830669,15.949904,14.544015
4161,0.497871,5,4,4,1.933003,2.566507,33.149951,41.228623,4.22382,3.316025,33.24546,41.586712,3.395713,0.940092,32.917864,41.577425,2.387896,1.494343,33.278041,41.628222
4164,0.236947,3,3,3,8.486365,3.417996,36.602744,38.999303,18.110968,14.620327,38.628066,38.952895,4.945865,8.54388,38.514097,36.830722,8.565718,11.213878,39.538325,39.464693
4165,0.20095,5,3,3,3.333781,6.767124,33.909947,38.92844,14.256904,14.565656,33.87719,40.733369,8.261659,3.975785,32.302332,40.632619,10.964198,6.915245,34.231303,41.534618
4166,0.501767,3,3,3,28.532696,63.791514,49.738999,36.014721,103.809746,134.837019,50.984602,44.096904,60.152993,43.743558,40.795191,41.567097,65.682532,59.742834,56.336187,50.865565
4167,0.854052,3,4,4,1.58954,1.660707,38.934446,36.709561,11.896054,13.251244,38.806262,36.515593,2.81941,3.242613,38.833715,36.540966,5.862256,5.580366,38.972774,36.758406
4168,0.525379,3,3,3,65.611983,33.279622,36.380782,44.56249,130.738867,112.044273,45.01749,46.383726,43.956105,68.553349,42.196786,36.5614,59.763098,73.889795,51.180068,50.739628
4172,0.64291,3,3,3,51.460198,69.000498,34.290704,41.577547,190.421231,152.214476,35.385289,49.621013,126.021072,48.230902,24.407288,47.213606,112.505314,67.712222,41.546347,56.868805
4181,0.360358,3,3,3,8.914849,22.635469,39.971483,37.812664,35.875311,38.680619,40.045739,44.59518,25.994778,9.647639,33.529159,44.735953,23.407747,15.05842,41.523033,47.30263
4182,0.054766,3,3,3,6.983448,1.17641,19.065351,45.396107,10.999363,4.691424,23.659792,45.508612,2.676574,3.509189,23.803015,38.20367,4.201529,3.142627,25.089636,47.103595
4185,0.502914,3,3,3,10.907631,36.742788,41.865342,31.88813,53.423016,70.627733,41.283874,37.146436,34.302694,15.407365,35.259324,37.824058,35.294934,28.990823,43.094377,39.783177
4186,0.37452,3,4,4,4.073484,7.159143,33.054591,26.278952,11.340754,17.103639,33.790029,28.948199,5.791715,4.942106,32.074872,28.523148,7.071846,6.529937,34.335638,30.617864
4190,0.426101,3,3,3,38.368145,12.984242,31.124943,39.818119,58.620229,45.626992,39.368,40.474745,14.595715,35.50539,39.531611,32.555074,21.211477,31.142501,42.439245,42.185
4191,0.4929,3,4,4,9.166854,5.85521,41.922189,34.991745,19.450416,22.297492,45.522253,35.241992,5.058512,12.748944,45.483278,30.936183,9.105232,14.27365,47.322703,36.593296
4192,0.323321,3,4,4,4.647406,13.060561,43.667377,24.009654,15.060817,24.74587,44.882672,29.749774,8.35623,7.177441,39.570199,29.073376,9.932738,11.05668,46.965524,32.697942
4193,0.507433,3,4,4,4.72094,10.062356,45.621181,32.645673,14.684642,23.873069,46.36374,35.334967,6.354851,5.842407,44.684248,35.489024,8.956643,10.82073,47.341293,36.959645
4194,0.253644,3,4,4,4.814095,5.59333,41.76425,26.825202,10.971406,14.534734,45.187054,28.789981,3.202003,7.621844,44.647364,25.242665,4.699566,8.936434,47.321424,30.182466
4198,0.498627,3,4,4,27.40708,4.526318,18.905593,45.699996,40.595915,20.696244,28.293931,45.343272,8.532267,13.912147,29.687356,38.819617,15.257133,15.264005,33.30297,46.969319
4200,0.12135,3,4,4,2.0785,2.706491,42.531424,40.406862,6.880785,7.114713,43.912648,43.72256,2.805567,1.888181,40.595597,43.536016,5.196666,3.915957,46.483763,46.910447
4201,0.378874,3,4,4,15.576931,6.743043,24.752308,42.253733,36.496698,23.55341,29.530253,43.370927,9.26588,10.321958,29.620064,39.057196,18.006804,17.799067,33.895938,46.293655
4207,0.251835,3,4,4,4.116113,7.906797,30.070139,20.189398,14.501396,20.751892,30.454097,21.685224,5.613503,4.832106,29.243724,21.908202,8.20063,10.918913,31.544158,22.878401
4208,0.180999,3,4,4,8.431131,11.171889,32.354979,17.163709,16.466478,31.038984,40.491072,20.112795,3.861986,21.273022,41.281584,12.8098,7.989641,19.496377,46.424696,24.935131
4209,0.706865,3,4,4,10.760829,10.072657,36.97677,32.032166,29.506537,34.732283,38.28444,32.546824,7.076004,12.81267,38.439863,31.338768,16.087015,19.119827,39.450658,33.751904
4210,0.246571,3,4,4,2.998,5.664268,44.555199,26.360302,8.135773,13.835536,46.056985,28.579835,2.945633,3.833486,44.894126,28.351497,4.557014,7.131971,47.322501,29.960981
4211,0.312285,3,4,4,4.743826,5.453078,36.985769,26.756124,9.83396,12.890575,38.817907,28.020742,3.091891,5.72997,38.462844,26.782058,4.291442,6.316885,39.572869,28.647706
4212,0.506252,3,4,4,5.484014,7.980184,31.066993,30.057549,14.364581,14.046971,31.671874,31.690557,7.595245,4.136097,30.406757,31.564169,6.219851,5.542981,32.072744,32.079586
4218,0.24979,3,4,4,3.613738,3.074464,43.629352,44.496554,8.830916,8.688438,45.867959,45.914356,2.710233,2.876482,45.282134,45.048366,4.503229,5.152043,47.332851,47.270638
4223,1.048679,5,4,4,3.91396,7.364406,37.321179,36.955863,9.664836,10.069397,37.422503,37.417468,5.031559,2.384331,37.249472,37.427216,4.717358,4.300662,37.478193,37.479289
4224,0.255729,5,4,4,1.717704,1.572371,36.997189,37.070245,3.069265,2.628905,37.382098,37.408175,0.989788,1.131058,37.327454,37.282702,1.291498,1.551305,37.476519,37.472992
4227,0.246076,3,4,4,3.609712,2.974289,43.546748,44.583314,8.838369,8.640739,45.821684,45.887469,2.687379,2.904381,45.257513,44.945776,4.423182,5.152597,47.334051,47.262654
4229,0.337463,5,4,4,2.24746,3.279114,40.986563,26.360277,6.879656,11.512213,41.257679,26.584882,2.12633,3.89123,41.106496,26.152842,3.917395,5.018853,41.576795,27.122154
4230,0.466766,5,3,3,16.793962,8.484625,45.199052,43.847392,38.476218,35.031922,48.071575,43.841713,10.788101,18.871105,47.77841,40.986785,17.491399,25.715208,49.733453,44.720907
4237,0.506152,3,3,3,17.560348,45.133438,39.72498,33.829684,67.929694,81.418407,40.061813,42.141729,51.438789,19.172691,30.789513,42.772809,47.851908,29.847289,42.54504,47.080519
4238,0.498546,3,3,3,52.697774,16.072358,29.67249,43.447894,95.63409,65.92399,37.739252,43.471585,22.195957,49.667157,38.481161,33.182963,34.195148,45.954149,42.863533,46.492272
4241,0.897753,3,4,4,7.435745,6.197245,45.968967,37.652658,15.155682,22.143424,47.103928,37.910319,4.573491,10.214382,46.951098,36.27586,6.162152,10.144436,47.514943,38.634077
4244,0.27104,3,4,4,0.738576,0.504201,26.983694,27.021167,2.992538,2.652369,26.986,27.000862,0.689197,1.045954,26.999727,26.924348,1.138457,1.43556,27.046713,27.044841
4245,0.747732,3,3,3,6.810151,30.222458,47.081056,39.736954,33.178947,48.830084,46.911183,43.586713,27.256071,10.685246,43.030936,43.855174,22.429024,14.902397,47.41731,44.597023
4246,0.08564,3,3,3,3.126309,1.144417,42.632809,30.102532,4.861423,5.451634,46.552418,30.027675,1.077131,4.63748,46.787196,27.609268,1.497961,3.776526,47.502135,30.268004
4250,0.499988,3,3,3,17.77242,18.368697,39.550492,42.588096,56.49028,58.916758,40.823657,44.128159,21.352397,19.477189,38.770312,42.577958,25.195947,21.33778,43.076884,47.292691
4260,0.771093,3,4,4,8.12481,13.702567,38.190849,36.261003,20.665103,24.23703,39.027872,38.820661,11.751735,6.639659,37.203741,38.721569,12.525045,9.290763,39.544244,39.589842
4261,0.627159,3,4,4,33.412405,8.640046,20.309947,43.9102,45.421406,25.844086,30.860654,45.369634,10.63944,15.157954,31.513313,40.196932,15.740483,16.971907,35.539193,47.087221
4272,0.749317,3,4,4,7.921117,9.081432,45.162418,37.65869,24.595021,29.005376,46.070508,38.495469,8.113828,8.404026,45.289669,38.14373,11.342177,15.928609,47.393641,39.755643
4275,0.428401,3,3,3,21.349617,38.884232,40.108098,31.050824,67.741218,75.642027,42.268957,37.887148,40.534688,30.021672,33.803897,34.298582,31.323345,31.554414,46.853412,42.200401
4276,0.250897,3,4,4,3.54117,5.091063,43.773254,22.544098,10.075589,22.396996,45.461728,22.172661,3.911142,10.754453,43.524839,17.868214,2.711151,4.950761,47.467209,26.067574
4277,0.067226,3,3,3,2.037258,18.320039,43.813182,7.836161,8.990824,43.317062,43.402105,9.882663,4.275752,12.166506,38.280522,9.571638,5.155907,18.278679,46.790206,12.529954
4280,0.48571,3,3,3,46.996154,37.842718,37.529399,29.378415,110.099411,133.525125,42.595406,30.425256,35.095928,81.301795,40.91771,23.139572,53.989745,91.846466,46.836186,33.622937
4283,0.463994,3,3,3,41.157312,70.975087,35.559293,32.202746,141.127814,143.695993,37.109262,40.051818,85.199938,46.08239,28.515177,37.860106,90.758487,64.997593,41.583467,46.467367
4284,0.555618,3,3,3,145.397418,46.895616,18.789798,38.944419,259.08327,158.551572,27.083424,40.784874,90.945694,91.069198,24.037206,32.056709,107.286566,99.500118,34.724618,45.885552
4286,0.224873,3,3,3,15.384965,5.908668,21.757831,44.557655,58.044781,31.137807,22.274252,43.183428,15.674394,11.88536,21.98949,40.092999,24.731532,14.504554,25.928674,46.996201
4287,0.240317,3,3,3,6.003214,8.541222,37.883113,42.817542,30.814982,26.99897,37.12412,44.373912,14.387388,6.502802,33.633741,44.687412,18.657176,11.994298,39.113714,47.205391
4289,0.529929,3,3,3,18.361862,15.029922,42.988267,33.331707,54.034761,69.520277,44.828935,32.863751,15.435068,31.577145,44.332803,29.35465,25.236884,37.228677,47.234213,35.078729
4290,0.454516,3,3,3,13.855737,47.514461,45.58746,26.599225,70.14088,121.912866,44.78947,30.081206,35.491359,32.098266,40.231962,29.938268,35.458177,38.921196,47.177968,33.772127
4291,0.313046,3,3,3,19.195544,15.536022,41.794489,28.173465,49.169709,71.704898,44.709971,27.747198,13.212927,42.047505,44.503304,22.588961,18.432591,37.173134,47.329974,29.812459
4293,0.080278,3,4,4,0.72864,0.85247,45.70037,45.144588,3.000376,3.218119,45.700273,45.467915,0.981719,0.903671,44.791781,45.139958,1.56745,1.334891,47.297848,47.36341
4294,0.410273,3,4,4,4.57416,4.339671,44.94502,45.160031,18.014807,17.152523,45.127907,45.316573,5.536767,5.183734,44.323713,44.643381,7.673633,8.894195,47.317347,47.243425
4297,0.496944,3,4,4,6.203933,4.89372,34.875759,45.427577,23.166863,18.418768,35.210139,45.726373,7.140625,5.516166,34.54838,45.194962,11.317252,8.064562,36.768695,47.371759
4301,0.701173,3,4,4,12.803364,6.708818,31.365328,45.527747,51.525964,33.124162,31.541221,44.82131,14.242197,11.272696,30.974781,43.335529,19.00053,18.558748,36.430823,47.105805
4303,0.454616,3,4,4,8.653357,6.73696,35.899057,26.588808,28.349895,36.326025,36.998472,25.336386,8.733836,19.142909,36.15428,20.288601,10.892863,18.32721,39.430496,28.399023
4308,0.150407,3,3,3,23.777645,13.640857,16.293296,38.212866,67.586524,30.836884,18.267888,43.266129,43.743695,10.802472,12.893345,40.969367,35.680576,14.97608,21.085521,46.966221
4309,0.226883,3,3,3,20.823416,14.179648,38.088764,41.644375,47.168742,42.915297,43.177385,43.752998,16.459812,22.743476,40.883268,37.761782,22.642739,24.39909,46.963766,46.877935
4313,0.928756,3,3,3,29.007046,19.276618,31.581983,41.673843,93.24541,65.684264,33.775786,43.045361,31.43154,25.167279,31.359828,39.860155,44.189977,34.430071,38.983058,46.835524
4328,0.490483,3,3,3,17.484957,25.741426,31.742152,39.62367,69.939309,53.288212,31.881753,44.537817,44.113871,15.818614,25.26782,43.784061,41.278641,22.36209,34.248528,47.258873
4330,0.362824,3,3,3,20.919245,16.026343,38.699751,28.199613,55.896234,77.175228,42.458417,27.270192,14.853395,45.224843,42.218707,20.589803,26.307708,44.607266,46.86394,30.928111
4331,0.500009,3,3,3,10.896144,24.050999,45.343783,30.123162,47.285494,68.530573,45.143411,32.21593,20.045612,21.726811,42.372285,31.132,25.501554,32.943765,47.191238,34.595996
4332,0.514707,3,3,3,15.003404,66.044284,44.029267,21.48047,62.615151,107.024371,43.955637,29.981866,45.285305,29.707175,34.668194,29.412065,40.44221,39.525501,46.756134,34.757492
4335,0.489781,3,3,3,18.988216,5.563273,31.297471,46.846797,63.195741,34.580728,32.312154,46.083704,13.999896,17.286967,32.86387,43.239422,25.745977,23.423924,34.505329,47.231712
4336,0.487745,3,3,3,5.707009,12.16554,42.688859,44.797079,37.371277,43.970454,41.957452,45.326602,17.881743,9.764577,39.622857,45.814208,25.120799,18.779551,42.9718,47.337806
4339,0.124746,3,3,3,9.854339,11.137266,39.590717,17.491126,27.244597,61.448179,42.852297,16.403749,6.837734,44.010317,43.014601,10.987807,9.473704,30.965037,47.196096,18.991206
4340,0.664146,3,3,3,19.725223,54.208121,45.672215,31.028482,90.630606,131.835603,45.292723,34.471121,48.949313,35.881676,40.746539,34.188167,49.001391,48.722674,47.214619,37.148949
4343,0.243386,3,4,4,5.669357,3.403108,40.01061,43.826753,14.292481,12.677545,43.713251,44.361626,3.889295,5.4965,43.373182,40.8008,5.810039,7.590279,47.183185,46.949195
4346,0.31163,3,4,4,17.019481,6.367808,21.029763,41.165887,44.91972,25.375003,25.040241,41.436299,13.022173,10.360097,23.998707,36.974455,15.826935,12.914232,31.978531,46.544425
4348,0.08693,3,4,4,1.200955,3.204476,37.359566,14.716922,5.88718,15.107811,36.635817,14.254205,1.690304,4.462635,36.091324,13.722492,2.982344,7.159479,39.222468,16.480691
4349,0.281312,3,4,4,12.098129,13.341313,33.325543,21.767149,30.936764,48.372431,38.684008,22.887056,8.634013,23.732298,37.836212,17.139133,12.146075,22.151165,46.468067,30.158832
4350,0.546,4,4,4,6.796024,9.778378,38.536912,30.533519,32.640743,42.503995,37.992521,30.295465,10.249311,11.552313,37.099888,30.034522,15.501478,17.687129,40.146978,32.857396
4352,0.47052,3,4,4,8.92819,5.827371,28.924597,37.734371,34.213141,27.509795,29.229775,37.256403,10.998808,9.478103,28.187539,35.901827,18.398915,12.759431,31.325574,39.373463
4353,0.424825,3,4,4,7.129916,5.787791,28.846314,37.410594,33.01711,24.000704,28.380444,37.384908,11.085016,8.017631,27.041582,36.245621,14.677744,13.757496,30.737635,39.265637
4355,0.079569,3,4,4,0.988336,2.697821,37.725095,14.332691,4.683804,12.933551,37.230276,13.894575,1.432656,3.630461,36.478443,13.60926,2.416815,5.615995,39.308614,15.732101
4361,0.128709,3,4,4,0.823819,0.419115,39.046488,39.477471,2.654587,2.367341,39.265056,39.338644,0.627145,0.926411,39.320951,38.976837,1.238639,1.466842,39.610692,39.59586
4362,0.515896,3,4,4,1.17141,1.272661,32.172543,39.547667,6.737831,5.357002,32.126917,39.543331,1.67665,1.487142,32.132861,39.526777,3.006415,2.722242,32.213072,39.637426
4365,0.273992,3,4,4,3.469116,1.113742,26.651575,39.38876,10.729445,6.532704,27.07937,39.147365,2.510631,2.712115,27.177267,38.463334,5.007043,4.342421,27.599795,39.549038
4367,0.505145,3,4,4,4.718582,9.267526,45.608019,33.114083,22.59407,32.630059,45.053397,33.993201,9.222012,9.495111,42.484205,33.31238,15.286459,16.752609,46.981461,36.70114
4368,0.348735,3,4,4,6.309507,13.080989,36.169017,23.221237,32.265427,49.499167,34.909389,23.831776,11.317319,13.003686,32.623686,23.67977,15.692113,18.84415,38.948607,29.047013
4371,0.323241,3,3,3,21.202093,13.367773,33.535147,37.101064,55.979478,49.839075,36.995089,37.687311,18.183957,24.764534,35.331524,32.613868,26.419666,29.604836,40.782055,40.652323
4375,0.63133,3,3,3,23.502335,30.397668,39.905236,38.063772,76.471254,82.497784,41.196077,40.819831,35.218601,30.427978,37.312764,38.504665,46.135249,43.131215,43.59894,43.663628
4377,0.365345,3,3,3,42.458807,32.833287,27.95124,33.735994,95.220017,82.182175,34.256257,39.236342,41.483729,39.292379,28.844293,32.251231,47.196115,39.296649,40.634223,46.160913
4378,0.211711,3,3,3,23.913244,21.217607,26.696583,32.415325,58.99167,47.611084,31.600631,39.238826,28.983658,20.784974,25.292056,33.35991,27.502981,24.056683,37.613175,46.021662
4380,0.471514,3,3,3,18.766254,9.995943,39.093278,38.546079,43.686706,40.682633,41.754113,38.572282,14.6164,25.675575,40.761416,34.595677,18.871162,25.794322,43.4222,39.5964
4381,0.360886,3,3,3,31.2454,43.529004,34.181652,27.507929,82.476473,98.06139,39.080443,33.833761,38.82631,38.919,32.246977,29.38121,41.538591,42.322692,45.98722,40.789528
4382,0.316501,3,4,4,3.853498,10.271061,41.20625,20.504685,18.438318,37.616203,40.5588,21.363775,6.272929,9.5317,38.984834,21.468442,9.659258,13.097891,43.148597,26.920917
4384,0.200077,3,3,3,26.792451,18.145691,24.743708,33.626338,57.865327,45.788756,31.025021,39.066746,25.729021,22.237847,25.753542,31.847885,28.353227,21.347591,37.056259,46.180354
4385,0.13817,3,3,3,20.439881,16.974534,20.771315,26.806161,50.63907,38.508794,24.721586,32.448798,25.023839,16.81769,19.561351,27.481869,22.892569,19.184847,29.807358,38.333548
4388,1.344975,3,4,4,7.35758,7.111991,39.197153,34.77456,25.430634,28.22167,39.322271,34.802754,7.523629,10.150021,39.225276,34.455692,10.934517,13.063176,39.621445,35.139213
4391,0.174276,3,4,4,1.627923,2.412707,45.608018,43.882806,7.795014,8.572876,45.053395,44.63811,3.181619,2.477194,42.484206,44.052255,5.273869,4.501203,46.981461,47.125482
4402,0.676532,3,4,4,23.507203,9.108269,23.38813,37.45328,75.380421,45.422291,25.440829,36.675607,20.616591,20.447917,24.956097,33.194913,26.121278,29.637454,31.204134,38.981763
4405,0.284173,3,4,4,5.749731,5.624866,35.553897,25.65526,21.540212,28.162691,36.078632,24.79956,6.181494,11.973088,35.464246,21.735196,8.680272,16.707925,39.305025,27.417462
4408,0.604481,3,3,3,21.018702,32.878528,42.964967,39.278999,77.999248,87.474852,43.618611,42.893666,38.39445,28.488105,38.294496,41.103705,47.989889,42.220491,46.74113,46.909222
4409,0.429202,3,3,3,29.773242,16.07242,33.848095,42.452102,76.158179,60.03208,37.859252,43.118517,24.408707,30.846422,36.179317,36.976244,35.612747,37.203734,42.083613,46.602381
4415,0.618153,3,3,3,31.599665,14.637076,37.524505,45.019884,62.568699,46.555494,41.890625,45.910332,21.210625,33.01521,40.655444,39.99637,24.41874,30.373114,43.909498,47.215281
4419,0.394419,3,3,3,16.001369,6.86998,37.976032,46.043183,36.204636,27.205569,40.675103,46.142122,12.475374,17.982689,39.619256,41.378691,15.701144,17.549329,42.178082,47.271828
4424,0.75029,3,4,4,14.928271,18.149351,35.650907,34.416448,52.497268,56.607851,36.481952,36.103089,19.448945,16.858586,34.333218,35.268991,31.235366,24.315026,39.040775,39.265118
4425,0.625114,3,4,4,16.538326,12.810305,33.774962,35.47906,47.985069,43.569427,36.011646,36.500563,14.051543,16.908788,35.266555,34.031189,19.925774,26.675204,39.276716,39.012815
4435,0.737437,3,4,4,6.519347,10.238406,38.573938,37.341209,27.165177,30.812039,38.55125,38.282199,12.407636,11.624188,36.791659,37.069178,14.706588,12.677824,39.494395,39.532309
4440,0.085442,3,3,3,3.809796,5.396012,28.137039,37.755394,16.460781,12.082911,27.955891,43.046727,9.367866,3.930049,23.256108,41.306242,10.258916,5.142413,29.874408,47.062481
4441,0.435452,3,3,3,28.947669,12.737572,37.203951,44.010258,64.919344,56.004075,42.690103,43.638045,20.849781,31.464181,40.969444,36.917167,27.291471,34.949737,47.024701,46.725017
4444,0.207268,3,3,3,6.572718,15.168807,43.547833,30.825552,25.620694,37.486885,43.866562,34.611663,12.354864,13.439217,38.939405,32.322271,15.708693,16.079149,46.806408,38.116112
4447,0.26449,3,3,3,39.880263,8.211364,16.88628,43.673556,78.018672,36.251462,22.679035,43.248564,26.443968,20.112605,20.639799,36.348907,29.520304,22.196036,27.726024,46.65593
4450,0.127681,3,3,3,7.879009,6.167174,41.74483,43.455028,22.373868,22.33527,44.173829,44.182887,8.708454,9.791576,41.400791,40.395363,9.986798,10.04581,47.176164,47.172052
4455,0.176007,3,3,3,11.818578,11.276739,41.055371,33.80949,31.472738,39.556174,44.066183,34.583498,12.159425,18.017446,41.295475,31.101397,13.876939,18.257694,47.170581,36.969553
4457,0.422043,3,4,4,4.704664,2.066238,44.945669,46.931713,12.673663,10.558629,46.28375,46.635077,2.947247,4.605732,46.490323,45.260296,5.43807,5.931425,47.434572,47.414032
4467,0.499012,3,4,4,0.807681,3.671287,31.725751,31.334581,5.083577,6.202983,31.695843,31.671133,2.297564,1.238951,31.593349,31.701066,3.213343,2.242662,31.740363,31.745133
4468,0.318229,2,4,4,4.737109,1.393825,20.987058,31.578426,10.2384,6.293338,21.861302,31.546197,2.198355,2.273078,21.964832,31.367683,3.58705,3.094502,22.173878,31.72721
4471,0.186351,3,4,4,0.513702,1.186142,20.99118,31.431674,2.626354,1.900794,20.980209,31.695714,0.946224,0.439736,20.949428,31.705552,1.364733,0.797146,21.007539,31.745566
4481,0.144919,3,4,4,4.127722,2.505342,35.676741,39.483049,13.116866,12.075845,37.850881,38.455643,3.290027,6.366981,38.037537,31.896696,5.407926,6.722444,42.947439,42.63408
4482,0.309729,3,4,4,4.287894,6.471005,40.660503,38.227779,16.23882,17.691107,41.026544,40.651329,9.360245,4.994668,35.65784,40.192558,10.59187,8.114901,43.043586,43.259674
4485,0.354463,3,4,4,28.920806,6.861518,13.791011,38.761999,81.453669,34.252849,16.783967,37.340863,20.58698,17.965977,16.925071,30.330803,23.464767,18.646695,27.278154,42.393291
4487,0.694718,3,4,4,11.077493,9.414309,39.947454,40.757836,30.642392,30.136797,41.662351,41.715669,10.059382,15.748675,40.716645,38.048446,14.126409,17.440287,43.387932,43.285663
4488,0.182595,3,4,4,2.641608,2.646768,40.451474,40.441938,7.939886,7.683812,41.708089,41.809745,3.708329,2.737607,38.823613,40.554833,4.202062,3.637545,43.332698,43.395923
4494,0.306828,3,4,4,7.072954,4.176427,26.856327,40.737815,19.844921,12.638226,28.598135,41.873492,8.859271,4.801872,25.833431,40.345428,9.760486,6.377145,30.367525,43.379054
4498,0.50728,3,4,4,15.807835,6.459583,37.057193,34.950568,33.19373,31.557328,43.043741,34.20981,7.940288,21.206782,43.50006,26.699815,12.459863,18.945703,47.163243,36.633554
4501,0.501579,3,4,4,26.619976,5.080446,23.599274,45.325479,47.281739,24.767026,31.547984,44.620425,10.723064,16.527128,32.449484,37.072062,16.245161,15.693566,36.66208,46.945588
4508,0.473455,3,3,3,23.486872,13.75573,36.667679,43.403432,56.654591,46.200239,39.854264,44.335958,18.615478,21.264067,38.625875,40.943553,25.099398,30.641643,42.202521,46.228625
4515,0.757872,3,4,4,7.429671,3.922976,33.357,43.06438,38.598006,25.296179,32.522703,42.399509,9.235354,7.972031,32.81379,41.893581,16.630954,15.82317,34.739398,43.377175
4523,0.488118,5,5,5,3.813988,4.155285,48.294452,48.035394,7.003237,6.545285,49.54828,49.593128,2.470649,2.539526,49.248015,49.213048,3.198973,3.179487,49.890515,49.890941
4525,0.199625,3,3,3,11.350626,15.381075,49.739882,46.155329,46.143307,46.584226,49.874809,49.774718,18.65072,14.923941,44.349661,47.256331,21.72412,21.434414,56.80044,56.828948
4533,0.625416,3,4,4,5.841945,8.577755,37.375754,36.048307,16.403646,21.532559,38.072773,37.628265,8.499718,6.392697,36.33576,37.29098,10.023385,8.677334,38.619301,38.644094
4537,0.507216,3,4,4,18.031256,5.848229,27.742146,44.799317,29.776257,18.947767,34.480119,45.701832,7.690423,13.309328,34.460328,39.424367,10.987913,11.930437,36.951175,47.193132
4547,0.531221,3,3,3,74.389892,38.756736,34.839075,43.129341,144.132347,122.323215,44.206578,45.771042,48.096793,74.98706,41.304402,35.516404,62.850612,79.035715,51.164873,50.647025
4551,0.11139,3,4,4,2.486965,0.577464,19.30283,46.863589,5.206337,2.453178,20.446498,46.823457,1.294045,1.155304,20.474492,45.446361,1.919551,1.26425,20.832104,47.459157
4553,0.298578,3,4,4,8.541459,2.956881,21.658514,45.407504,26.389303,12.606024,23.670759,45.279846,5.806232,5.677923,24.601783,42.186358,10.80052,8.842203,27.815161,47.003594
4557,0.528996,3,4,4,6.341786,10.749518,44.621789,41.212305,20.858568,22.546725,45.524914,45.24397,11.543919,6.802828,41.093852,44.560406,14.064364,10.800006,47.102115,47.275917
4565,0.497366,3,4,4,7.597502,7.735414,34.018507,43.183523,20.71101,18.786071,35.543137,45.666836,8.032645,5.216373,34.025676,45.40674,11.654845,9.257823,36.765187,47.319443
4568,0.313622,3,4,4,31.420261,8.851826,15.603293,38.116256,50.280365,27.563446,24.156937,40.79461,11.337219,15.418776,25.292846,32.39408,21.265249,19.375726,31.546337,45.534893
4572,0.497258,3,4,4,2.006574,3.826654,39.39229,31.461271,7.628882,9.277365,39.427951,31.808569,3.004336,2.319235,39.160678,31.818827,3.710504,4.246235,39.62573,31.980009
4582,0.76238,4,4,4,12.289897,9.426317,51.809872,54.12079,26.126825,25.044036,56.472678,56.656813,8.601783,10.943748,55.148111,53.389337,15.365727,15.648161,58.695516,58.679544
4583,0.50091,5,4,4,8.809062,7.991146,52.513864,53.532153,21.299594,21.074159,57.026559,57.091527,8.002433,8.34177,54.075628,53.67347,12.554268,13.688137,60.196807,60.076061
4585,0.538953,3,3,3,46.848342,81.437828,36.115208,32.352544,145.856053,157.97477,38.403307,40.549728,89.492468,52.661601,29.940778,38.031651,95.461173,68.931816,42.344762,46.629976
4586,0.512625,3,3,3,86.292261,40.69709,29.041025,39.543049,165.04619,127.03413,36.916399,41.939363,55.205203,76.918801,34.507094,33.133417,71.749919,83.324371,42.610111,46.142762
4593,0.217119,3,4,4,9.575346,15.721305,25.503405,17.783546,37.673759,45.921332,25.728092,20.010417,15.708724,14.995818,22.791091,18.494444,14.689158,15.774596,28.500672,24.185074
4596,0.504262,3,4,4,11.693311,17.85405,44.774507,29.176721,36.86547,56.344153,45.768973,30.777105,13.049667,22.896735,44.53099,27.747454,15.376587,23.38218,47.391497,33.578392
4597,0.497161,3,3,3,38.451968,14.387316,35.504722,40.577388,71.373738,63.889277,42.947033,40.225029,18.029045,48.627366,43.064812,31.179823,27.125508,42.618306,47.143379,42.617363
4604,0.492608,3,3,3,4.259571,17.777179,47.123981,42.712821,19.151805,26.961114,47.048826,46.615581,16.671816,5.909942,43.499997,46.849946,13.260107,8.257252,47.441821,47.505846
4607,0.260395,3,3,3,2.757549,9.032816,39.710189,42.980764,11.69674,13.614892,39.689538,46.689384,9.978036,3.143496,36.870119,46.841979,7.781938,4.264476,39.993834,47.507747
4610,1.500822,3,4,4,17.532279,55.431266,40.94318,28.454603,58.750929,78.456596,41.68807,38.382185,47.212648,19.78288,34.069281,38.49306,36.836014,26.185303,43.111209,41.650653
4611,0.94251,3,4,4,11.395024,10.695553,44.582067,36.34809,35.751757,40.965685,45.653172,36.67431,9.047872,21.689334,45.703851,31.759782,17.429359,29.558753,47.322248,38.523278
4613,0.468477,3,3,3,23.272241,12.184905,29.439075,40.816556,78.636361,54.823195,30.679691,40.459723,22.530981,24.004137,30.031255,37.273354,29.663842,31.294209,34.013919,42.647966
4617,0.282133,3,3,3,20.244164,12.092055,40.478939,27.593011,52.356357,68.205727,43.861832,26.571634,12.190101,44.598723,44.388557,20.620362,15.920753,39.936053,47.346845,28.571523
4621,0.50482,3,4,4,6.40693,10.586898,44.34517,40.946181,19.050671,23.817897,45.669674,44.826913,10.275834,6.405906,41.663136,44.623274,12.907373,9.880993,47.133354,47.296689
4622,0.616727,3,4,4,51.581228,11.795313,15.932324,41.703973,89.341861,42.426427,24.466715,42.706102,22.806376,24.64188,24.541035,34.882714,28.259823,28.084199,34.703426,46.360889
4629,0.506278,3,4,4,83.149782,17.650111,10.184848,35.800304,133.784857,55.430832,17.526692,38.728795,30.94293,32.918321,18.514726,28.947462,40.388446,39.408239,31.273775,44.605659
4632,0.250422,3,4,4,12.990889,9.509943,20.332503,34.808482,35.735963,21.393532,23.679069,41.037738,22.594507,5.265841,16.083442,41.401523,23.828215,10.655501,28.493918,46.495867
4635,0.125218,3,3,3,6.443013,11.126224,39.81083,33.872024,21.643185,22.138,41.584956,41.402204,13.137538,8.098123,32.553843,38.107115,10.032387,8.848483,46.727643,46.895427
4655,0.283157,3,3,3,4.635882,7.567138,46.197381,38.570907,24.741585,29.999911,45.439569,38.697117,9.768374,7.373551,43.382744,38.83842,13.555502,13.746994,47.231123,40.38724
4662,0.223756,3,3,3,6.540548,13.220332,44.01411,38.450825,28.098755,29.700711,43.776904,43.44833,15.523261,8.734079,37.360999,42.563711,16.135005,12.130085,46.870797,47.148199
4663,0.531281,3,3,3,30.630528,15.444378,38.700221,44.044042,65.861365,62.268802,43.850375,44.156582,20.06939,35.002801,42.79161,37.912435,27.085783,36.593614,47.191498,46.925362
4679,0.354233,3,4,4,16.837154,9.529252,32.107833,38.610868,40.703099,35.787772,38.234509,39.520676,10.986261,16.185118,37.725412,33.284559,15.399021,19.177084,46.454884,45.941186
4682,0.525565,3,4,4,14.021056,22.602513,38.69527,33.325542,52.097032,57.798079,39.702089,38.684007,22.204375,16.130625,34.223828,37.836211,27.09008,22.692089,46.072237,46.468065
4686,0.301052,3,3,3,27.552286,26.611271,33.517215,30.388318,67.27235,75.089451,39.301087,33.989484,25.636722,35.762998,35.05104,27.85288,29.685474,38.897731,46.357761,39.700163
4687,0.4391,3,4,4,10.345749,31.051176,44.702538,22.405902,40.594924,75.21657,44.9157,26.948498,16.58567,19.897168,42.23749,26.734852,24.56639,28.723813,47.05803,31.999354
4696,0.180319,3,3,3,16.588705,13.576309,33.454642,35.813625,40.699076,38.793183,39.203218,39.666258,15.415206,18.168313,35.005648,33.046018,17.914107,20.194147,46.34188,46.059695
4702,0.101915,3,4,4,1.240847,1.709934,41.20625,39.659942,5.937236,6.44534,40.558802,40.148577,2.019916,1.638812,38.984835,40.2073,3.110332,2.623989,43.148597,43.270531
4705,0.476743,3,4,4,6.072144,5.448483,32.49534,41.44207,23.282793,18.579419,32.704365,42.029076,7.814391,5.353017,31.792497,41.694788,11.515174,8.55908,34.056305,43.432119
4707,0.881441,3,3,3,58.518047,77.107671,35.71134,34.058521,164.494356,166.14434,39.190903,40.864725,93.116934,64.035123,31.205776,36.857567,86.592549,79.132916,44.056128,46.540921
4710,0.16183,3,3,3,11.223752,6.018227,40.778203,44.823758,29.227059,24.187899,44.012283,44.928671,8.677565,12.845792,43.157947,40.081665,13.770256,16.04132,47.112977,46.97101
4711,0.14156,3,3,3,7.068215,9.817935,33.384827,40.778201,28.404517,25.566259,33.466969,44.012284,15.266729,7.590667,29.501408,43.157947,18.831116,12.04548,35.000644,47.112976
4718,0.565129,3,3,3,59.406368,21.655483,27.87078,44.689137,146.592628,88.216513,31.872125,44.738051,43.824979,47.357345,30.854715,39.572753,65.907444,58.322287,35.561617,46.926639
4721,0.220499,3,3,3,13.23008,6.708088,38.292243,43.791021,28.420631,26.721544,43.625146,43.976732,8.56475,14.967418,42.598368,37.595442,11.463675,15.557028,47.178221,46.897304
4724,0.247865,3,3,3,18.47174,7.760055,31.398192,43.624194,39.392414,30.809207,36.286073,43.835287,11.860389,17.228365,35.361256,37.340589,15.660699,17.850092,39.452767,46.872421
4727,0.075383,3,3,3,8.880624,3.84336,24.344499,43.114401,22.758467,13.445923,26.676495,44.079633,8.764916,6.240788,24.761842,39.6884,9.8315,6.311234,28.708882,47.125895
4729,0.376219,3,4,4,4.259662,5.004656,29.14399,37.495747,14.24086,12.306457,29.469336,38.759463,9.105719,3.619737,26.777525,38.520789,9.379273,5.878175,30.010424,39.551717
4732,0.175157,3,4,4,3.713683,2.042094,35.27449,37.91796,9.588851,8.324965,37.497711,37.946803,2.288726,4.461229,37.745673,34.454932,4.127562,5.268392,39.437225,39.314749
4733,0.432973,3,4,4,4.373835,8.125145,38.292706,35.976154,16.983859,19.930592,38.423763,38.036278,9.8383,4.672446,35.200027,38.271788,11.359552,8.825434,39.389978,39.487876
4735,0.055972,3,4,4,3.180257,2.785247,10.097609,10.406758,6.462293,5.836073,11.282795,11.3708,2.152564,2.116001,10.975871,11.000357,2.243511,2.678989,11.734043,11.725577
4736,0.252983,3,4,4,5.523513,13.016604,35.092457,19.25817,12.382022,21.801777,37.860931,24.62892,6.030605,5.788812,34.896684,24.500691,6.369147,7.263202,39.409232,26.857479
4739,0.239945,2,4,4,17.98235,3.248795,12.410232,37.27993,35.590725,14.413716,17.272874,36.981806,7.731738,8.157513,18.316603,31.882221,11.96012,9.106556,22.71495,39.094939
4743,0.45037,3,3,3,6.452139,19.697416,42.761148,38.458753,35.470027,47.065411,42.201801,41.345065,23.471305,11.245709,37.581524,41.603007,21.643038,14.637437,43.349523,43.479818
4748,0.508536,3,3,3,17.283141,16.705296,40.025366,40.205179,62.211282,64.173215,40.694905,40.550066,20.456174,22.594041,39.384709,38.744706,32.67152,32.572342,43.170325,43.172731
4749,0.156964,3,3,3,6.991814,5.61871,31.051212,39.736872,28.3826,22.623689,31.115672,39.863442,10.207911,7.288106,29.293632,38.440061,15.176568,10.827653,33.539891,43.110142
4752,0.245713,3,3,3,10.620343,7.972566,33.491078,40.268685,36.751447,31.699443,34.305237,40.443534,11.76557,11.550395,33.250289,38.352567,18.875352,16.390529,36.553118,43.139483
4754,0.08408,3,3,3,3.682257,3.445911,26.71217,26.905447,12.913454,12.842524,27.148948,27.162121,4.694669,4.499784,26.065898,26.227685,6.370776,5.962141,28.344708,28.362496
4756,0.262322,3,4,4,5.364461,5.699479,35.491415,20.957279,18.187191,29.93079,36.525741,19.678484,4.628694,12.228853,36.574521,16.695988,7.692667,17.939456,39.330152,23.175022
4761,0.167893,3,3,3,3.607659,3.36278,33.59333,33.697827,10.367673,10.967605,34.013461,33.964331,3.903075,3.863443,33.558661,33.575241,2.843743,3.78985,34.434566,34.423432
4764,0.579542,3,3,3,7.708822,17.958123,39.903159,40.4972,34.252687,39.643829,39.815714,42.507609,18.317698,9.070969,38.074192,42.712609,20.796312,15.565947,40.372509,43.516143
4768,0.493688,3,3,3,30.014908,14.100319,33.43134,40.870674,73.707646,63.565421,36.806374,40.453157,17.276113,33.425297,37.237702,35.328688,32.602064,42.382171,39.646628,42.869674
4774,0.332016,3,3,3,9.320039,9.347931,40.945018,36.537144,32.707911,36.844046,41.554562,36.67352,12.123541,14.24868,39.945866,35.016531,14.779613,17.572045,43.382942,38.240304
4775,0.403039,2,3,3,32.085175,19.785513,36.542279,36.455413,68.967019,70.349117,40.778853,37.049446,16.750729,41.659636,41.024292,31.965179,28.76902,46.625368,43.329348,38.783266
4776,1.084173,3,1,0,42.444027,0,79.054459,0,224.575824,0,77.887985,0,121.044163,0,66.454607,0,152.612758,0,79.871122,0
4782,0.069761,3,7,0,3.953612,0,38.87279,0,8.852943,0,43.716301,0,2.248138,0,43.788494,0,3.229522,0,47.250452,0
4784,1.577659,3,7,0,0,0,47.55,0,0,0,47.55,0,9.558306,0,47.352836,0,0,0,47.55,0
4785,0.453079,3,6,0,10.590489,0,33.911291,0,29.284582,0,36.080201,0,6.879034,0,36.449088,0,16.63429,0,38.379005,0
4786,0.064107,5,4,4,0.489569,0.016162,62.651977,65.514996,1.673862,0.058293,63.431901,65.51611,1.076535,0.016162,56.84706,65.515512,1.346952,0.027926,64.894535,65.519594
4787,0.051282,5,7,0,0.045992,0,60.889918,0,0.166806,0,60.892078,0,0.049296,0,60.88968,0,0.100951,0,60.898709,0
4791,0.286181,5,6,0,7.092601,0,33.514644,0,13.354481,0,37.221569,0,2.662568,0,37.803171,0,5.889794,0,38.695981,0
4792,0.348834,5,6,0,0.06131,0,38.859324,0,0.244714,0,38.859363,0,0.031463,0,38.859827,0,0.099367,0,38.859952,0
4794,1.728815,5,1,0,73.511157,0,79.093168,0,325.751127,0,78.846298,0,118.065101,0,76.653562,0,199.912064,0,79.952992,0
4797,0.1646,5,7,0,6.26686,0,21.298865,0,18.259103,0,22.324752,0,13.615154,0,17.468842,0,14.890305,0,23.164931,0
4798,0.798049,5,1,0,26.087557,0,79.624805,0,126.404169,0,79.350161,0,38.968816,0,78.816739,0,72.19464,0,79.979911,0
4799,0.207665,5,6,0,4.610469,0,34.243708,0,13.136594,0,36.171856,0,10.212732,0,28.187548,0,11.006183,0,37.926441,0
4802,0.407151,5,6,0,18.432916,0,28.434136,0,27.454869,0,35.892441,0,8.255954,0,35.111593,0,12.252025,0,38.526685,0
4812,0.217763,3,4,4,6.089438,3.389149,19.895188,30.200104,13.382117,9.892557,21.379086,30.88939,4.208047,3.175164,21.047978,30.487451,6.01162,3.679089,22.032632,31.690036
4817,0.269928,3,3,3,5.309386,17.236139,42.132466,35.341767,26.233343,35.127173,41.600222,40.400839,19.186341,7.495222,34.867298,41.221044,20.410887,13.243922,43.020288,43.33961
4818,0.247851,3,3,3,16.518223,5.01267,34.936823,42.06046,33.694243,25.092381,40.17905,41.45986,7.163476,18.538995,41.061601,34.370682,12.597692,19.47051,43.321877,42.978451
4827,0.072214,3,3,3,5.512959,2.215604,37.316762,42.030362,13.089637,10.057131,40.750625,41.747618,2.871777,6.600475,41.394591,36.284433,4.877583,7.312413,43.378223,43.129248
4830,0.348645,3,3,3,29.713026,12.100657,36.396359,41.66548,68.672622,52.119492,40.356043,41.514832,15.255817,35.095679,41.02344,35.411317,25.308475,38.428527,43.34622,43.049886
4833,0.117423,3,3,3,10.328417,4.322134,36.118748,41.466749,24.023604,18.357316,40.161853,41.35498,5.344493,12.137652,40.855996,35.162569,8.75008,13.164595,43.333499,43.032488
4836,0.199472,2,3,3,46.512978,7.88915,14.650362,40.992816,92.746044,35.059057,19.378665,40.657273,19.88326,23.663632,20.350358,33.289962,30.527256,24.663039,23.496322,42.855483
4839,0.247015,3,3,3,4.962622,8.690946,35.998535,39.834704,25.533842,25.299535,35.539953,41.418491,12.30681,5.77584,33.05138,41.811553,15.491597,9.726547,36.694203,43.427552
4840,0.250687,3,3,3,21.635671,5.41615,20.35686,41.876669,59.515106,28.896621,22.78313,40.956657,13.285737,14.100883,23.457194,36.967092,20.894173,16.728575,25.988396,43.139165
4844,0.250878,3,3,3,4.885168,9.022609,36.131133,39.709995,29.027009,28.19985,35.313602,41.061356,13.451137,6.503641,32.679999,41.474728,17.564071,10.901334,36.723558,43.39254
4847,0.332746,3,3,3,6.731046,9.841996,37.380887,27.679621,23.13684,31.731963,37.679059,28.192007,8.088244,11.194385,37.111489,27.485351,6.650387,8.214222,38.416593,29.022521
4848,0.163716,2,3,3,7.145059,6.514314,40.553177,21.02918,20.884382,35.555702,41.858354,20.597323,4.559388,16.535816,42.285732,18.772989,7.846705,22.376733,43.471803,21.4495
4856,0.255894,3,3,3,5.677757,9.181075,41.797239,34.542369,25.699319,31.583633,41.488115,35.2086,11.27622,10.609651,38.800076,34.155681,12.946217,13.876204,43.324275,36.94574
4858,0.512723,3,4,4,6.395715,2.944423,37.711518,31.878542,11.514776,11.95353,39.199632,31.886979,3.986506,6.567055,38.876345,30.900986,4.834381,7.042522,39.612185,32.141417
4859,0.49714,3,4,4,11.112743,5.598683,40.386657,35.229793,28.558846,27.031039,43.839383,34.662886,5.879586,16.724613,44.937145,28.707101,10.685558,16.71046,47.248277,36.563343
4863,0.478873,2,4,4,9.121795,3.203734,28.81132,38.945199,19.806339,12.976361,30.809045,38.96586,5.858283,6.814128,30.523637,37.308193,7.82938,7.290223,31.698565,39.54882
4866,0.492216,2,4,4,21.35352,5.199619,20.714311,44.997731,52.358503,23.077902,25.638377,44.668764,10.707312,12.610678,27.581218,39.254465,16.900881,13.518445,33.033089,47.036711
4869,0.364793,3,3,3,19.844049,11.879061,35.164136,38.411336,49.13415,41.898679,38.390237,39.065878,15.379876,19.821088,37.343468,35.619745,21.393413,29.551964,41.044102,40.796662
4872,0.357222,3,3,3,81.407683,39.160821,19.123135,26.516045,160.596871,144.450391,26.555613,27.568467,58.066479,92.666106,23.119537,18.418544,64.439887,76.187452,34.717231,34.304784
4881,0.255505,3,3,3,18.407778,17.614915,35.102094,24.972197,41.220844,62.92443,38.097151,25.571022,15.795951,38.796167,36.393067,20.32658,18.82085,28.221172,39.759416,27.596546
4885,0.179154,2,3,3,11.128494,8.172383,41.277858,35.21561,22.400182,28.209208,45.424793,35.788246,8.494176,17.110527,43.602258,31.334397,9.565936,13.098211,47.348355,37.234866
4886,0.497023,2,4,4,3.262716,6.453875,31.56858,27.537225,16.405171,21.736109,31.365681,28.148234,6.749255,5.753243,30.473118,28.071971,7.406689,6.773398,31.940396,29.441475
4889,0.886465,3,4,4,13.492055,10.300376,32.712709,37.927689,25.003106,18.649997,34.434395,39.250674,7.474785,8.411639,34.260375,38.547885,8.005924,10.157774,34.935292,39.595298
4903,0.229447,3,3,3,4.383481,4.901746,38.228084,45.415702,23.755842,20.061457,37.588642,45.437278,9.525589,5.205746,35.798343,45.404925,13.302537,9.764338,38.991946,47.294047
4909,1.060753,3,2,0,82.911044,0,35.382948,0,205.395735,0,40.630435,0,51.230497,0,40.895475,0,80.915318,0,46.797625,0
4915,0.096845,2,3,3,5.440173,4.060569,39.154499,28.856189,11.54956,13.559291,42.047351,29.179706,2.636702,7.345581,42.336662,27.321649,3.640988,6.998417,43.518925,29.776381
4920,0.536529,2,4,4,2.364822,2.829882,31.576395,25.100893,12.36646,15.751712,31.479051,24.940439,3.405318,4.271166,31.442442,24.900646,6.258704,7.74857,31.717826,25.254975
4922,0.237414,5,6,0,0.099555,0,38.856467,0,0.386188,0,38.856843,0,0.114039,0,38.855895,0,0.196955,0,38.859626,0
4923,0.521781,5,1,0,30.709748,0,77.449309,0,104.289978,0,78.603638,0,29.204694,0,78.168772,0,54.604533,0,79.966725,0
4924,1.854261,5,1,0,109.56721,0,77.418554,0,372.198733,0,78.584388,0,104.263303,0,78.142156,0,194.797385,0,79.96628,0
4927,1.997895,5,4,4,14.634956,11.199805,45.328802,45.766201,45.537815,43.129132,45.782142,45.846669,13.128138,16.407622,45.623782,45.205782,24.012608,26.702958,46.363432,46.344804
4933,0.133097,3,3,3,2.52309,6.252448,45.806476,31.451441,10.496077,15.639796,45.7757,33.360092,5.426318,4.428209,42.249246,33.088417,6.243691,6.747701,47.242961,34.699716
4934,0.152086,2,3,3,8.937798,6.708443,35.635698,30.672186,27.325536,33.901309,38.106164,29.585489,6.601136,14.440329,38.553096,25.956607,13.049761,22.758137,42.79949,32.704902
4935,0.184337,3,4,4,5.563419,51.784368,35.137518,5.453868,27.199043,120.023024,33.441127,7.792251,15.380252,28.156225,24.713015,8.231018,17.752271,28.716031,40.310598,18.533811
4936,0.417342,3,3,3,10.008132,7.110976,41.546596,38.54981,31.790473,32.89434,42.280558,38.352849,8.694916,17.613173,42.131571,35.848446,12.761054,16.582356,43.492881,39.266888
4939,0.821386,3,3,3,12.241099,24.767875,43.928914,43.841469,46.703901,50.550347,44.053195,46.398039,28.73659,13.330432,41.19673,46.3455,31.668668,21.370105,44.716903,47.448553
4940,0.441409,3,4,4,3.084898,14.235299,46.375454,23.287004,12.97506,26.21167,46.330542,29.329957,8.11854,6.373409,42.430867,29.613426,9.324643,9.300614,47.257878,32.294633
4941,0.337282,3,3,3,8.969287,3.609364,41.166568,38.178618,19.319072,13.96498,42.804465,38.215226,4.977279,10.051631,42.801716,36.599633,5.730882,9.02848,43.564753,38.454539
4942,0.499955,3,4,4,6.248362,5.496631,41.102629,29.994096,18.571412,24.326686,42.153572,29.752266,6.444068,10.187516,41.206917,27.324112,11.025893,15.659475,43.353139,31.353281
4954,0.257237,3,4,4,4.263709,10.394976,25.537519,21.093223,14.240215,20.833836,26.046267,24.982273,6.357587,5.601316,24.284755,24.814895,8.142962,9.995477,26.973851,26.900886
4955,1.19329,3,4,4,23.124949,10.993005,38.754451,38.037415,59.02477,43.008302,41.258113,38.149359,14.294207,21.114707,41.477905,35.822826,24.488776,27.180632,43.384242,39.090649
4956,0.087097,3,4,4,10.201684,1.441722,9.864868,17.441633,7.977354,6.382769,16.974278,17.348323,1.835248,13.928787,17.17859,8.61588,3.297866,4.863394,17.964831,17.881649
4957,0.593082,3,4,4,4.499059,8.572789,32.465777,31.167367,18.700986,22.512601,32.455463,32.211506,8.591525,4.974411,31.33894,32.416887,13.754754,10.150225,32.897923,32.955922
4959,1.658583,4,4,4,6.554737,37.314637,48.091331,37.896341,23.803203,29.097506,48.176675,44.200823,42.762814,7.979339,40.578047,44.150035,15.890888,12.833307,48.43623,44.555809
4962,0.596506,3,4,4,10.174029,3.76136,34.616193,46.572035,18.833471,14.387593,37.46733,46.693379,5.636154,12.815788,37.164052,41.224373,8.592474,9.287855,38.294981,47.385103
4965,0.420151,3,4,4,6.406394,2.402568,32.793637,46.729817,16.554473,10.523807,34.337991,46.633116,3.724164,4.984945,34.601854,44.923549,7.353136,7.291556,35.405354,47.347818
4966,0.702015,3,4,4,3.311367,5.939746,39.142755,45.909787,14.049992,13.974923,39.119873,46.945804,7.423142,2.87116,37.934444,47.150539,10.596049,6.438473,39.426027,47.489292
4969,0.571862,3,4,4,12.204772,12.984906,40.795401,32.400913,30.958609,41.505976,44.163467,34.157125,12.650652,28.231922,40.978309,25.550205,16.651251,20.130707,47.02033,37.602362
4970,0.770165,3,4,4,26.5221,10.268356,25.940469,37.404511,65.30566,48.176362,31.00161,36.750267,20.282913,31.336308,29.26718,28.921716,26.003255,32.90613,36.972699,39.367159
4973,1.000485,4,4,4,1.833071,1.367699,36.027952,36.045734,7.237169,6.376549,36.031169,36.039406,1.831638,1.822002,36.032319,36.032693,3.390207,4.123627,36.065297,36.063634
4981,0.577954,3,4,4,16.012942,10.021174,30.791292,42.443926,38.512206,31.555887,34.719088,44.118421,16.912285,19.123697,30.813823,37.026167,20.489839,15.910969,37.673786,47.072333
4986,1.098477,3,4,4,31.503262,17.616984,33.388504,42.983235,70.963511,56.331502,38.260073,44.439108,26.189963,26.209277,35.634282,40.31406,31.486231,33.924876,41.695519,46.959842
4988,0.500132,3,4,4,6.349702,24.381652,44.343375,20.069572,23.259449,38.533053,44.889626,28.723179,14.861841,12.434696,38.17532,26.940703,13.482104,15.393418,47.09052,33.327178
4992,0.89042,3,4,4,13.119947,20.347067,37.662802,40.187098,44.914429,40.01951,38.543982,45.033581,30.103643,13.356535,31.477378,43.751744,25.505503,18.079085,40.619787,47.27872
5001,0.482088,3,4,4,18.503509,3.671011,20.875153,38.824289,24.528333,14.716631,27.626491,38.86297,5.568005,8.97448,27.970392,36.314749,9.682007,9.848053,29.160919,39.487209
5002,0.256411,3,4,4,2.363091,4.789924,26.579029,36.000626,8.037087,6.584842,26.741658,39.074317,5.322451,1.470813,24.971278,39.205179,5.407595,2.715341,27.025167,39.602883
5005,0.54711,3,3,3,27.181605,61.161373,40.162305,31.866584,67.570141,99.09529,42.090272,37.998879,51.330908,24.134717,36.053197,38.197711,34.596006,33.067653,43.403997,40.176139
5008,0.499905,3,4,4,13.103655,8.587619,33.843519,29.6675,20.978567,24.799187,38.271899,30.768614,6.009157,10.451346,37.99372,29.061506,11.82294,12.908229,39.43578,31.882867
5009,0.496681,3,4,4,5.351273,23.017069,38.134303,23.105372,20.865811,27.97743,38.269331,30.404575,11.008972,7.785236,35.351883,30.165685,10.861646,15.152941,39.465007,31.78604
5013,0.250692,3,4,4,18.597257,4.065756,16.429089,36.700089,24.672049,13.861839,24.002528,37.462435,5.987425,7.084201,24.258505,33.709929,11.126555,8.313858,26.618521,39.248375
5016,0.051394,3,3,3,8.184922,3.59799,25.469003,34.459507,16.825431,13.459969,33.17453,35.378466,3.474484,8.622822,35.342503,25.525671,6.10375,9.452331,42.298505,40.891514
5017,0.194909,3,3,3,12.823374,28.98752,35.059909,26.240641,48.597644,60.551265,35.830689,33.712316,30.856245,12.534332,26.18058,35.803296,34.864088,22.493087,41.009427,42.362213
5022,0.507548,3,3,3,61.124235,39.239202,28.630743,25.348784,94.325404,94.333879,38.234048,29.174233,22.509904,95.208576,38.756785,17.848794,30.589228,45.652846,43.218233,32.398249
5023,0.234765,3,3,3,15.01889,115.765957,37.617931,8.471999,55.096052,169.766082,38.816045,15.149457,40.412836,31.600603,26.468236,17.62862,38.034409,43.417097,44.780058,25.702417
5029,0.256617,3,3,3,37.351522,19.193434,27.816458,31.496157,73.878383,68.573174,36.648899,32.780141,14.887966,52.092481,39.207016,21.667815,25.375249,47.618474,46.351817,37.801231
5030,0.495478,3,4,4,14.920801,7.390119,32.767773,27.147819,22.62512,30.852147,38.058105,27.091457,6.411168,16.063331,37.776376,22.826213,13.276653,14.879672,39.379549,29.238895
5038,0.160114,3,3,3,21.552107,13.313354,27.370259,27.211426,44.249894,55.20925,34.8692,27.155131,10.736142,33.505623,35.419021,19.464098,15.535044,28.166415,42.689651,32.827432
5040,0.419073,3,3,3,21.532004,66.51866,37.240326,23.708726,90.612379,123.172076,37.062927,31.702572,59.830881,26.485837,27.350663,33.191956,61.823632,41.167604,41.712806,38.724781
5046,0.2224,3,3,3,23.418408,29.609725,18.268508,27.494577,97.531243,57.637098,18.190166,35.476319,85.184408,12.614637,9.927669,36.897682,57.973622,19.776663,23.238361,42.821688
5048,0.137584,3,4,4,2.957334,1.932512,39.118196,21.971849,14.121573,26.628561,37.869179,17.255475,3.216991,10.972604,38.901214,14.207098,4.84567,12.731943,44.530647,21.942926
5050,1.012241,3,4,4,3.402515,13.051581,36.563946,36.404579,41.571215,40.537667,35.045121,37.270716,20.095797,9.320878,31.810427,37.519128,25.724196,15.097257,36.490331,38.526129
5055,0.428325,2,4,4,4.180405,4.618774,39.702632,39.421643,26.910743,27.829271,38.069518,37.90377,9.242719,7.76109,36.414803,37.475118,12.123702,7.954398,40.868432,41.065376
5056,0.204997,3,4,4,1.74959,1.908036,39.364002,24.990762,7.409094,10.24026,39.34869,24.916756,2.049399,3.092984,39.304999,24.847451,3.487323,6.075588,39.618893,25.068006
5057,0.146145,3,4,4,1.830072,4.090046,37.699101,19.464129,8.226841,15.882306,37.398058,19.682306,3.032621,4.665672,35.736946,19.16577,5.140907,7.518617,39.202316,21.651178
5058,0.368895,3,4,4,4.6565,8.324175,37.673187,26.728936,22.05584,31.814893,37.169392,27.089583,7.444945,9.392369,35.891556,26.397148,11.884612,15.387829,39.269294,29.661969
5059,0.207348,3,4,4,3.039628,3.951193,37.131421,23.480317,8.745332,14.293661,38.259902,23.84017,2.281344,5.783663,38.225187,22.248169,4.118819,8.36169,39.495541,25.009343
5065,0.230551,3,3,3,3.8942,4.346317,38.785682,33.07635,11.685855,13.760354,39.162714,33.325578,4.605101,5.247318,38.598577,32.901174,5.502433,6.8267,39.599032,33.675312
5066,0.256655,3,4,4,2.255066,6.890452,39.34812,19.713752,10.127752,20.718414,39.295362,21.252506,3.657228,5.684546,38.989137,20.972072,5.202085,8.461581,39.606645,23.612065
5067,0.489932,3,3,3,8.806142,7.38051,38.684652,36.069772,29.934334,30.032034,38.965173,36.081655,9.621965,12.061121,38.629462,35.416812,13.684055,14.442797,39.581377,36.5613
5070,0.248717,3,3,3,5.421313,4.013511,33.224421,38.85349,15.311163,12.899921,33.659604,39.141738,5.798592,5.193737,33.20836,38.513252,6.909833,6.636235,34.051273,39.587061
5075,0.22786,3,4,4,2.53047,5.467948,38.054282,19.473705,10.535712,20.65812,38.024071,19.866544,3.625847,7.34501,37.030395,18.229692,5.968259,12.715239,39.390784,22.171039
5076,0.234246,3,4,4,3.815776,27.522706,39.828821,9.980078,11.598214,28.367287,41.254322,19.202914,7.781918,6.905166,34.76614,19.537934,7.252888,10.539364,43.136419,23.801322
5077,0.5093,3,4,4,8.136071,40.483271,43.009136,15.638315,28.546171,63.775763,43.976645,24.741159,16.616599,17.479722,37.179894,24.135482,23.028782,25.913446,46.375676,32.796948
5080,0.431694,3,3,3,27.853079,14.170532,37.526871,39.50433,46.870489,40.878997,44.540946,40.940701,12.142222,27.077503,44.505283,35.347529,22.183862,29.727247,47.186174,42.291896
5089,0.683092,3,4,4,7.395409,6.26329,30.27018,38.502858,45.042192,37.012594,28.817102,37.533535,13.489537,12.296054,28.014138,36.479687,26.114929,18.924061,31.273021,39.362241
5091,0.433853,3,3,3,33.256435,13.896783,32.871423,43.487235,54.04491,38.088522,39.915936,45.422814,14.275606,25.117442,39.790755,39.227702,24.971851,27.323973,42.439898,47.019978
5096,0.392142,3,4,4,57.587302,7.55229,10.207418,41.648914,58.460853,24.651684,21.500181,43.301269,13.26076,17.765948,22.613905,33.386936,15.703711,15.370954,30.644346,46.639943
5099,0.260912,3,3,3,18.863873,12.939807,36.273735,34.974211,35.365702,34.843548,43.318647,37.395473,10.636693,21.391796,42.249655,31.228439,15.517371,17.046278,47.073072,39.753207
5102,0.184775,3,4,4,6.41813,5.521071,33.758739,21.713343,10.572203,16.21027,40.643318,23.283057,2.606157,13.101781,40.833988,16.288551,4.570412,9.802405,43.294208,25.17631
5103,0.242583,3,4,4,1.958938,6.378899,42.407488,24.427781,7.672815,13.86609,42.508089,27.004709,3.729585,3.34604,40.433498,27.154974,5.112134,5.966754,43.373259,28.231347
5104,0.249383,3,4,4,2.407655,6.286983,41.974745,24.866687,6.380947,10.330754,42.852836,27.876075,4.258205,3.121373,39.885118,27.605427,3.419707,5.090517,43.498936,28.533198
5109,0.170773,3,4,4,2.369902,2.249309,40.649327,23.84168,5.943045,9.407502,42.308478,23.815068,1.484506,4.298223,42.372392,22.188128,2.609531,5.936861,43.476039,24.558089
5110,0.247544,3,4,4,1.725966,2.53323,35.175444,24.437591,7.529981,10.638936,35.117331,24.418201,2.645495,2.887875,34.683105,24.361166,3.938929,5.696087,35.624863,24.863364
5116,0.246924,3,4,4,2.478088,1.756489,24.43806,35.155965,10.818851,7.375083,24.380677,35.136335,3.824236,2.000506,23.932702,35.079069,5.633701,3.965619,24.845576,35.62354
5118,0.243199,3,4,4,2.20467,0.824486,38.525476,39.463929,4.577642,4.593984,39.325008,39.322851,1.120253,2.882026,39.353559,38.033121,2.058144,1.94973,39.619189,39.622193
5119,0.261108,3,4,4,1.624353,2.757366,23.679689,38.185281,14.367026,8.834516,22.654998,38.704344,7.51914,2.008819,19.754849,38.890902,7.988438,4.232696,23.798307,39.544644
5123,0.499006,3,4,4,8.248741,2.478327,31.791504,43.103563,13.747642,10.104128,34.029775,43.112542,3.423572,7.155906,34.061339,40.760368,5.205625,4.840661,34.514939,43.547472
5127,0.511225,3,3,3,10.526328,5.363631,29.850575,39.286989,39.829167,29.263345,29.96126,39.041537,12.199239,12.340948,29.711848,38.189023,20.273679,13.692443,30.513985,39.586606
5129,0.152482,3,3,3,34.168525,27.841419,13.976436,28.509841,104.52086,49.801221,15.723516,37.005416,92.350282,13.434479,8.647086,36.602621,49.851573,18.869252,20.070003,42.920537
5130,0.338204,3,3,3,73.121253,29.41658,24.328054,36.217927,124.751191,95.017375,32.594684,38.177417,33.640359,60.571651,32.227767,29.372201,47.188307,51.803617,37.94666,42.602685
5133,0.127108,3,3,3,9.983921,77.845459,37.085819,7.86278,33.587013,107.442593,38.612456,13.552333,19.945322,28.567117,30.845356,13.373229,19.224741,34.456133,42.624898,18.469223
5136,0.116206,3,3,3,12.161266,17.959973,26.826879,30.380929,41.090708,34.456817,27.968002,37.77441,25.16922,9.029927,21.707011,37.628237,24.299956,13.26095,30.853083,43.013809
5139,0.269003,3,3,3,18.040421,46.620706,38.302224,26.041364,61.420121,86.276064,39.549267,32.796451,36.471566,22.006876,32.428497,32.848178,38.592026,32.269263,42.712753,37.006202
5142,0.4901,3,3,3,64.725307,32.242009,32.098969,35.739438,123.083086,110.543345,38.954499,36.751741,30.804258,66.146733,39.129704,30.417339,46.451006,72.37512,43.183337,39.248575
5143,0.505957,3,4,4,9.863221,32.83729,41.551956,17.420477,33.942526,72.413432,42.877865,23.424178,16.888979,14.853853,36.929787,25.5564,23.762626,23.851297,46.294273,32.891539
5144,0.247189,3,3,3,17.257873,52.405155,31.984641,20.54559,59.724261,76.994297,33.465607,31.248068,43.816249,20.137326,23.004616,31.088343,38.248792,27.999275,38.1708,38.842353
5150,0.244529,3,4,4,5.609933,1.112959,24.013306,39.327612,7.417009,4.141611,26.366073,39.38293,1.723725,3.80884,26.423914,37.117413,3.228214,2.838061,26.652488,39.593959
5151,0.248816,3,4,4,1.406094,3.12004,26.644169,37.694669,5.803341,4.524746,26.643291,39.345152,5.071606,1.080086,24.818984,39.384565,3.631615,1.969843,26.798298,39.62285
5153,0.249235,3,4,4,3.901445,3.735965,40.047625,27.034693,6.728143,9.779181,42.777008,27.945007,2.025806,6.879439,42.50933,24.673248,3.336807,5.211939,43.503401,28.523982
5154,0.095372,3,4,4,0.699733,0.849109,42.593432,18.223057,1.642305,3.507621,43.238645,18.221916,0.525612,1.568763,43.05892,17.853591,0.666155,2.066561,43.571811,18.366031
5157,0.143008,3,4,4,0.568326,0.708437,35.514644,35.420424,3.577568,3.693157,35.292295,35.267776,1.016668,1.073388,35.210323,35.15939,2.150724,2.068529,35.632461,35.637255
5158,0.257594,3,4,4,2.161967,1.385616,21.938702,35.374303,16.590659,10.281384,20.951186,34.752817,4.452145,2.563268,20.837303,34.803121,10.153058,5.709145,22.133843,35.559729
5165,0.49895,3,4,4,17.710767,4.349035,21.690647,38.600391,35.966766,18.334745,26.471797,38.555991,9.295908,9.499487,26.446384,36.200825,14.137158,12.359895,29.317002,39.416405
5166,0.514595,3,4,4,2.744069,5.109788,31.941807,38.332363,14.500989,16.176852,31.773824,38.820471,5.663255,4.718464,31.237709,38.612346,6.741429,5.850742,32.167184,39.596099
5169,0.500526,3,3,3,60.484692,26.257109,28.148796,36.80165,134.16201,102.248945,34.850468,37.25912,33.894176,55.283562,35.020462,29.83002,53.556805,72.3952,42.294651,41.560814
5170,0.443285,3,3,3,20.340849,48.231297,40.844016,29.11316,83.755582,114.587827,40.844106,34.889294,46.708977,31.393547,32.501335,34.287208,55.529682,45.511315,45.74271,41.912755
5172,0.504743,3,4,4,15.265846,13.470778,37.382042,30.351075,40.774052,45.480698,41.500768,31.923221,8.855873,24.912617,42.762581,24.975684,16.693808,30.618536,46.881045,35.842128
5173,0.29197,3,4,4,6.309133,23.008012,40.687195,17.392453,19.890789,39.74424,42.773214,25.089731,11.610691,9.494414,34.938318,25.673589,13.380375,14.50635,46.347449,31.362918
5177,0.500772,3,4,4,7.157113,4.831447,37.231243,31.208817,20.001676,27.596313,38.384657,30.511607,4.585865,10.391105,38.614678,29.105908,11.97121,15.469453,39.43144,31.830643
5178,0.258812,3,4,4,4.47651,13.84325,42.46162,20.245683,17.408906,30.368167,42.859873,25.364385,8.486713,8.508564,37.124983,24.744086,9.389981,11.269786,46.758465,30.256696
5179,0.195513,3,4,4,1.785918,5.958838,42.122058,22.015774,6.744332,13.82439,42.328197,24.504379,3.265647,2.973009,40.005976,24.964878,4.947783,6.238017,43.280928,25.993894
5180,0.259537,3,4,4,9.326384,9.679848,35.452045,23.333968,25.380847,36.511218,39.829798,24.033903,5.890926,20.386321,40.75694,17.406371,9.778773,20.922812,46.702515,29.322584
5184,0.501851,3,4,4,20.956486,6.48119,20.371358,37.597483,50.905289,36.262379,24.484186,36.324273,11.637078,14.853986,25.252884,33.357904,26.754192,20.079094,28.811239,39.083269
5185,0.237197,3,4,4,2.645454,3.644036,44.943537,27.832584,9.136423,16.43009,45.603306,27.505521,2.97022,6.534232,44.684752,25.300651,4.100403,7.654776,47.349298,29.497476
5186,0.490951,3,4,4,2.913831,8.235367,46.672859,33.442357,12.311817,18.514883,46.631159,35.683471,5.184676,4.84999,45.381953,35.641891,8.054162,8.987936,47.368093,36.731875
5196,0.606526,2,3,3,40.205873,25.473135,32.651196,38.382684,118.187192,107.811792,35.376374,38.184812,32.056861,42.948622,34.989605,34.405149,58.081944,70.405773,39.829109,42.232475
5203,0.220901,3,4,4,10.722417,8.557629,19.631623,32.62933,52.392509,27.329051,18.307187,35.180034,34.354555,6.818547,11.382948,35.462638,30.517344,13.569689,24.75456,42.020809
5205,0.318428,3,4,4,4.309473,2.804349,44.008312,45.793071,13.380904,12.406081,45.297531,45.565418,3.285215,5.552916,45.464923,42.804365,6.676079,8.908954,47.261969,47.057885
5206,0.746035,3,4,4,4.50862,4.913029,46.643813,46.493127,17.393799,17.101727,46.74432,46.768654,6.703639,4.562772,45.901271,46.714746,11.990538,9.369754,47.374966,47.440012
5210,0.537252,3,4,4,8.148569,4.842968,36.992264,31.711368,26.001197,23.445084,37.894286,31.441259,6.73673,7.967417,37.871945,30.761338,18.406279,19.729431,39.223553,32.158096
5211,0.757535,3,4,4,4.015477,3.862796,46.835222,46.88397,14.836806,13.921753,46.963551,47.02828,5.574339,3.994585,46.387046,46.912077,10.09178,8.037252,47.427077,47.470028
5219,0.453607,3,4,4,2.735585,1.347166,35.682984,47.305252,9.230502,5.811068,35.844494,47.283018,2.979785,1.942399,35.654452,47.115064,5.680977,3.760877,36.1243,47.499852
5222,0.533504,3,3,3,16.805437,6.351753,37.156155,39.191661,33.949867,26.574738,38.913013,39.178037,9.278725,14.74618,38.827754,37.813736,13.271022,16.876367,39.59488,39.563182
5223,0.269977,3,3,3,3.653808,6.951758,25.195846,37.855218,15.687716,13.000961,25.178383,39.206468,9.29058,3.269433,24.260502,39.224293,8.979742,4.996085,25.362389,39.618523
5227,0.172368,2,3,3,6.896995,2.182456,29.806742,39.086472,14.178722,9.075503,31.42216,39.076265,3.973569,4.986601,31.305783,37.495926,5.574627,5.692901,32.050201,39.546251
5232,0.595536,3,3,3,81.670909,25.214013,21.453736,41.515992,118.890604,67.317955,31.249767,44.343181,33.272684,47.614401,30.609223,35.78028,45.090741,36.010511,36.022968,47.058267
5233,0.468642,3,3,3,19.36657,34.662345,41.709303,36.016331,51.940492,63.310299,44.44118,43.339599,32.32335,18.706415,37.423962,42.403856,25.912877,27.434611,47.133203,47.086798
5236,0.140414,3,3,3,6.232106,5.032172,35.469036,29.205892,14.865322,17.632185,37.859726,29.591046,4.293771,8.674229,37.481304,27.351037,6.059536,10.701436,39.494154,30.56837
5237,0.309106,3,4,4,3.651464,13.389388,37.87938,17.658116,13.904817,25.822742,38.098081,22.467484,7.418089,5.596564,34.853107,23.216854,9.242913,9.271825,39.318382,25.350143
5248,0.116255,3,3,3,20.061498,15.126951,29.147243,25.344965,35.870067,43.541849,37.465138,27.660235,10.33986,27.744708,36.5216,20.874952,14.277946,22.972373,42.929807,30.923194
5252,0.250325,3,4,4,3.237705,0.595801,23.468576,43.474198,7.205208,3.415164,24.481506,43.365851,1.962311,1.785558,24.429217,42.735794,2.711837,2.259859,24.862471,43.554157
5256,0.248953,3,3,3,35.109803,16.451404,28.204188,32.500033,64.63204,61.747623,37.772976,33.283602,16.618613,39.360014,37.773651,24.242272,24.075044,38.545701,46.398141,38.210225
5260,0.250649,3,3,3,47.228733,14.039326,21.793913,38.989896,74.033195,48.448142,31.793943,40.645955,19.399211,32.444565,31.620645,29.967935,27.861684,31.299085,38.957083,45.752458
5271,0.109129,3,4,4,4.133202,2.336941,34.839816,40.766034,8.833678,7.390362,41.484253,42.813951,2.171207,4.103863,41.842501,35.587085,3.616448,4.895477,46.878636,46.392047
5276,0.209595,2,3,3,14.765309,2.723003,20.101148,42.828548,30.825972,11.570091,22.892009,42.783604,7.826356,7.699754,22.924638,39.620712,9.796323,7.65024,24.229661,43.435327
5280,0.482751,3,3,3,16.42878,5.785055,40.018139,42.993049,35.869222,24.117401,42.336634,42.979189,8.960438,16.471321,42.399093,40.30366,11.402608,16.3664,43.534226,43.46987
5283,0.490416,3,4,4,14.877324,3.136041,22.841084,39.047513,35.697389,16.564448,26.312129,38.70724,7.365807,7.102577,27.274992,37.396152,21.34887,15.673378,28.897549,39.274897
5289,0.146546,3,4,4,6.028176,3.649181,31.990211,20.727891,13.0247,18.473723,37.987966,19.842831,2.438033,11.970323,40.027506,14.22789,4.648501,11.806728,43.115319,22.40754
5292,0.152306,2,3,3,6.172173,2.972434,31.061993,42.018591,18.58218,11.20296,32.151095,42.242547,4.30021,4.728608,32.418575,40.516105,7.809687,6.646753,33.593685,43.36977
5295,0.222285,3,3,3,30.151657,22.608365,27.780721,21.021529,52.210015,60.332847,33.632816,22.953465,12.984092,55.449527,33.773479,15.427861,17.838038,31.703583,36.148444,24.68881
5296,0.103566,3,3,3,5.304291,54.524027,40.00024,8.009938,14.900863,58.388433,41.643596,14.173287,12.394473,13.471173,33.725096,14.553696,8.171186,17.351495,43.303541,16.607931
5298,0.349657,3,3,3,11.680946,35.564807,36.104651,21.056549,51.188924,80.289257,35.835691,25.416902,25.876508,19.815533,31.425452,25.656507,36.691574,31.853201,37.942327,29.194815
5299,0.238157,3,3,3,6.654657,19.465039,37.595202,19.669836,23.302017,42.984203,38.082315,22.47367,11.626242,12.325013,35.23939,22.110262,14.285763,16.803598,39.36148,24.116976
5304,0.12538,2,3,3,21.629086,6.715362,28.571914,39.449801,34.971891,22.399831,37.849417,40.580932,8.907345,11.691427,37.921514,35.644485,12.960463,11.481806,43.062738,43.170104
5313,0.516872,2,4,4,2.929484,5.005896,31.472725,24.455242,9.062314,16.010874,31.587256,24.710826,5.963252,6.87739,30.844544,24.030181,3.546954,4.794025,31.738236,25.079407
5314,0.300973,2,3,3,21.062211,16.318723,33.953958,32.557156,60.814402,66.365432,37.197218,32.645641,17.760068,29.665173,36.115089,27.942922,28.017291,41.329018,42.673419,36.745895
5321,0.760614,2,3,3,25.274504,13.024651,32.930366,42.339036,70.848281,53.434045,34.315664,42.347124,19.75704,29.245493,34.086365,39.347039,27.107213,27.26315,35.667789,43.440853
5322,0.98578,4,4,4,4.115091,9.764096,48.047613,46.386806,13.825594,18.699009,48.190293,47.957248,9.402423,5.004482,46.700757,47.915797,8.944253,5.729958,48.442574,48.47588
5331,0.47316,3,4,4,7.535216,11.481322,33.510838,23.000066,21.041239,28.200796,34.555872,25.249095,9.328618,7.339866,32.905392,25.211711,14.200628,10.739824,35.452638,26.831493
5338,0.105285,2,3,3,14.323083,6.568045,20.083306,32.698563,36.766493,24.750333,23.460159,33.40216,14.273942,13.880668,20.547305,26.143005,14.017347,12.282209,28.123127,38.587472
5339,0.076968,2,3,3,4.516742,2.66189,33.188284,36.525882,15.174304,10.440603,34.668106,36.750449,8.198941,5.360002,28.306238,32.259442,8.292275,4.283612,38.726902,39.373895
5340,0.251709,2,6,0,3.976312,0,37.984816,0,18.337828,0,37.790558,0,8.212359,0,36.15979,0,7.885293,0,38.761882,0
5344,0.248748,2,3,3,26.128374,13.234404,17.997254,33.930836,80.716494,53.168855,19.846572,34.108848,29.631742,20.768816,17.527596,30.653431,41.643069,24.891283,23.890107,38.840896
5346,0.261897,2,3,3,14.096041,52.153477,33.846071,13.718241,52.529925,109.153557,34.5522,18.518339,23.714301,28.261959,29.892381,18.4711,34.869755,37.508763,38.312173,24.539156
5347,0.317171,2,3,3,25.782886,28.234275,32.403273,21.172365,62.063256,100.580177,37.454404,22.266406,15.459932,54.387112,37.702609,16.347474,24.383524,55.479739,42.943917,27.355202
5348,0.260535,2,3,3,13.944277,20.195863,33.887301,20.224511,35.670607,64.48113,36.708626,21.643401,12.955209,27.211896,34.79615,18.666591,19.584337,30.986926,39.168585,24.672727
5352,0.283516,2,3,3,24.557503,25.314181,20.002743,29.478652,90.419002,62.120165,20.730883,33.929815,46.884235,15.70086,15.761194,34.054744,57.383096,24.546285,24.627273,39.026909
5354,0.153819,2,3,3,23.535357,4.242834,25.342696,40.798404,49.40505,20.84151,32.838946,39.921801,13.377767,11.803737,32.292677,33.599379,18.88475,8.859091,42.093292,43.214031
5355,0.400124,2,6,0,2.228034,0,38.395301,0,10.655025,0,38.249283,0,5.102617,0,37.045755,0,7.405579,0,38.725637,0
5357,0.082054,2,3,3,6.836572,2.79381,30.139453,36.599495,16.52532,14.44049,34.524462,35.388283,4.214922,7.984141,34.579675,29.199024,6.546131,6.397652,39.113175,39.135233
5358,0.502944,2,6,0,40.157546,0,22.770603,0,99.510981,0,27.857991,0,29.759907,0,26.365296,0,42.560061,0,36.781983,0
5359,0.972108,2,7,0,11.669479,0,42.931498,0,13.370917,0,43.538725,0,4.56706,0,43.495217,0,4.66209,0,43.596479,0
5360,0.360404,2,6,0,25.353396,0,24.04597,0,59.872967,0,29.521374,0,16.817624,0,28.691529,0,25.524978,0,37.315136,0
5362,0.058759,2,7,0,3.708535,0,34.966915,0,8.122527,0,39.810047,0,2.313134,0,39.20024,0,3.88784,0,43.101398,0
5363,0.086907,2,3,3,3.856691,4.757293,28.126326,39.914818,10.08439,11.258824,28.722457,42.513804,2.460979,3.14032,28.764509,42.24093,4.229135,5.61221,29.124973,44.153677
5364,0.230075,3,3,3,8.988342,5.344747,35.832275,45.097851,32.994221,25.25598,36.400286,44.488051,7.918841,9.636597,36.703249,42.047409,16.177895,13.693014,38.902398,47.072457
5369,0.218973,3,3,3,8.477202,4.445157,35.609909,45.591216,30.10082,21.324756,36.306388,45.024767,8.237387,9.557416,36.029622,41.728997,14.1586,13.213349,38.618414,47.060143
5371,0.20661,2,4,4,4.482657,4.241288,20.941397,38.152571,48.004028,26.982839,17.785025,36.612933,16.471273,6.49572,16.151857,36.90753,17.252358,9.396296,21.434874,39.434939
5372,0.427796,2,4,4,10.506814,7.106452,26.666742,38.612988,59.552526,39.522621,25.423073,37.909552,20.643875,11.11484,23.760837,37.630541,28.714613,13.345008,28.027079,39.544085
5374,0.326773,2,3,3,14.69533,30.033241,40.407983,31.89282,65.499256,90.612034,39.997653,34.091088,31.553734,25.004356,35.320782,33.643143,42.519873,39.019545,42.783596,37.897958
5376,0.246178,2,3,3,10.774575,5.935088,35.243988,32.907496,36.79099,35.747188,36.28965,31.865069,9.873415,15.366835,36.069342,29.34056,12.681711,22.24255,39.41096,33.625872
5377,0.223771,2,3,3,5.50553,13.644456,44.625817,32.29447,34.810334,48.67084,42.007127,33.432019,14.587271,11.74589,37.479203,33.895122,20.66533,15.872864,46.38744,38.674187
5378,0.253822,2,4,4,4.430787,6.34955,36.140056,19.800279,15.22116,29.867617,36.988991,19.043838,5.251517,14.409217,35.515613,14.886189,6.706412,10.032936,39.365429,23.404468
5382,0.124282,2,3,3,5.463992,2.727811,35.216309,38.155482,18.860057,15.96177,36.211976,36.98735,5.096416,6.671326,35.950638,34.276416,6.564494,9.580402,39.399531,39.145845
5383,0.242585,2,4,4,3.127909,5.552514,37.459706,19.946694,11.984359,26.438794,37.703617,19.188369,4.367421,11.657738,36.274794,15.808117,5.302667,8.147148,39.450256,23.059801
5384,0.258148,2,4,4,1.666048,2.559539,39.466687,23.661006,10.64707,16.250941,39.234606,23.391242,3.224373,5.530531,39.089256,23.038158,4.344294,7.358464,39.617037,23.805495
5385,0.253344,2,3,3,10.313412,7.734757,23.02774,32.448361,58.10552,36.042347,21.817843,32.05119,23.669477,12.433026,19.250142,30.804328,13.160804,12.194712,24.735161,34.051275
5389,0.253033,2,4,4,6.154862,2.66011,19.929417,38.090242,21.029292,12.696074,20.841945,37.653132,7.895484,5.426936,18.840497,35.300485,7.834619,4.50636,23.486532,39.514028
5392,0.247011,2,4,4,2.583186,2.035536,23.227006,39.360614,19.307897,11.58836,22.743064,39.123749,6.150195,3.218024,22.37791,39.044538,9.878378,4.317717,23.354973,39.614576
5393,0.255124,2,3,3,10.301836,13.298337,35.719507,30.199825,37.108973,41.074523,36.423885,31.607488,17.16943,16.361848,32.545051,29.284248,8.477186,9.544697,39.545061,34.132747
5394,0.254555,2,3,3,11.429482,12.305589,35.085082,30.604679,35.312247,40.957129,36.64863,31.601624,15.287548,20.424309,33.452216,27.694059,7.964798,9.21134,39.556309,34.127215
5395,0.250331,2,4,4,1.230125,4.656495,35.402593,20.102801,7.00096,16.216252,35.160761,20.617488,3.534858,4.776295,33.945138,20.209572,3.430341,5.07683,35.63874,22.041332
5396,0.246703,2,4,4,3.520473,2.862211,33.739238,21.16087,9.278137,13.765109,34.782552,20.870359,2.942869,8.540864,34.37862,17.41582,2.615298,5.169072,35.662312,21.915336
5400,0.25122,2,3,3,18.438674,11.513092,20.326125,34.954884,64.656162,36.131633,21.201097,36.478475,33.632786,14.439931,16.760997,33.782762,14.275573,8.732351,24.643754,39.535757
5401,0.257776,2,3,3,6.151844,16.336393,41.382653,22.185369,25.336653,43.76811,41.381858,24.271666,11.471521,16.024008,38.377423,22.622945,11.84319,15.599278,43.346537,26.359343
5402,0.177849,2,3,3,7.301955,9.206347,35.624495,19.481618,18.867703,35.797145,37.693732,19.662104,7.111151,18.837479,36.085488,16.475787,6.250009,13.021913,39.533374,21.311235
5403,0.125001,2,3,3,6.824334,26.805886,39.333084,12.958282,30.763691,80.23405,38.747644,14.608083,13.420269,30.033986,34.299364,12.653274,15.043309,37.43423,42.891035,18.16063
5404,0.309646,2,3,3,22.168459,26.832872,37.419959,24.040979,70.604986,119.613749,39.244738,23.546317,22.786962,54.890639,37.652488,19.249898,36.98018,56.59221,42.900816,27.751356
5408,0.237462,2,3,3,6.531341,8.462919,34.952634,39.461278,26.99751,23.341077,34.941005,41.381693,12.653428,8.091331,32.171632,40.043012,12.825938,8.502532,36.513091,43.441164
5412,0.162649,2,3,3,10.669899,14.26879,28.681954,26.42232,30.864352,34.208362,30.842436,30.285788,18.294014,15.011151,24.760642,26.476224,13.376262,15.122152,33.874792,33.784246
5413,0.241668,2,3,3,7.364306,3.835541,40.32683,36.149597,16.359172,15.789944,42.426065,36.149863,4.916964,7.712298,42.060144,34.743608,6.093714,8.125934,43.518,36.729175
5414,0.36813,2,3,3,19.608871,26.526523,33.922331,29.025505,57.679659,62.898181,36.045227,32.534148,28.400033,28.795056,31.370947,28.829686,28.710524,27.29564,39.134967,35.380355
5415,0.251722,2,4,4,2.473973,5.875249,38.259801,23.948757,13.347149,22.274478,37.464393,24.31696,5.385644,7.361711,35.315351,23.091795,4.866818,7.009337,39.491329,26.812354
5416,0.24847,2,4,4,3.234981,4.757371,34.013627,23.229428,9.294828,14.140248,34.791158,24.00332,4.340554,6.281088,33.228522,22.456577,3.59357,4.473859,35.632166,24.910246
5417,0.252824,2,4,4,4.527102,5.974907,32.895662,22.601645,12.678106,15.938004,34.191939,23.918512,5.438473,7.636731,32.314852,21.76746,3.888742,6.280039,35.623798,25.00502
5418,0.249831,2,4,4,4.151603,4.800365,36.389188,24.707092,13.978227,21.057314,37.26636,24.464635,4.537354,9.053149,36.230443,21.764123,5.149349,7.705066,39.471088,26.721332
5422,0.252089,2,4,4,3.4026,3.490957,22.229552,37.193003,21.35685,13.258683,20.727978,37.493019,9.562968,3.921867,17.588662,36.951732,7.810887,4.061929,23.451196,39.537388
5425,0.250753,2,3,3,11.915909,15.922642,22.411966,32.552864,75.217388,49.500701,20.357631,34.659382,37.562908,14.53492,15.958253,33.720143,42.380366,19.386407,23.944944,39.143128
5426,0.251367,2,3,3,19.047166,7.684039,27.657584,37.07054,59.917283,45.393888,29.524351,35.231411,18.330572,20.003745,28.3609,31.092217,23.420803,26.508236,33.696716,38.761387
5428,0.255154,2,3,3,9.747155,32.332174,36.024368,16.818022,48.49482,93.639522,34.908821,19.225686,22.345969,32.494531,30.208116,17.186439,30.315774,39.260026,38.552708,24.225935
5429,0.249602,2,3,3,14.432905,32.43002,35.783734,16.990523,50.795321,97.215054,37.139212,19.333209,20.496732,47.506814,32.89925,14.57328,20.393224,33.098155,42.867284,25.573921
5430,0.253516,2,3,3,11.010662,22.520746,38.140361,19.871268,38.792542,75.685278,39.203303,21.241592,15.570762,29.79371,35.754888,18.25009,21.764433,35.755163,42.798729,25.650925
5433,0.243424,2,4,4,4.349355,4.705899,20.040085,32.553162,22.072675,11.425853,19.276785,34.351834,10.889651,4.123388,15.82599,33.345225,8.269983,4.36406,21.706388,35.598264
5434,0.25433,2,4,4,7.442463,2.622504,21.675187,34.565529,18.044641,13.395499,23.676153,34.062578,6.959498,5.995891,22.260454,31.840269,6.63093,5.573451,25.041377,35.551576
5436,0.258121,2,4,4,2.153193,6.441127,34.918922,19.097044,9.772843,17.351422,34.771635,20.734013,4.910104,6.719873,32.881452,19.167297,3.674999,5.546251,35.634149,22.290125
5437,0.246201,2,3,3,12.376185,13.221785,36.999827,31.890922,40.870382,45.176195,38.667987,33.055116,14.573566,18.422436,36.087265,29.815048,20.704277,24.891724,42.828042,36.268567
5438,0.258773,2,3,3,11.453184,15.943553,38.000808,31.084506,40.38791,48.773546,39.077348,33.106079,16.556805,18.285448,35.377935,30.455836,22.812266,25.723721,42.759591,36.550892
5439,0.248057,2,3,3,7.825773,17.71608,40.148512,29.753407,40.36999,48.62354,38.802343,32.698009,17.387178,16.271331,34.505134,30.889225,27.367619,26.775094,42.348448,36.225245
5440,0.247344,2,4,4,6.257192,3.808059,22.189979,20.587413,12.515663,14.787231,24.163071,20.733974,5.227811,8.363635,23.071342,17.562266,4.39035,4.255388,24.877287,21.955323
5441,0.198151,2,4,4,1.892905,5.889049,34.707134,16.639741,7.648076,14.681112,34.739624,18.534679,3.6412,5.766479,33.026732,16.99859,3.05793,5.406059,35.623322,20.001951
5442,0.251777,2,3,3,14.779959,9.776718,35.645935,33.87939,41.712962,47.883186,38.681586,32.94095,14.228871,21.567076,36.493404,28.727468,22.324932,32.288457,42.750767,36.030776
5446,0.244475,2,3,3,13.816366,14.718403,22.430249,35.412431,73.730024,40.351589,20.933036,38.70713,35.853334,13.331542,16.412696,36.7977,45.876578,22.414461,24.819701,42.698286
5447,0.573845,2,3,3,36.854545,85.323619,37.020359,19.975173,151.332469,268.790055,37.050836,22.671049,68.916418,94.15226,30.26036,19.568155,74.396344,80.94661,45.461115,34.640786
5448,0.308322,2,3,3,14.722971,75.706108,40.10082,16.145487,73.181423,162.812283,38.988241,21.317692,40.036935,35.198514,32.341949,22.583357,44.418994,55.575146,42.620272,27.72723
5449,0.215957,2,3,3,5.791551,4.760372,40.92103,24.046195,19.651831,26.91319,41.648049,23.554744,4.550845,11.839514,41.964736,21.872584,9.34528,14.971707,43.373382,24.47952
5454,0.6839,2,3,3,38.723137,51.365236,36.356308,35.250649,143.117238,155.221456,37.343487,38.635933,68.807995,50.648124,30.837459,36.06844,81.25087,58.615346,42.913538,46.53203
5455,0.127243,2,3,3,9.506294,24.056369,37.07589,22.305701,40.041916,62.034171,36.888061,26.126323,21.780522,18.673983,29.304372,24.915006,23.464899,26.023308,42.089754,31.5392
5456,0.256883,2,3,3,34.098841,23.728975,31.489962,31.061997,86.715225,92.488896,36.287304,31.473182,27.259222,52.405595,34.414509,24.363791,39.839486,55.410031,42.483442,35.900634
5457,0.205199,2,4,4,2.615179,3.534651,37.500867,19.825429,15.710295,32.458997,35.799945,15.991601,4.319497,11.557093,35.41327,13.96689,7.225125,15.146946,39.166114,20.800343
5460,0.279696,2,3,3,34.378037,39.912059,21.043851,30.696733,157.954818,104.522401,20.244401,35.366142,116.44175,27.477619,12.298752,35.158517,91.560217,42.024421,25.657318,42.544313
5464,0.513071,2,3,3,68.545124,41.821045,31.419902,36.337551,168.875192,152.876809,36.506958,37.334681,55.254511,84.913499,34.268745,29.682738,78.609658,93.257074,42.507168,42.126918
5468,0.249563,2,3,3,79.831521,21.380226,13.346567,35.895582,169.016294,77.592836,18.256319,36.988312,60.416435,42.568869,15.792156,29.34378,66.486009,46.301093,25.126241,42.073959
5470,0.157326,2,3,3,12.495547,38.660886,32.649048,10.824709,45.573675,132.036263,33.900938,11.922434,18.635176,59.931302,28.884305,8.762957,18.53823,38.352757,42.196448,20.079694
5471,0.135673,2,3,3,13.925287,23.499444,34.178579,14.545002,39.69509,94.546853,37.479657,14.669646,10.510154,49.214664,37.246214,10.722153,19.966903,51.829064,42.582422,18.598865
5472,0.250404,2,3,3,12.607981,19.117966,36.986371,20.825093,48.454764,86.17106,37.54229,20.219427,15.305248,37.448718,35.799004,16.378261,20.013208,37.169945,42.895941,25.460676
5473,0.250145,2,4,4,3.217372,7.69111,34.04744,17.83571,12.977437,21.830778,34.103391,19.612532,6.717175,9.817075,31.088156,16.761024,5.02694,7.713443,35.573867,21.961518
5474,0.251788,2,3,3,19.195537,24.876397,33.078125,26.880185,63.049565,74.341323,35.318451,29.771182,23.264724,29.853602,31.64184,25.668599,42.997375,51.80819,40.988903,34.744507
5475,0.243487,2,3,3,19.792042,22.596997,32.40384,27.370467,59.134558,74.435338,35.60237,29.363376,22.344902,27.177912,31.715656,26.161576,43.435731,51.048629,40.800645,34.515492
5476,0.247997,2,4,4,3.396556,4.159086,37.235974,21.429546,10.969435,16.9049,38.032176,21.4751,4.219811,9.540849,36.550689,17.404405,4.029719,6.079928,39.535588,23.359488
5480,0.251727,2,4,4,4.174183,3.616242,23.705846,33.717832,16.482475,10.779956,23.805118,34.548554,9.046043,4.642948,20.832541,33.011394,5.882815,3.868226,24.981241,35.623934
5484,0.249513,2,3,3,39.649496,19.464905,15.480972,32.837835,125.440305,60.956045,17.454971,35.548078,50.695627,24.242583,14.097777,31.093827,73.695595,43.621475,23.594634,40.888996
5485,0.253842,2,3,3,19.792327,46.605286,32.843273,14.485642,64.374456,122.068776,35.199332,17.876145,23.452814,52.717064,31.642605,14.005576,45.265312,79.056692,40.802367,23.50398
5486,0.124793,2,3,3,8.75643,25.352575,33.927069,11.048185,25.478844,72.455018,37.112583,13.02409,10.220461,30.299353,32.927049,10.403184,16.534533,37.404666,41.883553,17.503826
5487,0.24696,2,3,3,12.125758,34.550392,34.498037,15.970238,47.01402,93.891621,34.898267,18.814257,21.545891,38.643174,30.244015,15.584259,27.70083,42.672059,38.658534,23.780304
5488,0.246336,2,3,3,13.527663,15.869574,33.696888,20.914911,40.756183,68.563787,35.747402,20.66094,14.041565,35.1556,33.844401,16.221048,14.75883,28.955877,39.333317,24.182432
5495,0.376795,2,3,3,28.805544,29.132143,30.369073,32.931621,88.716102,80.652465,32.846013,36.719156,33.474592,31.652342,29.494305,32.660655,53.869981,49.669654,37.563186,41.898373
5496,0.374162,2,3,3,33.569894,25.892549,28.829651,34.066159,92.484631,79.684566,32.442958,36.761952,36.043824,29.998886,28.692931,33.148497,55.325976,48.45745,37.45126,41.948876
5503,0.250797,2,3,3,21.768883,20.497953,28.079799,32.345696,68.374204,58.352298,30.410114,35.991951,25.900401,22.100611,26.991243,32.152287,40.945753,35.133851,35.470643,41.714144
5504,0.24916,2,3,3,25.008364,17.91834,26.699009,33.678305,70.325266,57.784257,30.107268,36.020902,26.535282,22.16675,26.678862,32.050094,41.299989,35.055949,35.39706,41.700389
5507,0.236719,2,4,4,8.249855,10.144805,36.149265,20.082995,23.749502,39.238514,37.653903,20.358854,8.502963,22.981344,36.287043,15.618501,8.073593,16.35516,39.524696,22.817312
5508,0.250839,2,4,4,5.820399,17.868737,37.809003,17.598611,22.448424,45.5317,38.000254,20.368683,11.687249,19.367165,34.776557,17.44609,9.034983,12.209756,39.511141,23.468915
5510,0.24437,2,4,4,1.481213,2.072852,24.642862,34.895295,5.872197,3.807027,24.656237,35.517322,3.089176,2.190583,24.119201,34.898037,2.53549,1.671509,24.809718,35.68358
5511,0.286098,2,4,4,4.473005,0.821864,21.591537,35.591093,7.658026,4.733591,22.925293,35.495554,3.576049,2.877134,22.258148,34.717161,3.57147,3.012276,23.176434,35.662797
5515,0.253365,2,4,4,6.441873,5.148464,22.309806,23.165152,13.071095,12.731372,24.300876,24.340392,6.402421,8.018968,22.575035,21.547037,3.90779,3.21334,25.06573,25.074663
5519,0.124373,2,4,4,1.618131,1.675561,37.427565,37.298903,8.131409,7.94531,36.607206,36.713557,2.931537,2.553267,34.699079,35.561191,3.624272,3.521043,39.308655,39.326467
5521,0.282178,2,3,3,11.602529,28.389617,40.825977,30.70342,48.584603,65.014937,40.751182,34.556122,25.456961,17.043423,35.944808,34.462204,28.21637,23.231185,43.094493,37.432717
5522,0.043519,2,4,4,6.550119,4.520522,8.481552,6.957979,20.567415,29.915065,9.156862,6.008362,6.669365,22.628731,8.586886,3.553076,7.359599,11.305422,10.545366,7.862788
5526,0.274496,2,3,3,17.844929,24.55829,24.595835,35.499166,84.728099,59.024211,23.944656,39.600707,49.951791,14.108338,18.425482,40.012924,48.405676,20.662974,26.636186,43.301158
5527,0.129475,2,4,4,3.127698,4.050751,37.681982,16.217165,7.517984,15.971301,38.875309,16.287806,3.46572,11.830942,37.529503,12.85579,2.219842,5.97425,39.615853,17.035648
5528,0.248197,2,3,3,11.431875,15.540868,37.698498,30.809741,46.836163,58.048408,37.737221,31.531807,18.008474,19.34411,34.163974,29.501425,21.933303,23.749845,42.7559,36.374726
5529,0.259955,2,4,4,6.601083,18.078778,37.514055,17.959706,25.559206,46.498714,37.719357,20.695034,11.538701,20.306025,35.088788,17.569027,10.085747,16.950408,39.490329,23.71976
5530,0.249054,2,3,3,13.586319,15.21186,36.303666,31.011513,51.377701,60.958239,37.027662,31.214507,17.754942,23.739976,34.338725,27.722316,21.84854,26.994766,42.766937,36.240767
5533,0.122685,2,4,4,6.035758,1.646967,18.419583,38.941007,13.998328,6.288529,19.558272,39.031591,6.858308,3.863264,18.200317,36.900771,4.101886,2.377723,20.11542,39.606928
5536,0.129592,2,4,4,3.152792,3.484572,37.658861,20.094387,7.380025,12.796996,38.901903,20.215664,3.012531,8.073321,37.971922,18.226892,2.155269,4.716313,39.617767,20.652974
5539,0.245418,2,4,4,1.366073,0.949311,20.237484,31.614064,8.892049,5.306809,20.019728,31.509328,4.398699,2.487413,19.069078,31.0297,3.836853,2.411118,20.345955,31.726765
5540,0.253096,2,4,4,1.268877,1.493697,22.972631,31.451168,7.686702,6.538902,22.858103,31.415404,4.47629,2.728108,22.017211,30.946602,3.650939,2.138108,23.049982,31.732549
5543,0.25571,2,3,3,23.159517,27.119764,35.385332,29.94102,74.15696,90.560173,37.54919,31.576469,28.967201,32.486218,33.76189,28.877624,42.428069,48.354263,42.342743,36.140719
5546,0.119053,2,4,4,5.884845,1.799804,18.167991,38.772578,13.750782,6.3052,19.269347,38.993793,6.110206,3.566839,18.224024,37.107935,4.227994,2.256348,19.81618,39.608711
5549,0.249701,2,4,4,6.378474,7.357427,37.49327,25.516627,15.740338,23.484962,38.752697,26.032638,7.241206,13.206832,37.236464,23.567872,5.225577,7.668691,39.600185,26.82326
5550,0.246405,2,4,4,1.805188,2.111078,31.30539,22.618996,7.740413,10.220062,31.271333,22.51141,3.311462,4.089148,30.570884,21.980771,3.0813,4.136916,31.713299,22.873878
5551,0.248265,2,3,3,11.335815,15.798147,37.765446,30.686124,45.618083,55.611718,37.939401,31.835396,17.858813,20.029493,34.249614,29.206821,24.197864,26.683251,42.594287,36.235414
5552,0.252101,2,4,4,4.993665,8.606435,35.435117,17.901699,15.321926,28.944537,36.932457,19.144781,6.139505,13.836547,34.478559,15.08751,5.323236,9.408054,39.462796,23.372813
5553,0.250761,2,4,4,5.491576,12.933366,37.979011,19.552487,16.955739,29.335974,38.633872,22.046596,8.91004,15.132553,36.341402,18.983251,5.564731,9.825452,39.594337,23.500897
5554,0.247374,2,3,3,14.509332,13.915824,35.653619,31.587615,46.61195,54.470152,37.748572,31.93847,16.825438,23.458782,34.797578,27.749126,22.946356,28.31213,42.679273,36.127483
5558,0.250611,2,3,3,20.32832,12.714555,20.4276,36.923374,85.012756,46.644114,20.32254,37.842509,36.299407,16.585489,16.622642,35.059695,41.004325,22.798844,25.316544,42.710777
5559,0.24867,2,4,4,4.699453,9.690076,35.708462,20.873876,15.586273,24.977353,36.798765,23.65672,6.620964,10.387623,33.844493,20.788749,5.541166,7.603055,39.44294,26.684005
5560,0.248531,2,4,4,5.292801,6.712725,34.988032,23.132066,14.502411,21.551488,37.101237,24.312804,5.739927,9.658067,34.833362,21.27651,5.017143,6.987438,39.477932,26.700945
5561,0.251297,2,4,4,4.088384,4.035762,36.492141,25.334674,13.501929,17.616411,37.417017,25.160404,5.006107,8.862099,35.733687,21.971622,3.761626,6.167447,39.551991,26.824017
5562,0.245947,2,4,4,2.704164,6.141445,37.967404,23.468792,9.860446,17.418679,38.282018,24.968669,4.90442,7.037075,35.728035,23.062327,3.639309,5.799499,39.554101,26.645793
5567,0.247776,2,4,4,4.534821,12.485592,35.88727,15.200619,14.402365,28.97946,37.11686,18.925877,5.960526,13.699492,34.562188,14.957129,5.162162,9.222462,39.467447,23.212655
5568,0.24732,2,3,3,9.414985,16.131162,36.042926,28.690683,39.972793,48.127346,35.87754,30.619001,18.086908,16.783039,31.840864,28.809968,17.927095,17.202809,39.199687,33.809884
5569,0.126935,2,4,4,1.812642,3.018837,37.070202,15.086029,5.260144,13.091409,38.202108,14.925956,1.835078,6.131899,37.247883,12.488966,1.923964,5.027919,39.549649,16.767557
5570,0.250495,2,3,3,13.897491,11.625543,33.6201,30.756944,43.651979,49.116475,35.447077,30.626077,15.480439,22.00506,33.230755,26.94265,16.894791,22.52234,39.255681,33.709624
5575,0.254886,2,4,4,6.014573,14.124633,37.756849,23.153243,22.961417,39.397116,37.981822,24.936351,11.374578,14.695689,35.054922,23.249755,10.287264,12.828512,39.478044,26.940437
5576,0.242899,2,4,4,8.401494,8.962494,36.188347,24.647021,25.098899,34.519922,37.554918,24.865329,9.122547,17.953588,36.056839,21.474568,8.579424,14.731875,39.516164,26.484602
5577,0.373872,2,4,4,3.841483,7.209635,34.572499,25.591777,14.590158,19.316397,34.720863,26.749269,6.574934,6.903076,33.202646,25.932441,5.546076,6.195444,35.628838,27.707849
5578,0.252169,2,4,4,2.729396,1.882355,34.466372,24.777068,8.835913,11.446624,34.890695,24.443221,2.725089,5.072511,34.585543,23.347308,2.395243,4.384279,35.669392,25.023021
5584,0.254065,2,3,3,6.248423,15.658408,41.270619,22.243094,25.767582,41.640272,41.264886,24.27774,11.307169,12.720934,38.376903,23.590067,15.275692,16.077209,43.182067,26.19916
5585,0.296845,2,3,3,12.029277,19.946013,35.699306,21.87542,47.048759,79.37398,35.983752,22.073762,17.227319,34.363424,33.711197,18.603652,20.156065,31.980768,39.250752,25.883473
5586,0.252999,2,3,3,33.26475,22.278711,31.593498,22.484801,75.116418,108.75223,37.36318,21.486345,16.074225,92.844293,38.720921,12.835978,25.121846,68.156877,43.100967,25.232902
5590,0.250929,2,3,3,6.332097,7.858225,35.472905,40.187036,26.967557,21.505001,35.379593,41.83544,12.12683,6.513234,32.996794,41.282883,16.629866,8.625077,36.726669,43.452915
5592,0.244871,2,3,3,21.647944,10.991416,35.609327,40.417252,47.607827,40.235787,40.160282,40.95525,13.195602,23.901704,39.749831,35.219407,21.472592,28.830477,43.203229,42.918674
5593,0.268736,2,3,3,20.597243,23.757706,23.670049,35.609325,74.503519,52.24758,24.27354,40.160281,51.600929,14.481615,17.903634,39.749831,51.55618,23.565263,26.339359,43.203228
5596,0.186151,2,3,3,11.086342,73.485513,38.771783,10.976496,56.778984,165.85356,37.145678,14.83538,31.045565,40.088498,29.59666,15.2466,35.164259,47.472816,42.026028,22.334634
5599,0.268464,2,3,3,41.662901,17.592107,19.086891,38.097505,116.471492,63.345294,21.830249,39.026705,44.571556,25.702359,19.008956,35.400731,44.126642,30.207062,26.482615,42.972629
5600,0.121412,2,3,3,7.78836,10.038446,38.252941,36.21252,28.279919,29.555044,39.109977,38.821302,11.641618,10.23934,35.386489,36.537754,13.68689,12.075632,42.970468,43.099457
5604,0.249234,2,4,4,8.312881,2.577225,17.983024,38.133483,26.240898,11.899858,19.558322,37.810716,10.533888,5.672885,16.811042,34.927922,6.80267,4.455588,23.381921,39.513055
5606,0.124691,2,3,3,20.013082,11.601237,14.101836,32.74532,70.815103,28.848617,14.772884,36.127908,33.753165,11.304568,11.779064,33.403218,27.754382,9.660811,17.650811,39.409765
5607,0.059679,2,3,3,5.518314,3.810142,32.795526,35.413136,13.625785,13.714091,36.196459,36.163135,5.39824,5.739538,33.420702,32.939448,4.573013,5.902169,39.414671,39.271869
5609,0.248032,2,3,3,21.698238,54.276681,33.236801,15.693951,70.425969,123.929492,34.934953,19.670949,29.383811,55.43076,31.160678,15.948784,25.694432,33.661789,39.238067,24.395396
5610,0.249797,2,3,3,10.078473,25.659015,35.724127,18.170352,42.711896,77.481186,35.55878,20.139867,18.837051,29.492117,31.572755,17.610226,19.64027,27.71729,39.127275,24.348337
5611,0.251457,2,3,3,12.95062,20.21588,34.165079,19.790415,45.268315,77.628346,35.25064,20.208328,16.337788,37.942658,32.832617,15.919138,21.292243,37.064544,39.051577,24.151832
5614,0.06735,2,3,3,10.095239,4.242332,20.104955,35.49316,24.098524,15.077315,22.624383,36.296581,9.731148,6.389703,20.626259,33.048109,7.997858,6.513129,24.635002,39.287229
5617,0.061904,2,3,3,5.887577,3.886373,32.565124,35.512701,14.018576,13.962702,36.238364,36.258654,5.400537,5.830494,33.695061,33.1057,4.656347,6.09388,39.422686,39.275102
5620,0.317638,2,3,3,35.146652,20.378419,28.496454,35.383929,83.733983,74.09632,31.966149,36.084776,32.007116,30.628134,29.61153,32.918547,28.010627,32.087483,34.955516,39.256754
5622,0.255892,2,4,4,6.316183,18.183755,37.610926,17.728335,24.336807,50.199203,37.823076,20.116835,11.784728,20.602087,34.852784,17.279869,10.851558,15.771909,39.461334,23.593491
5623,0.253083,2,3,3,26.145061,18.245366,31.865732,30.614665,64.338729,74.589791,35.610141,30.652094,23.609463,30.474309,33.181196,27.67342,22.214231,33.660733,39.3469,33.767198
5624,0.257605,2,4,4,9.132356,15.826366,36.059741,18.697829,36.043171,65.30114,36.278848,18.685104,12.346079,33.581118,34.588368,14.000295,15.641775,27.075247,39.281737,23.311379
5629,0.242789,2,3,3,15.310513,29.925815,35.486435,26.929349,62.061407,72.715053,35.578349,30.418954,25.240138,27.057289,32.299864,28.119848,28.038818,25.044229,39.146985,33.728158
5630,0.251025,2,3,3,25.990996,17.597302,31.846196,30.72949,62.932789,71.862717,35.690009,30.771154,22.666935,28.507885,33.434068,28.085658,22.381897,34.116062,39.337939,33.713237
5631,0.24861,2,4,4,3.826997,8.367006,33.484735,17.294229,13.93184,26.683684,33.885479,18.654339,6.600156,12.281298,31.157762,15.306402,5.132678,8.30621,35.567306,21.887008
5632,0.298807,2,4,4,5.087713,8.72329,33.104373,19.139469,19.58151,33.842997,33.364494,19.474861,6.755669,16.478049,32.062649,15.40409,9.45605,14.055387,35.405197,23.191146
5640,0.256522,2,3,3,52.263696,16.003583,16.348703,35.54954,113.045147,64.460641,20.619164,35.676756,44.488782,25.349443,17.888493,32.719983,37.591718,30.692462,24.663143,39.113325
5642,0.159492,2,3,3,7.350446,4.302891,28.85302,19.839514,17.557131,18.680455,30.512369,19.783886,4.773344,12.984796,30.397343,17.145755,5.751037,11.729721,31.555991,20.246707
5643,0.197505,2,3,3,5.640447,5.75351,37.335929,21.690559,15.284158,25.594421,38.507101,21.56881,3.987242,16.192763,38.477961,18.510846,5.115782,12.484985,39.584432,22.352714
5645,0.248355,2,4,4,1.593353,2.761486,31.401399,22.474841,7.602198,9.678113,31.293389,22.60525,4.3361,3.805256,29.92734,22.156254,2.870542,3.936969,31.718384,22.926673
5646,0.250653,2,4,4,8.770241,8.056196,32.99358,23.752395,14.165888,19.95345,35.150512,24.541653,7.891855,14.661663,33.604631,21.872949,5.23595,7.839424,35.663359,24.984822
5647,0.247516,2,4,4,4.716642,12.390266,34.711669,22.239341,13.713787,20.445466,35.169986,24.415787,9.761463,11.581765,32.723919,22.72911,4.473429,6.507553,35.672152,24.898741
5648,0.125861,2,4,4,1.707157,2.403475,33.895482,18.355202,5.655121,11.02628,34.449022,18.144191,2.110735,6.086618,33.382172,15.477669,3.179379,5.603997,35.50628,19.174274
5652,0.125477,2,4,4,0.710629,1.035582,31.473116,31.197962,3.762757,3.559394,31.310187,31.352689,2.251684,1.264722,29.845062,31.036787,1.486465,1.397257,31.716872,31.720538
5656,0.108774,2,4,4,3.805951,2.413024,32.993582,34.413392,6.147457,6.042728,35.150513,35.167419,3.424765,4.247035,33.604631,32.768491,2.272204,2.383594,35.663359,35.659883
5658,0.063491,2,4,4,1.40474,2.218299,34.419225,32.999589,6.811211,7.003257,34.012099,33.932569,2.64923,2.41874,32.46321,32.875708,2.694825,2.157622,35.560256,35.608046
5659,0.428265,2,4,4,13.648228,9.318327,33.360013,34.455475,35.255011,37.133259,34.625179,34.52382,13.842466,15.11332,33.514595,33.189627,12.205954,12.200909,35.634036,35.634086
5662,0.192817,2,4,4,8.746768,6.941535,17.59844,32.873182,44.344978,22.454837,16.757639,33.767979,19.453543,7.804855,13.9916,32.605652,15.816506,7.170921,19.660645,35.591012
5664,0.254446,2,3,3,14.203333,14.375752,33.57388,29.715014,51.053301,55.792434,34.549824,30.067963,17.481042,23.00484,32.373288,26.755268,23.461614,27.092411,38.951621,33.625385
5665,0.247707,2,4,4,6.154049,18.904911,34.140856,16.535141,16.097071,30.926923,34.992851,20.637973,10.043988,19.447535,32.597699,16.708243,3.98485,6.145981,35.677666,21.984934
5666,0.25117,2,3,3,12.220173,16.080653,34.560291,28.866336,45.280049,53.888641,35.242035,30.1483,19.684072,19.556433,31.230306,27.880635,22.94562,24.710931,38.963237,33.645492
5669,0.12862,2,4,4,4.360764,2.976619,33.12198,34.316974,11.546401,12.19474,34.451213,34.328846,4.395926,4.836555,33.312371,32.931178,4.120028,4.054019,35.617751,35.62022
5672,0.192813,2,4,4,10.851028,4.633227,20.223734,34.225937,28.330708,18.966406,21.696809,34.240479,11.268202,7.349521,20.304661,32.873302,9.943534,6.301896,22.891528,35.614565
5675,0.24828,2,4,4,15.929151,6.556261,21.067781,33.973973,30.750011,20.168558,23.83454,34.649833,12.994231,9.434508,22.310718,32.886593,7.412864,5.699145,24.916189,35.656195
5677,0.231949,2,4,4,6.087701,9.364137,37.396351,23.986798,23.537721,36.660721,37.616125,24.170282,8.623568,15.938786,36.110144,21.654292,12.179237,18.193252,39.368779,25.995071
5678,0.228158,2,4,4,7.327677,13.881345,36.554198,21.930468,29.620029,51.581365,36.640548,22.491095,12.707163,18.783219,33.508302,20.412397,14.013461,20.803698,39.273852,25.774698
5679,0.266785,2,4,4,10.859068,9.516099,32.30615,23.889098,22.178809,29.652913,34.60662,24.526712,8.926946,14.462954,33.390858,22.578039,5.229079,8.102767,35.667523,25.44605
5682,0.216159,2,3,3,8.330235,10.954047,35.977372,29.748104,34.932245,40.815281,35.878201,30.250246,14.697713,14.081196,32.459655,28.618546,15.409106,16.750523,39.213298,33.093851
5683,0.118998,2,3,3,5.295938,6.589562,35.140539,26.47351,19.827064,26.769736,35.707658,26.53593,6.567577,11.630191,34.079241,23.463819,7.951257,11.474694,39.262421,29.272366
5689,0.249994,2,3,3,9.784615,16.107138,35.362096,38.221162,43.790261,44.400341,35.110513,40.608653,21.938315,10.700327,31.754359,40.900024,29.19942,18.256065,36.60147,43.317592
5690,0.245074,2,3,3,34.418555,9.537747,19.298093,41.059488,90.85622,43.095427,22.127269,40.654967,22.184747,21.019637,22.40463,36.391997,34.442742,26.692945,25.675989,43.008779
5692,0.172677,2,3,3,6.555644,13.087312,33.36376,30.663235,30.520913,35.367068,33.052422,32.593454,14.554434,8.379363,30.372925,32.860722,20.359092,14.855037,34.323153,34.472126
5695,0.255368,2,3,3,21.626607,12.21223,19.557347,34.676115,85.47094,51.953183,19.814123,34.455226,33.179116,21.563705,17.049279,30.5489,34.04229,19.774755,24.394993,39.141644
5697,0.280053,2,3,3,18.672905,34.09158,33.591064,32.420917,76.173391,76.308373,33.645532,38.025064,48.4633,19.545226,26.218032,38.054208,49.838979,29.823054,36.693851,43.032646
5698,0.224398,2,3,3,69.748333,14.008024,13.15698,38.447357,126.741906,54.916184,18.932205,38.785594,32.833778,33.988573,18.882258,30.669462,43.015487,35.005654,24.548168,42.471855
5703,0.121893,2,3,3,6.690229,19.744567,39.300077,23.447454,27.220143,43.541421,39.373861,27.928441,16.43212,11.068513,31.941203,27.993563,18.305842,17.154535,42.545187,31.568061
5705,0.249864,2,3,3,24.292351,18.562619,30.565622,37.121937,86.040454,73.949658,31.689387,37.388586,29.214716,27.61316,29.523023,34.011237,35.482005,29.186949,36.422063,42.928377
5706,0.275344,2,3,3,35.303415,25.05087,20.644948,35.343048,151.841469,85.452363,20.328095,37.003422,71.932649,26.330922,15.638922,35.411391,56.593304,33.456997,26.488504,42.878554
5711,0.24608,2,3,3,18.120418,28.81851,37.194017,28.966205,67.915644,87.518687,37.929355,31.401051,29.087671,29.577646,33.327147,29.235838,29.100678,30.476573,42.913202,36.469468
5712,0.253849,2,4,4,10.599679,8.432186,32.178236,20.563848,21.939232,33.48542,34.530379,20.668775,7.803397,25.296613,33.684057,15.348405,6.050979,11.387385,35.652954,22.145722
5714,0.184169,2,3,3,21.69759,15.025718,32.766678,36.329491,57.766595,55.7308,36.91535,37.210142,17.541271,23.506893,35.448801,32.524765,28.147254,30.09566,42.511963,42.375854
5715,0.201322,2,3,3,15.569797,25.849449,36.788427,31.850208,66.877808,75.297436,36.427244,35.35825,28.938982,20.525908,31.244719,34.804045,39.168968,32.015069,41.944592,42.433005
5719,0.381496,2,3,3,83.940487,32.337517,17.93588,35.991161,195.63206,116.944675,22.770618,37.10488,62.319435,49.439443,20.987028,32.363337,85.272129,62.746581,29.302833,42.361877
5722,0.245925,2,3,3,27.213499,26.012056,29.451394,33.87738,83.784036,69.95794,31.702677,37.698992,34.842815,26.052356,27.767727,34.431125,45.605299,37.383912,35.973609,42.522272
5723,0.131303,2,3,3,14.208565,12.440842,33.64634,34.959123,37.654153,37.947749,37.636553,37.576062,14.044514,15.650621,34.336106,33.241002,20.017507,20.721906,42.516752,42.448554
5725,0.249539,2,3,3,22.076531,32.820106,35.602701,27.971471,73.26961,88.207141,37.451618,31.498303,30.03985,31.628513,33.13842,28.81965,40.516302,45.075206,42.389599,36.093542
5726,0.251,2,4,4,2.970053,4.461171,34.263493,20.273275,11.591624,17.877342,34.388731,20.359657,4.577687,9.297601,33.057623,17.121677,5.840654,10.403388,35.533892,21.878689
5728,0.256692,2,3,3,13.92463,28.286983,36.352717,18.370176,45.753097,86.433989,38.164782,20.523917,18.714726,38.558063,34.115998,16.459712,22.152593,38.231114,42.791148,25.696161
5729,0.252395,2,3,3,28.810237,48.786146,33.097023,17.106737,74.657957,134.83612,37.392932,20.031364,28.272422,65.158783,33.875356,15.361726,37.098419,64.438228,42.58468,25.314194
5730,0.245721,2,3,3,10.31835,23.462428,38.383739,19.174362,35.482285,68.786211,39.55768,21.428184,13.384248,27.41329,36.807274,18.464487,16.480636,26.383952,43.088806,25.614224
5734,0.248435,2,3,3,14.413049,13.736671,31.383093,36.184971,51.901454,44.528913,32.303943,38.123955,22.050077,17.34687,28.366755,34.542747,25.109708,22.030287,36.317152,42.750651
5737,0.258766,2,3,3,29.952645,29.534176,29.232305,33.098189,91.078681,78.547405,31.665171,37.184982,38.03569,29.595422,27.579064,33.664671,48.025362,39.644458,36.23378,42.507273
5738,0.252342,2,3,3,63.353179,24.773744,15.143375,34.616301,148.249455,76.135512,19.356825,37.234018,62.651245,31.395319,15.652159,32.794327,65.465028,40.357618,25.282298,42.421267
5740,0.252506,2,4,4,4.00343,6.58482,30.039787,17.821801,15.304905,25.272309,30.236462,18.105588,5.204114,11.371714,29.38175,15.376243,7.307174,10.737408,31.571597,20.383898
5741,0.24806,2,3,3,23.579634,34.180863,34.928173,27.522517,70.773629,87.430871,37.67623,31.496428,29.797427,33.657966,33.160797,28.190274,37.807073,43.062352,42.517282,36.125254
5742,0.254631,2,4,4,3.550294,5.614116,37.16617,20.474263,12.847178,20.754996,37.634863,20.97459,5.849639,9.648463,34.867995,17.653055,4.16325,7.453037,39.534247,23.56398
5745,0.124451,2,3,3,6.93806,6.050343,33.583537,34.56538,24.992129,23.542441,34.543923,34.93909,8.597068,9.546185,32.327324,31.421866,11.483079,11.452544,38.950753,38.954107
5748,0.126192,2,3,3,18.599059,6.413256,12.585401,34.259178,68.414272,25.833375,13.161042,34.412361,26.437759,10.062437,11.049344,31.074101,28.108008,11.579333,17.43588,38.957723
5749,0.245722,2,3,3,20.211655,29.742967,30.260395,23.667035,61.46795,68.432346,32.913332,28.41861,23.833519,25.488483,29.230047,25.519978,33.453913,36.8427,38.259802,32.976833
5750,0.211535,2,4,4,3.293959,4.761261,33.4438,18.253669,9.014255,15.834728,34.558347,18.98145,4.010212,8.001866,32.896064,16.075685,3.657361,6.49614,35.604984,20.544548
5751,0.254743,2,3,3,24.12196,23.56982,28.906009,26.097525,56.593057,69.800908,33.82834,28.644852,21.422073,27.468748,30.587302,25.280258,31.21077,38.938621,38.492081,33.095203
5752,0.251297,2,4,4,2.264011,4.822493,38.454158,21.009444,8.42814,15.260356,38.648156,21.955279,3.147884,6.654705,37.748299,19.733856,3.729746,5.274021,39.553548,23.511808
5756,0.256181,2,3,3,23.706043,26.079569,26.111225,28.188375,73.842525,60.510472,28.301507,33.365411,29.660705,21.654296,24.671783,30.539514,40.156669,32.573031,33.068205,38.414752
5760,0.23056,2,4,4,5.448625,2.891757,22.038981,34.115473,14.842318,9.671571,23.247712,34.589116,6.983603,4.193037,21.22677,33.069131,5.931283,4.155849,24.305366,35.597222
5762,0.150815,2,4,4,7.582998,5.409978,15.933304,28.660217,37.418397,21.342032,14.898932,28.991022,19.874988,6.249604,10.619809,27.964456,16.140493,7.520491,20.012232,35.022278
5763,0.076514,2,4,4,7.515391,1.695295,9.614593,31.86682,28.875201,8.291989,9.91449,30.857456,8.324738,3.715305,9.419063,26.6289,8.395533,4.307139,14.51351,34.858289
5765,0.179436,2,4,4,6.862908,7.174194,18.341461,18.105462,25.198947,29.464324,18.918861,18.119433,10.610263,9.050406,16.151907,17.114888,12.259582,12.225329,21.935656,21.93805
5766,0.337176,2,4,4,7.574343,8.775467,31.791871,23.768373,22.568424,31.379085,33.285369,24.418499,8.249471,16.929514,31.635219,20.024694,10.1298,12.49063,35.432327,26.892179
5767,0.198694,2,4,4,2.343458,7.327426,34.271415,19.09958,8.656252,13.960269,34.513827,22.012517,5.228562,4.03222,31.211156,21.73152,5.3046,5.363512,35.485187,23.128583
5770,0.0929,2,4,4,2.671565,4.182716,30.276679,13.826056,10.454483,22.050427,30.615345,12.807141,2.816936,11.853345,30.304933,9.329992,3.752068,10.367304,35.237789,16.072335
5772,0.338206,2,4,4,0.87367,1.255509,31.686459,24.709177,4.440371,5.801389,31.655476,24.692519,1.253543,1.561427,31.637317,24.684781,2.241492,2.863438,31.73899,24.765108
5780,0.322807,3,4,4,2.340437,9.83769,38.89386,20.389829,12.189161,21.746452,38.502585,23.716868,6.071002,4.891498,36.263359,24.183896,11.390994,10.347233,39.199726,25.710095
5782,0.1857,2,3,3,8.862614,6.982755,37.420486,32.52749,25.640282,28.51735,39.816644,32.56205,8.873536,14.039462,37.854486,28.64775,9.765443,17.927759,43.273977,34.649369
5783,0.123752,2,3,3,3.745155,7.633479,40.361405,27.638463,14.831614,22.267888,40.551382,29.414503,7.192019,7.98279,36.249791,27.713621,9.294063,8.509965,42.971253,31.85431
5786,0.025096,2,3,3,1.206438,0.770512,37.362722,40.288835,3.564087,3.204735,39.655355,40.237477,1.220812,1.539892,37.71802,35.763664,1.35639,1.98652,43.256945,42.908147
5787,0.298777,2,3,3,10.095217,34.069666,41.584843,21.988944,33.454939,65.586511,42.207345,26.057607,18.42023,15.170904,38.922168,26.392449,17.783576,21.128251,43.407359,27.902029
5788,0.048741,2,3,3,4.634969,10.335884,34.924384,8.329824,9.924664,40.319178,39.911504,8.447725,2.595842,37.437259,39.81656,4.962733,3.467029,18.927263,43.331102,9.726874
5789,0.252644,2,3,3,11.091734,13.56762,38.060953,22.943252,33.025583,52.399354,40.115547,23.256343,11.807765,27.846556,38.020903,18.706717,12.826431,31.518876,43.294641,25.760086
5793,0.194969,2,3,3,7.939174,12.617752,33.924655,38.188892,26.183544,26.202137,34.433737,41.698259,14.470522,6.073719,31.719324,42.004952,13.904614,8.619455,35.348732,43.489907
5795,0.131348,2,3,3,6.722845,18.826066,39.717341,24.789754,25.491839,40.303529,40.169456,29.203214,16.463058,11.042131,32.71655,28.871462,12.896329,13.077995,43.111191,32.35629
5796,0.25173,2,3,3,29.276604,17.889347,32.902079,32.787329,63.79995,64.610822,38.546064,33.533117,17.676907,40.395503,38.008543,26.665159,20.968469,31.769135,43.239262,36.576008
5799,0.190996,2,3,3,11.797298,19.649978,32.268793,34.155032,44.679285,42.698957,32.64941,39.367081,29.664801,11.659195,26.089429,38.987131,22.827791,13.972555,34.987929,43.316649
5801,0.136851,2,3,3,5.95933,17.574852,40.563704,25.860412,23.455526,36.99499,40.771605,30.062325,15.428635,9.678152,33.810298,29.984802,11.963937,12.897208,43.205453,32.704924
5805,0.504842,5,4,4,11.0335,6.17,42.204408,59.299068,26.880487,17.952693,43.791124,60.041931,9.797785,7.587005,42.899602,58.822085,14.636975,12.464723,44.608551,60.712286
5806,0.375578,5,4,4,6.893677,5.931358,39.48455,58.406618,19.931965,14.622666,40.232709,59.888272,8.517877,5.296488,38.978448,59.038902,13.787497,7.994854,40.833716,60.758078
5809,0.248863,2,3,3,63.758188,14.984521,14.935971,38.697512,116.798717,54.189987,20.81554,39.526243,32.853028,33.233239,20.217967,32.042759,34.692117,26.699775,25.836851,43.024862
5812,0.46354,2,3,3,57.736973,26.765183,23.826607,38.977192,187.964524,111.683485,25.748743,38.889787,58.260025,46.659355,24.235886,34.927126,82.020051,68.138376,31.314326,42.584562
5813,0.269282,2,3,3,15.750118,22.416347,38.892464,36.152409,64.402375,73.64761,38.938508,37.997314,26.921483,22.217644,34.992288,36.724769,39.384434,34.491709,42.593609,42.806428
5816,0.504664,2,3,3,49.11512,52.214072,34.70108,25.836593,150.875539,205.459136,37.307873,26.201246,45.8076,99.739023,35.889794,20.584042,69.259548,110.943973,42.701659,31.571466
5817,0.245073,2,3,3,24.007227,17.877938,34.637721,23.174042,60.155209,84.041149,38.765486,22.540286,14.00875,59.045068,39.401777,15.747295,25.494477,58.862235,43.056449,25.13733
5820,0.63118,2,3,3,59.634788,42.954975,34.986176,30.162516,142.83504,164.521311,39.291956,30.605889,34.955509,103.05219,39.591317,23.340108,50.001526,84.918177,43.271371,33.965783
5821,0.258078,2,3,3,20.831226,52.950482,36.422839,16.761893,71.211463,150.059681,37.931009,19.562304,31.667264,51.435281,32.939406,17.417159,40.547193,58.135837,42.457611,25.735856
5825,0.365511,2,3,3,69.608251,21.011001,18.982346,39.006265,145.575312,80.944566,24.435001,39.424766,35.503488,46.022793,24.801325,32.668422,46.116778,42.521677,29.620748,42.933349
5826,0.252719,2,3,3,30.386689,33.263147,32.551786,19.93868,76.535438,122.096823,37.203668,20.724879,21.664019,72.333213,36.396548,14.604386,29.8789,57.019105,42.913486,25.530782
5827,0.405455,2,3,3,32.254484,34.140972,36.54842,26.053328,102.330324,138.142451,38.57523,26.168744,31.805987,68.690664,37.144374,20.975346,41.689634,78.145765,43.067948,30.082911
5828,0.232278,2,3,3,9.560513,26.315662,40.821483,20.396035,34.949114,75.660782,41.306629,22.374133,15.812053,30.594201,38.236738,19.796611,17.705045,22.999724,43.294118,25.258032
5832,0.249574,2,3,3,36.001134,17.364215,27.110772,37.644295,87.8236,64.059704,31.531067,38.457418,25.007235,31.823541,30.771891,32.535203,34.347423,33.090032,36.448544,42.755557
5835,0.24898,2,3,3,53.612637,30.573754,16.230331,32.328441,141.390899,77.31982,19.520202,36.998139,71.361658,27.601568,14.534683,33.979908,58.020517,31.638286,25.337801,42.817747
5836,0.252085,2,3,3,37.596147,25.934221,26.823046,34.155305,94.005124,75.983341,31.143158,37.241932,34.058373,33.118935,28.279545,32.217383,38.000765,35.025627,36.401171,42.681585
5838,0.252539,2,3,3,13.361199,22.282984,36.56895,19.89543,41.197894,78.138307,38.786259,20.984917,14.072177,34.413951,36.614441,17.118946,20.597246,33.641461,42.869594,25.683844
5839,0.251794,2,3,3,24.378157,71.836016,34.751396,14.196913,74.168179,151.438568,37.426288,19.174978,31.673169,54.905816,32.678749,16.617405,34.447774,52.669635,42.706684,25.598903
5840,0.261501,2,3,3,15.41372,29.592196,35.608345,18.268502,43.781382,74.476056,38.609516,21.75101,19.779316,35.421353,33.746232,17.335039,18.092449,30.77469,43.058816,26.158852
5844,0.494674,2,4,4,8.650706,7.241913,22.935841,30.250149,29.800236,23.456444,23.462638,30.752873,12.014453,7.901626,21.856145,30.173709,14.262188,10.572305,24.731829,31.648985
5847,0.126075,2,3,3,13.81299,15.406049,33.519844,32.380409,41.28814,40.814046,36.550377,36.649179,16.795219,15.724833,32.068824,32.768132,18.19376,17.637035,42.617336,42.670336
5848,0.257493,2,3,3,69.762462,28.241825,14.662461,33.508822,161.995918,84.919556,18.972601,36.490001,70.139624,34.539663,15.045897,31.994784,60.227079,37.427245,25.655737,42.604657
5852,0.246473,2,4,4,2.2099,4.287332,38.464141,21.248916,7.609643,11.393734,38.785129,22.450035,3.326673,5.682713,37.500127,20.300969,3.353574,5.340665,39.568148,23.322855
5854,0.252969,2,3,3,45.445666,26.202986,17.669226,34.08741,116.392619,63.892693,21.052633,38.570087,55.598123,24.998408,16.579945,35.102874,40.566489,25.429322,25.910297,43.089576
5855,0.243118,2,3,3,25.235006,21.563256,34.066636,35.579274,60.41273,59.76752,38.682141,38.755064,23.646083,25.551372,35.252991,34.509008,23.926618,23.076698,43.109075,43.140703
5858,0.257171,2,3,3,16.694809,33.625708,38.166314,20.091347,52.557252,95.690066,39.891227,22.461218,19.838705,38.255649,37.280089,19.578609,30.807116,45.573105,42.896931,25.989899
5859,0.505556,2,3,3,32.346853,46.140698,34.835866,23.435335,93.690485,133.192407,37.875127,26.445384,35.857955,54.553365,34.388897,22.433607,45.075608,75.534076,42.742303,31.54024
5863,0.254163,2,3,3,32.026626,22.73248,28.419171,35.501908,75.142009,62.642786,32.763458,38.737767,29.516677,27.125202,29.637877,34.358208,29.189843,24.267382,36.702964,43.135695
5865,0.250933,2,4,4,4.128226,1.895634,25.833276,40.252959,8.609802,5.183759,27.136891,40.764338,2.998685,2.541542,26.737918,39.754298,2.380267,2.091565,27.603534,41.193745
5866,0.28087,2,4,4,2.108588,2.813725,40.26373,39.633136,5.763029,6.133272,40.770106,40.714399,2.637814,2.244009,39.934677,40.254962,2.229646,1.892391,41.196947,41.205782
5868,0.245091,2,4,4,2.008099,2.357124,40.102322,39.740606,5.97005,6.016191,40.600538,40.591667,2.4727,2.326192,39.764152,39.910756,2.172199,2.200968,41.18927,41.188242
5871,0.260182,2,4,4,2.212434,3.619251,38.56919,25.96953,6.657681,11.816337,39.033345,26.415582,2.877297,3.994317,38.10747,25.869779,2.491296,4.036034,39.607891,27.174854
5872,0.115222,2,4,4,1.840375,2.752737,36.579456,18.001643,4.339934,7.054909,38.42207,18.901779,1.553561,4.216267,37.50375,16.753793,1.073084,2.413266,39.610048,19.485884
5875,0.186507,2,4,4,3.083389,1.967326,23.387976,39.487409,9.271088,5.416007,24.024662,40.365644,3.544076,2.081418,23.160958,39.48971,3.382281,2.186366,24.753115,41.160852
5879,0.241877,2,4,4,5.939248,2.879862,19.570814,37.728106,17.481831,10.443652,21.068399,38.097023,6.802798,3.833526,19.149438,36.872235,6.22363,4.33675,23.1119,39.512301
5880,0.244301,2,3,3,26.287781,36.071464,33.703645,26.82682,62.985512,75.344905,38.426081,32.338363,28.9233,32.105518,33.310787,28.429325,24.185543,28.745354,43.103709,36.470391
5881,0.31803,2,4,4,6.664681,5.885789,25.980843,22.910946,16.319123,18.009203,27.702523,24.062016,6.058478,8.720352,26.621127,21.081073,6.680069,8.63735,28.778937,25.623636
5882,0.134273,2,3,3,17.299666,21.587386,31.813261,23.924406,35.844426,47.736168,38.176013,28.525853,15.275321,22.341231,33.718868,24.118881,13.9585,18.250462,43.057137,32.371601
5886,0.253083,2,3,3,32.547563,30.559307,28.220502,32.50704,77.176725,65.606284,32.552697,38.387433,35.475716,27.891119,27.954612,34.03912,29.330915,25.333348,36.673418,43.093525
5888,0.151266,2,3,3,19.791621,17.843144,22.611045,28.285051,47.943512,37.276126,27.156162,35.467786,20.741601,16.124663,22.704768,30.06782,18.479545,13.111716,32.981941,42.784729
5898,0.25147,2,4,4,12.423178,10.809366,15.406426,29.185645,29.640901,20.160888,18.974656,35.536634,18.473509,8.97556,13.094336,31.456029,7.611647,4.574721,23.435947,39.508485
5899,0.253808,2,4,4,14.291711,5.156322,23.037297,38.178899,27.880115,14.311725,25.872071,38.915093,11.54517,6.573695,24.375922,37.640925,6.327249,4.472111,26.97538,39.614037
5901,0.253228,2,4,4,2.153484,13.802884,34.891627,14.391811,10.955961,21.072343,34.527944,19.880952,7.435808,5.972947,30.519402,19.48774,5.266646,7.804846,35.565458,22.063243
5902,0.246342,2,3,3,7.570141,14.898921,40.284276,31.044739,32.062726,41.404679,40.138385,33.532918,14.311144,14.626125,36.253092,31.594059,9.741942,12.434611,43.408578,36.743709
5903,0.25771,2,3,3,9.493559,5.834708,39.258157,35.874543,24.255039,28.751502,41.535276,35.398463,7.812524,17.170432,40.628868,30.907221,8.977861,10.045583,43.449149,37.060224
5904,0.244341,2,3,3,11.376256,14.930446,37.615007,30.937241,39.921243,45.367699,38.77602,32.955486,15.637034,15.94872,35.375793,30.87075,18.792135,23.067473,42.943432,36.304948
5905,0.251992,2,4,4,5.850635,21.414754,37.807179,16.447912,15.283983,35.102375,38.812353,21.524744,8.309422,15.863111,36.696908,18.762406,4.9509,7.680924,39.605798,23.571734
5906,0.250991,2,4,4,9.757658,17.954523,35.546297,17.574841,21.799709,32.631196,38.081743,21.731652,9.598531,21.905639,35.960062,16.633671,5.290706,8.425212,39.599499,23.526083
5907,0.133804,2,3,3,6.617881,5.818115,37.133142,29.947895,19.866184,26.851533,39.390445,29.41384,6.720152,10.343032,37.469081,26.949763,10.128946,13.402672,42.96211,32.268354
5915,0.100353,2,3,3,6.463824,6.876575,38.223295,37.761655,20.230571,20.74353,39.966429,39.827636,7.620359,7.824513,37.406177,37.193773,11.841774,10.632371,42.91589,43.037907
5917,0.106882,2,3,3,14.983929,9.868761,24.950148,37.481167,34.358502,24.978137,29.035648,41.995539,16.43598,10.780268,24.65595,37.143383,15.64185,11.94359,32.278399,46.758971
5922,0.067836,2,4,4,3.576936,4.163753,11.914237,8.48198,10.306033,15.048987,13.024493,8.88828,3.641068,7.47378,12.053092,6.731857,4.059086,5.164259,14.508437,11.222088
5923,0.248833,2,4,4,1.612347,1.50562,31.394969,22.822073,4.325312,6.431462,31.589865,22.811282,1.840251,3.008194,31.342535,22.460871,1.996212,3.74656,31.734179,22.941025
5924,0.24198,2,4,4,1.289188,1.591886,31.502796,22.621156,4.423821,5.217263,31.574013,22.681208,1.608599,1.867391,31.415015,22.583728,1.847945,2.400253,31.73559,22.773937
5925,0.178941,2,4,4,7.139053,6.745914,25.564798,17.490564,13.059347,13.829201,29.704198,19.699359,3.752032,11.955983,29.318264,14.797493,2.764534,5.124938,31.695241,20.666223
5926,0.142958,2,4,4,2.987297,12.360916,29.111554,12.181062,7.31506,19.164181,30.612819,16.855584,5.14245,4.901477,26.623231,16.874092,3.646915,4.739225,31.609119,18.996989
5930,0.25213,2,4,4,2.367815,1.499301,20.156071,31.446957,6.7803,5.178947,20.375887,31.531267,3.484746,2.097198,19.761999,31.245156,3.895679,2.69046,20.54221,31.722824
5934,0.406652,2,3,3,39.47763,18.512145,32.034574,40.347291,75.396037,61.070477,36.84831,41.313693,18.234645,39.825361,37.082414,35.188011,31.025179,42.069235,39.074464,43.061945
5936,0.105526,2,3,3,9.898247,7.501168,35.055204,27.973193,18.866378,24.075326,40.577532,28.87907,4.649568,16.03149,40.772823,23.734621,7.697402,16.140047,43.318187,30.284048
5938,0.125289,2,3,3,7.931153,6.646382,38.348215,30.282198,15.373945,18.24036,41.969659,31.247215,3.927627,11.359811,41.987708,28.167854,5.643299,11.088388,43.485964,32.007716
5939,0.152169,2,3,3,16.27975,12.217191,17.714194,29.654862,45.106344,27.786202,19.176614,32.151256,25.186354,7.912968,15.776802,31.848869,22.780799,11.875713,20.639811,33.58315
5943,0.320041,2,3,3,20.826296,12.534647,38.148693,41.033396,39.993967,34.717126,41.918214,42.28205,10.042858,21.766794,41.984962,38.243258,14.464438,21.386593,43.485233,43.360721
5948,0.822987,2,3,3,40.952449,12.513468,30.920466,42.577409,92.431287,63.985096,34.179817,42.105911,20.006663,38.031631,34.728321,38.104504,36.374804,51.418783,36.107523,43.151367
5949,0.517879,2,3,3,11.027053,20.439126,31.897734,38.811972,54.23184,47.503666,31.470043,41.621854,33.251924,10.434084,26.995553,42.085843,42.09483,19.052556,32.596041,43.432865
5953,0.278562,2,3,3,25.145164,13.186352,31.522251,40.146858,47.488656,35.191833,35.699553,41.886765,11.79474,21.715101,35.807821,37.195426,17.874786,22.157301,37.449164,43.268879
5955,0.255754,2,3,3,18.947728,36.965708,32.592175,30.555172,88.00548,85.48607,31.783081,36.373594,61.199282,17.769404,22.760857,38.087423,45.956149,26.268374,36.228911,43.069016
5956,0.248502,2,3,3,43.720827,15.486959,25.178174,38.459049,98.546676,72.034101,30.620006,37.55271,20.240332,48.954193,32.235261,27.715907,29.863001,38.05834,36.547116,42.507965
5958,0.249738,2,3,3,14.792016,49.092351,38.808617,24.093457,64.509944,97.542354,38.41261,30.756195,43.826979,21.134396,29.023737,32.000195,38.744408,28.799917,42.482781,36.605408
5959,0.258884,2,3,3,14.336052,9.138544,39.244693,35.805232,41.928635,39.334981,41.015763,35.692974,14.054177,18.028343,39.707464,33.356844,13.300879,20.959095,43.453882,36.991242
5960,0.259582,2,4,4,4.126481,26.135254,39.732517,10.976053,19.67297,54.542856,38.822792,15.671614,11.986755,13.968484,30.903371,15.70147,11.855264,15.564006,42.588669,24.449248
5961,0.24655,2,4,4,0.832832,1.491866,31.644627,22.764355,3.000424,5.189608,31.668075,22.804509,1.220506,1.999383,31.556176,22.679457,1.36327,1.950822,31.742194,22.896785
5962,0.180292,2,4,4,1.302808,1.078688,15.889389,12.582856,3.684922,4.052951,15.920139,12.586506,1.020153,1.756495,15.91567,12.552998,1.470187,1.892665,15.947781,12.603035
5963,0.070096,2,4,4,0.327915,0.821295,31.555959,13.340267,1.089377,2.296205,31.620192,13.408566,0.493936,0.846351,31.377099,13.347121,0.444786,1.007881,31.739865,13.456692
5970,0.117519,2,3,3,4.036495,2.707741,42.699857,44.919053,9.273382,9.01623,45.611984,45.702254,3.044661,4.600257,44.651386,42.17037,2.656976,3.590699,47.464274,47.398687
5971,0.022331,2,3,3,0.494444,0.845807,45.084541,41.987602,1.76886,1.901057,45.599427,45.348646,0.997343,0.573376,41.12429,44.692718,0.767174,0.53233,47.361363,47.455252
5973,0.073381,2,3,3,3.89504,2.09114,25.903468,13.493608,10.613858,11.388139,27.268816,13.346225,2.352985,8.546335,27.586476,11.374096,4.526774,5.189758,28.492327,13.648987
5974,0.120236,2,3,3,3.542182,21.787427,45.530018,13.892341,15.394712,58.131566,45.3389,15.987671,8.527054,19.566066,40.634559,14.741556,9.638924,22.266398,47.119654,18.727273
5977,0.24941,2,3,3,14.374743,18.955759,31.445546,29.244099,41.710506,45.833833,33.612745,33.101254,24.422422,20.326684,27.476305,29.134459,18.488125,20.602656,36.624179,36.541931
5980,0.376522,2,4,4,4.033936,2.944543,24.40668,35.00417,15.321171,10.844394,24.54403,35.131164,5.221065,3.145902,23.968197,34.992849,5.960337,5.49007,25.285503,35.631113
5985,0.41193,2,3,3,10.534937,23.093251,37.71749,33.541285,47.502935,52.209666,37.407806,37.042266,26.401554,15.890252,32.942387,36.270599,28.188856,20.297172,39.24498,39.430021
5988,0.242621,2,3,3,6.372699,11.972834,37.618602,39.721284,29.542906,27.006578,37.178656,44.158134,16.681833,7.680344,32.098153,43.593363,16.191755,9.883979,39.24995,47.290366
5991,0.197316,2,3,3,7.946909,8.991123,32.543117,37.781044,30.011135,24.396797,32.930147,40.400248,13.99206,7.804611,29.396237,39.170243,16.441708,11.350337,35.163927,43.21491
5992,0.203069,2,3,3,10.108141,7.389749,31.549406,39.334067,31.638647,27.384813,32.976248,39.947813,10.89684,10.381453,31.440499,37.327919,14.718036,13.281883,35.438329,43.111886
5997,0.332865,3,4,4,11.484988,5.322127,24.879876,42.428412,41.115667,19.751439,25.506823,42.62535,11.553713,9.170314,25.121768,40.936285,15.696413,9.47612,27.7166,43.491562
5999,0.363495,3,3,3,6.732991,19.037709,45.874338,35.860618,37.924344,54.041702,44.726497,38.365317,21.929071,12.19024,38.819275,39.030442,27.60397,21.681934,46.803714,41.62044
6000,0.345548,3,4,4,7.437302,5.850324,41.647272,27.419662,22.052377,26.279122,42.490969,27.264461,5.771782,14.651941,42.455822,24.380242,7.930912,13.897027,43.527806,28.125182
6001,0.124713,3,3,3,5.574466,4.790231,41.068086,31.877966,17.340182,22.224906,43.156919,31.374854,4.990923,11.062297,42.385194,27.130049,7.132235,13.529844,47.10637,33.69345
6004,0.197442,3,3,3,4.975586,7.457228,44.751101,35.134267,23.82273,27.920072,44.000751,35.564388,9.052269,8.824076,41.332935,34.562679,11.280622,12.554854,47.107162,37.889022
6005,0.516632,3,4,4,6.41359,6.85293,44.454812,31.094509,22.26224,28.000166,45.201826,31.133363,6.098339,12.988364,44.945329,27.074376,11.404095,15.471254,47.232924,33.657811
6014,0.162926,3,3,3,4.255557,4.821844,44.585886,43.946057,19.803473,18.473985,43.960313,44.327521,7.371074,5.939435,41.441724,43.030361,9.251852,8.451364,47.112143,47.179775
6019,0.129697,3,3,3,4.756902,3.8624,32.360853,43.91149,21.908841,14.836171,31.908341,44.282786,8.115745,4.812963,29.934764,42.912122,10.208102,6.784437,34.294594,47.173956
6024,0.260066,3,3,3,20.30992,6.212016,29.589701,41.56,50.236397,33.797242,33.28244,40.407625,11.26293,23.167177,34.016287,32.582569,21.821749,27.995132,36.79371,42.504872
6028,0.22739,3,3,3,7.424674,14.564021,34.341537,35.313356,35.663668,36.450212,33.736367,39.233578,23.164976,8.517243,27.295531,39.804099,27.972767,16.424507,35.640032,43.066936
6031,1.069371,5,4,4,16.079377,3.861085,53.254139,55.21533,22.267318,16.01277,55.091198,55.213461,2.762396,16.463155,55.286072,53.379194,10.7209,15.84023,55.321872,55.293211
6033,0.168159,3,3,3,7.6445,13.363877,21.192438,30.546775,52.239559,37.71963,20.064933,32.294605,34.807789,9.041319,15.312514,32.53622,35.410624,16.253451,21.540973,34.261804
6034,0.326316,3,3,3,20.014815,8.074549,38.917417,37.627272,54.965724,53.13848,41.065338,36.669133,13.140042,31.067732,41.348813,32.456959,23.94004,37.188264,43.341145,37.970043
6036,0.241721,3,3,3,6.477287,37.217125,41.136302,15.95525,39.574794,92.021525,39.099612,19.660391,25.651645,21.23837,30.687233,20.385238,28.551341,35.04622,42.310875,25.21236
6037,0.201302,3,3,3,6.469753,10.866807,43.466677,22.106129,25.763745,55.231716,43.666755,21.040691,7.619273,22.339545,42.778139,18.162192,11.75872,25.425299,47.088655,24.563974
6038,0.368149,3,3,3,10.854258,20.102968,39.40189,27.01696,59.677079,79.446424,37.91345,27.289475,21.318801,24.031653,35.551849,26.158498,28.819506,35.348963,41.46806,31.368945
6049,0.326836,3,3,3,13.467331,8.689804,41.732181,39.28744,43.079822,46.623111,43.491107,38.149114,11.710083,21.708386,43.14335,33.974965,18.880371,28.12833,47.098046,40.783292
6050,0.155082,3,3,3,6.881264,9.3542,32.796479,30.898286,26.359432,27.596467,33.16002,32.93291,11.575121,9.791638,29.722683,30.979288,15.469758,13.466514,35.672668,35.794923
6061,0.090095,3,3,3,4.892536,4.304855,27.753063,28.328596,14.620546,16.381203,29.034943,28.640356,4.021307,6.742155,28.808991,26.289091,6.782981,13.102323,30.698877,30.223193
6062,0.027822,3,7,0,0.837155,0,43.85344,0,2.092258,0,45.914517,0,0.587262,0,45.650404,0,1.263764,0,47.260878,0
6066,0.256105,2,4,4,7.159255,4.159672,21.938187,33.28846,20.862624,14.204087,23.319621,33.91614,10.268675,5.188432,20.281457,32.601099,9.010186,5.11941,25.024352,35.575125
6068,0.185727,2,4,4,4.979826,8.266357,30.73899,14.193283,21.772532,43.106642,30.344591,12.864866,5.555829,24.222744,30.396119,8.626406,7.510545,16.668468,35.236733,18.623994
6069,0.158781,2,3,3,11.783679,11.999627,33.356477,27.520357,38.070407,45.401546,35.720076,28.15705,13.592387,20.056611,32.461084,23.624204,13.640808,19.527368,42.797738,33.316446
6070,0.249142,2,3,3,12.826673,20.512401,32.219954,28.53721,48.216961,59.23714,32.793239,31.427955,24.578839,20.570779,27.403273,29.017593,24.618609,21.011474,36.358918,36.518445
6071,0.04652,3,4,4,0.44595,4.641906,38.410339,5.883733,1.240554,7.226663,39.033455,7.804055,0.733755,1.726206,37.066592,7.889775,0.822567,2.909824,39.525906,8.434011
6072,0.471561,3,3,3,17.513665,9.081323,42.511078,41.755214,34.734998,31.581857,45.971954,42.107427,9.423544,21.424196,45.819567,38.179025,13.645531,19.755162,47.426007,42.925932
6076,0.374573,3,4,4,3.890935,4.384624,29.263701,37.906237,11.400876,9.490898,29.668336,39.088256,6.295562,2.482737,28.269094,39.070415,6.381777,4.02781,30.040405,39.601499
6079,0.223543,3,4,4,2.835591,4.692272,37.657165,19.926278,8.207469,14.774877,38.557618,20.86565,2.347494,6.507633,38.335069,18.660634,4.289824,7.40769,39.505247,22.302462
6080,0.4677,3,4,4,4.289777,11.548985,45.667161,26.041485,17.359226,32.310297,45.722013,28.935238,8.163621,8.789238,42.798002,28.567599,10.582873,14.892322,47.217951,32.648872
6090,0.134053,3,3,3,3.244663,4.523999,44.927733,43.160569,15.091694,16.408703,44.363546,43.921451,5.846685,3.901144,41.734735,44.337155,8.218218,7.936621,47.045624,47.077038
6093,0.292967,3,3,3,25.2817,33.414136,30.364029,21.360165,71.099353,104.509917,32.295629,22.886262,29.524988,45.62241,29.737574,19.684087,39.991324,56.440536,34.416603,25.668263
6094,0.418123,3,3,3,10.796887,7.485248,44.639535,32.395052,26.339469,32.065121,46.349506,32.334555,7.388777,19.601538,46.151178,29.323839,10.38654,18.536016,47.457044,33.031631
6102,0.498476,3,4,4,14.164453,12.738934,33.230642,24.191143,34.384596,49.643273,36.549888,24.568934,10.70769,34.241532,35.538259,16.617367,14.447712,21.324176,39.337034,29.034715
6103,0.258405,2,3,3,20.521267,14.738713,28.974984,31.653544,66.822641,59.009833,30.932033,31.853954,22.974013,27.297917,28.474651,26.860763,27.113797,33.97082,36.476166,36.115837
6106,0.613359,3,4,4,17.843465,9.574363,33.045375,36.869827,38.71284,36.284475,36.947813,37.211057,11.92742,21.323709,36.09088,32.046072,15.605704,18.470501,39.404447,39.314014
6108,1.029249,3,4,4,39.290976,14.525315,24.396406,37.27974,74.928144,53.48964,30.386734,37.673609,22.850228,36.211063,29.329176,31.943796,26.307878,29.396821,33.782996,39.34545
6113,0.530253,2,3,3,44.927682,25.928905,31.960301,34.861672,98.439473,92.553195,37.861893,35.822743,28.41715,54.233076,36.943035,28.758455,39.020569,53.588491,42.994177,39.377803
6117,0.35027,2,3,3,16.580352,8.518935,40.109613,39.731983,34.561022,30.317942,44.746888,40.181733,11.071753,21.241641,43.60211,34.557373,13.817533,20.89848,47.305535,41.406892
6121,0.595423,3,4,4,11.56918,5.362583,25.377064,34.868304,18.546972,11.321376,27.845471,35.454683,11.326993,11.08401,25.734895,33.141701,4.976451,4.337215,28.342423,35.682897
6122,0.795226,3,4,4,8.531762,10.98808,28.804041,33.962264,16.760426,17.757644,29.651587,35.369358,17.845038,11.184521,26.308002,34.072498,5.452571,4.740071,29.891066,35.688308
6124,0.32752,3,4,4,5.563176,3.643119,25.387979,34.495939,11.751793,8.716023,26.479359,35.243313,4.784321,4.471662,25.869089,34.151418,4.788707,3.50482,26.874913,35.664528
6127,0.545776,3,4,4,10.0418,11.034284,32.955924,27.356865,21.115057,22.774526,34.803509,29.11855,8.329013,12.473676,33.837246,27.081556,6.764198,10.141984,35.653158,29.782523
6131,0.283401,2,4,4,6.559488,4.437321,20.037021,33.42405,14.496145,9.461452,22.088859,34.95763,7.960603,3.326825,19.358656,34.414413,6.893676,3.771951,23.036853,35.642025
6132,0.124805,2,4,4,1.987245,1.882675,33.362674,33.555305,4.735807,4.716954,34.767989,34.774521,1.714584,2.082347,34.023239,33.400848,1.90867,2.15167,35.624619,35.605492
6135,0.288066,3,4,4,9.44063,4.774973,18.502155,33.367051,17.728863,10.01237,21.878253,34.959116,7.394955,5.382249,20.115519,33.127034,5.484989,4.474749,23.206883,35.628204
6138,0.232795,3,3,3,14.597561,9.502817,30.940003,38.928693,37.936054,30.950541,33.677148,40.293588,16.459801,15.211556,30.470368,35.657703,19.117915,16.13249,36.204877,43.10599
6140,0.665944,3,3,3,50.604805,54.502035,32.013887,31.298803,157.919062,154.145967,34.452124,34.644754,70.981216,69.482062,29.20038,29.422497,69.180288,77.973389,40.018993,39.816082
6143,0.105455,2,3,3,9.009456,7.066909,29.901669,24.84836,21.727111,26.618105,34.367953,25.302876,7.956488,13.287758,31.568108,21.105557,8.8049,15.239611,39.066677,28.050735
6156,0.176069,2,3,3,9.269511,13.781914,39.095494,18.808568,26.53757,56.121473,42.244297,18.873012,8.577205,31.546953,40.368353,13.77109,10.155831,27.712916,47.054524,22.780084
6158,0.143901,3,3,3,13.73819,23.783746,33.006494,13.322596,33.855096,89.967492,38.791214,13.840767,13.607421,66.868096,33.811188,7.905116,14.884913,36.077325,46.252847,19.959723
6161,0.199204,2,3,3,10.454884,6.997557,39.126215,42.542431,30.031451,28.162079,42.242591,42.702745,9.983537,13.10367,40.110227,37.381847,11.542649,15.361492,47.050352,46.708005
6166,0.210004,3,3,3,7.741209,34.064656,42.564327,15.232907,34.08546,79.097749,42.074192,19.375243,18.224874,28.120506,34.829572,17.061628,17.665161,27.100347,46.652135,25.021165
6169,0.221998,3,3,3,16.320898,14.797693,21.212563,37.174564,72.963375,39.143277,20.678542,41.42406,49.604684,12.997698,13.568755,39.11719,34.74165,15.268219,25.403538,46.927049
6172,0.490846,3,3,3,15.780262,43.463983,43.464842,24.877826,62.455436,103.097324,43.700872,29.581969,32.648604,32.813158,37.811677,27.924384,37.241084,35.239889,46.804949,34.375905
6173,0.109661,2,3,3,8.806927,13.556435,36.466547,14.756468,26.698284,61.05151,38.820347,14.409369,7.385776,35.528926,38.313685,10.526751,11.556726,36.378687,43.043378,16.78086
6178,0.496158,3,3,3,22.832423,27.951741,30.365115,38.932381,88.898422,71.025774,30.722304,42.966133,51.884014,22.157781,23.883196,41.546606,51.336942,25.859865,34.126266,47.176483
6180,0.172224,2,3,3,13.386881,9.407883,18.687838,38.727071,55.950999,25.393082,18.602441,42.405123,33.003696,8.005949,13.228523,40.782485,28.071021,10.845657,22.492434,46.967701
6181,0.322006,2,3,3,17.596545,10.8534,38.723253,42.829401,47.319642,45.364237,42.429147,42.726895,14.946667,22.164627,40.795268,36.886818,20.211722,25.300293,46.971193,46.679096
6187,0.070849,2,3,3,2.692053,4.442388,44.487021,41.199918,9.255113,9.283275,45.263962,45.252428,5.231789,3.534281,40.273357,43.291295,4.292952,3.97254,47.294432,47.328988
6188,0.24159,2,3,3,18.469848,9.29876,34.05607,44.424006,38.932264,32.167688,37.616922,45.190643,14.759573,18.12621,35.892343,40.12817,16.543411,14.995299,39.407916,47.282672
6194,0.254701,2,4,4,3.701341,3.651858,36.998048,22.148557,9.305478,15.867864,38.485606,21.98648,1.86355,8.35713,38.902872,18.574175,3.450885,7.106545,39.568799,23.580551
6195,0.249449,2,3,3,10.518269,15.573933,41.127296,32.55609,34.551841,44.592604,42.842871,35.320152,16.71719,16.549692,37.179867,32.524679,20.45694,20.619263,46.609362,39.244337
6197,0.24979,2,4,4,5.211088,6.416956,22.988204,31.008971,17.698518,12.315487,23.562105,34.234457,12.839877,3.367721,18.568279,34.074954,10.477852,5.704943,24.777956,35.539608
6198,0.249238,2,4,4,16.89084,3.829417,12.931751,33.491401,25.557769,13.572644,18.887855,33.969243,6.655087,8.952607,18.82868,29.089516,10.291333,8.408813,21.822752,35.368081
6201,0.372033,2,4,4,5.490594,2.704789,28.324645,29.599202,14.464086,11.775674,29.299665,29.547118,3.649952,4.825342,29.326459,28.820697,4.206769,4.869665,30.018865,30.01027
6203,0.123134,2,3,3,4.624875,6.241417,42.051434,39.465368,18.459364,19.140454,42.28397,42.012914,7.826091,6.729054,37.750014,39.290224,9.749447,7.607575,46.666938,46.987755
6204,0.102464,2,3,3,18.426233,4.089215,11.025188,41.578724,56.322662,16.763573,12.500533,41.614112,23.199834,6.709878,10.160991,37.43033,19.059997,8.328106,16.780025,46.62435
6210,0.249348,2,3,3,15.447303,7.7389,21.196043,37.008026,63.525872,37.658732,21.202436,36.236405,22.336996,13.295389,19.425411,34.323327,29.044824,15.81444,24.298169,39.298061
6211,0.251463,2,3,3,13.328161,9.552908,21.987059,36.053903,70.389933,40.638698,20.76328,35.878036,26.463014,13.225195,18.427198,34.418653,27.774785,19.10311,24.411084,39.159167
6214,0.250404,2,3,3,16.306482,17.025015,30.536247,21.559139,50.322494,78.288626,32.582588,20.86109,16.957563,34.529513,30.677605,16.98837,26.313336,41.475347,36.310375,25.287512
6216,0.064286,2,3,3,0.760498,1.823341,39.152293,37.36141,5.294109,6.045108,38.376352,38.0512,2.67382,1.660874,35.873285,37.862764,2.952261,2.262199,39.457177,39.533079
6217,0.274708,2,3,3,7.783459,3.43662,37.365234,39.098712,25.793645,22.737978,38.055223,38.365104,7.402076,11.303261,37.733253,35.932223,9.674009,12.652271,39.532916,39.456126
6220,0.18453,2,3,3,4.04005,5.352127,21.383652,37.277622,28.586186,17.749855,20.639829,37.988801,15.499086,4.8311,17.950537,37.822777,16.15264,6.626388,21.625843,39.528534
6226,0.152705,2,3,3,9.358743,3.175058,17.744902,38.287931,58.195194,27.810531,15.991609,35.179197,16.763481,9.359439,15.413259,33.295139,22.04278,9.21675,19.586267,39.328957
6229,0.255098,2,3,3,10.485028,6.64797,23.050859,37.656507,79.052333,46.648037,20.274109,35.153847,22.362471,13.262157,19.693541,34.498015,33.384216,19.643518,24.403449,39.146833
6230,0.243441,2,3,3,10.670616,8.191791,22.478554,36.654036,96.985554,58.463507,18.430619,33.236495,30.01574,14.406771,17.183483,33.564212,42.680464,20.663772,23.634258,39.048917
6240,0.247287,2,3,3,29.956752,13.511585,20.371977,34.099449,128.256431,78.520269,20.108614,32.199621,37.391436,30.808286,19.232388,28.941237,51.13705,37.830353,25.435945,36.281553
6244,0.235728,2,3,3,31.258677,8.694246,16.927636,42.188061,79.729697,37.757343,20.544992,41.781577,25.491056,17.790975,18.936933,35.85306,28.699497,20.088912,26.317267,46.542334
6248,0.253986,2,3,3,23.997982,24.363256,30.847256,22.02655,80.718556,129.239516,32.299649,20.406499,26.226662,62.019206,30.599478,15.805214,38.357351,53.761526,36.438439,25.66829
6252,0.269518,2,3,3,12.482559,13.564324,25.158043,39.533876,77.067946,47.078295,22.67449,41.076455,36.235161,11.5793,17.956688,41.444885,41.527454,15.720892,27.413522,47.0442
6255,0.256763,2,3,3,17.087705,21.334838,36.627273,21.032544,44.392706,85.252725,41.162687,21.255579,15.116517,49.299528,38.547276,14.898472,18.448041,33.93572,46.809249,27.15099
6256,0.304297,2,3,3,7.62198,27.569691,44.541243,21.427927,38.543127,73.802677,43.421015,24.713562,18.507129,22.888798,38.212601,23.364631,20.96556,23.589247,46.863656,29.488951
6258,0.228662,2,4,4,2.495963,4.207751,37.987823,24.207138,9.217317,15.9225,38.269189,24.468828,3.05286,4.390294,37.537973,24.254958,4.261005,6.59123,39.501943,25.970536
6259,0.181661,2,4,4,3.690808,4.820795,35.282151,21.096215,9.959101,15.67947,37.343132,22.015048,2.776227,7.101457,37.026338,19.395688,5.090825,7.731819,39.332523,23.7633
6263,0.266706,2,4,4,3.857486,2.57772,26.062681,38.299291,13.133584,9.74356,26.473137,38.485715,4.16957,2.75673,26.009892,38.275872,5.483377,4.34753,27.356292,39.534902
6266,0.245328,2,4,4,4.226445,1.751907,24.94484,38.857409,10.904398,7.155703,25.975856,38.868815,2.756732,3.484513,25.999889,37.315068,4.266666,3.645045,26.660762,39.553356
6271,0.186889,2,4,4,1.944459,1.887449,38.117521,23.733807,6.995722,10.790863,38.435268,23.276183,1.604835,4.675701,38.655767,21.790439,2.325281,4.813803,39.580875,24.157879
6273,0.186131,2,4,4,1.074568,2.01718,39.110768,38.007833,6.246645,6.921671,38.646996,38.449097,2.804964,1.524927,37.083746,38.735279,2.918787,2.128855,39.543006,39.59105
6274,0.248975,2,4,4,2.468032,3.20242,30.983565,30.543815,11.1319,12.014779,30.850049,30.722075,4.348251,3.691706,29.926438,30.357299,4.520505,4.317798,31.675715,31.681878
6280,0.245629,2,4,4,3.939057,3.290962,21.922074,30.457262,17.077398,12.707425,21.825432,30.59122,6.458647,4.109751,20.803808,30.049064,6.729873,4.940687,22.811972,31.65989
6282,0.173314,2,3,3,8.111394,14.595009,34.818676,30.03858,30.036135,34.323182,35.479742,34.637966,14.781656,12.497915,30.456171,31.962202,17.542386,13.855799,38.82415,39.111103
6283,0.249092,2,3,3,24.858742,11.84484,25.397423,34.713821,58.008271,43.601007,29.637679,35.420587,21.317713,21.471225,27.133061,30.357157,23.329384,25.195284,33.650909,38.825159
6288,0.258623,2,4,4,2.613073,4.189488,38.192287,21.883093,11.472723,18.084898,38.024217,21.713487,3.471336,6.418257,37.519509,20.274835,5.640718,9.702056,39.451084,23.607326
6289,0.251296,2,3,3,20.948644,14.058948,30.134388,29.733281,51.193811,54.152318,34.445961,30.125158,18.58254,25.662866,31.74446,25.711469,22.112795,31.531616,39.008282,33.367904
6290,0.249119,2,4,4,2.509776,3.845996,34.610428,23.801601,9.835975,14.490328,34.700585,23.981016,3.269513,4.451543,34.146514,23.593756,4.815846,6.735596,35.582745,24.881956
6291,0.244991,2,4,4,2.240342,3.971872,38.422728,25.116123,9.88145,16.887371,38.267773,25.022415,3.455246,5.005787,37.341458,24.550343,5.546518,7.90695,39.436697,26.540263
6292,0.143311,2,4,4,2.144557,4.916803,36.873471,18.266262,8.532489,17.340151,37.018944,18.959931,3.024516,6.325013,35.397878,17.268586,4.078105,7.875389,39.323373,21.412599
6293,0.253919,2,4,4,2.059396,1.363029,34.957211,24.965488,8.25639,8.629912,34.991926,24.763277,2.540833,4.066859,34.725725,23.973158,2.585094,3.611373,35.665093,25.086095
6301,0.109296,2,4,4,2.035691,1.892887,35.790352,36.180999,7.540141,7.344913,36.348735,36.476997,2.709984,2.553678,34.354573,34.757222,3.691353,3.406456,39.201752,39.263434
6302,0.255351,2,4,4,9.749727,4.803398,17.239712,35.734696,36.977,18.276822,17.783323,36.162028,13.94259,6.792857,15.182534,33.85099,13.921369,9.138839,23.191613,39.151425
6307,0.323522,2,4,4,4.8093,3.299417,23.93444,38.168867,16.947166,11.385958,24.429817,38.559428,6.883316,4.344671,22.633266,37.517716,6.634446,3.991684,25.843469,39.581962
6308,0.326785,2,4,4,6.540684,3.601963,22.723576,37.960308,20.754953,11.866226,23.876058,38.497988,8.29808,4.68329,21.723635,37.281199,6.647273,5.018884,25.934103,39.547122
6311,0.250266,2,3,3,15.218263,11.865537,35.319193,32.759061,43.678933,53.459083,38.317122,32.18765,14.863786,24.544492,36.057491,27.472041,21.420301,28.707268,42.803105,36.185046
6312,0.249918,2,3,3,13.623075,20.930577,31.847256,28.393712,62.462289,61.431225,31.071437,31.195807,27.857199,21.511021,26.249078,28.660855,30.871476,28.037108,36.058839,36.210601
6314,0.173051,2,4,4,6.23221,1.856015,15.386052,38.036467,17.675545,8.167459,17.178493,37.845833,6.68831,2.91618,15.313856,36.596208,7.025972,3.342941,19.743502,39.491579
6315,0.176169,2,4,4,4.136733,2.638222,17.53174,36.870226,19.295985,8.526604,17.000431,37.768608,7.409485,2.95904,14.950788,36.611438,7.072656,3.726957,19.920677,39.462127
6318,0.245865,2,3,3,8.271826,7.987104,36.654882,32.136545,28.531273,35.582717,37.384912,31.871844,10.194439,13.678241,35.890333,30.026566,10.03679,9.961471,39.495402,33.945525
6320,0.248262,2,4,4,3.091633,3.000829,37.580593,25.890449,10.922576,15.043161,38.046753,25.475085,3.597987,6.770565,37.238344,23.374235,3.655754,6.915374,39.554972,26.693829
6321,0.249863,2,4,4,3.586186,6.962721,37.049485,22.996107,15.587803,23.223754,36.81945,24.051449,6.267535,8.73896,34.273603,21.990169,5.774516,10.066795,39.428325,26.619823
6322,0.242818,2,4,4,1.377555,3.819897,39.127722,25.132138,7.748236,12.819239,38.73279,25.604566,3.597363,4.231977,37.152239,25.005033,3.40544,3.879713,39.563327,26.578047
6323,0.245808,2,4,4,4.571577,5.523587,35.79853,23.959259,16.194737,26.249896,36.57125,23.273931,5.501187,10.733178,35.03593,20.417978,7.410998,9.199179,39.286448,26.514796
6327,0.249881,2,4,4,6.121652,2.516413,19.805963,38.200505,22.289042,11.65307,20.424495,37.881618,8.24702,4.504933,18.421435,36.267888,7.185044,4.774656,23.392105,39.494799
6335,0.243612,2,4,4,3.076132,2.718289,22.104036,37.925166,13.628757,8.24472,21.925942,38.632008,6.852992,2.832973,19.195645,37.970479,5.284265,2.588351,23.211491,39.598722
6337,0.257238,2,3,3,10.807962,21.019501,41.1573,30.150071,43.577395,53.016439,41.331819,34.472411,21.171364,18.004934,34.84975,32.171414,19.778063,21.558292,46.712494,39.418664
6338,0.246728,2,4,4,2.354788,5.023812,38.328323,20.616463,8.703941,18.578701,38.554869,21.06611,2.806308,7.413181,38.032147,18.904379,3.540514,5.557809,39.559497,23.326456
6339,0.250484,2,3,3,18.928667,14.426216,31.042991,29.5445,49.879601,55.552482,34.600984,29.948216,18.237059,26.743396,31.879359,25.322883,19.897903,24.99527,39.11735,33.619891
6347,0.244537,2,4,4,4.096132,2.871323,25.006645,37.771918,12.535093,9.303579,25.716545,38.400471,3.802734,3.643501,25.363325,37.129556,4.361047,3.219577,26.630511,39.573078
6349,0.074359,2,4,4,1.097931,1.548359,36.930959,35.130192,3.643649,4.047059,37.729742,37.369979,1.631732,1.102748,35.159593,37.14821,1.905632,2.007762,39.38115,39.353714
6350,0.11819,2,4,4,5.836665,1.702974,15.235902,37.033415,13.472041,5.653362,17.759321,37.805135,3.546379,2.61562,17.680535,35.106668,6.189151,3.030913,19.585843,39.380822
6356,0.127341,2,4,4,10.935738,8.126586,12.436177,14.192089,27.866674,25.92417,15.246125,15.647802,9.671759,13.598274,13.502361,11.496661,9.834146,9.808002,20.057037,20.059476
6362,0.245092,2,4,4,3.242822,2.071452,25.615551,38.580715,7.938091,5.4068,26.310039,39.17975,4.956513,3.568345,24.590756,37.220635,3.105315,1.896248,26.672512,39.621887
6363,0.247631,2,4,4,3.946559,2.169881,25.245566,38.510774,10.735253,6.566448,26.086992,38.992159,5.96691,4.127326,23.95352,36.647251,3.641367,3.16969,26.754106,39.577068
6366,0.2498,2,4,4,2.625603,3.278575,38.090767,25.781715,6.238118,8.748752,39.060081,26.401909,3.30649,6.304306,37.567493,23.798331,2.255553,3.518173,39.61232,26.832078
6370,0.251434,2,3,3,26.395095,12.893382,24.983664,34.195867,63.049402,49.187907,29.202009,34.719702,23.334413,23.271342,26.510134,29.682893,27.00529,28.462338,33.562827,38.642347
6372,0.250927,2,4,4,4.92347,7.626944,35.491325,18.601281,13.375615,24.10286,37.445513,20.089155,6.967924,16.093532,33.529793,13.999968,5.964061,8.609772,39.416394,23.368639
6373,0.248227,2,3,3,9.815871,12.155486,35.836599,30.447191,34.097668,39.574187,36.693641,31.542709,16.843066,17.457354,32.476951,28.57689,7.723794,9.121092,39.557287,34.006521
6374,0.252192,2,3,3,16.813861,10.764674,32.144302,31.182986,50.94401,54.583874,34.503863,30.112459,16.164913,25.738546,32.941729,25.725995,23.619127,34.365209,38.931694,33.258319
6378,0.249766,2,4,4,6.767314,3.426329,23.146899,37.229716,16.133799,10.378484,25.354292,38.195337,9.788647,5.468561,21.247615,35.173563,6.868531,3.781799,26.748542,39.549846
6390,0.252612,2,3,3,32.482846,10.342608,17.126975,38.56156,83.564239,45.822462,20.543183,38.035602,29.992679,21.236383,18.15484,32.652735,36.181558,25.095296,25.595592,42.559655
6393,0.215912,2,3,3,7.007158,15.123206,36.816958,19.610536,20.587439,35.686877,38.013169,21.795166,10.075085,16.878756,35.201454,19.334815,6.052225,9.174379,39.573879,23.253911
6394,0.151867,2,3,3,8.704686,12.032308,35.86339,17.208711,25.461416,59.69947,38.599936,16.248813,7.982958,28.517649,37.102496,12.614765,13.032573,32.949264,42.799315,19.957
6398,0.250552,2,3,3,14.906584,7.236181,21.429157,37.293758,49.678268,31.514835,22.355162,37.073468,18.355503,12.284547,20.643017,34.888034,16.738089,9.129411,24.586903,39.525147
6400,0.175224,2,3,3,4.811594,14.283082,37.478325,17.482089,17.870326,34.986347,37.817621,19.567483,8.589743,14.179812,34.889162,17.797936,6.636821,11.111515,39.51571,21.189665
6401,0.168359,2,3,3,7.541822,9.993785,35.099646,18.58787,22.438574,46.158008,36.828641,18.139945,7.837064,22.509374,35.216453,14.832639,6.751438,12.186336,39.500491,20.778693
6402,0.25806,2,3,3,12.147243,15.943731,30.791305,21.439748,29.991379,43.734225,32.741592,23.135718,13.514038,22.450821,30.530467,19.808529,8.493617,11.975599,34.203058,24.919046
6414,0.37539,2,3,3,22.17148,27.496371,35.310695,37.236908,101.854399,89.278125,34.673512,38.975221,44.613926,30.147418,30.556336,36.951083,49.807529,46.941825,38.373939,42.840097
6416,0.25292,2,4,4,3.975245,10.880685,36.654245,16.382678,17.510131,33.801381,36.331192,18.242479,6.839579,13.632269,33.729355,15.227339,6.627626,13.209404,39.369771,23.151614
6417,0.247007,2,3,3,5.737662,9.64735,41.479325,33.766616,22.958443,28.071585,41.57781,35.137517,10.863256,9.460011,38.460948,34.125798,10.824865,10.264748,43.367956,36.812666
6418,0.375066,2,4,4,7.59626,12.453286,35.301356,20.358803,23.793336,40.392022,36.745109,22.04967,8.179932,19.217186,35.197804,17.442118,11.18251,13.205368,39.293881,26.928106
6426,0.247591,2,3,3,10.94431,8.841726,23.662199,39.449097,39.346773,23.557977,24.160931,41.497622,20.2176,7.926305,20.685252,40.36606,17.462527,8.423624,25.902289,43.455722
6430,0.249855,2,3,3,37.324734,12.014048,15.557863,34.639581,89.582549,47.015335,19.25598,34.973128,35.357166,22.662529,16.344911,29.876146,31.818036,21.82389,24.244543,39.01684
6433,0.244032,2,3,3,7.901314,6.610503,34.528842,40.877791,26.781398,19.900028,35.182119,41.978457,8.983833,6.096427,34.241744,41.423943,12.574661,9.102138,36.684116,43.42849
6434,0.248296,2,3,3,11.681501,6.690677,23.425804,40.900545,37.003801,23.819579,24.391723,41.468895,11.366418,7.982094,23.773716,40.345212,15.432737,11.47358,25.966725,43.343791
6438,0.203495,2,4,4,6.722272,16.100176,31.634628,11.471107,21.699064,55.04867,33.625554,12.606131,7.802518,24.710479,30.809933,9.361795,9.693241,19.666865,38.813042,20.165446
6442,0.297266,2,4,4,11.070165,8.780486,22.150913,32.587285,44.265946,28.935296,22.359333,34.288749,20.607942,7.578044,17.767975,34.159396,18.366912,12.717381,27.658647,38.960067
6446,0.592954,2,4,4,10.412071,5.915269,29.734201,25.082859,25.407179,27.597167,30.914874,24.887666,9.567794,17.927847,30.147207,21.504023,5.342938,7.837274,31.730281,25.758507
6447,0.129542,2,3,3,6.337015,16.611326,37.222518,22.224271,22.115451,34.813022,38.47377,27.542557,12.896365,10.06219,30.826164,26.747733,12.676635,13.366756,42.587132,31.988074
6448,0.235324,2,3,3,23.419831,14.475996,26.610541,30.744476,53.191164,47.026453,31.561138,32.359904,15.485869,25.371222,30.667224,26.393652,21.238566,26.72841,36.143481,35.870982
6451,0.211441,2,4,4,3.336139,1.621645,36.636469,38.749566,7.966136,6.815059,38.421527,38.71629,2.929276,4.104888,37.407106,35.877332,1.68732,2.121124,39.620187,39.604009
6452,0.61263,2,3,3,13.154329,41.945421,45.206105,28.068135,47.845113,82.712123,45.645627,33.555556,33.029698,26.401803,39.421436,32.293084,32.938259,31.898931,47.114856,36.450842
6453,0.134865,2,3,3,6.762316,13.400851,34.35338,14.90318,17.131356,40.837802,37.033094,16.18548,6.948881,21.025976,34.558969,12.899055,6.127791,13.295931,39.460992,18.550474
6454,0.266304,2,3,3,20.046707,21.374893,29.540489,20.883706,60.823939,76.207008,31.964354,21.844279,18.490507,38.17399,30.695285,16.988073,22.433127,36.92226,36.870137,26.151432
6458,0.140397,2,3,3,6.113518,9.511501,35.275274,26.240425,19.335933,23.84775,36.681759,28.609548,8.723557,9.787319,33.188337,26.410859,6.819145,8.561433,39.435854,30.62293
6459,0.24802,2,3,3,14.728319,14.589095,33.094833,29.379481,35.972204,42.810821,36.437853,31.202178,16.50508,19.918665,32.637471,27.610515,12.474889,14.95457,39.421393,33.883736
6468,0.268556,2,3,3,31.102238,13.863625,17.700998,34.148436,66.191464,40.17374,21.867571,36.284844,33.617308,18.945397,17.553718,32.149993,21.276536,14.581701,25.167154,39.386312
6470,0.134544,2,3,3,5.942137,9.539109,38.016718,27.185458,18.925633,24.807782,39.710734,29.852011,8.287299,10.663487,35.728751,26.797541,8.57294,11.030183,43.134815,32.450316
6471,0.352483,2,3,3,21.649982,22.321659,35.224982,31.843883,55.247006,63.627049,39.05006,34.487816,24.667621,27.260886,34.520645,30.615807,24.09733,27.783944,43.070555,38.232425
6475,0.123361,2,3,3,14.731684,6.453769,13.835197,36.664979,44.927919,17.010391,15.274553,39.8241,23.124903,7.121248,11.742978,36.308796,18.466943,7.560384,18.262068,43.167033
6479,0.378745,2,3,3,27.288709,21.367826,30.920563,36.005853,70.293644,63.069781,34.540049,38.646609,30.302451,26.591104,30.488777,34.489069,29.433895,27.834594,38.536888,42.995635
6481,0.253159,2,4,4,2.776703,7.099043,37.974276,19.138553,8.83574,17.045025,38.575265,21.681384,5.397819,8.294788,35.336166,18.54579,4.092412,5.828715,39.536695,23.566631
6482,0.247359,2,3,3,15.163023,16.722537,35.243658,30.193949,43.855631,51.951785,38.203586,32.252094,18.392231,21.883848,33.919078,28.381965,17.36296,21.845088,43.044306,36.437971
6483,0.248003,2,4,4,5.556275,7.414507,37.913803,21.806879,17.781709,30.381944,38.52353,21.821541,7.308552,16.810581,37.173733,18.211531,5.391213,9.813453,39.596469,23.394506
6490,0.257598,2,4,4,1.478687,2.797729,25.049201,34.45908,7.07673,6.556136,24.989125,35.246005,4.261772,2.732618,23.997648,34.620927,2.861311,1.818405,25.20187,35.682567
6491,0.248543,2,4,4,5.636469,1.329414,19.289907,35.35205,12.935847,6.143372,21.067017,35.269706,5.28677,3.333926,19.777107,34.088679,3.757982,2.684369,22.004328,35.660959
6497,0.250351,2,3,3,14.225469,18.807448,35.941733,29.356655,45.442853,54.177426,38.030636,32.102397,19.177508,22.58601,33.617406,28.243233,19.337977,21.039924,42.938239,36.547528
6498,0.250904,2,3,3,15.753863,16.485099,35.01638,30.472836,49.107721,57.590068,37.452543,31.706383,20.337872,23.976956,33.034746,27.721427,18.684925,23.460283,42.980863,36.457349
6522,0.248515,2,3,3,21.375049,13.34542,19.974935,36.44066,72.029038,40.690274,21.293307,38.761571,33.914216,15.189503,17.029507,35.799165,37.702573,21.450816,25.355482,42.790885
6525,0.347015,2,3,3,11.61667,34.170541,39.826094,20.8614,57.539184,93.749436,38.675917,23.980818,23.930098,31.231526,34.664184,22.047087,35.698676,44.617632,42.493311,28.727291
6526,0.199353,2,3,3,7.109457,20.409328,39.457287,17.47756,25.617213,52.737819,40.205148,20.22853,10.572237,20.521203,37.029805,17.813659,13.345908,22.693617,43.090547,23.425076
6534,0.196251,2,3,3,8.770837,9.351274,31.994169,37.433114,31.152123,26.217101,32.715856,39.999221,12.853938,9.557163,29.960585,37.709644,15.929929,12.243485,35.148967,43.152582
6536,0.122716,2,3,3,8.023908,4.48437,27.226943,39.308243,22.308508,15.811693,29.314824,40.191175,8.170449,6.484998,27.471774,37.058883,10.513153,8.04794,31.6807,43.109468
6537,0.129156,2,3,3,12.280658,6.174804,15.242077,37.406631,42.049888,17.382134,16.075468,39.958893,19.157749,6.312736,13.230575,37.681493,19.648801,8.195638,18.720453,43.138353
6540,0.208168,2,5,5,1.070377,1.693159,15.913901,11.927997,4.324324,5.689419,15.915176,11.947376,1.572722,1.793316,15.883104,11.92796,2.33887,2.40752,15.945386,11.981118
6541,0.249518,2,5,5,1.307354,1.564385,15.912597,12.46345,4.315064,5.585331,15.925373,12.4725,1.191901,1.93782,15.921804,12.4498,2.041795,2.460926,15.947472,12.496651
6543,0.165927,2,3,3,4.754003,15.313388,37.32383,16.508227,22.066821,44.557252,36.838084,18.120443,9.757702,17.058929,33.611956,16.239736,6.425116,12.542388,39.510006,20.628773
6544,0.174471,2,3,3,5.438178,16.372132,40.211446,17.215769,20.320187,45.169518,40.685062,19.316088,8.388864,16.468077,37.807313,17.514374,8.490208,15.772911,43.317822,22.131023
6545,0.243103,2,3,3,13.607495,16.594604,33.553051,20.522404,40.386277,69.643822,35.724302,20.419126,14.704023,36.440278,33.397575,15.817609,15.634305,25.108105,39.288882,24.146775
6553,0.190873,2,3,3,28.628064,10.061785,17.37428,39.545124,89.432677,44.257562,19.030018,39.138966,31.080823,18.25002,17.214473,35.412909,43.150783,22.508416,22.734485,42.916713
6555,0.177656,2,3,3,7.977357,11.370803,37.89248,19.374023,22.582753,43.5405,40.260982,19.699194,7.432615,20.258978,38.804176,16.487182,8.313371,17.290095,43.337697,22.295625
6556,0.153329,2,3,3,9.116279,20.862447,38.783104,16.584327,29.079167,70.818391,40.288358,17.552646,10.917884,31.826701,37.904317,14.49919,16.516888,32.867026,43.020596,20.531115
6562,0.124592,2,3,3,3.121305,1.373241,41.199489,43.027901,7.765917,6.273802,42.58546,42.908596,2.691653,2.826034,41.89396,41.747419,3.243978,3.279554,43.512879,43.511067
6563,0.246668,2,3,3,3.207941,6.179564,36.466349,41.199489,14.654785,15.374975,36.367822,42.585457,6.601223,5.328939,35.383778,41.893959,7.665263,6.422432,36.85608,43.512879
6567,0.236837,2,3,3,20.851758,23.867686,31.114922,21.239847,57.571309,87.448701,33.54014,21.894786,22.446797,45.103613,30.99432,17.322511,29.975175,41.268338,36.240075,25.179775
6569,0.383871,2,4,4,6.986928,12.381142,35.917483,20.703867,23.659394,37.425153,36.872355,22.838938,9.692722,14.938767,34.227145,19.713641,8.95341,16.263628,39.424486,26.978507
6570,0.251262,2,3,3,3.132738,7.685665,42.883888,34.877795,13.6907,19.242873,42.802543,36.130223,6.052158,6.390826,41.551492,35.607319,7.336191,7.985984,43.491843,36.956008
6571,0.369071,2,4,4,7.172298,12.168865,32.528688,19.526749,23.29747,38.820809,33.499252,21.100516,8.138286,18.814659,32.19094,16.874024,11.90496,14.848586,35.394564,24.883313
6582,0.382513,2,3,3,34.430922,26.653742,21.30462,31.764218,95.871733,62.912948,23.993942,35.780663,51.276473,27.306575,18.624204,32.048815,42.967959,27.059522,27.912967,39.21942
6588,0.210285,2,4,4,2.377128,4.802092,34.370942,31.701227,14.871198,15.497598,33.069431,32.897582,6.155864,3.303869,30.539658,33.611306,8.167754,6.005661,35.269716,35.456402
6589,0.354413,2,4,4,6.128088,7.358425,33.041944,32.206358,24.041987,29.186241,33.234172,32.391615,9.751283,8.44823,30.937645,31.779957,13.217761,12.045093,35.300669,35.363555
6592,0.261436,2,4,4,4.350146,5.314339,20.768109,32.31203,34.084697,18.676325,17.922017,33.028137,15.591067,4.046888,14.313732,33.660815,16.018624,7.638727,21.896044,35.445836
6598,0.248987,2,4,4,2.79625,4.714863,34.385748,23.275825,10.202279,14.48731,34.633596,23.976803,5.548,5.72281,32.137736,22.829758,3.594339,4.294853,35.632405,24.928888
6599,0.250202,2,4,4,4.375684,6.027804,32.995048,22.461756,13.339626,18.57184,34.029011,23.44841,5.932107,7.517999,31.809417,21.734075,5.465028,6.57945,35.552486,24.918876
6604,0.25499,2,4,4,4.173298,9.482107,33.259423,16.841655,12.665069,23.829625,34.216058,19.452671,5.378464,11.972621,32.410655,15.747892,5.174711,9.250043,35.571527,22.067433
6605,0.130116,2,4,4,1.733466,4.464483,33.948133,13.525175,5.776383,14.22332,34.474656,14.423697,2.563029,5.483469,32.72865,12.920652,2.868523,5.473815,35.549899,16.227551
6606,0.250196,2,3,3,11.321497,17.605403,35.035919,28.192342,40.833379,50.576701,35.823768,30.461908,18.168776,20.051937,31.901843,27.652019,25.056573,27.698118,38.839716,33.507212
6607,0.253438,2,3,3,17.15722,14.28687,32.013743,29.715486,51.049171,54.40742,34.523394,30.175907,19.463299,24.854626,31.411381,26.075092,26.07988,31.830133,38.799382,33.403959
6614,0.372169,2,4,4,6.889475,5.048538,25.711536,33.895187,18.981968,14.175693,26.747212,34.761763,7.878554,6.330927,25.433915,33.329484,7.740238,6.388892,27.655134,35.606253
6615,0.37271,2,4,4,7.833572,5.374148,25.245845,33.705868,22.061795,16.253577,26.44478,34.511786,8.4044,6.564626,25.192205,33.196625,8.203883,7.166507,27.655943,35.583923
6621,0.251995,2,4,4,4.591919,9.459527,38.430524,24.85421,18.54276,29.237939,38.471264,25.694512,9.415732,12.446624,36.083924,23.959258,6.761791,8.7018,39.570288,26.892984
6622,0.247674,2,4,4,2.91225,4.674609,34.27879,23.25157,8.480931,12.139735,34.923232,24.217644,4.07435,5.646805,33.451899,22.825657,2.844832,4.264442,35.656133,24.889441
6623,0.252981,2,4,4,7.686488,8.012499,36.80751,25.424537,22.490803,31.464145,38.018586,25.55301,8.930029,16.936545,36.373964,22.336085,6.639149,11.553098,39.573564,26.893311
6625,0.123478,2,3,3,6.727275,8.514686,39.345778,37.713263,24.94881,25.076547,39.954062,39.926004,11.079125,9.707119,35.993698,37.126771,12.717467,13.147295,43.066311,43.032797
6626,0.256286,2,3,3,33.154507,14.036323,20.145292,39.313424,92.477401,52.269037,22.607209,39.902609,38.6871,23.020676,19.45252,35.983887,45.905905,26.758153,25.945526,43.05281
6629,0.126095,2,3,3,9.588839,8.804449,28.846778,37.616624,34.68796,25.660106,29.45733,39.914827,15.503105,9.92628,26.222286,37.115756,17.405893,13.402075,31.858568,43.034649
6632,0.272039,2,3,3,3.193903,7.213889,42.957979,35.71614,17.626876,21.59556,42.513245,36.466956,8.23772,6.517417,40.634061,36.13745,13.067938,9.038038,43.324553,37.377637
6633,0.251577,2,4,4,3.382154,1.933466,30.4498,20.281872,8.319062,7.376906,31.224592,20.32196,2.511232,2.811601,31.049018,20.028433,2.613474,3.518159,31.724172,20.530434
6637,0.272484,2,3,3,4.083945,5.318241,36.842418,42.018391,20.328084,17.512028,36.580899,42.528841,8.522216,5.889164,35.373652,41.892724,14.274927,7.873454,37.272438,43.493944
6644,0.250445,2,3,3,21.937387,14.558131,19.8959,35.735735,85.830868,47.445391,20.248569,37.707167,42.388534,16.706646,15.453042,34.983999,39.916714,23.706978,25.353826,42.645319
6645,0.258257,2,3,3,17.427368,12.432614,30.35909,37.351493,56.85972,47.172675,32.105932,37.983929,21.096368,19.920289,29.228056,33.54686,28.663092,24.010849,36.396112,42.675487
6647,0.248888,2,3,3,11.604688,29.029246,37.603758,17.783605,46.180236,88.40518,37.865966,19.96397,19.547606,34.679868,33.361579,16.880659,24.218366,39.155708,42.59725,25.314578
6648,0.114084,2,3,3,9.08867,36.002073,33.943607,10.36071,28.950582,76.644493,35.620449,13.521667,12.609443,35.058651,31.775338,10.774511,10.022368,18.736266,39.346412,16.914839
6649,0.250895,2,3,3,26.045908,37.543129,31.82339,18.390379,67.348899,119.974151,35.28703,20.004679,26.647566,56.722364,32.118528,15.917393,19.702137,40.407363,39.403659,24.409085
6652,0.262687,2,4,4,9.622003,8.344637,20.48994,33.371848,24.6773,15.975329,21.673143,35.072438,18.235379,7.948595,17.749158,33.735028,6.561554,3.72992,22.475818,35.682376
6653,0.24845,2,4,4,11.762442,5.911916,22.490153,34.250167,22.545606,15.448494,24.339178,35.046804,12.246013,9.485237,22.556406,32.866496,5.737749,3.974893,24.93148,35.677899
6660,0.300885,2,3,3,8.721394,19.910578,42.045217,33.905124,29.11888,41.688564,42.52145,36.617895,15.94964,9.469527,39.842864,36.886149,15.21702,13.097832,43.458156,37.905947
6669,0.249043,2,4,4,2.47605,1.39343,20.019291,31.479269,13.188049,8.268358,19.703125,31.22076,3.629749,2.589682,19.591597,30.996125,6.182152,4.15038,20.415485,31.686814
6670,0.250641,2,4,4,1.520053,1.002851,22.866591,31.605166,8.36995,6.339562,22.753643,31.428239,2.565052,1.872934,22.646241,31.334732,4.2217,2.612426,22.981755,31.724007
6674,0.253321,2,3,3,31.359779,21.239781,32.242062,31.723432,74.464245,75.784525,37.442636,32.676764,21.522373,39.566223,36.47403,26.941947,29.500168,39.55556,42.932107,36.383257
6677,0.248516,2,3,3,70.797018,17.701716,14.156772,37.460265,141.745078,63.839822,19.478215,38.451725,42.129529,33.056014,18.431922,32.085156,49.178457,33.342438,25.536679,42.7374
6680,0.254431,2,3,3,28.929777,31.990169,29.332726,32.075926,87.578044,78.646073,31.761232,37.036507,38.035793,26.338641,27.370277,34.656669,40.581307,31.533831,36.378405,42.852241
6683,0.253446,2,4,4,1.412618,2.640447,31.481194,20.093016,5.050624,8.672018,31.543274,20.285398,1.83207,4.951508,31.359226,19.047592,2.825088,3.88631,31.720482,20.580135
6684,0.251614,2,3,3,23.516235,36.414873,35.089517,27.103679,73.093307,90.750601,37.535857,31.383439,32.68829,30.966443,32.337044,29.105055,33.829454,36.708999,42.734127,36.429387
6688,0.249586,2,4,4,2.944932,5.695806,24.283547,31.70491,14.00427,10.853884,24.059235,34.517509,9.996418,3.047787,20.158455,34.324776,6.508953,4.197355,24.901921,35.609819
6691,0.25669,2,4,4,0.922866,1.274401,31.631518,23.062141,4.798558,6.043673,31.566523,23.030467,1.778486,1.808267,31.388497,22.984734,2.742628,2.907725,31.722758,23.145607
6692,0.254221,2,4,4,1.826295,8.095213,35.102958,21.234963,8.462613,14.729807,34.961485,24.125901,5.600851,4.012907,32.195369,24.011626,4.026878,5.415787,35.619449,25.065263
6695,0.25246,2,4,4,8.479871,9.795208,25.236699,35.55794,21.738877,19.142209,26.252952,38.408123,12.559848,7.818664,23.937871,36.97145,6.909555,4.294971,26.924998,39.616352
6696,0.248207,2,3,3,25.581495,19.067204,34.137302,32.239427,53.509876,60.381274,39.585462,33.746656,22.435352,33.488569,35.9275,28.243281,17.472923,27.449477,43.336271,36.601555
6697,0.191378,2,4,4,4.38057,10.242279,28.730522,12.905317,11.53474,18.687829,30.250539,16.553588,5.63636,7.082703,27.782629,15.036981,4.986052,5.271405,31.603445,18.438438
6704,0.208109,2,4,4,1.538408,0.795294,23.336897,35.513865,4.49973,2.918983,23.455201,35.549959,1.987854,3.037946,23.219117,33.846479,2.407819,1.000216,23.5576,35.691597
6705,0.284431,2,4,4,1.442672,1.373373,25.794501,35.412124,5.351088,4.020807,25.821381,35.547742,6.084147,1.835571,23.891396,35.257516,1.474082,1.868037,25.931191,35.684799
6707,0.178533,2,4,4,9.143394,10.121548,12.842689,15.397443,26.656994,18.561052,14.512802,18.971045,16.606249,5.023507,10.039385,18.815304,5.46794,3.796393,17.889625,20.674842
6708,0.091749,2,4,4,2.863004,4.477027,27.138483,12.96472,5.762815,12.938978,30.144661,14.055968,1.666346,7.738298,29.808041,10.960706,1.340896,3.094078,31.700701,15.545543
6709,0.248893,2,4,4,1.744516,2.10891,35.129029,24.600542,5.018891,8.193678,35.40448,24.640452,1.871434,6.153725,35.115334,22.554639,3.192185,4.028194,35.64595,24.930163
6713,0.183087,2,4,4,23.778822,4.544589,8.203392,28.358477,29.575627,9.920352,14.277598,30.496131,8.933697,7.267708,13.489812,25.986927,5.368747,3.713528,18.090057,31.658462
6716,0.244064,2,3,3,4.275442,8.862391,34.945345,29.262491,21.495214,26.23238,34.626151,30.039775,7.109247,10.547243,34.049966,28.885228,10.865109,11.289737,35.565502,30.964234
6717,0.248197,2,3,3,9.113567,5.031115,33.074868,30.475082,24.698704,19.443182,34.374081,30.546249,9.943627,8.661394,32.950933,29.59009,9.040257,11.608942,35.60782,31.029067
6719,0.254763,2,3,3,11.97728,19.5264,34.853407,36.863945,41.552581,44.243374,35.419662,40.712251,24.559711,11.217988,31.141871,40.775672,27.653335,15.381066,36.754986,43.402145
6720,0.246441,2,3,3,22.754008,9.834477,30.91394,40.95513,51.12862,34.538737,34.430059,41.560162,12.87604,20.41023,34.513315,36.69268,17.705234,23.065372,36.762514,43.152462
6723,0.256416,2,3,3,10.336417,15.319802,35.729121,29.389127,24.961724,33.165575,37.954951,32.411461,11.846077,13.206553,35.262995,30.59737,12.325876,10.551579,39.439963,34.14038
6724,0.351453,2,4,4,7.672984,12.31017,34.827422,19.603094,24.880351,43.56989,36.218604,20.695665,6.729004,19.55902,35.953006,16.500603,10.802986,18.479575,39.273216,26.009526
6725,0.486687,2,3,3,44.893053,49.254431,35.213729,25.812744,130.898074,165.319357,38.121192,27.341907,42.347522,83.770233,36.266213,21.696044,60.491822,98.89044,42.848372,31.461912
6726,0.251247,2,3,3,33.398404,25.531005,31.474412,21.604552,73.540146,108.437106,37.476391,21.413541,16.760707,80.192695,38.381971,13.792302,22.787553,59.95657,43.17769,25.387576
6727,0.25026,2,3,3,16.796699,56.744115,37.919165,15.866874,64.287407,139.568449,38.451758,19.67861,31.464303,44.930863,32.684072,18.04531,42.474006,56.066114,42.292063,25.446245
6728,0.250132,2,3,3,10.792318,49.025202,40.607171,16.958291,44.288816,100.857205,40.622992,21.795981,26.407137,23.305729,34.46488,22.403928,29.003515,31.300537,42.937328,25.943317
6734,0.259924,2,3,3,14.348596,41.265774,39.264273,26.305883,59.87473,87.296826,39.180573,32.014149,36.125469,19.855134,31.611526,32.823305,36.105659,26.862373,42.682004,36.893038
6735,0.234665,2,3,3,37.427223,16.642334,29.456367,32.505772,76.668227,72.074213,36.57075,32.197528,16.821896,49.930701,37.853622,23.716031,22.887199,43.023814,43.117159,35.743004
6743,0.277104,2,4,4,12.966269,3.107712,16.25371,37.910437,40.569911,16.857322,18.174567,36.92846,9.194223,7.507475,19.013801,33.715521,11.932872,10.235651,24.151204,39.121749
6744,0.315546,2,4,4,4.574407,5.981127,27.274397,35.691495,25.042485,21.196778,26.296185,36.478921,11.38174,5.117752,23.097062,36.770915,14.521284,7.692729,28.413117,39.405057
6746,0.131849,2,4,4,0.319821,0.464445,31.693583,31.635982,1.518365,1.784436,31.676178,31.649914,0.585521,0.425233,31.591799,31.663281,0.900534,0.796799,31.738342,31.74076
6747,0.352057,2,4,4,1.843969,0.846823,31.510496,31.69447,5.796806,4.514701,31.605325,31.659575,1.187073,2.134087,31.655698,31.467512,2.224377,3.147216,31.739944,31.730572
6750,0.257657,2,4,4,0.943617,0.64304,23.129395,31.690464,3.819559,2.920581,23.131149,31.678351,1.104148,0.760278,23.117838,31.676672,1.693258,1.471613,23.176763,31.741699
6752,0.188841,2,4,4,1.917836,6.158457,38.179417,20.338079,10.511433,22.006272,37.285989,21.068341,4.526914,5.153435,34.585844,21.501184,6.13076,7.473941,39.233205,24.149712
6756,0.249038,2,4,4,3.668332,1.032213,19.466493,31.595265,11.219462,5.665956,19.91907,31.485497,2.18172,2.619955,20.165399,30.980397,4.392334,4.012354,20.445949,31.690721
6758,0.246204,2,3,3,10.77932,9.926168,35.241938,31.343671,23.082022,23.667388,38.059348,32.971201,9.732659,11.306192,36.145141,31.019968,7.036835,11.237956,39.571027,33.928922
6759,0.244443,2,4,4,0.810082,1.289197,31.648351,20.22314,4.047662,5.488997,31.603788,20.214478,0.922995,1.622283,31.633313,20.170912,1.637929,2.504223,31.738759,20.329549
6760,0.249503,2,3,3,8.156746,10.602657,36.784617,31.163299,18.181733,23.39501,38.621627,33.07598,8.210367,10.804223,37.002365,31.333198,7.740609,7.061069,39.557803,34.06055
6768,0.250672,2,3,3,19.316457,25.185247,32.258395,34.389891,71.659362,69.185272,32.91039,37.929111,35.050248,21.599766,27.948212,36.351577,47.968041,31.838146,36.017728,42.818416
6771,0.257393,2,4,4,1.246248,1.166029,23.083811,31.567265,5.256634,5.000818,23.079265,31.552828,1.918993,1.170535,22.980431,31.5846,3.421202,2.338945,23.158341,31.72996
6772,0.250309,2,4,4,3.727515,1.224297,19.478223,31.539153,13.139401,6.571932,19.750537,31.405323,2.859496,2.772207,19.969734,30.907252,5.645146,4.47755,20.463116,31.677776
6774,0.253017,2,4,4,1.195401,2.257442,35.42352,24.678946,4.732667,7.651763,35.442991,24.810532,1.928964,2.473278,35.100486,24.650222,2.636376,2.979511,35.663522,25.066976
6775,0.249793,2,4,4,2.127844,2.041105,34.889203,24.652135,6.578773,8.61003,35.216679,24.635345,1.978924,3.777432,35.05741,23.978604,2.534462,4.810307,35.665316,24.944507
6776,0.24776,2,4,4,0.750336,1.85459,31.664216,22.719999,4.365992,7.514257,31.585708,22.726885,1.704044,1.411007,31.393348,22.824588,2.479975,2.767074,31.725926,22.922551
6778,0.245834,2,4,4,2.016828,4.443718,31.203892,21.689253,9.962387,15.900888,30.993278,21.963456,4.707369,4.454077,29.638061,21.803822,5.380362,6.623904,31.644365,22.819499
6779,0.251737,2,4,4,1.014563,1.421291,31.603184,22.912848,4.512256,5.813529,31.58039,22.914489,1.269417,1.762107,31.549376,22.866733,1.975859,2.871207,31.73482,23.022988
6782,0.254951,2,4,4,3.750386,3.382646,19.622204,30.478482,19.961875,13.818046,18.99834,30.495543,8.915996,3.859796,16.781148,30.30796,10.366577,5.870955,20.469759,31.633763
6786,0.254261,2,3,3,16.962774,30.754685,37.964358,28.787742,60.33709,80.80032,38.989611,32.30433,29.696789,25.780073,33.450317,30.746895,41.403088,38.003507,42.383406,36.456468
6789,0.241389,2,4,4,1.660891,0.859591,22.590292,31.633629,6.481499,4.117619,22.608576,31.595415,1.521479,1.507207,22.635408,31.451607,2.681568,2.189786,22.756076,31.730025
6791,0.254588,2,3,3,88.198613,15.542742,12.86046,38.602663,165.782921,72.98928,18.655055,37.638658,31.964831,49.859597,20.701536,27.782459,42.674108,38.560438,25.938865,42.529183
6792,0.248491,2,3,3,17.940828,36.185938,32.637548,30.472141,83.954341,82.477877,31.800936,36.434518,59.110476,16.77125,22.752581,38.298608,44.099054,24.929542,36.100058,43.091435
6795,0.253791,2,3,3,4.343922,16.167884,42.340025,22.043491,22.678158,38.681677,41.706676,24.514508,13.742674,12.03681,36.856664,23.813508,8.000942,13.408208,43.475011,26.226812
6798,0.53475,2,4,4,5.058541,5.579835,31.545545,38.109966,16.436552,14.456848,31.870852,38.968726,8.090754,5.201598,30.542486,38.41287,6.907448,5.954054,32.393695,39.593969
6799,0.807973,2,4,4,9.418951,5.367771,33.073223,38.954045,21.936201,15.976004,34.04744,39.265615,7.294457,9.159528,33.72349,38.041202,7.414393,7.273208,34.536165,39.612539
6800,0.255524,2,4,4,1.464641,4.559656,40.635674,25.696814,5.839734,9.324138,40.669598,27.229726,2.919518,2.436854,39.419525,27.21142,3.075405,3.555571,41.157318,27.751802
6801,0.23718,2,4,4,4.143546,5.251155,36.135963,23.775593,10.288543,15.885308,38.084725,24.860381,3.861708,8.442027,36.753589,21.572378,4.057537,7.130645,39.523939,26.280492
6802,0.364774,2,4,4,1.405282,0.973839,22.995108,25.141397,3.39639,3.064922,23.048472,25.155752,1.973172,0.827222,22.930164,25.153703,1.20645,1.361617,23.072737,25.174342
6807,0.180997,2,4,4,3.773501,2.416333,9.616434,12.688667,11.07815,8.081802,9.708496,12.721228,3.525996,2.966827,9.657906,12.656719,4.720898,3.467956,9.792897,12.784077
6809,0.179998,2,4,4,5.764868,5.215391,18.205088,15.487018,9.96086,12.702883,20.22546,16.992776,3.386696,6.811591,19.83715,14.619437,4.619627,4.135075,20.719358,17.983973
6810,0.246681,2,3,3,7.728752,4.96077,33.657345,30.461464,23.248177,25.096506,34.492309,30.17365,9.459154,8.484822,33.130392,29.60608,9.740724,12.310387,35.592665,30.992651
6811,0.20968,2,3,3,5.113212,10.344513,37.86455,29.766637,21.249985,25.879465,37.836771,31.673978,8.157005,10.496471,36.227714,29.979072,9.74256,11.410697,39.452908,33.077562
6813,0.217199,2,4,4,1.132305,0.645746,22.048907,31.727677,4.063318,1.458015,22.054307,31.742862,1.939952,2.924412,22.011803,31.407131,1.915664,0.496653,22.06953,31.749608
6814,0.036933,2,4,4,0.096524,0.23753,31.732521,31.653954,0.318066,0.638945,31.738548,31.707021,0.616784,0.216649,31.241619,31.677503,0.214294,0.279298,31.747705,31.746208
6818,0.090238,2,4,4,1.78968,3.001617,29.312653,14.026307,3.751784,7.154124,30.958139,14.938405,1.332821,3.807339,30.366356,13.539551,1.611546,2.486417,31.677997,15.425725
6823,0.082095,2,4,4,1.344736,0.803298,36.459349,38.270289,4.529971,3.882797,37.318882,37.839471,1.195401,1.596229,37.220097,35.868877,1.771022,2.285559,39.455126,39.336369
6824,0.221608,2,4,4,3.350158,3.326189,24.520565,36.860432,15.557392,11.326579,24.203715,37.591598,6.416528,3.103799,22.319052,37.367199,8.610724,4.517291,25.599978,39.474768
6830,0.264424,2,4,4,1.150403,3.073719,39.329845,26.456722,7.713883,13.300505,38.8686,26.367043,3.045253,2.547801,37.997772,26.798245,4.587844,5.233195,39.52055,27.2888
6831,0.264536,2,4,4,2.598466,1.542327,41.804404,28.901166,6.265108,7.605917,42.899907,28.778684,1.319968,4.133313,43.113605,27.463479,2.346919,3.865859,43.552027,29.136061
6837,0.251146,2,3,3,4.947812,12.03613,41.992888,32.707564,16.052203,25.643158,42.539223,35.523733,9.360068,4.767538,39.535696,36.186155,9.557948,9.934352,43.421882,36.915846
6838,0.253327,2,4,4,0.879515,1.794256,35.5445,21.897105,3.032179,4.701226,35.588639,22.080578,1.354154,1.569079,35.387326,21.996464,1.283083,2.093464,35.690717,22.18339
6839,0.245076,2,3,3,10.476175,5.969525,38.256104,35.447633,21.402303,18.764934,41.778437,36.000492,4.139895,11.549389,42.486516,33.04264,8.293471,11.072922,43.457169,36.748005
6842,0.250495,2,3,3,5.368348,8.962957,35.852354,39.437245,16.197543,18.736667,36.35446,42.202485,9.493879,3.259601,34.235712,42.902349,9.035328,7.420162,36.919255,43.488857
6847,0.28248,2,3,3,23.807958,44.978786,38.440167,19.681432,54.551317,93.067288,43.319897,24.7663,29.22034,40.775101,36.866271,20.946774,22.261387,37.427922,47.133073,28.59534
6848,0.513682,2,3,3,8.943115,17.390355,45.904828,32.100273,41.033726,48.799899,45.571489,33.584737,19.174427,18.386209,42.516952,32.10763,26.535396,27.211316,47.14593,34.919447
6849,0.437688,2,3,3,35.744734,52.415752,34.266325,20.893585,76.886396,135.039748,41.028693,25.282787,32.522884,74.604116,36.030443,18.116238,34.196356,55.461278,46.687893,32.579878
6854,0.22462,2,3,3,21.423176,19.971835,31.956809,37.883305,52.08943,43.626213,35.641454,43.283994,31.90572,15.535191,28.762197,40.853095,22.586685,17.47012,38.739211,47.143121
6855,0.188095,2,3,3,2.287742,8.801875,42.915386,21.107748,10.679811,21.154208,42.741209,22.384058,4.799733,6.364116,41.346696,22.11897,5.549328,8.102084,43.489702,23.073338
6856,0.299774,2,3,3,3.49449,8.215835,42.966273,26.820804,14.085122,39.60754,42.99047,26.410688,5.477946,18.715693,42.321665,23.688626,6.058923,20.314679,43.546036,27.84507
6857,0.645481,2,3,3,72.4527,52.090668,31.622852,29.114134,141.811014,130.547018,37.272468,32.042144,41.230566,58.235881,36.571971,28.70411,53.786333,69.384198,40.492707,34.309586
6858,0.224876,2,3,3,35.173572,51.820061,15.142005,12.447782,84.064839,86.806687,18.993628,18.777214,45.201283,27.434434,13.770068,17.338921,39.564406,29.472263,24.146705,24.544862
6861,0.160747,2,3,3,3.996939,4.148085,20.91365,41.081596,19.242354,10.060521,20.729876,42.578067,9.742979,2.94187,19.053573,42.318294,9.913761,3.448721,21.336657,43.539583
6863,0.262111,2,3,3,5.127468,14.323707,38.424354,22.14314,21.784883,38.780109,38.355906,23.657813,10.528498,13.166897,36.061272,22.745522,7.599241,13.454216,39.568869,25.048884
6864,0.211499,2,3,3,11.415191,43.239172,33.825545,12.776342,42.880736,89.082041,34.478782,17.307625,20.73787,20.468237,29.124247,17.996722,29.061174,31.337266,38.237618,22.601944
6865,0.248536,2,3,3,6.244008,6.272986,37.773696,23.918372,15.647895,27.737443,38.857181,23.811432,4.102558,15.565966,38.829138,21.401941,6.399383,11.939611,39.585167,24.568115
6867,0.493059,2,3,3,9.952602,4.854321,38.355822,36.362769,22.448778,15.716579,39.210359,36.462639,7.502357,11.482979,38.940926,35.441711,4.768736,5.734386,39.63987,36.625784
6868,0.493216,2,4,4,12.293585,24.465735,38.961886,19.435122,28.890851,47.023996,43.482144,26.610499,11.373795,30.170614,40.247729,17.998162,13.038378,20.438185,47.071607,32.80472
6872,0.499416,2,3,3,12.732364,6.487653,35.123946,39.059519,34.990964,23.319796,35.914943,39.18946,11.170657,13.278249,35.55615,37.775276,9.237016,9.781447,36.645838,39.611374
6874,0.505081,2,4,4,13.437751,31.22644,38.300092,17.47882,33.179423,57.94309,42.738915,25.119785,16.843305,27.145133,36.481414,19.332455,17.493567,21.328787,46.765665,32.996985
6875,0.501002,2,3,3,64.99563,72.02651,27.206835,24.480114,142.973936,159.221354,34.051121,30.891376,72.575459,78.439177,26.604662,24.18199,64.028634,86.286586,41.985885,37.929074
6881,0.33939,2,4,4,3.242816,6.558396,28.294847,41.286131,27.684146,18.412099,24.967705,43.928269,22.800394,2.756965,15.494844,46.062497,12.539204,6.242483,29.163947,47.30636
6885,0.367422,2,3,3,23.03152,16.074139,37.189694,43.738669,60.022182,53.278728,39.628273,44.837855,24.405637,24.770481,37.184283,41.071215,20.272527,28.457341,41.851138,47.146264
6892,0.837693,2,4,4,24.463261,11.266643,31.705374,34.420577,70.581759,32.809415,34.910929,36.129756,25.831529,21.14737,31.732682,29.783164,30.956825,10.516128,39.99698,38.104737
6896,0.377954,2,3,3,5.737857,11.942345,46.253641,43.25354,32.058566,30.859118,45.362009,45.497277,18.003871,8.827232,40.56842,45.099878,22.45297,15.634909,47.026873,47.282819
6897,0.169168,2,3,3,4.051842,2.844363,33.352497,21.726899,17.753638,14.102511,33.216664,21.616309,7.060934,6.95678,31.801809,20.69269,8.726758,6.838609,34.360412,21.928333
6898,0.230289,3,3,3,5.123748,12.17301,41.788826,22.528108,22.145482,44.180662,41.635219,23.046814,10.571419,17.117903,38.520134,21.082997,11.985475,15.678087,43.309323,25.173045
6899,0.266121,2,3,3,8.567512,21.896682,41.741516,23.229635,28.890263,70.001523,42.280282,24.412631,13.813502,27.183177,39.959259,22.32282,11.95056,34.251506,43.486613,26.558154
6905,0.155932,2,3,3,4.644396,7.715259,40.440206,19.298869,17.85685,34.52986,40.761681,19.027338,6.482954,17.974213,38.846135,15.670696,6.53999,17.938222,43.386274,20.839345
6906,0.381211,2,3,3,17.832839,41.437101,34.821797,19.827169,48.300749,77.540017,37.043577,25.128045,24.678563,28.355976,32.861885,23.059325,19.479206,25.178081,39.41455,28.202393
6907,0.138839,2,3,3,4.407468,13.382337,40.11573,15.633709,16.099793,41.743604,40.705029,16.935029,7.240702,15.012239,37.166985,15.334877,9.519302,15.773235,43.067725,19.622145
6908,0.246289,2,3,3,16.504663,20.907375,32.100672,19.332697,36.736569,58.247236,36.299373,21.478764,12.116128,32.58716,34.866266,16.750392,13.733388,25.298454,39.37291,24.268102
6915,0.298007,2,3,3,20.788929,12.820916,31.754319,35.348627,41.647928,38.348095,36.614284,36.979223,12.752621,19.931106,35.714473,32.596335,13.761717,15.944414,39.455165,39.393449
6916,0.261352,2,3,3,19.260288,18.430441,20.546685,31.659614,56.235601,36.980427,22.323581,36.556248,33.419729,11.126967,17.272108,35.743374,22.445549,12.266613,24.891558,39.449148
6919,0.143072,2,3,3,30.128697,6.180426,11.183093,35.32393,48.35754,19.157616,16.1385,36.808096,14.512728,10.853297,15.429468,31.520319,14.279254,8.430952,19.120711,39.342925
6921,0.253704,2,3,3,8.068263,16.266404,40.106273,22.003291,23.438777,43.199279,41.59808,24.12604,10.857677,16.243535,38.650377,22.340876,12.135505,14.840319,43.326726,26.203225
6922,0.368503,2,3,3,24.244409,27.188461,32.256747,22.541104,50.885222,69.129836,36.669721,25.292909,18.308613,36.191058,34.80165,20.893021,17.960179,26.412407,39.434469,27.902199
6923,0.133547,2,3,3,6.332044,10.355959,37.472271,16.396649,18.428829,40.335322,39.819855,16.62966,5.111746,24.407778,39.374726,12.223294,6.003145,19.741903,43.35667,19.081768
6924,0.249572,2,3,3,20.382593,16.826789,30.327196,20.759413,43.666235,64.715021,35.423151,21.11885,10.835179,39.406621,35.632065,15.565378,14.963036,27.004084,39.332913,24.35662
6925,0.249778,2,3,3,6.185757,13.780416,37.817979,21.761843,27.360423,48.887066,37.587947,22.382047,10.405423,15.932502,35.86455,21.346913,13.152128,19.129801,39.400982,24.521368
6926,0.262731,2,3,3,7.486734,6.542273,37.344097,24.414568,22.461905,32.550215,38.291232,24.090755,7.435783,16.612929,37.571759,21.732307,8.185427,11.340066,39.557064,25.091122
6927,0.232631,2,3,3,8.555193,44.741886,36.222863,13.525978,41.905254,89.806225,35.246799,18.382581,23.529864,23.112886,28.819513,18.377133,18.077332,30.692054,39.13837,23.573868
6931,0.299098,2,3,3,46.613887,11.844082,15.992621,35.828851,83.857515,44.330508,21.843373,36.331214,21.30137,23.908518,21.915917,31.051851,26.603183,19.78233,26.065702,39.269666
6934,0.250898,2,4,4,13.457573,6.351531,14.830724,33.795047,33.870424,17.859773,18.131118,36.19036,13.59704,6.181274,15.15241,34.39896,14.073521,7.763799,22.999869,39.268532
6935,0.247163,2,4,4,11.627857,5.667645,19.50042,34.49928,27.828787,16.099272,23.030455,36.62454,9.154421,6.108245,21.561019,34.377424,10.59568,8.040125,26.495184,39.231683
6937,0.250742,2,3,3,8.524612,6.928997,42.770515,37.622365,20.923476,24.350085,45.420912,38.146651,6.352485,10.605477,44.753542,35.860638,9.952977,11.620952,47.302676,39.642669
6938,0.140229,3,3,3,2.748684,5.687585,45.704114,32.535298,11.414128,15.784775,45.677423,33.894481,4.951711,5.223624,43.236467,33.115641,5.752163,8.046307,47.311069,35.13861
6939,0.247451,3,4,4,4.029522,9.133176,36.681586,17.55839,9.257879,18.045325,38.520975,21.365352,3.375627,5.345376,37.605527,20.809687,4.333147,6.169233,39.528156,23.343473
6941,0.244404,2,4,4,10.625238,5.142379,20.01444,35.064805,23.82203,14.303124,23.683664,37.089464,8.414954,5.950438,21.95675,34.480402,10.634752,7.398528,26.391645,39.283716
6942,0.265916,2,4,4,16.284593,7.02299,14.168971,33.476343,31.164674,16.722687,19.36307,36.784036,13.115174,6.321419,16.084359,34.642183,13.06173,8.229972,23.666464,39.268409
6945,0.253112,2,4,4,4.440292,2.627799,39.136321,27.898625,12.966907,18.429099,40.950126,26.465419,2.701627,8.950263,41.724232,22.911646,4.867782,8.876584,43.393558,28.519593
6946,0.352806,2,4,4,3.061669,6.113674,42.147054,29.086781,13.837411,17.017891,41.895627,30.449467,5.928502,5.149029,39.742022,29.977235,6.090209,8.525428,43.431444,31.66821
6949,0.477779,2,3,3,8.926677,15.894594,42.1328,39.86108,39.709576,46.01194,41.924984,41.45523,21.305656,13.364083,38.362835,40.984794,18.755695,18.443463,43.411205,43.41706
6950,0.227611,2,3,3,9.841156,3.771232,32.877097,42.40981,26.79034,18.525192,34.618698,41.983788,6.822419,10.650104,34.648929,38.012292,9.970704,9.282836,36.330542,43.397192
6953,0.297934,3,3,3,9.91512,10.457016,26.400066,39.84835,44.068991,31.618601,26.168123,41.287466,24.329274,9.393206,22.230476,40.684667,20.038223,12.523346,27.803899,43.405061
6956,0.24634,2,4,4,17.201511,6.165044,12.971551,33.879589,34.816683,15.119711,17.732413,36.890353,11.359544,6.446758,16.164226,33.970706,12.405034,7.858804,22.947173,39.246437
6957,0.251019,2,4,4,23.442239,6.367772,11.17829,33.779708,37.417507,17.872146,17.496823,36.189285,13.391241,7.063796,15.262763,33.428192,13.758953,9.025394,23.030949,39.147188
6961,0.509524,2,3,3,17.108065,6.214011,37.013527,39.56308,46.577786,34.695339,38.537071,39.168623,10.390718,24.682341,38.879395,35.233701,15.326133,19.524853,40.005591,39.955562
6964,0.510988,2,3,3,16.766579,15.020098,39.937485,40.504278,43.751347,40.940534,41.83825,42.026697,16.475752,19.279376,40.330328,39.462207,15.293416,21.343315,43.486674,43.387917
6965,0.250672,2,3,3,9.870469,8.567582,33.791363,39.707894,24.739161,21.737931,35.601237,41.799887,10.747721,8.494265,33.649967,40.072675,12.163751,7.887168,36.852863,43.475471
6970,0.159535,2,4,4,3.763228,18.598301,34.303717,8.600781,10.041134,27.652312,36.780303,14.093221,4.636096,8.710014,33.178482,12.979324,5.23767,11.119358,39.224515,18.59013
6971,0.253362,2,3,3,7.421628,8.016709,40.520914,34.792258,18.563857,21.063334,42.251695,36.028353,7.471432,9.162213,40.755279,34.48895,8.841912,8.04547,43.448651,37.002137
6972,0.373149,2,4,4,9.959577,16.828294,33.395421,17.972754,22.015554,37.786718,37.056394,22.419712,7.55011,17.391584,35.64508,18.163112,11.12205,15.104185,39.29408,26.785203
6973,0.170723,2,4,4,4.928731,12.026422,32.774342,11.497992,11.174191,26.679635,36.602026,15.025965,3.51174,14.638122,35.549663,10.71308,5.80298,11.12755,39.196447,19.288977
6974,0.599276,2,3,3,11.052956,25.670247,45.73397,38.456141,50.172971,56.78421,45.409108,41.856473,24.950666,16.15241,41.696643,41.468001,29.012048,29.748602,47.191787,43.69066
6975,0.124451,2,4,4,2.602265,9.360942,35.104027,9.96476,6.879714,20.376642,37.312044,13.015064,2.639527,5.583795,35.368131,12.729018,3.232229,8.329802,39.374385,16.347223
6976,0.250692,2,3,3,10.46391,6.909277,41.212212,37.631094,24.177548,27.490496,44.848192,37.75477,7.238809,13.877336,44.111644,34.030118,12.539434,15.732279,47.16938,39.49812
6981,0.252188,2,3,3,8.013008,6.970557,36.908882,32.700677,27.709116,30.056261,37.577572,32.580127,8.766068,11.311997,36.765999,31.217269,11.003642,14.229209,39.474817,33.984816
6982,0.250529,2,4,4,1.796702,2.308001,40.339337,23.403563,5.280364,9.427471,40.746833,23.415042,1.212808,3.094616,40.837615,22.977856,2.334387,3.978312,41.18522,24.0586
6983,0.240304,2,4,4,1.998459,4.069289,40.072422,21.523843,6.372401,11.731176,40.49581,22.567676,1.998565,3.260053,40.183106,22.386238,2.98968,4.936127,41.152618,23.61337
6984,0.251447,2,3,3,6.422997,10.211641,37.721293,31.392831,24.995766,30.653424,37.894336,32.505776,9.418496,9.328595,36.416763,31.9721,11.377592,11.967704,39.462458,34.018888
6992,0.301531,2,4,4,3.713126,2.106299,28.046311,40.380289,8.232333,5.798085,28.886234,40.821969,2.185025,2.196899,28.862974,40.402891,3.287622,2.427941,29.215451,41.196042
7000,0.251125,2,4,4,10.649522,4.783337,16.615997,36.847636,49.568914,21.774939,15.756965,36.195018,18.565072,6.329728,13.143722,35.312932,14.819111,6.411193,23.440226,40.931472
7002,0.259156,2,3,3,5.615697,8.624832,38.187839,32.268187,18.597312,23.148034,38.64914,33.325938,7.32981,5.98317,37.573987,33.316979,9.92306,9.149439,39.512935,34.213675
7003,0.248491,2,4,4,3.587569,7.703409,37.025196,18.420775,13.232039,24.800998,37.449224,19.823752,3.862049,8.63444,36.955938,18.0676,7.079668,10.302224,39.322637,23.178479
7004,0.248259,2,3,3,8.836546,7.75978,36.386662,32.295694,26.198483,29.131046,37.710753,32.556463,8.019743,10.752833,37.078496,31.313234,10.261155,12.863535,39.491751,33.93705
7007,0.181165,2,4,4,3.036241,0.949929,39.420578,43.008437,8.555058,7.490596,41.277115,41.736517,1.59204,3.653145,42.255136,38.590655,2.974913,3.871381,43.446554,43.348548
7010,0.113973,2,4,4,2.939096,1.040296,18.3481,42.015189,9.661249,4.575622,18.99101,41.826863,2.796377,1.361887,18.677885,41.337439,4.339842,1.868695,20.204055,43.446994
7011,0.254376,2,4,4,4.800854,3.385991,29.492249,19.789008,4.871048,6.513629,31.558094,20.457648,1.41711,7.610044,31.508477,17.514699,0.849891,1.884099,31.747001,20.623134
7012,0.245572,2,3,3,6.186287,6.310754,41.177783,35.316422,15.659234,17.091226,42.543613,36.153912,4.538875,7.204357,42.295999,35.097068,7.708886,7.873669,43.476011,36.826794
7013,0.126715,2,3,3,3.960109,5.76201,40.197731,29.397613,8.937098,12.70573,42.338429,31.277794,3.618353,3.892755,40.896971,30.914264,3.759307,6.282175,43.488534,32.14426
7014,0.139823,2,4,4,2.148782,11.983825,30.124913,9.397092,5.329569,12.366993,31.071488,14.825608,3.68263,3.533888,28.348334,14.576441,2.798943,4.091138,31.660704,15.984036
7017,0.255723,2,4,4,7.457424,2.344917,17.398837,31.082863,6.788395,4.1013,20.481212,31.612291,2.572897,3.922685,20.243565,30.276017,1.232858,0.961682,20.663884,31.746245
7018,0.246748,2,3,3,6.020472,8.566339,41.300658,34.299237,16.374269,20.565704,42.466455,35.887842,7.44507,7.794564,40.650729,34.879265,6.343225,9.18988,43.51495,36.829463
7019,0.242141,2,4,4,5.600316,7.531497,28.68465,16.808677,8.126791,13.577967,31.210279,19.422897,3.048633,8.798705,30.695947,16.327755,3.701199,5.466005,31.696336,20.222445
7020,0.152035,2,4,4,2.998654,14.788019,29.333222,9.059867,6.62181,14.820936,30.890495,15.127781,4.312918,5.959791,27.979059,13.595088,2.473556,3.959556,31.68962,16.653858
7021,0.250814,2,3,3,6.502008,5.01253,41.062897,35.99582,14.969587,15.157935,42.660932,36.438859,5.15816,7.439786,42.031493,35.165286,6.126277,6.240239,43.522786,36.973125
7026,0.248142,2,3,3,6.673338,6.347246,37.5509,32.816283,18.171734,20.08193,38.612669,33.292724,4.888939,7.504377,38.526846,32.548487,7.288427,10.160957,39.566851,33.987537
7027,0.25035,2,4,4,3.469692,5.999303,33.830487,19.093358,10.095463,17.105155,34.662952,20.467174,2.85428,6.226151,34.477333,19.183423,4.021908,6.566886,35.617279,22.004895
7028,0.257527,2,3,3,5.489405,7.591492,38.228433,32.615262,18.408151,21.777837,38.656047,33.389166,6.813807,5.650965,37.790357,33.374817,8.794193,8.886316,39.53951,34.187611
7029,0.25073,2,4,4,2.478261,5.075879,39.669265,21.10703,5.849439,11.047661,40.648118,23.162182,1.892009,2.844245,40.349265,23.159895,2.882782,4.264543,41.163341,24.060233
7035,0.256005,2,3,3,22.325406,34.681417,38.086907,29.119715,58.235902,82.073587,42.198681,34.177073,28.174701,27.021959,36.174096,32.104395,31.388991,31.649053,46.614874,39.407036
7036,0.252981,2,4,4,3.224876,3.456004,40.845459,23.2846,10.063362,16.557087,41.854254,22.751389,2.736237,6.094874,41.682049,21.035848,3.791884,7.998369,43.470771,24.790221
7037,0.246889,2,3,3,25.164451,31.53789,34.247784,28.204069,68.588916,74.534154,37.87976,32.515876,22.758262,32.699765,35.749838,28.393359,28.255545,36.681695,42.952906,36.307678
7040,0.238243,2,3,3,44.657572,28.919091,17.44271,34.374918,108.278463,66.022929,21.386172,40.592201,69.390516,20.323979,14.503097,38.896474,54.027912,25.164044,26.141039,46.835882
7041,0.248282,2,3,3,2.668216,14.332009,43.053781,22.435546,15.55846,34.146828,42.575789,24.622595,10.066072,8.508762,39.011724,24.705673,8.324935,11.69706,43.459626,26.017045
7042,0.253281,2,3,3,29.408023,50.542946,32.919475,16.883206,66.923935,132.019306,38.2505,20.223703,26.77388,52.971138,34.45228,16.960495,31.419092,50.014164,42.851043,25.726444
7043,0.131039,2,3,3,11.5332,52.907091,35.650123,9.72767,34.536313,99.940195,38.268844,13.991119,14.725002,32.296533,33.843459,12.735115,16.026685,34.945096,42.86998,18.745114
7044,0.251042,2,3,3,11.443788,5.347325,37.094381,24.49819,43.407418,50.428812,37.409235,23.550907,8.015042,35.741645,38.365039,19.096984,13.257605,28.599124,39.532972,24.570183
7048,0.24926,2,3,3,2.795751,8.76575,36.635143,39.541075,18.555581,20.859586,36.133964,41.905277,13.112044,4.674095,32.451999,42.262757,10.239521,6.972821,36.865866,43.500234
7049,0.250671,2,3,3,4.874153,10.124548,42.028548,24.109942,13.269813,24.513383,42.843034,25.419952,5.687153,6.902605,41.746668,25.269664,6.309001,11.874042,43.518287,26.115783
7050,0.330916,2,3,3,33.108546,90.398459,34.431087,15.57904,94.063872,168.861854,37.704835,21.993736,40.693086,56.885765,32.916692,19.838376,43.570073,60.092463,42.766073,28.37615
7051,0.25999,2,3,3,32.618229,43.258201,32.09918,18.3889,73.762648,123.367582,37.719457,21.028635,21.271136,63.949518,36.795831,15.852641,29.854337,52.778736,42.948963,25.949552
7058,0.421841,2,3,3,64.149094,57.654319,21.61349,31.171305,176.151105,126.637503,24.970258,37.274597,88.743143,38.956747,19.251779,35.733108,77.377761,50.134604,30.491066,42.906968
7059,0.247524,2,4,4,1.28814,2.200485,31.513344,20.071941,6.608715,10.902264,31.394519,19.902505,1.886504,2.790825,31.319474,19.907407,3.279154,5.432894,31.70906,20.384933
7060,0.239899,2,3,3,25.041241,17.999691,34.01035,32.252571,51.286178,51.845974,39.634734,34.135216,13.316636,28.080205,39.577689,29.374395,19.552285,25.994067,43.253558,36.427064
7061,0.326041,2,3,3,18.873812,38.80313,38.960538,29.660199,61.339591,82.963832,40.328962,34.587116,31.594665,19.993794,35.287589,34.937315,31.013327,31.6582,43.138906,38.038237
7062,0.248559,2,4,4,3.564138,3.506753,30.301063,19.534991,7.036932,9.044576,31.354125,20.105622,2.53577,4.804811,31.021274,18.955683,2.724384,3.751681,31.721409,20.439951
7066,0.25332,2,4,4,2.606451,1.613525,22.662387,31.405996,8.656081,6.38362,22.806764,31.430432,2.416911,2.13463,22.758476,31.233126,3.497782,2.846801,23.057097,31.720022
7070,0.136959,2,3,3,44.236242,8.672484,11.08219,38.346095,72.224325,25.009379,16.139616,40.476339,18.839103,13.541969,16.072149,35.097463,24.82702,12.608923,19.453031,43.16587
7074,0.250599,2,3,3,26.127232,25.345789,21.428893,34.324321,85.11977,56.78413,22.759867,39.283842,48.797276,13.819206,17.445699,39.616444,40.407687,21.836202,25.811499,43.20785
7076,0.125853,2,3,3,12.490515,9.440666,34.510246,28.903288,29.971026,36.212808,38.966534,29.24323,7.616471,21.236095,39.043286,23.723104,12.796702,18.787382,43.07874,31.786069
7077,0.11168,2,3,3,6.551926,19.024196,38.872331,22.643898,26.014051,40.900157,39.109704,27.248535,15.023015,10.810628,31.964322,27.092517,13.295582,17.678868,42.904807,30.748005
7078,0.248512,2,4,4,4.79984,4.332217,36.76094,21.685132,9.656922,17.026026,39.788179,21.86447,2.890084,6.49192,39.36511,20.025295,5.350542,8.19762,41.012782,23.823331
7081,0.120417,2,3,3,39.345885,6.668704,10.54361,39.244267,78.416288,25.649097,14.312263,39.656042,19.707535,14.641807,14.421145,33.034336,29.291185,13.279202,17.966711,42.995241
7084,0.199072,2,4,4,9.924036,1.122524,14.355396,40.65317,8.753764,3.073661,21.022689,40.958473,1.086909,3.772186,21.607222,37.221602,3.194522,2.184798,21.730357,41.168955
7085,0.196047,2,4,4,1.740429,3.598436,24.847972,37.072698,4.854056,4.222524,25.087844,40.727243,6.143547,0.513313,21.458642,41.105602,3.16255,1.633914,25.249781,41.193751
7087,0.246481,2,3,3,12.192158,30.733357,42.976309,25.596753,52.484529,79.018109,42.674121,30.472543,24.889045,19.822618,37.130861,30.711453,24.624533,29.351043,46.904814,38.643985
7088,0.251542,2,3,3,26.8119,11.899286,31.028018,37.101041,65.221081,60.630769,37.235703,36.012922,15.238529,36.292142,38.253412,29.00103,23.821705,29.241197,46.334561,39.35888
7091,0.249877,2,3,3,23.529547,25.234417,22.788381,31.693138,101.706823,66.33287,22.474694,36.978519,56.3007,16.741064,16.689829,37.183007,43.584973,25.100875,27.009748,46.201792
7094,0.252502,2,3,3,5.63055,19.615735,45.055794,21.413962,22.242121,42.010734,45.220403,25.202777,11.665423,12.437552,40.836004,24.566439,13.179872,20.448168,47.13807,27.398023
7095,0.306578,2,3,3,104.410889,72.459344,13.616845,16.425223,184.255913,168.519347,20.28786,20.979452,65.808283,90.141313,17.656605,15.158053,60.432099,67.745052,27.562205,27.389597
7102,0.249664,2,4,4,3.150989,2.338061,22.3718,31.057294,7.560609,5.594965,22.775017,31.492816,2.614039,2.021797,22.605636,31.269136,2.948296,2.633626,22.969856,31.72341
7103,0.248985,2,3,3,4.224382,4.533806,38.695554,33.410859,11.150964,10.993711,39.223491,33.842409,5.735115,4.410152,38.178001,33.510307,4.271965,6.066801,39.619942,34.062074
7104,0.251312,2,4,4,1.665169,3.910252,38.957371,21.789239,5.156968,9.524012,39.238378,22.939527,1.874974,2.367294,38.8762,22.983255,2.808989,3.858055,39.593559,23.545474
7105,0.253805,2,4,4,3.277743,2.637492,38.797762,23.32801,5.277016,9.021998,40.758785,23.613742,1.398779,9.053025,40.73176,18.248559,2.624853,4.011689,41.175447,24.188376
7106,0.123737,2,4,4,0.555782,3.491124,40.850285,14.508975,1.312778,4.783557,41.095595,16.613162,0.628336,1.038212,40.801419,16.703237,0.592951,1.25912,41.217312,16.896151
7110,0.250969,2,3,3,8.883502,4.993564,23.348165,38.387675,23.246669,12.43263,24.149362,39.136705,11.302461,5.021876,22.813542,38.495963,9.329021,6.898139,24.681676,39.576648
7111,0.251509,2,4,4,0.651204,0.999272,39.528804,26.8224,2.316204,3.674459,39.558042,26.842486,0.666657,0.922963,39.536261,26.846089,1.048214,1.418263,39.641309,26.914475
7112,0.253462,2,4,4,3.08792,1.498902,37.653815,26.764998,5.673101,7.987057,39.167069,26.611522,1.224429,3.629059,39.300338,25.831924,2.17695,3.844606,39.615732,26.952814
7121,0.127307,2,4,4,1.912614,0.696471,20.154777,40.684173,4.255484,1.914172,20.701669,40.971575,1.019404,0.742673,20.731237,40.677071,1.713815,1.12533,20.900633,41.189476
7124,0.048715,2,4,4,0.080481,0.445103,41.171918,39.866368,0.580461,0.592677,41.062815,41.056145,0.322455,0.112009,40.534221,41.132631,0.292119,0.226904,41.210584,41.217979
7125,0.256737,2,4,4,2.34577,0.42415,39.866368,41.17192,3.123513,3.05913,41.056148,41.062815,0.590308,1.699392,41.132633,40.534221,1.195824,1.539518,41.21798,41.210586
7132,0.249867,2,3,3,11.687625,12.686144,34.828152,39.449495,39.751119,35.911444,36.037332,42.587566,20.174671,12.988535,30.723941,39.770037,24.09296,16.966949,39.071979,46.881614
7135,0.247043,2,4,4,1.442061,1.457071,22.786649,31.451512,5.288561,3.879891,22.813663,31.617604,1.549721,1.139659,22.782703,31.580113,2.189285,1.74662,22.908139,31.737553
7136,0.249196,2,4,4,3.759315,1.54598,19.423114,31.422302,10.784093,6.013047,19.967741,31.455051,2.817498,2.184663,19.950619,31.194737,4.277136,3.288585,20.452138,31.70936
7143,0.31331,2,4,4,6.776323,3.867745,24.197767,34.1571,15.618991,11.022497,25.754521,34.884882,3.928539,4.781385,25.789849,33.707232,5.600293,4.549417,26.561533,35.631651
7146,0.248611,2,4,4,1.11582,1.648183,31.570412,22.788112,3.459794,4.947122,31.644523,22.867544,1.244778,1.813495,31.552019,22.774512,1.602062,2.262091,31.739561,22.948011
7147,0.241077,2,4,4,3.983212,4.186738,33.22292,23.304226,8.851534,12.266879,34.820663,23.974949,2.088532,5.687698,34.945443,22.53537,3.35026,5.58919,35.637093,24.658715
7151,0.309465,2,4,4,8.020651,5.253969,24.720725,36.282484,22.712548,15.298426,26.4743,37.701509,6.343047,5.560535,26.150775,36.28474,11.166127,7.266464,28.411027,39.421645
7153,0.242993,2,4,4,4.979323,8.079656,35.229666,21.784114,13.342734,19.897471,37.337191,24.379423,3.638505,7.797113,37.109629,22.344695,6.541358,8.953876,39.355364,26.422752
7154,0.259909,2,4,4,2.876844,2.88596,30.819343,22.747793,6.181512,7.688068,31.462843,23.031746,1.830255,2.921337,31.377554,22.789325,2.464473,3.855084,31.728277,23.215016
7155,0.251417,2,4,4,1.13446,2.256274,31.56861,22.71509,4.24334,6.31673,31.598463,22.884084,1.965589,1.806117,31.298993,22.849756,2.381399,2.658456,31.728321,23.016564
7158,0.24778,2,4,4,3.308416,2.792418,30.464744,22.448041,6.829893,8.58895,31.373065,22.66314,1.895938,4.005862,31.316352,22.057429,2.671777,4.446047,31.72228,22.905685
7159,0.251479,2,4,4,1.826137,3.670907,31.312512,22.21575,5.297815,8.311403,31.520728,22.77944,2.081382,2.38697,31.249703,22.717288,2.817848,3.176072,31.720188,23.013908
7162,0.068286,2,4,4,3.347698,0.536998,9.199613,40.180948,6.879525,1.674739,10.709316,40.592681,2.087951,0.737943,10.449563,39.581809,2.836333,0.888854,11.388287,41.145719
7166,0.319857,2,4,4,7.598866,2.528773,25.943996,40.17103,10.167912,6.706944,29.234713,40.751388,2.480408,6.036768,29.284632,37.244725,4.37869,3.248524,29.696621,41.177284
7170,0.251773,2,4,4,1.141445,3.533639,31.567001,22.281469,3.075014,6.424164,31.667517,22.888341,2.11976,2.104272,31.233936,22.794903,1.18209,1.750219,31.744277,23.031101
7175,0.247747,2,4,4,5.919883,6.148362,37.717115,25.826328,13.760483,16.591205,38.934843,26.373091,3.817525,8.551623,38.830283,25.185003,4.947988,8.589278,39.604405,26.746064
7176,0.897348,2,4,4,6.879013,5.415969,32.449966,34.562181,26.905957,23.190465,32.531639,34.527344,10.459482,10.283096,31.606016,33.674709,9.326995,8.79859,33.259692,34.978925
7178,0.306084,2,4,4,4.46095,8.249953,35.087344,25.417413,11.14934,19.021905,35.455438,26.116045,5.23232,5.115945,34.963446,26.084899,5.608738,6.482003,35.671416,26.431333
7181,0.41215,2,4,4,10.382154,7.702848,27.28133,34.74483,24.866562,20.827455,27.965862,35.252008,8.62575,7.420019,27.670785,34.89207,10.043536,9.579357,28.311954,35.655151
7183,0.472534,2,6,0,11.943692,0,38.962102,0,37.463899,0,41.430457,0,19.679343,0,34.06848,0,15.598331,0,46.849268,0
7185,0.221901,2,4,4,2.903021,3.032295,30.508469,21.557877,8.121742,10.635435,31.119045,21.735952,2.278084,4.690297,31.01308,20.875016,3.577528,6.205977,31.690646,22.151049
7187,0.591903,2,4,4,6.825287,5.740549,24.844006,26.800541,19.673605,17.578743,25.317749,27.038778,6.301309,6.483547,25.063591,26.729087,9.400962,8.823567,25.737551,27.315833
7191,0.568434,2,4,4,7.022407,3.514749,26.339342,31.424311,17.412193,12.401206,26.868423,31.505323,4.159036,6.361388,26.911851,30.891669,7.232127,8.116563,27.169467,31.702824
7194,0.064265,2,3,3,3.779111,7.473,38.856685,32.903604,14.972756,16.672684,39.1083,38.381706,8.612646,4.452999,32.004394,38.107265,7.645517,7.320447,42.905674,42.958409
7195,0.298601,2,3,0,0,0,35.699999,0,0,0,35.699999,0,0,0,35.699999,0,0.401401,0,35.699342,0
7196,0.029008,2,3,3,1.781301,0.843598,41.372544,45.573624,5.100881,3.692333,43.876307,45.360489,1.614823,2.068844,42.558111,40.584997,2.126028,2.327897,47.185602,47.118832
7197,0.358583,3,3,3,10.844089,9.501553,43.825,46.005946,47.659755,31.952581,43.4403,46.468141,29.16972,11.848693,35.581734,45.508414,29.139806,14.61048,46.706304,47.439954
7202,0.554443,2,3,3,61.421644,46.975412,33.406407,33.854583,120.637814,122.405791,39.530801,36.909186,34.663034,86.937113,38.829522,28.603844,45.06036,58.929492,43.255378,39.912843
7203,0.03681,2,6,6,0.773924,1.781017,34.578329,27.790547,2.231745,4.061926,36.345492,32.95442,3.146715,1.118099,22.659291,32.439036,0.899748,1.672348,38.633644,38.151304
7204,0.28767,2,5,5,15.912782,1.163782,19.625459,24.820661,45.574428,8.70396,21.693796,24.736471,13.743855,1.673022,20.854403,24.790864,17.529459,3.478363,24.653534,24.846204
7208,0.329064,2,3,3,37.333513,27.128124,30.120372,36.238168,78.757176,68.993405,34.951631,39.747063,26.124829,43.444873,33.419885,32.164991,31.915945,30.967986,38.080206,43.147904
7209,0.144751,2,3,3,8.127475,5.395221,33.529541,36.153826,24.784485,22.651816,35.550794,36.051842,7.910042,9.229818,34.15023,32.983567,8.634248,11.123976,39.335912,39.148686
7210,0.093312,2,3,3,3.359552,4.042105,36.330037,35.307083,13.166141,13.344047,36.56956,36.505916,5.315132,4.568472,33.849718,34.89743,6.730889,4.491899,39.203705,39.439405
7211,0.333258,2,6,0,2.045018,0,38.30491,0,10.696052,0,38.005249,0,4.340057,0,36.98142,0,3.288462,0,38.819043,0
7214,0.214454,2,3,3,13.022683,7.891182,28.672158,36.219989,35.654683,28.892043,30.778575,36.781008,12.323744,11.500657,29.341794,34.283166,13.771264,13.444834,33.140822,39.305526
7215,0.034762,2,7,0,1.840186,0,36.564212,0,5.322988,0,39.198842,0,2.193383,0,35.507378,0,3.254309,0,42.664014,0
7221,0.447867,2,6,0,3.967252,0,37.788085,0,19.566575,0,37.394798,0,5.67501,0,37.06499,0,15.985115,0,38.403295,0
7223,0.408437,2,7,0,0.328664,0,43.595887,0,1.670276,0,43.593863,0,3.743855,0,43.233402,0,0.599589,0,43.599632,0
7224,0.155807,2,3,0,3.398862,0,45.144117,0,11.147447,0,45.910396,0,5.093893,0,43.397761,0,5.24466,0,47.368453,0
7226,1.298529,3,7,0,4.786942,0,47.4639,0,15.367637,0,47.496237,0,13.804094,0,46.988867,0,6.122865,0,47.546024,0
7227,0.091241,3,7,0,7.652304,0,11.932475,0,32.800499,0,11.785281,0,35.588535,0,5.959748,0,17.530917,0,14.206684,0
7231,0.259711,3,3,3,5.817195,11.072724,38.626505,41.459538,30.574267,31.590624,37.877193,43.956282,16.88588,7.17101,33.30039,44.593483,21.780455,13.295796,39.528534,47.188712
7234,0.462619,3,4,4,9.102168,13.358677,35.714674,22.88482,29.780946,46.914063,36.863127,24.003094,9.387217,21.136525,35.861764,19.703147,16.164362,25.129119,39.20782,28.187348
7238,0.432323,3,4,4,25.545465,9.132749,16.801841,35.296764,53.098321,31.658917,22.260331,36.257,15.510411,15.093352,21.299561,32.009986,22.597717,19.639738,27.730375,38.936432
7241,0.410819,3,3,3,9.086037,10.98774,40.863425,44.472237,33.123973,31.274712,41.181868,45.879734,15.123329,8.370819,39.028127,45.761103,21.887711,15.296629,42.247762,47.350731
7242,0.550232,3,3,3,15.733211,9.071268,40.943798,46.18083,43.094672,36.839035,42.315416,46.213605,10.70057,18.218268,42.397842,43.631151,20.116438,24.812431,43.544156,47.264773
7245,0.390806,3,3,3,14.259105,31.229273,36.169161,24.516921,33.77625,46.995529,41.584497,35.181822,19.964576,12.303074,32.876773,35.024105,19.598033,18.245246,46.321439,41.531845
7246,0.501358,3,3,3,26.566762,13.877175,34.525667,37.97342,66.761443,54.156815,37.373668,38.151535,16.303276,30.160705,37.587019,34.001586,31.090419,42.36409,39.734155,39.49587
7250,0.455906,3,3,3,13.515422,25.132821,38.414986,31.243776,32.123453,37.96226,43.06969,41.877629,18.04425,10.376922,35.894363,41.391365,18.624583,16.159611,46.698042,46.891608
7253,0.242949,3,3,3,7.791157,9.421987,37.063509,42.196121,20.244162,18.802369,38.46917,45.831843,9.37457,5.616602,36.478333,45.336669,11.740123,9.157014,39.442636,47.346122
7265,0.119868,3,3,3,2.96064,4.551043,44.840295,42.352355,16.205319,16.357645,43.334984,43.276235,6.590841,4.661288,39.724144,42.59036,8.713003,7.270011,46.860834,47.055526
7270,0.118768,3,4,4,1.021067,3.226551,38.625558,17.989692,3.048523,6.959178,39.074845,19.277487,1.611008,1.746254,37.624497,19.303572,1.746546,3.014389,39.562338,19.775713
7273,0.142596,3,4,4,1.386304,1.795158,38.379724,37.681884,4.406885,4.69903,38.845412,38.74767,1.950806,1.246655,37.595906,38.696189,2.443198,2.348642,39.533055,39.541437
7282,1.064453,3,3,3,26.041187,11.312723,43.106376,46.92719,56.859297,45.164464,44.693427,46.961459,16.358443,28.855708,44.517535,44.679063,22.233119,26.988936,45.415153,47.453378
7297,0.248756,2,3,3,19.54174,14.241222,19.865659,33.380719,67.491923,41.154803,20.861203,35.747666,32.71274,16.370239,16.84027,32.728839,38.958429,23.248221,23.982772,38.934426
7301,0.24972,2,3,3,9.936634,23.279772,35.801987,18.813392,31.374006,55.804238,37.078163,21.833786,14.263262,24.242087,33.829508,18.921799,16.958024,26.689558,39.250674,24.369668
7313,0.247219,2,4,4,8.833665,4.431452,16.916173,32.891123,25.500626,13.239278,18.809275,34.016626,13.579072,5.639353,14.605749,32.016109,8.728733,5.195418,21.821951,35.562805
7316,0.255869,2,4,4,10.282063,3.8332,16.383634,33.578947,21.406778,12.095212,19.930151,34.335488,9.549143,5.940801,17.180673,31.922453,7.332769,4.678453,22.167429,35.594417
7317,0.247042,2,4,4,4.901328,4.967669,23.08293,32.36515,15.914653,11.042639,23.716273,34.460105,8.793001,4.4875,20.786401,33.073893,5.448255,3.910032,24.848292,35.619572
7321,0.242002,2,3,3,16.970064,8.274378,31.708902,31.903548,50.754797,50.968527,34.243586,30.120883,15.348232,23.51181,33.026342,26.028285,19.9245,30.307431,39.081392,33.201739
7323,0.129658,2,4,4,1.945718,1.256506,33.573175,34.681851,5.106333,5.020282,34.705021,34.73428,1.87753,2.387541,33.870855,33.01819,1.986982,1.962508,35.624327,35.626077
7324,0.065195,2,4,4,1.820285,0.990948,12.749312,33.529121,7.215753,2.715808,12.803036,34.602506,3.561147,1.010741,11.367951,33.655734,2.751983,1.038844,13.474742,35.618541
7331,0.24882,2,3,3,16.270999,9.942583,28.692194,35.778488,48.704297,41.328067,30.610825,35.725407,18.424456,18.976793,28.219998,31.472856,18.923624,15.954609,33.791075,39.290857
7333,0.126894,2,4,4,3.543218,1.960656,14.101823,33.471513,12.671056,5.407041,14.518785,34.558469,6.492635,1.989339,11.94194,33.618614,4.557869,2.114699,16.041065,35.611349
7334,0.125009,2,4,4,3.680321,1.375679,17.222943,34.430702,9.667039,5.004632,18.331496,34.676008,3.685216,2.291105,17.399874,33.037549,3.70925,1.945152,19.180057,35.622115
7337,0.252196,2,3,3,12.877937,9.826182,34.22574,31.578081,37.934243,42.962693,36.257072,31.323243,14.121369,20.136766,33.974938,27.703761,15.527267,17.861898,39.316897,33.89167
7338,0.357605,2,4,4,4.575037,8.288783,23.678971,21.445613,18.809113,20.210335,23.682724,23.499155,10.700195,8.759147,20.333895,21.45576,5.51014,5.323139,24.905806,24.908441
7342,0.302846,2,3,3,27.472273,34.477484,18.722605,33.124583,134.645924,79.062011,17.766067,38.337153,112.810104,16.854822,10.352168,39.562219,79.683902,31.04299,21.508851,43.070957
7346,0.397923,2,3,3,32.841248,53.705152,26.062221,31.308944,178.251082,142.202287,24.085042,35.778238,116.527789,32.478697,16.170115,36.815864,105.268145,50.26943,29.256905,42.825975
7349,0.279638,2,3,3,17.700674,23.492785,34.939078,32.051624,63.320514,70.421662,36.233074,35.265222,29.678889,22.570529,30.116549,33.079132,30.316258,26.596622,42.386266,42.637183
7352,0.062636,2,3,3,7.000135,5.262146,19.788973,32.051624,24.808381,15.77374,20.714745,35.265222,12.275375,5.05557,16.309719,33.079131,11.595841,5.957375,24.821437,42.637181
7358,0.128123,2,3,3,18.109841,8.555707,24.789793,37.957304,50.809882,34.299196,27.586724,38.15543,13.585059,14.798033,27.333544,33.564744,25.368508,21.466,31.636955,42.321219
7361,0.120454,2,3,3,9.426934,16.169068,36.688008,24.904476,34.726334,48.919891,37.595356,27.084863,13.512577,16.618961,33.860607,25.1324,19.931771,26.092796,42.348703,31.025019
7367,0.249738,2,3,3,46.492115,22.708793,17.336891,35.348166,139.209136,75.678624,19.669552,37.19874,61.443655,26.929103,15.67467,34.256264,70.664766,40.406635,25.008028,42.397024
7369,0.090687,2,3,3,5.512253,6.621119,35.3231,33.524184,20.397615,21.585088,36.292081,35.78682,8.416734,8.058183,31.593542,32.063303,8.662632,8.024985,42.629755,42.753843
7370,0.11026,2,3,3,8.181945,6.802469,33.357525,35.183117,26.624133,25.12139,35.655435,36.178716,9.885471,10.378562,31.96714,31.440304,9.864738,10.653858,42.736991,42.609716
7376,0.137484,2,3,3,31.812502,8.482048,10.697606,35.183114,94.296131,31.324039,12.552823,36.178714,40.712396,12.941104,9.678511,31.4403,27.528294,13.284372,19.096081,42.609712
7386,0.251546,2,4,4,3.317377,9.54628,37.378269,17.197651,14.994679,29.856544,37.013925,18.935484,6.257243,10.392673,34.332056,17.012697,6.074554,9.889299,39.409357,23.323994
7387,0.249586,2,3,3,19.088707,21.101729,33.044794,28.30394,58.634554,69.895206,35.905089,30.177045,21.673288,26.858616,32.309121,26.584157,35.670319,42.0023,41.649874,35.363288
7388,0.26291,2,4,4,4.207965,3.040283,33.343542,21.656821,12.650883,18.364778,34.293616,20.748349,4.299635,9.972547,33.472835,17.227838,4.649844,7.816811,35.600834,22.382179
7396,0.256753,2,3,3,43.118077,18.146599,15.190748,33.85419,120.617343,61.225385,18.111064,35.769882,50.442436,23.495265,14.453222,31.746498,62.999446,37.184317,24.536405,41.606206
7399,0.249229,2,3,3,29.276021,8.049068,17.737845,40.023851,77.403363,40.766911,20.873506,38.768234,27.914544,18.202132,18.513733,34.098722,38.010657,27.620662,25.375507,42.338575
7403,0.24958,2,3,3,23.246002,8.443747,18.81611,36.629153,65.288738,37.203412,21.073891,36.302602,25.949624,17.049209,18.467604,32.420943,25.437809,15.619259,24.392616,39.306657
7411,0.517223,2,4,4,10.829554,16.971872,38.101311,36.451539,41.634052,43.065636,38.272851,38.190621,21.185577,16.255377,35.57512,36.90909,17.316198,16.205727,39.528996,39.543202
7415,0.247611,2,4,4,7.239834,8.179131,25.471027,36.41923,32.721705,22.825392,25.225686,37.915995,17.37021,7.844745,21.91876,36.874484,13.715702,8.391819,26.672624,39.526176
7431,0.376195,2,4,4,4.344945,5.320985,26.930058,33.767303,17.352028,13.56071,26.978723,34.848881,8.353408,4.791635,25.302722,34.222893,6.441996,4.334544,27.742963,35.655873
7439,0.263191,2,4,4,4.550371,1.545801,22.166245,31.453822,14.774667,9.621727,22.579783,31.120371,4.641102,4.384523,22.242673,30.06108,4.012144,3.851174,23.291623,31.700589
7441,0.260467,2,4,4,1.745293,6.527219,35.173882,22.533728,11.01416,18.588229,34.573518,23.814887,5.642266,6.205577,32.280175,22.971987,5.061344,6.410814,35.581596,25.225434
7442,0.209948,2,4,4,3.810511,4.634158,32.837466,21.68406,12.319549,17.564042,33.74358,21.944974,4.669471,9.504877,32.147207,18.547419,3.998951,6.416876,35.585969,23.547417
7443,0.249373,2,4,4,4.453843,1.30777,29.679282,22.870826,12.179272,14.311919,30.700508,22.235356,3.888587,7.412565,30.235258,20.430392,2.59694,5.086084,31.724052,22.93787
7452,0.25213,2,3,3,13.278634,26.647397,36.608154,18.583672,52.286193,98.753011,36.984286,19.3517,19.7402,38.422197,33.393867,16.2686,22.96796,37.493938,42.708629,25.524796
7453,0.266002,2,3,3,17.857395,52.416174,35.105394,16.751148,66.153036,115.821153,35.73562,20.915156,31.37387,42.493026,31.200393,18.643,23.775231,28.797361,39.336519,25.11153
7454,0.24896,2,3,3,24.729265,32.491974,32.201865,19.240262,62.325564,107.743715,35.698177,20.532401,22.771863,56.700323,33.334796,15.831627,16.298891,34.652162,39.474722,24.418018
7455,0.249574,2,3,3,14.294714,22.268578,35.869931,19.745688,47.826064,89.283006,37.618358,19.931547,16.73024,42.543363,34.937225,15.385117,20.523616,35.262234,42.858637,25.495405
7461,0.105668,2,3,3,5.632261,11.913106,39.478962,33.225543,22.778611,26.601497,39.585926,38.592713,13.850447,6.724822,32.242169,38.70954,15.588916,10.625994,42.578019,43.089231
7462,0.147372,2,3,3,16.614969,7.8552,33.225542,39.47896,37.10057,31.76887,38.592712,39.585924,9.378974,19.316939,38.709539,32.242167,14.819861,21.741548,43.089226,42.578015
7465,0.125173,2,3,3,17.260273,14.141001,15.197681,33.20444,71.039122,31.854902,15.199779,38.517504,57.60228,7.908416,9.210995,38.758857,43.941849,12.724677,17.975145,43.078957
7472,0.247789,2,3,3,23.996917,17.447684,34.748767,37.550955,72.853907,69.186681,37.440918,37.84157,22.121288,29.99455,36.038774,33.080957,33.575237,40.093833,42.721957,42.396884
7474,0.129449,2,3,3,5.364862,12.680781,40.791031,34.637719,24.877546,31.774391,40.220536,38.765486,14.497023,7.399518,33.877767,39.401774,18.32466,13.466356,42.650483,43.056449
7475,0.1988,2,3,3,19.474361,8.239023,34.637717,40.791031,48.797147,38.205402,38.765485,40.220532,11.363722,22.263632,39.401773,33.877766,20.680799,28.141882,43.056446,42.650481
7481,0.15575,2,3,3,15.084266,7.235029,34.748274,40.244787,39.864142,32.735292,38.477357,39.733084,10.137058,17.567049,38.555283,33.805872,17.212619,22.106031,42.992856,42.645996
7484,0.216995,2,3,3,13.863641,35.531313,38.282124,17.525389,70.947614,149.725051,36.564402,17.364621,26.85057,50.0913,32.851602,15.504205,31.326229,51.777068,42.616676,23.955757
7485,0.244402,2,3,3,32.308409,35.711791,31.534845,19.000565,93.520298,163.222443,35.143636,18.246013,24.415508,86.686853,34.999545,12.95096,38.812448,83.195246,42.435827,24.343897
7493,0.251557,2,4,4,5.346706,3.026183,24.358952,37.695039,18.869157,11.262603,24.946454,37.998712,9.528275,4.521677,21.515097,36.282919,5.909548,4.336027,26.840439,39.52214
7495,0.253741,2,3,3,37.613785,24.81081,19.111778,34.65552,129.219918,71.23225,20.394856,37.800481,59.239105,25.419829,16.138592,34.972697,62.993672,32.757402,25.415222,42.795111
7496,0.242555,2,3,3,22.918247,18.613518,34.985615,36.853664,62.336175,62.427204,38.44859,38.438297,23.058824,25.441591,35.466259,34.528434,30.530676,33.382507,42.831039,42.697086
7500,0.497352,2,3,3,30.311189,47.426815,35.29813,22.961015,92.002535,132.72608,37.888885,26.252398,34.170333,56.12689,34.700181,21.947727,55.264609,59.92436,42.332734,31.835165
7503,0.058752,2,3,3,5.456057,4.59062,35.15016,36.701775,14.031118,14.470074,38.94801,38.742649,5.416568,5.914117,35.748549,34.926841,7.316002,7.608787,42.845858,42.790523
7506,0.039965,2,4,4,1.038776,1.038738,37.431504,37.431635,4.045799,4.070413,37.624148,37.603869,1.499198,1.647425,36.063035,35.537986,2.09483,2.06754,39.36969,39.376451
7509,0.190077,2,3,3,22.23976,15.046942,28.033553,36.590444,56.849483,47.445429,31.393364,38.651357,22.327443,19.243614,28.466324,34.87176,29.401496,24.79448,34.731641,42.779929
7512,0.211011,2,4,4,11.109729,5.567276,18.281965,37.377176,43.039422,21.507204,18.582841,37.601416,18.363577,8.590934,15.730783,35.610178,20.310315,10.895207,21.545573,39.377441
7516,0.260023,2,3,3,53.067367,20.668708,13.522966,30.57948,106.046348,61.774008,18.628561,33.320676,44.407239,24.116729,15.177922,29.662786,51.482987,34.641931,23.970947,38.310726
7517,0.181852,2,4,4,0.431945,0.671138,31.695777,20.798492,2.574988,3.779549,31.641025,20.763882,0.884097,1.133206,31.56261,20.736653,1.125314,1.944142,31.740334,20.829094
7518,0.349118,2,4,4,4.92627,2.712515,33.774781,26.938959,13.994352,16.028673,34.673745,26.547004,3.432685,8.513444,34.755333,24.520485,5.784853,10.056798,35.612306,27.195001
7527,0.250418,2,3,3,19.649245,13.354097,36.665874,39.476075,63.388341,56.944453,38.554729,39.261776,19.596685,25.666946,37.164041,34.752972,25.616589,34.168326,43.072932,42.710941
7528,0.129198,2,3,3,7.076844,10.169873,39.312624,36.638816,29.267863,32.537695,39.285454,38.590048,13.158924,10.068746,34.81397,37.197675,17.47566,13.202454,42.724707,43.073949
7536,0.102667,2,3,3,8.34751,5.155123,27.168548,39.826311,29.04089,18.732061,27.917578,40.480349,9.972946,8.351667,26.540294,36.84403,7.224167,6.197733,30.319107,43.402191
7537,0.156831,2,3,3,8.082374,8.990182,39.677801,39.024363,28.714975,30.997384,40.463328,40.073215,12.809999,10.634603,36.809722,38.264878,9.536442,7.794234,43.399478,43.462743
7540,0.24828,2,3,3,24.712195,15.074633,21.646489,38.640481,86.264221,46.739662,22.571779,40.325786,40.818988,19.418543,18.651133,37.168601,21.292388,14.283504,25.984648,43.419277
7543,0.254967,2,3,3,23.967824,14.762308,22.172423,38.959296,83.724233,51.35205,23.064554,39.971539,40.62864,17.751478,19.028562,38.07211,26.246404,13.154462,26.212686,43.452729
7546,0.25267,2,3,3,30.004365,47.755658,32.683404,17.281199,77.040245,139.72163,37.148628,19.796028,26.249074,72.635792,34.622223,14.571589,31.613641,56.965669,42.839324,25.529986
7547,0.249995,2,3,3,13.02282,14.953795,36.701406,22.293226,36.911243,60.900975,39.424333,22.353774,13.391069,29.671985,36.947128,18.102123,11.663123,17.789266,43.339176,25.998966
7549,0.252476,2,3,3,12.336992,10.543681,37.231547,38.422864,37.75102,35.670433,39.347197,39.685482,13.919482,13.406431,36.705184,37.01936,15.740269,16.513733,43.153152,43.11187
7550,0.050095,2,3,3,3.993018,2.447865,20.130703,37.231544,13.4246,7.490433,20.922659,39.347193,5.122243,2.761858,19.224725,36.705181,6.180803,3.123132,22.854693,43.15315
7560,0.244291,2,4,4,1.468631,1.194296,22.708248,31.539339,4.841424,3.775299,22.757564,31.621552,1.623423,2.408264,22.695841,31.064451,2.304186,1.608531,22.835686,31.739125
7565,0.251723,2,4,4,6.140627,5.06965,37.649978,38.200642,11.5951,11.326914,39.141097,39.162457,6.000309,6.518653,37.899668,37.64146,3.15899,4.060797,39.631106,39.619577
7566,0.189024,2,4,4,6.325925,4.611121,22.988914,37.649978,13.910505,8.706996,23.945971,39.141095,8.230505,4.505754,22.386781,37.899666,4.968035,2.372149,24.318134,39.631106
7569,0.250929,2,4,4,11.3603,5.431747,20.240576,38.011462,22.13033,12.708161,22.692848,39.044962,12.281667,6.633003,20.136226,37.572558,6.490748,4.691893,23.54145,39.609753
7576,0.257015,2,4,4,9.285816,6.246804,21.427861,37.661999,18.114518,10.677118,23.232007,39.229043,12.333751,5.923193,20.404005,37.996196,6.131008,3.155743,23.7732,39.63187
7583,0.059327,2,4,4,0.463993,0.645791,38.717694,37.995565,1.711735,1.803912,38.883914,38.808394,0.719406,0.709072,37.848348,37.891411,0.761835,0.590295,39.576621,39.604714
7588,0.251523,2,3,3,14.842922,12.04641,38.83329,34.724145,44.394423,43.387854,40.637723,35.188573,16.900281,19.867456,38.330647,32.48164,14.038903,22.263356,43.429255,36.797909
7589,0.249233,2,4,4,5.136224,3.243638,32.243854,21.031081,11.428069,16.371952,34.404678,20.547237,3.166655,11.474515,34.229062,15.762312,4.349438,7.426731,35.603302,21.939987
7590,0.065322,2,3,3,2.066149,6.705908,41.796031,22.807013,8.962631,18.999448,41.631049,24.212784,4.216047,6.170138,38.613222,23.409911,4.861138,5.960162,43.307469,25.835523
7597,0.254788,2,4,4,1.419422,0.53168,20.505156,31.707559,6.365717,3.3795,20.477925,31.653638,1.857661,1.145306,20.42728,31.588159,3.416852,1.941836,20.623494,31.735644
7606,0.248363,2,4,4,8.913674,16.059504,35.994186,22.0882,19.053712,33.611941,38.382584,25.179854,10.521656,15.619961,35.37587,22.597365,5.084311,8.039334,39.60222,26.773081
7607,0.137655,2,4,4,1.278685,2.065118,38.388859,20.490886,3.171428,6.735211,39.140791,20.783872,1.523613,3.485134,38.10521,19.414002,1.401641,3.08123,39.602692,21.234619
7608,0.24197,2,4,4,10.597262,14.869298,34.807734,22.237892,23.733648,29.360437,37.727028,25.273703,10.722353,18.414432,35.099341,21.263479,5.345284,7.434157,39.594816,26.550217
7620,0.261124,2,4,4,26.042687,9.920515,15.520226,35.679211,47.906878,21.273283,20.601534,38.244124,25.175182,12.375273,16.15424,34.663653,9.783557,5.783645,23.889618,39.594539
7624,0.196827,2,4,4,7.50943,4.716618,17.911243,28.523959,18.295197,10.361064,19.861532,30.556313,9.341486,3.804755,17.105258,29.606426,7.521774,3.343427,21.287572,31.684492
7628,0.141374,2,4,4,8.373578,3.711405,14.167384,28.082893,15.357533,9.798574,17.430549,29.865898,5.451805,4.481123,16.384788,27.378175,3.716878,2.245625,18.934654,31.692295
7630,0.185328,2,4,4,3.32048,4.210084,36.002592,34.56301,12.733348,13.13342,36.368957,36.213329,5.275069,3.305211,33.340239,36.322258,6.640958,5.570554,39.150298,39.288492
7631,0.120361,2,4,4,3.414569,2.69306,27.676558,28.829312,10.651798,10.327322,28.998064,29.122683,2.680676,4.27832,29.085288,26.697417,4.517971,5.386117,31.46052,31.34986
7633,0.323204,2,4,4,21.213241,11.446387,13.706561,26.359684,83.89351,43.273008,13.96628,26.893129,32.8839,14.586177,11.321087,25.100227,25.848669,21.231069,21.446478,30.950519
7641,0.248957,2,4,4,5.280369,1.579557,19.577967,35.223759,15.099377,7.944319,20.747407,35.015436,4.090873,3.698573,20.614004,33.792494,5.771778,4.939018,21.978632,35.57689
7645,0.249606,2,3,3,22.977136,12.550133,35.232986,34.497653,54.067502,50.598874,39.557398,34.581936,12.773899,30.374795,40.03617,29.176685,18.176089,33.093392,43.319083,36.48582
7658,0.254075,2,4,4,5.824776,7.269855,25.295987,35.250354,27.431462,19.460466,24.532896,38.751644,19.83503,5.056443,16.641707,38.680978,15.786428,7.572373,28.05478,43.133652
7664,0.115828,2,3,3,3.540659,5.60939,40.311055,37.303688,16.853489,16.750078,39.512382,39.549028,6.48658,5.573844,36.571677,37.800979,8.59071,8.548059,42.985443,42.991002
7665,0.055408,2,3,3,25.918509,1.610986,3.808531,40.556462,64.433069,7.866859,4.851881,39.656856,24.211267,3.064164,4.062125,36.678998,25.095071,4.060864,6.827227,42.998642
7671,1.068576,2,3,3,126.755559,173.608362,29.249684,22.007385,340.568788,386.315915,33.530534,28.322695,159.499368,166.688752,27.346145,23.030611,153.390885,145.318344,39.721234,36.009243
7675,0.250839,2,4,4,13.299959,4.854248,18.680505,35.572206,33.459865,18.931715,22.134854,35.879131,13.050853,7.160466,19.251436,33.317776,16.851006,13.124576,26.210571,38.660922
7676,0.247582,2,4,4,10.915024,7.736393,16.107318,32.115523,40.345722,20.973255,16.832523,35.205231,18.45064,7.756017,12.938765,32.573563,22.575443,11.126335,21.963408,38.896023
7680,0.247373,2,4,4,8.91465,7.916273,30.854317,22.127334,22.051467,30.89349,34.882307,22.44984,7.80371,12.32398,32.515888,19.503637,10.747044,15.930035,38.940619,26.152217
7683,0.097574,2,4,4,3.537306,9.586184,35.939911,10.854481,7.871713,23.715002,38.267576,12.623682,2.578443,13.089202,37.573614,9.807045,2.099878,5.438743,39.597479,14.358935
7684,0.173082,2,4,4,2.169677,5.696257,39.023684,18.558701,5.460071,11.833073,39.397366,19.589953,2.571647,4.164209,38.882106,19.26929,1.910697,4.96094,39.635184,19.910283
7688,0.19781,2,4,4,7.043133,5.571972,36.036652,37.12605,15.671731,15.57634,38.310043,38.32409,5.147129,7.084254,37.625559,36.301982,4.10673,3.849091,39.600934,39.606601
7697,0.226675,2,4,4,0.862844,2.441372,43.27233,41.505131,4.564529,5.846294,43.079337,42.783247,2.584735,1.193394,41.505463,43.063228,2.563781,2.076481,43.524044,43.549026
7698,0.263302,2,4,4,2.771446,1.45996,41.583602,42.944982,8.19999,6.686556,42.457052,42.805734,1.819315,3.281507,42.720826,41.176622,3.159124,3.386886,43.515083,43.503152
7705,0.25288,2,3,3,9.48706,8.26754,31.739606,36.78441,19.586426,18.137775,33.437606,38.650036,8.368251,9.106656,32.371096,36.604599,7.37392,5.338093,34.121336,39.605486
7708,0.239339,2,4,4,6.967365,1.633131,19.153094,42.647779,18.476516,7.704258,21.584723,42.388632,3.864411,3.863928,22.418302,39.965957,6.391334,4.146379,24.267936,43.430302
7713,0.248057,2,3,3,23.17783,19.024454,35.091929,32.247681,62.137661,65.475965,38.627014,33.319861,20.357665,31.706375,36.769785,28.725844,30.075625,44.811347,42.881401,36.062353
7714,0.253937,2,3,3,5.386544,13.442261,41.777926,32.109435,17.418997,27.485448,42.398413,35.417257,10.743057,5.365685,38.729031,36.061704,10.324168,10.567861,43.39838,36.965416
7715,0.501751,2,4,4,10.395091,11.868352,37.985043,25.578524,28.405024,42.12662,40.49783,26.679565,8.947554,25.345001,39.390691,19.430701,13.132924,21.886505,43.233175,31.010236
7716,0.251577,2,3,3,33.155576,44.450356,27.028252,21.145802,77.7803,93.207965,33.236055,27.757974,39.065224,46.992347,25.81977,21.16099,42.745382,40.032003,41.009922,35.553829
7728,0.232551,2,4,4,3.593649,5.85196,36.731458,33.839266,14.284961,15.382551,36.886863,36.552462,7.710144,4.440776,32.097836,35.967227,8.540151,6.594097,39.127336,39.325515
7729,0.240118,2,4,4,6.177639,3.228371,36.219202,40.604034,15.796741,14.053859,39.703558,40.333836,4.237764,8.278493,39.453653,33.992973,6.3215,8.729084,43.229201,42.929116
7734,0.406015,2,4,4,1.3186,2.308501,39.599794,39.125607,6.756727,7.421463,39.574073,39.317651,3.317455,1.683802,39.393938,39.386676,3.575692,2.55129,39.640353,39.631054
7735,0.506376,2,4,4,2.663027,3.461989,29.304461,38.917092,13.272001,11.036995,29.145874,39.190044,5.866671,3.128783,28.198881,39.100094,6.480808,4.682975,29.587005,39.610575
7738,0.144549,2,4,4,0.31361,0.400219,39.626625,39.612886,1.249846,1.127239,39.62803,39.631938,0.511206,0.345767,39.597053,39.62476,0.571679,0.396147,39.64789,39.648949
7741,0.087496,2,3,3,6.35118,4.761218,33.583432,36.32542,14.607505,14.975935,38.629007,38.455633,4.2149,6.483284,37.792956,33.953816,6.491062,8.744746,42.985158,42.548467
7744,0.154088,2,3,3,11.184991,8.384926,33.583434,36.325421,25.725113,26.373948,38.629006,38.455635,7.422812,11.417638,37.792955,33.953817,11.431336,15.400273,42.985158,42.548468
7747,0.142771,2,3,3,32.298128,8.620605,10.95734,35.385139,63.511495,26.291691,15.200182,37.922829,21.10018,11.060742,13.750164,33.502088,24.722405,14.745876,19.634624,42.485507
7752,0.287756,2,4,4,3.29038,2.373189,42.907476,43.219869,14.019775,11.713597,42.863213,43.069021,4.581782,4.422462,42.468835,42.537435,5.456401,6.307538,43.545602,43.528434
7753,0.152142,3,4,4,0.766149,2.126654,43.090774,40.615729,5.775701,7.744352,42.098299,41.146411,2.867114,1.903834,39.305621,41.31972,3.516751,2.597526,43.33049,43.447258
7756,0.21976,2,4,4,3.88045,3.015139,21.770137,38.912589,22.424901,12.087342,21.254907,38.94734,10.772083,3.336105,19.19034,38.851912,10.418044,5.090718,22.207385,39.589628
7759,0.127336,2,3,3,6.115085,5.496253,37.370987,38.185693,19.36318,18.286524,39.242624,39.590187,6.485584,8.059597,37.357697,35.478525,7.011476,8.901915,43.244894,43.048424
7760,0.246612,2,3,3,11.000758,11.835963,33.056442,37.375778,38.765479,35.813397,33.86984,39.523984,18.248847,10.807174,29.912715,38.486068,19.6439,12.286628,36.510126,43.305163
7764,0.212714,2,3,3,6.888805,16.773915,36.826237,18.882185,26.138702,51.161123,37.167071,20.366433,11.164659,20.591759,34.432612,18.028181,12.013961,24.149179,39.366231,22.862899
7776,0.249231,2,3,3,14.622381,10.039431,29.412005,35.733254,36.766942,33.966224,31.85699,36.729444,13.339375,13.633204,30.290285,34.143011,20.448088,17.766233,33.752124,39.21332
7780,0.263924,2,3,3,21.865789,9.559695,19.886971,36.299823,50.487315,33.047715,22.877772,37.091762,18.613582,13.815424,21.186205,34.451052,27.573057,17.93757,24.878979,39.25006
7782,0.248537,2,3,3,7.730763,5.312842,36.998835,33.169824,21.61631,22.716886,38.250512,33.105227,7.333181,11.186395,37.425879,31.147347,7.701869,7.802537,39.557998,34.032072
7783,0.231456,2,3,3,3.621069,7.867369,38.823961,31.73814,17.79637,23.164611,38.519927,32.617147,8.793274,7.593741,36.347044,32.026324,6.304518,8.383027,39.577891,33.6678
7797,0.244158,3,4,4,5.818247,2.887329,20.740808,41.317409,23.067515,9.803866,20.947223,41.946723,9.668805,3.789391,17.880899,40.386961,8.723798,5.625704,24.380695,43.332089
7800,0.254122,2,3,3,7.40133,7.05368,40.548301,40.770413,22.605388,21.843838,41.720987,41.826492,8.678752,8.933839,40.030742,39.871991,9.808384,12.983832,43.417109,43.291002
7801,0.247575,2,3,3,8.745403,6.911451,34.24039,40.744681,25.412204,21.686862,35.43883,41.769013,9.665132,8.741671,34.049742,39.847671,14.574819,9.846234,36.712109,43.406537
7808,0.37026,2,4,4,7.865381,22.930141,35.00408,15.458779,23.200503,38.720947,36.800078,22.163433,10.589464,12.992247,33.303102,20.301199,11.173252,16.126919,39.28584,26.655739
7809,0.253565,2,3,3,9.377034,7.035968,39.233957,35.247671,18.435475,21.492964,42.269732,35.99518,4.969596,9.363896,42.156259,34.403772,9.172616,8.953078,43.438075,36.990215
7817,0.223662,2,3,3,5.35231,9.32512,37.42777,41.22161,23.964601,20.707934,37.172468,45.021653,12.040178,5.828498,33.71163,44.624255,13.763321,10.717249,38.762555,47.198564
7820,0.259148,2,3,3,13.472769,15.163362,24.207498,33.266141,51.010083,34.584896,24.656656,37.131732,27.235234,11.009104,19.722629,35.994265,26.038083,17.692444,27.547949,39.647135
7834,0.249567,2,4,4,1.309991,2.006301,31.50953,20.198693,3.124604,3.92111,31.663569,20.431336,0.56991,4.306937,31.704824,19.265393,0.819413,1.878511,31.747099,20.484739
7837,0.258373,2,4,4,1.321134,1.574012,23.096669,31.433121,3.584221,2.449991,23.154657,31.698861,1.115853,2.218799,23.134057,31.215103,1.125271,0.910136,23.19628,31.746684
7843,0.134843,2,4,4,3.203819,2.303816,28.563185,29.82032,4.366067,4.344648,31.244267,31.248759,1.563503,2.647163,30.836593,29.553908,1.727644,1.85542,31.711572,31.706012
7846,0.230518,2,4,4,5.610151,3.414584,28.451931,30.220651,7.670604,7.199838,31.218595,31.276316,2.546709,4.958985,30.910918,29.221315,2.806662,3.513377,31.715109,31.69663
7850,0.16452,2,4,4,5.117694,7.576671,27.156936,13.007229,7.887921,14.179084,30.733562,15.951847,3.069732,11.472863,29.722814,11.232042,2.556069,4.955845,31.694656,17.257182
7851,0.250333,2,3,3,5.555575,12.560416,45.075244,34.333354,22.481678,28.406711,45.144897,37.623527,11.448398,8.289358,40.923355,37.112601,13.013414,14.536613,47.141176,39.533859
7852,0.13332,2,4,4,1.661972,6.609152,34.13159,12.056554,5.082846,12.492375,34.760212,15.032074,2.363162,2.909057,33.17174,15.278492,2.432429,4.423172,35.594845,16.485955
7853,0.251088,2,3,3,10.067993,6.769091,41.540843,37.720085,23.471812,26.54284,44.981663,37.889051,6.947001,14.003949,44.333299,33.979354,11.847588,15.616135,47.208488,39.513568
7872,0.507205,2,3,3,9.356122,15.916669,45.733538,43.29689,36.244559,38.622024,45.913833,45.725756,16.864661,10.700314,43.292518,45.480588,18.099564,17.286013,47.347417,47.364178
7873,0.251724,2,3,3,9.739047,5.725457,25.348597,44.973815,31.908651,18.855053,26.110935,45.776258,12.19596,5.478397,24.619269,45.36998,15.495474,8.352459,27.469364,47.373292
7881,0.478445,2,3,3,32.460069,77.984546,42.988575,23.69265,88.224752,155.479836,46.725428,31.585889,47.95055,43.744302,39.084013,30.686624,52.11797,54.196079,50.681355,39.024903
7885,0.210648,2,4,4,3.528609,2.212928,25.111687,41.590109,13.503082,7.896359,25.334358,42.022274,5.487221,2.04965,23.511927,41.996702,5.450841,3.586951,26.798957,43.435714
7892,0.124824,2,3,3,15.374944,10.721978,32.295772,35.871791,35.162509,32.398947,37.774183,38.37843,10.335022,14.218227,36.695042,33.706082,14.314357,15.240577,42.950535,42.872231
7899,0.249064,2,3,3,10.840983,3.653597,23.773175,42.640647,23.785949,11.699139,25.392795,42.990788,7.966415,6.047512,24.903083,41.524038,8.92487,5.046982,26.077921,43.545771
7906,0.248693,2,3,3,7.766094,5.424935,23.559395,38.171119,30.727618,18.847852,23.63839,38.548142,10.440754,5.022367,22.963231,38.477251,15.238715,8.548994,24.536846,39.538124
7909,0.342756,2,3,3,19.104456,39.155005,49.403515,35.525486,48.621552,73.46291,53.628292,43.950191,28.199286,20.179664,45.373524,43.40896,30.447074,28.794224,57.087608,48.947926
7910,0.759186,2,3,3,23.454059,22.916856,43.394491,41.24761,60.624757,66.436215,45.572607,42.746539,26.415005,26.906397,42.999611,40.660537,29.600062,34.140421,47.310835,44.433363
7920,0.123322,2,4,4,1.20589,1.073452,39.69767,20.351064,1.799712,2.404305,40.985584,20.52124,0.42175,1.157407,41.024545,20.34187,0.529782,1.17724,41.219693,20.579002
7921,0.248415,2,4,4,1.738953,7.110693,40.377046,23.233403,7.329051,11.854806,40.340791,26.60667,2.829062,3.171115,39.429384,26.533598,3.831119,6.300774,41.113939,27.424177
7936,0.350661,2,4,4,2.799495,3.895572,29.912823,39.329348,11.461429,8.355338,29.919228,40.62529,5.189688,2.372845,28.82795,40.505914,5.270257,3.493623,30.432432,41.179169
7937,0.408965,2,6,0,6.193461,0,36.231528,0,17.525754,0,37.442307,0,5.116659,0,37.102636,0,6.86239,0,38.748281,0
7938,0.281757,2,1,0,18.677929,0,67.689348,0,53.738459,0,70.0226,0,28.008514,0,62.799875,0,27.646114,0,71.173707,0
7940,0.881419,2,1,0,56.067196,0,68.078827,0,174.929744,0,69.862169,0,104.034947,0,59.354607,0,96.696679,0,71.161304,0
7943,0.051599,2,3,3,1.384812,3.109859,38.601609,35.74749,4.919031,11.231377,38.843707,36.43537,1.787206,5.183838,38.171765,32.584634,2.418851,4.92813,39.556521,39.295497
7944,0.003797,2,4,4,0.024251,2.211454,40.506645,0.654072,0.098896,7.943476,40.519176,0.681647,0.026708,5.595655,40.453438,0.449839,0.034948,3.691475,41.186243,0.802971
7945,0.24739,2,2,2,17.576547,19.088527,27.610794,26.946527,44.273824,47.122582,30.820852,30.491193,19.759241,17.984637,27.131641,27.876924,19.475534,20.703955,33.758798,33.718325
7952,0.084298,2,7,0,0.565784,0,43.37186,0,2.651628,0,43.309468,0,1.432779,0,42.474343,0,1.626254,0,43.550589,0
7953,0.084388,2,3,3,3.43656,1.9714,38.598804,27.905423,9.369425,6.255316,40.89776,28.150862,4.882127,2.119758,36.289666,27.886902,3.922464,2.583729,43.34097,28.498711
7954,0.300842,2,6,0,2.170428,0,38.115818,0,9.986484,0,37.952424,0,5.895633,0,35.29379,0,6.526396,0,38.678948,0
7955,0.760005,2,7,0,0.280894,0,43.599062,0,1.78662,0,43.59786,0,0.527632,0,43.597214,0,0.018803,0,43.600001,0
7957,0.045651,2,7,0,1.824931,0,40.947687,0,5.333335,0,42.101304,0,2.734492,0,39.109376,0,2.364736,0,43.451611,0
7958,0.13276,2,7,0,15.149032,0,14.208611,0,34.488258,0,16.468236,0,17.30983,0,13.842359,0,16.965082,0,17.888008,0
7959,0.188065,2,2,0,15.239132,0,38.839143,0,30.139074,0,44.368786,0,13.854365,0,40.295052,0,12.596153,0,47.241849,0
7964,0.031108,2,3,3,4.007888,3.645399,31.813263,32.822684,8.304233,8.254163,38.176011,38.220032,3.5389,3.777405,33.718869,33.04826,3.233826,3.177587,43.057135,43.074326
7967,0.126205,2,4,4,3.460293,2.772344,21.535439,44.831016,8.94686,9.072533,22.023072,45.692912,3.822983,4.175844,21.465563,42.880891,2.477966,4.121534,22.313688,47.355104
7968,0.259324,2,6,0,0.34983,0,39.615586,0,2.959611,0,39.515805,0,2.201231,0,38.699757,0,2.078022,0,39.620736,0
7969,0.199039,2,3,3,4.596749,4.341952,44.909084,45.144117,14.59346,14.240555,45.839967,45.910395,5.655791,6.507306,44.196322,43.397763,7.365887,6.699907,47.333111,47.368455
7972,0.491942,2,2,0,35.160602,0,40.048935,0,81.891311,0,44.17399,0,36.324029,0,40.274164,0,31.348703,0,47.269197,0
7973,0.638144,2,2,0,0,0,47.550001,0,0,0,47.550001,0,0,0,47.550001,0,0,0,47.550001,0
7978,0.192149,2,6,0,1.112244,0,38.361075,0,3.522913,0,38.552527,0,1.341419,0,38.227488,0,1.021255,0,38.847332,0
7979,0.354836,2,2,0,15.319999,0,40.926739,0,35.686126,0,44.659767,0,14.380986,0,41.906869,0,18.778848,0,47.127398,0
7982,0.19899,2,6,0,4.866212,0,33.606966,0,9.530458,0,37.148369,0,4.812182,0,34.0627,0,0.972256,0,38.849205,0
7984,0.096624,2,3,3,1.50886,1.141267,46.187879,46.721512,4.549146,4.013577,46.768808,46.92815,1.731329,1.903336,45.983422,45.707036,2.244728,2.69651,47.459757,47.422433
7988,0.067044,2,3,3,4.761855,5.095883,35.893819,35.111831,11.126124,13.065829,41.499719,40.110989,5.541919,5.377892,34.79881,35.15022,5.248178,5.540724,46.68491,46.596267
7990,0.241374,2,3,3,17.143703,18.346276,35.893822,35.111833,40.056441,47.039798,41.499722,40.110992,19.9521,19.361568,34.798813,35.150224,18.894571,19.947801,46.684913,46.59627
7995,0.161691,2,6,6,0.177494,0.47095,38.838037,38.72098,1.316812,1.70918,38.793006,38.750392,0.762657,0.285618,38.552258,38.811449,0.800365,0.584153,38.848931,38.853914
7997,0.121475,2,3,3,11.837343,13.036691,32.131053,30.943791,25.422397,28.786718,39.439258,38.19253,13.547236,12.288136,31.175026,32.373111,11.117155,11.255806,46.405943,46.38054
8002,0.021611,2,4,4,0.42961,0.059834,38.232578,39.61289,1.029064,0.168527,39.109223,39.631938,0.409758,0.051693,38.466976,39.624764,0.451866,0.059226,39.600266,39.648949
8004,0.084749,2,3,3,9.095246,13.982752,30.94379,18.977264,20.083493,28.458078,38.192528,24.580276,8.573006,16.146187,32.37311,18.248813,7.852784,12.180474,46.380539,29.5495
8006,0.128093,2,4,4,0,0.829553,16.700287,40.488375,0,1.465326,16.700287,41.075138,0,0.603966,16.700287,40.856293,0,0.492529,16.700287,41.221647
8008,0.427963,2,3,0,60.819858,0,19.174205,0,112.077099,0,26.548585,0,66.304316,0,18.902708,0,46.499381,0,32.633398,0
8009,0.064824,2,2,0,3.261157,0,39.537753,0,7.692179,0,43.807483,0,3.155327,0,40.375686,0,3.720046,0,47.05917,0
8010,0.003654,2,4,0,0,0,0.785397,0,0,0,0.785397,0,0,0,0.785397,0,0,0,0.785397,0
8011,0.152751,2,2,0,6.511778,0,41.034955,0,15.530461,0,44.609064,0,6.320521,0,41.7454,0,6.903455,0,47.234838,0
8014,0.162712,2,2,0,4.38169,0,44.178346,0,11.420665,0,45.963652,0,3.97108,0,44.917423,0,7.244411,0,47.243507,0
8015,0.056439,2,2,0,8.457825,0,13.422946,0,17.777946,0,15.890364,0,7.685908,0,14.098763,0,7.48536,0,17.290868,0
8017,0.092271,2,3,3,9.902571,8.991555,30.94379,32.131053,21.86617,19.310657,38.192529,39.439258,9.333974,10.290376,32.373109,31.175027,8.549823,8.444505,46.380542,46.405945
8023,0.522497,2,2,2,30.954386,35.701287,32.946694,31.652934,79.714426,85.293022,36.33752,35.937503,36.769925,30.595895,31.911931,33.530752,35.486561,38.02449,39.656114,39.60045
8046,0.102943,2,1,0,28.99647,0,26.959903,0,36.326665,0,51.815995,0,10.791275,0,48.909071,0,15.747122,0,62.127025,0
8047,0.39652,2,6,0,3.469732,0,37.81087,0,11.417598,0,38.156468,0,2.748235,0,38.235725,0,5.137434,0,38.79143,0
8048,0.842924,2,1,0,103.154812,0,47.196839,0,160.11296,0,67.244351,0,45.536091,0,66.028425,0,75.745604,0,71.121137,0
8054,0.115977,2,6,0,0.920243,0,37.977686,0,4.967558,0,37.443528,0,2.200232,0,35.460822,0,2.524235,0,38.677834,0
8055,0.231212,2,1,0,14.376416,0,62.919539,0,38.119393,0,68.560973,0,14.275052,0,64.03333,0,19.412675,0,71.137627,0
8056,0.172216,2,6,0,8.332603,0,27.790546,0,19.003987,0,32.954417,0,5.2311,0,32.439034,0,7.824188,0,38.151301,0
8057,0.424779,2,1,0,34.258185,0,57.523573,0,86.33771,0,66.454375,0,50.834234,0,49.221706,0,41.327433,0,71.096258,0
8058,0.557409,2,6,0,1.743915,0,38.700981,0,2.092665,0,38.844558,0,1.062176,0,38.803959,0,1.565334,0,38.856227,0
8059,0.304513,2,3,3,9.226561,5.709242,40.355459,42.12397,33.007623,22.676447,40.999522,42.21318,16.536748,9.4088,36.832565,40.539117,12.941962,11.805051,43.380904,43.415597
8063,0.131671,2,1,0,10.033738,0,66.085245,0,28.354825,0,69.468373,0,14.531118,0,60.773695,0,14.12439,0,71.164197,0
8064,0.041578,2,1,0,3.189655,0,58.655894,0,9.387608,0,65.006403,0,4.958615,0,49.309453,0,5.3406,0,70.930793,0
8065,0.288757,2,6,0,3.176234,0,37.30213,0,4.058188,0,38.672784,0,1.102573,0,38.652466,0,1.004229,0,38.854339,0
8066,0.463327,2,1,0,30.696058,0,61.726505,0,99.661975,0,65.707879,0,52.471547,0,50.623402,0,58.619339,0,70.944346,0
8071,0.164389,2,6,0,3.456273,0,34.578327,0,9.966774,0,36.345488,0,14.052947,0,22.659289,0,4.018196,0,38.633641,0
8074,0.158828,2,3,3,11.360887,6.102425,37.427007,32.792569,32.403353,28.718718,39.900787,32.459456,13.289476,13.039116,36.605464,30.089624,12.352813,16.63158,43.282429,33.795431
8076,0.042334,2,3,3,5.336291,2.551493,8.218841,35.747493,18.804408,9.214819,8.336704,36.435369,6.997867,4.253097,7.998435,32.584632,9.096837,4.0433,8.629597,39.295497
8080,0.402674,2,7,0,1.042583,0,32.846223,0,2.540906,0,32.887738,0,0.510357,0,32.89638,0,1.050912,0,32.908337,0
8082,0.141265,2,7,0,6.336024,0,20.867673,0,19.649282,0,21.591855,0,7.257626,0,20.608515,0,6.04838,0,22.60458,0
8083,0.068651,2,7,0,1.950095,0,35.943393,0,5.701051,0,38.664576,0,2.114587,0,35.727572,0,1.669958,0,43.317954,0
8086,0.21239,2,6,0,5.995805,0,32.562965,0,32.304412,0,30.323816,0,23.844045,0,19.981065,0,17.903337,0,36.795102,0
8087,0.071891,2,3,3,3.254759,1.747389,35.032719,37.874315,8.086123,7.721987,37.496807,37.653323,3.07686,3.168352,35.713708,35.545075,3.508854,3.735256,39.433894,39.407112
8090,0.044305,2,3,3,1.076881,2.005844,37.874314,35.03272,4.758907,4.983317,37.653325,37.496808,1.952593,1.896208,35.545073,35.713709,2.301964,2.162437,39.407112,39.433893
8092,0.083737,2,4,4,3.734775,6.27246,24.772493,8.271953,7.156866,14.365866,29.138068,10.155489,1.767294,16.870121,29.293831,5.142538,1.945173,6.851038,31.631838,11.842912
8093,0.424661,2,7,0,11.78952,0,40.769584,0,33.388779,0,42.076776,0,11.233543,0,41.210192,0,23.279126,0,43.247811,0
8099,0.352913,2,6,0,10.104188,0,32.454394,0,46.165679,0,31.62162,0,22.828509,0,25.470486,0,32.674023,0,36.457385,0
8100,0.228203,2,6,0,14.433837,0,25.120413,0,29.749344,0,31.650072,0,15.032756,0,25.286932,0,13.669255,0,37.702147,0
8102,0.198436,2,1,0,19.277607,0,66.652005,0,80.20591,0,66.525284,0,54.528407,0,45.708917,0,52.594825,0,70.90054,0
8103,0.117275,2,7,0,9.896937,0,12.986291,0,27.313035,0,14.578552,0,9.308171,0,13.502432,0,12.531929,0,16.545189,0
8104,0.159891,2,1,0,18.536059,0,67.187377,0,69.896267,0,68.066276,0,40.520491,0,53.406342,0,45.50142,0,71.021955,0
8105,0.686698,2,1,0,53.920857,0,68.710588,0,237.738916,0,68.156245,0,156.97931,0,50.389218,0,164.692818,0,70.987151,0
8106,0.264738,2,6,0,7.873912,0,36.305742,0,23.324771,0,37.373916,0,7.512898,0,36.697784,0,12.099602,0,38.660417,0
8107,0.230629,2,6,0,12.726515,0,26.491643,0,35.717507,0,30.161957,0,21.124512,0,21.970535,0,16.866382,0,37.229005,0
8108,0.953547,2,1,0,63.357047,0,67.666537,0,303.822297,0,65.880223,0,244.103122,0,40.320941,0,210.960327,0,70.76946,0
8109,0.194346,2,6,0,3.027549,0,36.112851,0,10.965166,0,36.618596,0,4.641011,0,34.14379,0,6.852482,0,38.413413,0
8110,1.581421,2,7,0,0,0,43.6,0,0,0,43.6,0,8.953671,0,43.451076,0,0,0,43.6,0
8111,0.186921,2,7,0,18.675745,0,14.631397,0,50.966251,0,17.131811,0,42.28178,0,9.984079,0,24.062884,0,21.149545,0
8114,0.37096,2,3,3,20.818369,17.106893,34.920792,36.517744,59.944642,56.627091,37.640643,37.995073,22.650996,28.278841,34.680704,32.573062,29.016893,33.796151,41.450908,41.259257
8117,0.03409,2,7,0,1.91361,0,36.050771,0,3.919787,0,40.743343,0,1.449615,0,38.694141,0,1.702978,0,43.303684,0
8119,0.067512,3,4,4,0.420559,0.639351,44.35065,14.921195,1.57623,2.326636,44.480493,14.945345,0.873432,5.209296,42.537239,10.983991,0.808371,1.621753,45.093294,15.009175
8120,0.035972,2,7,0,1.023822,0,40.656421,0,0.63936,0,43.500527,0,0.121772,0,43.543604,0,0.2581,0,43.592434,0
8122,0.050861,2,7,0,0.328576,0,43.387608,0,1.264916,0,43.412781,0,1.596191,0,40.464037,0,0.657696,0,43.576852,0
8124,0.87375,2,7,0,3.418792,0,43.517365,0,13.066086,0,43.528228,0,15.207007,0,42.426349,0,6.479708,0,43.591943,0
8125,0.343076,2,6,0,0.974634,0,38.727354,0,3.796875,0,38.740491,0,4.979679,0,36.616961,0,2.121723,0,38.84311,0
8126,0.174077,2,7,0,13.196844,0,15.904109,0,53.49028,0,15.994126,0,42.51544,0,9.348508,0,31.185747,0,19.920887,0
8127,0.229268,2,1,0,16.521266,0,66.784074,0,80.643001,0,64.41819,0,56.655595,0,41.180398,0,55.046212,0,70.633056,0
8128,0.303185,2,6,0,10.03683,0,31.277157,0,41.331287,0,31.276509,0,17.658723,0,26.523079,0,26.870396,0,36.619989,0
8129,0.902465,2,1,0,49.240666,0,69.225217,0,245.06235,0,67.740429,0,154.447677,0,50.435203,0,174.482393,0,70.927588,0
8130,0.305343,2,6,0,5.929864,0,35.03503,0,26.839853,0,34.486588,0,10.859937,0,31.153442,0,22.774286,0,37.174089,0
8131,0.965939,3,1,0,47.378841,0,69.999675,0,241.164644,0,68.870574,0,154.833101,0,53.370009,0,167.121711,0,71.04379,0
8132,0.170621,3,7,0,6.996705,0,19.426337,0,32.536391,0,18.948186,0,18.498825,0,14.569738,0,27.202662,0,20.756448,0
8135,0.192553,3,7,0,2.227565,0,46.822977,0,12.015773,0,46.369392,0,4.978764,0,44.889699,0,6.810406,0,47.36907,0
8136,0.966976,3,1,0,54.694343,0,69.316269,0,283.887639,0,67.471186,0,180.444365,0,49.540098,0,187.325362,0,70.969821,0
8138,0.480094,3,6,0,10.633482,0,37.284163,0,47.621675,0,37.045579,0,26.405501,0,33.18302,0,31.263997,0,38.474349,0
8141,0.086281,2,7,0,0.90733,0,43.075091,0,4.870813,0,42.750038,0,3.291878,0,39.394518,0,3.755483,0,43.370901,0
8143,0.189251,2,2,0,15.179775,0,34.479819,0,37.19093,0,40.034073,0,9.271071,0,40.317893,0,14.459641,0,46.721951,0
8152,0.247476,2,4,4,3.33315,2.806326,33.916305,24.276111,9.683083,15.097016,34.716324,23.843311,3.183071,6.078979,34.198347,22.545286,4.044049,6.530059,35.614573,24.836797
8153,0.119144,2,4,0,11.408415,0,8.287985,0,28.778848,0,10.585712,0,6.611015,0,11.12714,0,10.322769,0,15.671371,0
8154,0.05946,2,4,4,1.030896,1.36886,36.175422,34.472275,4.482985,4.195849,35.884859,36.235001,2.289071,1.003331,30.772906,36.589984,2.63521,2.060597,38.914675,39.180024
8155,0.150148,2,2,0,30.57132,0,16.233777,0,63.199009,0,21.727041,0,13.341104,0,23.154158,0,22.850378,0,28.101627,0
8156,0.519081,2,2,0,11.884365,0,44.946089,0,57.75135,0,44.160735,0,33.740221,0,37.510334,0,41.164698,0,46.66442,0
8157,0.269531,2,4,0,4.249654,0,39.77928,0,18.480169,0,39.459771,0,9.436218,0,33.838557,0,10.863102,0,42.791424,0
8162,0.067959,2,4,4,0.683292,3.450798,45.196506,9.264681,3.631881,13.697768,44.010862,9.378871,1.436904,4.79991,41.010948,8.36243,2.318085,4.987016,46.787086,11.660739
8168,0.19562,2,2,0,21.822224,0,22.515789,0,47.007724,0,27.416547,0,9.870848,0,28.53591,0,18.215322,0,31.346837,0
8177,0.250314,2,3,3,14.515593,33.37164,33.875316,31.44263,68.482667,72.607759,33.159241,37.54748,48.443976,15.857844,24.820931,38.740467,46.554146,24.842061,36.060616,43.101452
8178,0.251067,2,3,3,78.637188,12.54959,13.51717,39.851729,141.229987,59.762166,19.637036,38.969587,30.246117,41.16352,20.885131,29.78786,42.87412,40.115283,25.783883,42.423249
8185,0.238183,2,3,3,20.336151,16.563699,35.926195,23.145902,49.34062,73.932153,39.81546,22.796719,13.435384,51.967665,39.48208,16.350262,13.972145,35.94806,43.412544,25.342355
8186,0.243761,2,3,3,26.816911,37.769818,33.477743,18.563921,68.085565,124.368907,37.838943,20.129291,22.162447,76.141237,35.87484,13.832234,30.446275,67.093827,42.841698,24.838702
8189,0.327846,2,3,3,12.663448,28.376261,41.090122,35.802789,55.143204,66.19408,40.854811,39.958002,33.432511,18.038314,34.802114,39.629629,28.424116,18.279597,43.21148,43.429594
8190,0.426794,2,3,3,59.097161,18.646446,22.48645,40.5481,134.749524,80.211065,26.994051,40.33421,40.559101,44.740564,25.940965,34.534101,37.122906,37.790731,31.181035,43.19603
8195,0.229663,2,3,3,22.587723,33.046228,34.598811,18.745342,69.17227,123.795161,37.248095,19.387618,22.788872,62.421845,35.063803,14.588239,24.023552,47.629479,43.050925,24.699003
8200,0.511579,2,3,3,51.121367,32.253981,32.150907,35.487668,123.329382,118.495564,35.908346,36.121912,42.028759,57.79329,34.134036,31.583974,32.175311,43.188129,39.487432,39.368082
8201,0.254221,2,3,3,26.8979,26.18306,20.627629,31.891983,104.196317,64.427941,20.96504,35.628024,59.88093,20.7661,15.682915,34.174864,36.515,16.461516,24.592302,39.478297
8209,0.251067,2,3,3,29.324576,18.640966,27.445927,34.442716,72.982402,62.693127,30.6944,35.712625,27.494983,28.918488,28.348907,31.412398,19.257706,21.549921,33.993523,39.359245
8213,0.251587,2,4,4,2.769688,1.649862,19.981513,31.387054,12.16782,7.596794,19.901118,31.304607,5.612204,2.863787,18.599055,30.865665,5.172636,2.957032,20.50857,31.717363
8221,0.250835,2,3,3,22.470609,25.230727,29.320238,32.095,72.387813,62.812982,30.72795,35.696551,32.054859,24.784146,27.188557,32.721082,25.098514,17.097194,33.895182,39.460962
8229,0.250265,2,3,3,30.986578,21.135552,26.980662,33.508709,79.254795,69.385298,30.226222,35.086809,32.218232,29.083704,27.124291,31.333159,23.42299,25.144492,33.912817,39.260683
8232,0.251303,2,3,3,27.369697,25.423529,31.401957,28.508535,69.711137,82.124663,35.083353,30.062669,28.138661,34.72172,31.662018,26.569918,20.620314,29.698915,39.382629,33.81601
8233,0.250419,2,4,4,3.906627,4.64879,36.688469,21.119837,12.804471,20.899374,37.590192,20.746599,4.389106,11.465667,36.408212,16.296595,4.237309,7.95507,39.526515,23.37997
8252,0.250126,2,3,3,12.159061,17.370708,37.273324,30.013832,47.788624,57.083628,37.641583,31.734714,19.546754,20.399087,33.413044,29.137919,21.104914,24.32759,42.823357,36.397941
8253,0.263387,2,4,4,6.548225,20.499196,34.139009,16.729437,19.987968,33.468431,34.768059,21.038982,11.464552,16.461337,32.256854,18.356578,6.039842,10.228875,35.656278,22.468971
8254,0.252552,2,4,4,8.70542,7.204249,33.055175,20.931055,14.832019,22.398053,35.110845,21.457722,7.261501,19.681376,33.892466,16.85422,4.380275,7.755591,35.674242,22.137725
8255,0.250968,2,3,3,15.032657,15.810709,35.459725,30.80309,49.818657,59.739394,37.340182,31.447228,18.863358,24.5964,33.810022,27.486868,20.620601,23.960738,42.859776,36.436362
8263,0.506974,2,4,4,11.170187,18.885144,34.428356,32.723448,33.753323,34.519318,34.961464,34.931225,20.534828,15.680764,32.602622,33.663883,9.809262,10.552627,35.668309,35.663606
8275,0.254767,2,4,4,5.798547,2.952557,24.146136,37.812341,18.983718,11.720518,25.061254,37.921448,7.520338,5.250307,23.116107,35.538754,6.494433,4.392127,26.933942,39.522099
8279,0.245874,2,4,4,8.677434,9.438937,23.392526,32.586339,22.102842,17.668616,24.276526,34.853766,14.848849,9.560789,21.611363,32.786563,5.224894,3.36039,24.85541,35.683609
8286,0.028182,2,4,4,1.025844,0.894919,35.917823,36.607389,3.935594,3.650229,36.288549,36.651246,1.366216,1.554339,34.510763,33.582512,1.697045,1.731468,39.287369,39.273646
8292,0.265439,2,4,4,4.891907,7.532637,32.770456,22.064731,17.908913,26.081001,33.255015,22.850918,7.585813,9.414795,30.696382,21.183724,8.301805,11.616134,35.411565,25.197849
8293,0.248578,2,4,4,13.340158,11.967802,30.734127,22.425951,27.04886,37.354371,33.971839,23.372241,11.180734,19.852086,32.090108,20.156049,7.762313,12.068896,35.621614,24.882521
8300,0.23807,2,3,3,9.272208,13.10991,31.354881,33.676217,35.26173,36.278635,31.658602,36.190582,20.01447,9.247082,27.139066,36.235631,17.808075,13.055087,33.591997,39.381402
8301,0.315323,2,3,3,23.261516,12.501679,28.477888,35.822152,62.748382,46.629073,31.300729,36.342546,16.209067,26.06448,31.275489,30.745943,22.292237,22.770593,34.841326,39.202788
8304,0.36494,2,3,3,11.704058,5.924417,33.572675,38.767576,31.592856,26.544275,34.663583,38.625007,8.102839,15.539209,34.668301,35.74265,10.521177,13.131479,35.628951,39.528068
8310,0.253305,2,3,3,30.183951,14.043749,17.714108,36.161129,96.492428,52.006385,19.578299,37.066875,42.483683,20.505249,15.570023,33.048601,35.804065,20.755181,25.639941,42.863474
8317,0.248656,2,3,3,28.415262,40.244385,33.085391,18.355455,75.723585,137.914841,37.158623,19.678588,24.254148,69.297833,35.226009,14.734409,37.52281,69.588212,42.536181,24.99116
8328,0.36077,2,3,3,57.576388,25.537937,21.841638,31.62637,107.198922,71.262058,28.968899,34.65534,27.514283,50.055735,28.983367,25.617577,33.843866,35.590135,35.126761,38.861304
8329,0.21167,2,3,3,14.600505,29.168116,31.852297,25.099047,40.457577,54.689126,34.872294,32.650981,28.394959,13.875527,25.964572,32.760523,20.587201,17.394056,38.881144,39.083364
8331,0.028803,2,7,0,0.952694,0,39.893121,0,3.327763,0,40.721655,0,1.145657,0,39.134617,0,2.346193,0,42.871258,0
8332,0.063564,2,3,3,20.036662,10.528282,12.348727,16.632783,38.213772,28.077049,17.467005,19.376481,10.233354,21.028963,17.200898,12.404908,12.806415,15.562038,23.547023,23.255974
8342,0.080028,2,2,0,3.539761,0,40.717593,0,8.54587,0,44.371267,0,3.688751,0,40.855817,0,3.800166,0,47.20443,0
8346,0.252479,2,4,4,15.745601,5.318776,18.482174,38.085147,38.749053,19.508891,21.166441,38.36673,14.507965,6.563765,19.311497,37.628535,18.994332,11.217207,23.382614,39.444137
8349,0.254126,2,3,3,15.168421,4.631321,20.468157,34.890166,39.892674,17.524132,21.93717,35.00381,16.689061,7.781682,20.30206,33.907532,14.325624,10.415145,23.157135,35.58488
8359,0.2798,2,4,4,5.745905,5.562308,38.151606,38.232577,14.747757,13.323649,38.999461,39.109223,5.2013,5.305285,38.507183,38.466974,6.17416,5.850461,39.594928,39.600264
8363,0.207885,2,4,4,6.996707,6.791823,20.004058,23.817999,24.212551,20.087461,20.482191,24.476813,8.502352,6.341832,19.53471,24.112396,9.777892,10.145956,21.669537,25.148117
8364,0.540877,2,6,0,5.736827,0,37.395625,0,20.852036,0,37.679044,0,12.937434,0,34.133288,0,10.010174,0,38.72565,0
8366,0.174332,2,3,3,11.402922,6.198457,38.110956,41.407282,32.046721,28.108007,40.4439,41.03437,12.325018,13.637059,37.958004,37.167303,12.055688,15.690787,43.344898,43.18363
8369,0.261162,2,3,3,21.90129,15.398763,36.086954,33.976686,50.670952,54.407155,40.171023,34.677329,20.505447,28.666582,37.136995,30.201411,17.359386,25.398851,43.36309,36.953334
8378,0.075324,2,4,4,1.936352,1.21544,37.470907,38.664848,4.520783,5.043021,38.827974,38.651487,1.272191,2.788303,38.684745,36.132854,1.819054,2.053938,39.584681,39.567831
8381,0.322601,2,3,3,63.81029,29.548581,14.471333,33.712251,120.089134,69.258995,19.753894,37.806128,65.139715,40.923501,14.72742,31.113241,41.247631,33.615629,23.934001,40.875208
8385,0.234967,2,3,3,13.47451,8.096697,24.739217,37.841326,33.926592,22.441055,25.991345,38.637516,20.059443,7.145371,23.204527,38.273324,15.654954,10.463516,26.740824,39.320856
8386,0.223289,2,3,3,6.882567,9.392059,37.803578,36.905927,19.565179,21.423993,38.417564,38.301622,7.654058,11.207299,37.689348,36.434495,9.855716,9.26676,38.974168,38.98214
8400,0.686067,2,3,3,36.532136,59.016412,46.619935,43.993705,97.847128,113.900305,49.818576,52.467824,56.29356,31.388352,42.604891,51.88959,60.973775,46.26801,52.680918,57.449434
8408,0.421946,2,1,0,25.314859,0,68.569215,0,128.374223,0,66.480432,0,92.143994,0,44.248137,0,89.749203,0,70.823124,0
8411,0.176202,3,3,3,12.116889,6.9752,19.216023,39.127705,28.270897,15.779383,21.185814,41.857226,13.319476,4.803637,19.037585,41.291257,12.325775,4.369719,22.315155,43.527878
8413,0.318791,3,6,0,4.052388,0,36.876444,0,15.786804,0,37.050166,0,10.009561,0,32.179343,0,8.870233,0,38.571805,0
8414,0.130646,3,3,3,4.525041,5.283159,19.158128,44.433379,24.867335,14.936178,18.613899,45.876373,15.188564,5.569891,15.173438,44.454515,17.386165,7.865241,19.637528,47.320631
8416,0.744413,2,1,0,178.868458,0,47.666421,0,396.795358,0,62.175066,0,191.974799,0,47.321334,0,187.984805,0,70.946094,0
8417,0.076294,2,7,0,9.264332,0,9.32113,0,23.188067,0,10.885007,0,8.459097,0,9.832131,0,14.73948,0,12.271536,0
8421,1.071049,3,7,0,2.620241,0,47.510381,0,13.123308,0,47.492588,0,10.737464,0,47.046246,0,12.092271,0,47.529131,0
8422,0.344047,2,6,0,3.066933,0,37.776131,0,17.004102,0,37.056071,0,11.102496,0,31.960452,0,12.100954,0,38.415433,0
8423,0.442629,3,7,0,0.506866,0,47.540618,0,2.60711,0,47.535688,0,4.431219,0,47.047544,0,2.034488,0,47.546209,0
8424,0.298791,3,6,0,3.96317,0,36.733585,0,22.018131,0,35.466756,0,5.835942,0,35.311237,0,11.351199,0,38.347938,0
8427,0.505578,3,3,3,23.479088,21.853527,32.982459,33.357013,57.168489,56.046266,35.091334,35.145046,20.983835,23.566563,33.820646,33.264228,27.103023,31.279949,36.525026,36.468885
8431,0.246496,2,3,3,16.090003,22.698499,33.193433,30.934906,77.317651,75.155081,32.266311,32.447358,32.413858,25.028739,28.452695,30.623906,34.810982,37.491986,36.355241,36.271444
8446,0.256346,2,4,4,8.404102,1.280957,16.846178,31.530573,21.725375,11.55456,18.787644,30.837215,7.652517,5.627644,17.565989,29.142445,5.06243,4.275802,20.646705,31.68671
8448,0.429824,2,3,3,14.812139,7.063089,36.542861,35.546857,35.654177,28.996124,38.360287,35.550604,9.497355,15.361807,38.279322,33.842331,12.90013,18.224603,39.563394,36.109384
8456,0.253967,2,4,4,32.221842,8.628376,13.425526,33.113707,52.146806,27.569124,18.999951,33.978689,24.465701,13.60212,15.566639,31.105005,13.744787,9.472155,22.118121,35.590424
8476,0.215301,3,3,3,28.189792,9.923535,16.138032,35.241254,54.024871,28.425116,20.491671,37.085056,18.641107,13.797264,19.040741,33.347384,19.840849,12.723174,23.096288,39.369394
8490,0.446667,2,6,0,3.664896,0,37.923585,0,7.929063,0,38.570436,0,3.00364,0,38.269066,0,5.004929,0,38.807897,0
8503,0.262865,2,3,3,36.056766,8.194059,16.386815,36.989845,99.983599,48.214602,19.156132,35.134899,31.986149,21.693006,17.651765,30.760885,35.257467,28.895589,24.642242,38.693353
8507,0.282581,2,4,4,7.363273,2.275609,19.434907,34.966611,19.932911,12.354469,21.220238,34.506559,6.215324,5.160005,20.49813,33.052596,8.221978,6.581606,22.974506,35.533604
8511,0.371988,2,4,4,10.14545,7.440711,20.763699,32.390882,35.684065,24.820879,21.649907,33.297188,15.674523,9.701457,18.2768,31.264854,17.768069,10.893743,24.810899,35.444752
8516,0.250267,2,4,4,3.094764,2.110385,21.160969,34.903709,9.402597,6.871695,21.590815,35.178507,4.353418,4.21819,20.493884,33.36371,6.15689,3.130647,22.013405,35.648442
8519,0.142977,2,4,4,0.533704,1.994477,19.501944,23.573209,3.616342,5.542978,19.476797,23.703811,1.651304,2.192252,19.377443,23.55416,1.847366,1.269006,19.511036,23.800515
8521,0.051286,2,7,0,1.289562,0,41.18511,0,4.536156,0,41.738962,0,1.907587,0,39.547585,0,2.422911,0,43.332986,0
8522,0.562227,2,1,0,38.255048,0,67.423835,0,99.56541,0,70.275025,0,34.888287,0,68.746454,0,54.930399,0,71.174095,0
8523,0.236581,2,6,0,19.080338,0,22.670047,0,26.332153,0,32.890705,0,6.3528,0,33.353299,0,9.180005,0,38.32775,0
8524,0.130844,2,1,0,10.408343,0,65.495982,0,29.689712,0,69.164066,0,11.638633,0,64.681825,0,16.878355,0,71.132238,0
8530,0.112158,2,6,0,9.251781,0,25.029957,0,16.027303,0,35.537963,0,6.511544,0,30.008751,0,5.702273,0,46.036757,0
8531,0.168338,2,6,0,4.852455,0,30.355122,0,9.168059,0,34.008626,0,3.316324,0,32.790112,0,1.118741,0,35.684861,0
8532,0.20937,2,6,0,9.179511,0,27.134891,0,21.621353,0,31.240613,0,7.98756,0,28.734644,0,12.666974,0,34.767132,0
8536,0.273755,2,1,0,26.542163,0,49.34518,0,87.256843,0,53.687034,0,75.854989,0,28.299433,0,57.835213,0,61.594627,0
8537,0.324771,2,6,0,24.930236,0,23.16598,0,81.470188,0,25.49864,0,36.682584,0,19.922841,0,41.142984,0,34.990119,0
8538,0.723518,2,1,0,36.692818,0,59.273562,0,128.221578,0,60.46617,0,88.986616,0,45.460384,0,99.792782,0,62.208281,0
8540,0.196769,2,6,0,11.662355,0,25.77548,0,29.962123,0,30.313767,0,18.616815,0,21.649199,0,16.757348,0,36.760287,0
8541,0.724997,2,1,0,17.353951,0,70.692313,0,73.044668,0,70.65344,0,45.716737,0,63.677888,0,62.850688,0,71.130331,0
8542,0.339908,2,6,0,3.90298,0,37.184996,0,22.61333,0,35.953313,0,12.958418,0,30.550947,0,15.162785,0,38.174323,0
8544,0.636715,2,6,0,23.562935,0,30.30722,0,61.613267,0,33.87564,0,20.446854,0,31.999765,0,28.958664,0,38.149923,0
8545,0.36104,2,1,0,23.911099,0,61.733297,0,66.315253,0,67.596238,0,28.946318,0,58.944827,0,37.801128,0,71.06642,0
8547,0.097389,2,6,0,1.312935,0,38.201646,0,6.535298,0,37.934988,0,3.051072,0,36.326585,0,2.834177,0,38.774618,0
8549,0.336458,2,6,0,31.291214,0,21.25478,0,56.543043,0,29.414442,0,14.81622,0,29.238749,0,21.858621,0,37.527077,0
8553,0.253451,2,7,0,17.898576,0,18.693681,0,59.207116,0,20.141191,0,22.565122,0,17.459443,0,36.928377,0,23.979544,0
8557,0.216496,2,7,0,7.160982,0,39.893124,0,25.013326,0,40.72166,0,8.611402,0,39.134617,0,17.635297,0,42.871261,0
8562,0.09963,2,7,0,11.586181,0,12.363277,0,35.912623,0,13.302973,0,12.940957,0,12.162681,0,17.763599,0,14.910268,0
8563,0.325461,2,6,0,19.296995,0,25.771742,0,43.718835,0,31.400726,0,29.992755,0,21.910074,0,18.022169,0,37.851198,0
8564,0.096568,2,7,0,0.241269,0,43.583618,0,1.55322,0,43.561762,0,0.718551,0,43.483905,0,0.342975,0,43.59908,0
8565,0.248519,2,1,0,54.290109,0,50.090664,0,108.857286,0,65.453879,0,33.404685,0,62.541696,0,53.584946,0,71.052285,0
8567,0.095736,2,7,0,1.620199,0,42.364726,0,5.523692,0,42.716129,0,2.163511,0,41.758891,0,2.439453,0,43.516357,0
8568,0.360545,2,6,0,6.137113,0,35.712467,0,24.750325,0,35.810316,0,14.352291,0,30.165691,0,15.184514,0,38.242126,0
8569,0.461739,2,7,0,4.578817,0,43.128789,0,13.135173,0,43.359182,0,2.872751,0,43.422202,0,4.625145,0,43.585743,0
8572,0.550817,2,7,0,5.04859,0,43.192518,0,0.585729,0,43.599522,0,1.26161,0,43.573099,0,0.58851,0,43.599797,0
8574,0.153184,2,6,0,3.361651,0,34.316546,0,10.50227,0,35.81623,0,2.269777,0,36.541264,0,4.116819,0,38.589839,0
8575,0.056318,2,7,0,0.563631,0,43.120748,0,0.100793,0,43.598723,0,0.069939,0,43.591587,0,0.032185,0,43.599939,0
8576,1.15259,2,1,0,258.669147,0,49.405137,0,504.800028,0,65.455619,0,138.488419,0,64.476872,0,239.153321,0,71.070562,0
8577,1.137268,2,7,0,11.381822,0,43.120746,0,2.035396,0,43.598721,0,1.412329,0,43.591582,0,0.649934,0,43.599936,0
8578,0.444659,2,6,0,28.221797,0,25.085595,0,67.520105,0,30.338633,0,27.168345,0,26.044167,0,25.145722,0,37.81315,0
8580,0.229313,2,7,0,1.21361,0,43.453943,0,1.561408,0,43.583841,0,0.749476,0,43.547236,0,0.82012,0,43.597983,0
8581,0.410084,2,6,0,10.410156,0,33.346401,0,4.652433,0,38.734779,0,0.867741,0,38.791679,0,2.085013,0,38.848355,0
8582,0.866521,2,7,0,6.210298,0,43.342083,0,6.635498,0,43.579808,0,1.298538,0,43.587975,0,2.290706,0,43.598864,0
8583,0.896696,2,1,0,185.385002,0,44.187807,0,368.560674,0,61.639727,0,93.942321,0,61.811327,0,168.189137,0,70.954381,0
8584,0.351691,2,6,0,1.66135,0,38.516884,0,4.072303,0,38.72987,0,1.353788,0,38.649297,0,3.988943,0,38.806687,0
8585,0.101589,2,7,0,3.889888,0,18.211102,0,5.609276,0,18.96782,0,1.898803,0,18.892467,0,3.462625,0,19.047692,0
8586,0.26307,2,1,0,56.961421,0,43.031508,0,110.968645,0,61.124493,0,28.498561,0,61.150054,0,50.995693,0,70.925138,0
8588,0.298756,2,6,0,8.150692,0,32.821675,0,21.386444,0,35.610672,0,5.338787,0,35.752873,0,10.647853,0,38.404493,0
8589,0.091557,2,7,0,2.936358,0,40.061359,0,7.250646,0,42.057825,0,1.760204,0,42.203591,0,2.992847,0,43.466186,0
8592,0.651454,3,7,0,5.882605,0,47.088427,0,10.997755,0,47.444759,0,1.770767,0,47.506598,0,0.549025,0,47.54985,0
8593,0.444515,3,6,0,12.107946,0,32.833612,0,33.318668,0,35.380058,0,10.923021,0,33.958443,0,24.746617,0,37.841646,0
8594,0.815444,3,1,0,111.24251,0,55.908224,0,253.470869,0,66.840727,0,61.509552,0,67.479691,0,118.888339,0,71.113371,0
8595,0.281316,3,6,0,5.191537,0,35.30904,0,23.275063,0,34.843646,0,6.627298,0,34.230094,0,9.949333,0,38.410896,0
8596,0.481476,2,1,0,85.291705,0,48.103242,0,177.16107,0,63.672444,0,44.532452,0,64.054504,0,84.591089,0,71.003639,0
8597,0.064061,3,7,0,6.254487,0,9.424855,0,19.057897,0,10.130597,0,5.195394,0,10.009704,0,7.745529,0,11.235576,0
8598,1.837035,3,7,0,10.418463,0,47.356099,0,5.060795,0,47.54662,0,0.208519,0,47.549897,0,0,0,47.549999,0
8599,1.236635,3,1,0,196.055625,0,52.217822,0,452.997039,0,64.587954,0,111.817783,0,65.21105,0,204.052175,0,71.067284,0
8600,0.120836,3,4,4,2.09349,4.455291,29.903508,15.602236,7.196535,13.81609,30.37837,16.411482,2.234204,3.276629,29.879894,16.592885,3.471648,5.865227,31.587108,17.659164
8601,0.077439,3,4,4,4.265291,5.543449,11.822999,10.882199,11.412657,13.723159,13.005615,12.562466,2.954599,4.213958,12.991052,12.046631,5.274044,6.249935,14.135105,14.089538
8602,0.203978,3,7,0,3.631792,0,45.984731,0,9.577537,0,46.841783,0,2.2478,0,46.950605,0,4.117978,0,47.487203,0
8605,0.451629,3,4,4,0.663362,0.322007,31.729825,31.744882,2.373251,1.884908,31.734547,31.74002,0.72433,0.963812,31.728614,31.713254,1.220277,1.344912,31.748148,31.747771
8606,0.328642,3,7,0,6.455244,0,32.265877,0,18.298227,0,32.735635,0,4.61619,0,32.75172,0,8.280242,0,33.12468,0
8608,0.048531,3,4,4,4.471803,0.868696,8.612512,40.459063,11.755559,2.472968,10.00954,42.482694,5.333753,1.022299,8.203132,39.712794,5.170081,1.52215,11.745158,44.654795
8612,0.239987,3,7,0,2.015773,0,47.146291,0,8.518529,0,47.126402,0,3.803123,0,46.395212,0,4.833844,0,47.487472,0
8613,0.188398,3,6,0,2.156694,0,37.193551,0,5.592731,0,38.116765,0,1.217478,0,38.310375,0,2.307149,0,38.798362,0
8614,0.452089,3,7,0,3.767822,0,47.15209,0,10.191936,0,47.368519,0,2.574829,0,47.374451,0,4.599179,0,47.532876,0
8617,0.235691,3,4,4,1.103587,1.280037,31.570089,31.512776,3.897874,4.227299,31.615025,31.592849,1.393502,1.197531,31.500212,31.56165,2.361966,1.903376,31.727694,31.735189
8618,0.257895,3,4,4,2.344634,1.918323,38.519787,38.858252,5.782772,5.314391,39.200924,39.265674,1.529885,1.894266,39.176841,38.951713,2.213246,2.836782,39.618362,39.599371
8622,0.245993,3,3,3,11.59329,8.999965,37.914577,34.280258,24.48513,25.663946,41.519178,35.496293,7.93224,13.057937,40.579901,32.66064,10.291647,13.335296,43.406769,36.729036
8623,0.128418,3,3,3,3.520773,8.966514,41.043628,27.388528,12.264995,19.297907,41.657567,30.519636,6.240555,5.151935,38.111795,30.398133,6.548784,7.35107,43.320159,32.233583
8624,0.136223,3,4,4,1.157924,3.948941,42.295511,15.468088,4.258922,14.097946,42.530312,16.020724,2.031994,5.891165,40.578963,13.885999,2.615952,5.6094,43.409499,18.157137
8625,0.145461,3,4,4,2.061949,1.840505,40.549655,18.297749,7.884155,15.046766,40.885915,16.525812,1.969185,9.126196,41.009405,12.230058,2.665313,8.340596,43.425557,18.670619
8628,0.263332,3,3,3,23.157916,8.22235,20.534807,40.460188,44.099979,23.330562,24.690532,41.888667,14.673484,11.865678,23.618518,38.648755,18.084423,12.155227,26.557826,43.367691
8631,0.273536,3,3,3,14.239674,5.774676,23.968723,41.943163,46.241339,24.533106,24.980946,41.852746,14.91655,12.386994,24.020691,38.614518,21.376249,12.399629,26.899523,43.37543
8632,0.336408,3,3,3,10.856546,10.696035,27.53265,40.371019,45.330466,34.700937,27.49094,41.392821,25.724506,10.984113,23.468067,40.52047,22.922205,15.619525,28.976788,43.365132
8635,0.291128,3,3,3,13.021047,14.598411,25.158122,37.435196,44.630754,32.165956,25.85326,41.130922,24.283735,8.663783,21.934873,40.939727,23.057662,12.443283,27.5157,43.398862
8638,0.120294,3,3,3,27.899807,21.140959,10.480181,11.947766,55.701782,53.145306,14.242958,14.466202,22.022582,30.095584,12.034471,10.3833,20.574092,20.690315,17.955073,17.95126
8641,0.257981,3,4,4,2.502804,4.052008,41.961191,23.124373,8.761276,12.128506,42.36249,24.061782,3.376677,6.311764,41.146487,21.329989,3.654408,6.784999,43.492547,25.075032
8642,0.355385,3,3,3,4.121798,8.240005,46.819596,40.113231,14.374331,19.534248,47.010963,41.193906,7.611538,6.423588,45.602978,40.832481,7.894956,7.541113,47.474738,41.782157
8650,0.079787,3,3,3,5.436343,2.374221,13.371597,43.915789,22.7803,6.796882,13.335324,45.527581,10.619092,2.309058,11.584393,44.365066,10.963156,3.497336,14.400808,47.279494
8652,0.351521,3,3,3,5.864793,4.316837,45.424909,40.64302,13.803127,14.102022,46.273301,40.825466,4.449793,8.476014,46.023779,39.571189,5.22114,6.839915,46.726551,41.1244
8653,0.40882,3,3,3,5.901322,8.791788,41.126644,40.353703,19.599123,21.567175,41.368723,41.272337,11.036988,6.643117,39.838819,41.03907,9.842071,8.628068,41.805968,41.818555
8657,0.590018,3,3,3,19.820829,10.394177,33.065877,45.292061,45.986483,29.339123,34.890568,46.010218,13.792066,17.199042,34.553049,43.674669,16.544878,16.687908,35.830571,46.646841
8660,0.105714,3,3,3,11.281287,3.217269,13.967822,43.788879,26.016824,9.271496,16.030066,45.426361,11.831772,3.851839,14.009986,43.033678,11.9988,4.906232,17.363785,47.249039
8662,0.239177,3,3,3,3.635181,5.491146,39.201752,46.348537,15.27364,17.914909,39.189469,46.758038,7.571036,3.815573,38.405209,46.988411,10.654459,8.309888,39.446415,47.468554
8664,0.775951,3,1,0,71.24862,0,55.679236,0,147.183378,0,67.785363,0,37.673662,0,67.829564,0,70.409918,0,71.131681,0
8665,0.103649,3,6,0,2.956199,0,32.484042,0,8.700269,0,34.760462,0,2.398239,0,34.342851,0,4.551693,0,38.193478,0
8674,0.274951,3,3,3,5.662294,5.576084,27.945311,45.594432,19.188229,13.566129,28.166872,46.775041,9.912111,4.53764,26.833984,46.309336,10.541395,5.490223,28.568867,47.488491
8677,0.255316,3,3,3,6.180564,13.497418,44.927177,24.270624,22.639208,39.136293,45.387056,25.815573,9.429671,14.815168,42.943909,24.075105,11.211401,20.515598,47.278588,27.551688
8678,0.367897,3,3,3,3.992542,12.446048,41.563057,29.572311,13.66498,23.846945,41.691107,31.303568,8.199334,7.482217,40.534518,31.049347,8.765161,9.352057,41.942402,31.7898
8682,0.216564,3,3,3,5.018268,5.896535,45.107933,44.384292,19.316018,18.911171,45.365792,45.441745,7.976434,6.95551,42.962281,43.807773,9.740967,10.506652,47.26613,47.223107
8685,0.056863,3,4,4,6.368899,1.066043,6.126895,35.981467,10.819721,2.490106,8.498695,38.167533,4.088941,0.812572,7.558603,37.444574,4.371605,1.023092,9.792171,39.521778
8687,0.049958,3,3,3,3.009661,12.474552,49.113504,17.659799,8.217478,22.460137,52.939477,23.127565,5.082631,6.676789,43.163934,22.343973,4.791988,8.841317,57.044416,26.257574
8689,0.094466,3,6,0,3.007262,0,31.604635,0,6.046153,0,36.12232,0,1.368343,0,36.624389,0,2.819428,0,38.531722,0
8690,0.91337,3,1,0,61.945107,0,67.323801,0,138.567401,0,77.188702,0,38.042668,0,76.59191,0,69.432111,0,79.937725,0
8692,0.208608,3,4,4,1.627067,7.073978,46.125559,17.964579,10.361966,29.052144,44.592581,17.981887,4.084144,6.049861,41.966653,19.31903,6.147667,9.908629,47.008486,23.53437
8693,0.324018,3,6,0,7.141132,0,34.289787,0,20.856946,0,36.097886,0,11.155084,0,31.428535,0,12.901783,0,38.30206,0
8694,0.473658,3,1,0,38.829128,0,62.476441,0,85.098862,0,75.437431,0,22.77697,0,74.916814,0,43.464393,0,79.880698,0
8695,0.055429,3,7,0,2.483637,0,12.919705,0,8.700686,0,13.03252,0,2.540864,0,12.946801,0,4.184695,0,13.286681,0
8696,0.641992,3,7,0,3.930695,0,47.326145,0,14.232369,0,47.374149,0,3.116511,0,47.420049,0,0,0,47.55,0
8697,0.214613,3,6,0,8.910291,0,29.254841,0,19.797981,0,34.186352,0,5.649037,0,33.493353,0,12.29067,0,37.789667,0
8698,0.275332,3,6,0,2.781755,0,37.512657,0,9.37404,0,37.910722,0,3.045359,0,37.433239,0,7.153838,0,38.606314,0
8699,0.828358,3,1,0,59.656199,0,65.854136,0,132.399404,0,76.721157,0,34.481965,0,76.597591,0,65.571755,0,79.928362,0
8700,0.313534,3,1,0,38.66434,0,48.308063,0,74.30616,0,65.048897,0,19.780351,0,64.514757,0,37.484611,0,71.023317,0
8701,0.11467,3,6,0,1.045451,0,37.732578,0,2.300816,0,38.496588,0,0.686674,0,38.381857,0,2.474143,0,38.680782,0
8702,0.83396,3,1,0,91.092979,0,51.389375,0,185.092118,0,65.980108,0,48.790666,0,65.640545,0,89.8371,0,71.076518,0
8703,0.161279,3,1,0,20.475539,0,47.567259,0,39.393795,0,64.58478,0,10.233731,0,64.422834,0,18.459095,0,71.047882,0
8704,0.249531,3,6,0,11.728398,0,28.072555,0,31.052112,0,32.028233,0,8.40181,0,31.613567,0,14.266946,0,37.792745,0
8706,0.436929,3,6,0,21.555938,0,27.600278,0,49.679175,0,32.731075,0,15.865206,0,30.975891,0,19.498657,0,38.173822,0
8707,0.140092,3,3,3,14.84049,9.56285,41.766994,47.6677,28.61789,23.693818,51.104786,52.726599,8.47705,14.068047,49.686,43.347596,11.271671,12.891008,57.306561,57.113796
8709,0.133867,3,3,3,14.108129,6.998382,41.841748,50.59959,27.211678,19.902031,51.151165,53.657548,8.030918,10.759356,49.777305,46.347184,10.857085,12.840569,57.296337,57.044416
8710,0.094768,3,6,0,1.218086,0,36.84005,0,6.224287,0,36.010307,0,1.957552,0,35.009929,0,5.887402,0,37.626298,0
8713,0.208377,3,6,0,1.723227,0,37.910447,0,3.951036,0,38.532738,0,3.90938,0,35.516779,0,0,0,38.859999,0
8714,0.530009,3,6,0,24.970129,0,28.049722,0,57.210224,0,33.115942,0,13.628097,0,33.654755,0,21.309664,0,38.292113,0
8715,0.528376,3,1,0,49.190619,0,55.347124,0,101.564056,0,67.654859,0,28.068363,0,66.876855,0,49.167354,0,71.125468,0
8717,0.129616,3,3,3,3.238963,3.584276,44.788785,44.306239,11.944484,11.993206,45.244044,45.228459,5.701255,4.533671,41.66781,43.296538,6.82909,5.399741,47.168903,47.30404
8718,0.438441,3,6,0,6.964894,0,36.02825,0,36.726374,0,34.772475,0,27.61565,0,25.738617,0,26.114988,0,37.713458,0
8719,0.406772,3,1,0,30.945815,0,59.953391,0,68.224259,0,68.81645,0,19.089378,0,68.142343,0,33.356502,0,71.151857,0
8720,0.319545,3,6,0,5.272364,0,35.858161,0,12.408793,0,37.664047,0,3.000275,0,37.786073,0,6.471909,0,38.700842,0
8721,0.271101,3,1,0,22.279147,0,58.263442,0,52.585056,0,67.563637,0,16.328238,0,65.223588,0,25.281689,0,71.124911,0
8733,0.188935,3,3,3,1.998277,4.280047,46.932674,45.197285,8.972916,16.536996,46.82695,45.433508,4.046612,6.9305,45.602938,42.989357,5.915713,8.324957,47.406145,47.276849
8738,0.453531,3,6,0,0.249448,0,38.858416,0,0.812779,0,38.858985,0,0.115994,0,38.85967,0,0.500395,0,38.859829,0
8743,0.343014,3,3,3,10.95429,9.997325,38.751572,44.029987,35.883708,31.221642,39.664927,45.290796,16.956258,12.126842,36.522522,43.228894,19.562208,13.790763,41.359633,47.319883
8746,0.195098,3,4,4,3.458952,2.932618,19.454478,19.893294,7.302645,6.377182,20.67672,20.787271,2.167494,1.937405,20.52178,20.646627,2.73488,2.72917,21.094887,21.094971
8747,0.144904,3,3,3,7.853757,4.34336,19.135279,33.900337,24.81779,14.101511,19.876768,34.490465,12.388274,5.841604,17.478615,33.047126,13.292275,6.61142,20.957176,35.491276
8751,0.242294,3,3,3,6.697498,7.957102,26.103456,36.947284,19.939852,16.419195,26.610471,38.814723,11.049091,5.206418,24.76811,38.446913,11.261742,6.285647,27.097448,39.547773
8756,0.044994,3,7,0,0.735892,0,46.199801,0,2.509363,0,46.583493,0,0.569291,0,46.778902,0,1.188682,0,47.445579,0
8757,0.07688,3,1,0,4.262692,0,65.591951,0,15.723673,0,66.992429,0,8.761874,0,51.759695,0,10.146903,0,70.952085,0
8766,1.954974,3,1,0,79.357557,0,76.27014,0,320.499748,0,76.471236,0,203.458143,0,57.428382,0,205.571951,0,79.809372,0
8767,0.831017,3,1,0,24.760394,0,78.545417,0,108.494838,0,78.227586,0,60.8379,0,66.859126,0,71.418443,0,79.90484,0
8768,0.3379,3,6,0,1.740974,0,38.457168,0,12.021823,0,37.833987,0,3.062278,0,37.85092,0,7.157801,0,38.686857,0
8769,0.219901,3,7,0,10.130555,0,21.15484,0,29.438003,0,22.663966,0,8.719406,0,22.124211,0,15.185806,0,24.394711,0
8770,0.997474,3,7,0,6.859063,0,47.27182,0,28.892461,0,47.25976,0,19.80351,0,45.838818,0,26.326544,0,47.445768,0
8771,0.283446,3,6,0,2.822493,0,37.545915,0,10.256774,0,37.802938,0,1.931916,0,38.254411,0,5.025289,0,38.73608,0
8772,0.41706,3,1,0,13.558376,0,78.08287,0,62.359038,0,77.308416,0,34.094323,0,64.070586,0,40.142817,0,79.859361,0
8773,0.326317,3,7,0,9.847862,0,31.087647,0,41.827424,0,30.97369,0,21.895246,0,26.802668,0,31.997059,0,32.557675,0
8774,0.804518,3,1,0,22.075238,0,78.885753,0,104.792963,0,78.240436,0,60.474122,0,66.211315,0,70.483397,0,79.898312,0
8775,0.138281,3,6,0,3.388087,0,33.593763,0,13.391714,0,33.870356,0,7.329448,0,27.457211,0,12.033559,0,36.685215,0
8776,0.689901,3,7,0,1.671206,0,47.511117,0,10.02882,0,47.470665,0,5.006578,0,47.273533,0,0,0,47.550001,0
8777,0.199752,3,6,0,1.473341,0,38.085655,0,5.126831,0,38.288863,0,2.085181,0,37.568353,0,4.946181,0,38.628108,0
8778,0.352639,3,1,0,15.436729,0,68.250444,0,70.672613,0,67.21911,0,48.01557,0,47.240766,0,50.717065,0,70.867774,0
8779,0.874414,3,1,0,34.261535,0,69.080659,0,160.358614,0,68.099162,0,104.423911,0,50.578451,0,113.803544,0,70.963667,0
8780,0.183262,3,6,0,0.806371,0,38.559231,0,3.882851,0,38.458151,0,2.515277,0,36.811874,0,6.100894,0,38.458239,0
8781,0.252504,3,7,0,3.829693,0,29.96178,0,14.483352,0,30.029787,0,7.215342,0,29.049609,0,10.665319,0,30.31129,0
8782,0.271312,3,1,0,11.375967,0,68.601068,0,53.568332,0,67.379544,0,38.379951,0,46.270218,0,40.281693,0,70.829886,0
8784,0.162498,3,6,0,2.229087,0,36.614522,0,9.774363,0,36.376865,0,5.472829,0,31.61137,0,10.095055,0,37.626294,0
8785,0.080916,3,6,0,1.874703,0,33.969515,0,7.296798,0,34.329282,0,3.993654,0,28.152836,0,5.026821,0,37.626299,0
8786,1.245091,3,1,0,64.427567,0,66.505743,0,270.120926,0,66.278327,0,192.809432,0,43.986206,0,181.637484,0,70.851312,0
8787,0.33576,3,6,0,11.588835,0,30.92024,0,32.312229,0,33.912107,0,15.526517,0,28.777629,0,19.165262,0,37.795855,0
8788,0.646273,3,1,0,21.969196,0,69.840529,0,103.959763,0,69.099787,0,64.224709,0,55.15105,0,74.398137,0,71.04483,0
8789,0.199041,3,6,0,1.904314,0,37.633768,0,6.630824,0,37.946641,0,2.994042,0,36.484602,0,4.625506,0,38.654049,0
8790,0.878842,3,1,0,36.742918,0,68.623294,0,146.322605,0,68.868501,0,79.499621,0,57.377463,0,100.062851,0,71.050594,0
8791,0.270286,3,6,0,2.424027,0,37.76457,0,8.487843,0,38.037893,0,3.983784,0,36.560869,0,5.97856,0,38.672234,0
8792,0.199707,3,6,0,2.305544,0,37.169743,0,5.437361,0,38.224203,0,0.878519,0,38.589692,0,2.158467,0,38.811337,0
8793,0.11043,3,1,0,5.25027,0,67.468737,0,20.574319,0,67.955252,0,11.901809,0,53.15827,0,13.915037,0,70.988428,0
8794,0.333733,3,6,0,6.843552,0,34.726087,0,15.644262,0,37.209008,0,3.889991,0,37.300024,0,6.958217,0,38.691938,0
8795,0.143806,3,1,0,7.594034,0,66.249084,0,26.486227,0,68.060501,0,13.796437,0,55.997122,0,16.757858,0,71.038193,0
8797,0.587266,3,3,3,5.842166,8.101161,57.03293,51.378161,22.344846,25.565539,57.154244,51.878688,8.797481,8.295521,56.191333,51.454367,12.299263,13.71047,57.880454,52.573527
8804,0.095486,3,3,3,1.211177,1.881206,39.135191,27.447549,6.839954,12.623998,38.739031,26.868188,1.957186,3.191892,38.549723,26.89749,3.350931,4.809608,39.544397,27.767632
8812,0.206218,3,3,3,1.944401,2.685882,32.9701,32.83041,18.968702,23.905967,32.301918,31.873044,4.938561,5.085102,32.282869,32.236354,7.712014,7.775954,33.069914,33.068889
8819,0.806189,3,3,3,4.079036,5.612789,41.213495,43.378036,46.871768,58.759791,40.623021,42.378483,10.993808,11.942794,40.730362,42.796162,17.606925,18.261979,41.267771,43.539231
8828,0.428349,3,4,4,0.382339,0.407419,43.594726,43.594052,5.232031,5.072036,43.548527,43.551465,1.05439,1.029764,43.567562,43.568984,1.383758,1.211288,43.598248,43.598641
8836,0.092783,3,4,4,1.367004,1.390867,31.333588,31.320202,7.966102,6.610461,30.971173,31.19221,2.522619,1.735373,30.629785,31.170986,3.811052,2.4134,31.663317,31.713445
8838,0.092107,3,4,4,1.026471,0.901312,31.501189,31.554697,5.277923,5.070001,31.37494,31.401656,1.876556,1.083399,31.07489,31.502655,2.087639,1.417666,31.721839,31.736484
8839,0.044652,3,6,0,0.027273,0,38.852781,0,0.151064,0,38.847324,0,0.034168,0,38.850065,0,0.048108,0,38.859385,0
8843,0.275673,3,4,4,0.62444,0.500845,25.864917,43.524439,8.581816,5.224032,25.383056,43.16859,1.94186,0.989009,25.50721,43.355838,2.683012,1.230846,25.887016,43.587944
8844,2.759835,3,1,0,140.286535,0,66.722517,0,382.854639,0,69.878967,0,115.757409,0,69.008851,0,221.433589,0,71.15536,0
8845,0.7896,3,1,0,27.038523,0,77.747794,0,72.28901,0,79.445739,0,20.593215,0,79.219257,0,41.409888,0,79.982783,0
8846,0.362051,3,6,0,7.640696,0,34.555867,0,24.416218,0,35.891975,0,8.816714,0,34.017458,0,14.312932,0,38.309328,0
8847,2.628269,5,1,0,128.589713,0,75.193404,0,306.479388,0,79.096141,0,84.501466,0,78.863708,0,167.59258,0,79.975636,0
8848,0.497014,3,6,0,16.045244,0,31.48825,0,26.307153,0,36.839742,0,6.294949,0,37.066329,0,11.638049,0,38.651105,0
8849,0.266843,4,4,4,5.240625,4.996711,49.686419,50.229473,12.617167,11.674679,54.65481,55.166242,3.896436,4.973496,53.245473,50.90529,6.072216,6.356785,58.57843,58.527166
8850,0.131422,4,4,4,8.680474,5.798363,20.734638,38.351119,23.880886,10.018585,22.776037,50.356278,10.91174,2.973651,19.652143,48.679201,13.492289,4.258909,24.856836,58.050995
8853,0.431577,3,6,0,7.774879,0,35.433252,0,22.407921,0,36.902648,0,6.930455,0,36.225509,0,10.396973,0,38.639708,0
8854,0.832054,3,1,0,22.653517,0,70.542021,0,70.982592,0,70.938518,0,21.032616,0,70.776703,0,41.151528,0,71.191646,0
8855,0.446082,3,6,0,3.367554,0,38.052743,0,8.221804,0,38.549505,0,2.38747,0,38.471132,0,3.812024,0,38.828814,0
8856,0.389829,3,6,0,21.728785,0,26.391253,0,43.102915,0,32.939753,0,13.819653,0,31.18123,0,22.585347,0,37.767683,0
8857,0.09067,3,4,4,1.07719,2.192471,53.205674,45.926203,3.818629,8.525883,54.194914,46.66012,1.078427,4.981415,53.597077,34.854801,1.649933,4.501135,57.609239,55.623872
8861,0.367932,3,6,0,2.768621,0,38.057398,0,9.470448,0,38.285872,0,3.269157,0,37.885546,0,4.577661,0,38.796485,0
8862,1.723752,3,1,0,54.260635,0,70.138828,0,164.601855,0,70.816308,0,48.720263,0,70.583948,0,93.291074,0,71.188587,0
8863,0.5598,3,1,0,15.36871,0,70.523502,0,47.072264,0,70.951095,0,13.570126,0,70.832671,0,26.928096,0,71.192416,0
8864,0.259454,3,6,0,0.685344,0,38.744337,0,3.504314,0,38.686224,0,0.775919,0,38.728796,0,1.296251,0,38.848738,0
8865,0.635771,3,1,0,18.411186,0,70.39261,0,58.211267,0,70.86731,0,16.472878,0,70.739895,0,32.316521,0,71.190817,0
8866,0.423268,3,6,0,9.206141,0,34.371987,0,22.317173,0,36.852528,0,6.150932,0,36.61267,0,10.696713,0,38.619108,0
8867,0.025972,4,4,4,2.11818,0.542032,6.906378,39.028408,11.735399,2.313117,6.719237,38.939034,4.208851,0.543961,6.374736,39.153483,7.031399,0.886023,7.079758,40.329073
8868,0.092403,3,3,3,0.950204,1.840153,39.300233,38.493783,5.903058,8.851275,38.90783,38.137852,1.278733,2.951747,39.106234,37.322524,2.041986,5.234054,39.605945,39.390687
8870,1.711638,4,7,7,3.722709,5.471805,53.44726,53.275787,30.464147,32.66807,53.019289,52.936152,9.822891,6.285625,52.70609,53.220239,14.506412,9.90347,53.544132,53.57437
8871,0.269866,4,4,4,4.69515,6.751614,27.446951,26.968909,21.099894,24.893741,27.359764,27.149531,7.467589,6.338607,26.887182,27.163927,14.344917,10.473093,27.802386,27.848695
8872,0.748329,3,1,0,13.599483,0,71.033075,0,47.839963,0,71.102919,0,13.69901,0,71.059369,0,27.776524,0,71.196915,0
8873,0.331865,3,6,0,1.149065,0,38.667683,0,2.939607,0,38.781477,0,0.804652,0,38.771642,0,1.374175,0,38.852112,0
8876,0.390262,3,6,0,0.638896,0,38.813156,0,2.840863,0,38.805821,0,1.227225,0,38.715796,0,1.880201,0,38.849485,0
8878,0.315387,3,6,0,2.247175,0,38.132319,0,6.526322,0,38.475281,0,2.296023,0,38.177635,0,3.479957,0,38.809395,0
8879,0.047487,4,4,4,0.694786,0.41608,10.61535,32.228909,5.698529,2.172912,10.553499,32.141738,1.895346,0.469373,10.493236,32.209254,1.866927,0.618273,10.629867,32.375338
8882,0.382677,3,6,0,3.737621,0,37.5891,0,16.021606,0,37.497844,0,11.37757,0,32.603828,0,11.785072,0,38.512087,0
8883,0.750028,3,1,0,14.612899,0,79.645548,0,61.862354,0,79.61052,0,29.189057,0,77.208856,0,45.8496,0,79.970719,0
8884,0.039975,3,1,0,1.247714,0,70.167751,0,4.819062,0,70.363031,0,2.148166,0,66.741261,0,3.269569,0,71.15229,0
8885,0.324465,3,6,0,8.990162,0,32.705235,0,30.173165,0,34.135099,0,18.016422,0,26.998334,0,19.004616,0,37.74661,0
8886,0.687683,3,1,0,12.429022,0,71.03619,0,51.386617,0,71.033894,0,20.366584,0,70.480236,0,34.858055,0,71.190904,0
8887,1.862438,3,1,0,41.265276,0,70.871334,0,165.317483,0,70.900629,0,64.493964,0,69.999046,0,107.040604,0,71.185949,0
8888,0.136678,3,6,0,0.731602,0,38.427834,0,2.654493,0,38.517856,0,1.099428,0,38.043561,0,1.6189,0,38.802129,0
8889,0.512293,3,1,0,9.84624,0,70.997727,0,40.008065,0,71.006736,0,15.402681,0,70.443354,0,26.133937,0,71.190708,0
8890,0.677551,3,1,0,14.525726,0,70.906194,0,63.711534,0,70.835822,0,23.33174,0,70.020544,0,41.276306,0,71.1828,0
8891,0.353249,3,6,0,4.506967,0,36.864413,0,21.676516,0,36.297234,0,9.300448,0,33.491678,0,14.340215,0,38.282068,0
8892,0.742568,3,1,0,10.961142,0,71.118449,0,46.29654,0,71.110966,0,16.006033,0,70.953744,0,29.019817,0,71.196313,0
8893,1.324159,3,1,0,20.734527,0,71.100021,0,87.843089,0,71.089714,0,30.846726,0,70.879112,0,55.230423,0,71.195379,0
8895,0.292213,4,4,4,3.435308,5.587243,57.683977,35.493093,7.784881,16.890625,58.661721,36.098483,2.345157,6.393009,58.492503,35.28006,3.816541,10.630112,59.104306,36.700314
8896,0.526996,5,4,4,8.715225,8.195581,43.687726,43.85833,24.388126,18.625515,44.501598,44.802958,9.389349,5.788031,43.63618,44.608345,15.081296,8.096988,45.113039,45.19116
8897,0.437598,4,5,5,1.499202,2.480618,40.228657,31.355774,7.437382,8.831836,40.139576,31.433523,2.419306,2.882032,39.974364,31.293188,3.2326,4.59347,40.416071,31.638723
8906,0.561688,4,4,4,2.472285,1.54994,33.07628,40.318833,14.02672,9.543323,32.914613,40.178982,2.978667,2.891928,33.022989,40.084763,4.465255,4.944583,33.244253,40.410393
8907,1.445289,4,4,4,2.132135,1.623489,37.281022,40.420327,8.278345,9.845614,37.284217,40.395767,2.273055,2.040038,37.280625,40.411628,3.346764,2.981069,37.308878,40.440929
8908,0.580104,5,4,4,2.143537,2.594631,50.373454,36.471179,4.846706,6.671665,50.632363,36.700895,1.574081,3.286958,50.563536,36.304376,2.399912,4.342078,50.743021,36.813598
8912,1.108312,5,4,4,4.694577,3.568099,44.260112,50.460334,10.505816,9.236232,44.514548,50.632965,3.420713,4.520839,44.449301,50.342571,5.127992,5.972116,44.614451,50.73392
8916,1.231183,4,4,4,2.175267,1.923385,36.774425,40.400626,14.148253,11.807489,36.716609,40.35281,2.791015,2.886797,36.756133,40.361008,4.670535,5.450301,36.810181,40.434153
8918,1.630676,4,4,4,2.211338,4.759736,40.410589,36.407905,13.652405,17.53038,40.373222,36.432125,5.295482,3.549601,40.291517,36.468927,8.047339,7.199809,40.432125,36.522393
8922,0.802524,4,4,4,16.290678,10.557822,40.478247,44.232359,56.005938,48.262474,42.232587,43.474065,14.919655,17.41891,41.909928,40.375495,20.125875,23.867413,48.009887,47.835711
8925,0.516744,4,4,4,4.041588,1.624989,32.206575,40.284232,18.971947,13.047065,32.048358,39.894049,4.273624,4.656447,32.207997,39.45216,5.517682,3.918452,32.727917,40.418426
8926,0.827975,4,4,4,3.193299,4.392307,35.109521,40.022236,22.477601,21.855533,34.807182,39.84768,6.798651,5.437556,34.636845,39.882444,5.351954,6.451273,35.262302,40.417128
8935,0.262778,4,3,3,10.267231,6.601188,43.201678,39.116601,27.635179,26.711374,45.716954,39.167184,7.502973,11.987601,45.463548,36.740426,14.23547,15.971175,48.113129,40.526629
8947,0.105468,4,7,7,0.105817,0.176805,59.113305,22.046009,0.394791,0.987449,59.121267,22.040654,0.132793,0.252572,59.095566,22.040779,0.17384,0.312711,59.15654,22.051345
8948,0.19359,4,4,4,0.959544,1.568773,24.758811,24.574221,8.784508,9.468743,24.32068,24.232128,2.751045,2.032778,24.058571,24.425439,3.933578,3.060495,24.822025,24.838102
8955,0.298077,5,4,4,3.195658,5.879078,47.482245,29.944941,6.704703,17.684007,49.175732,31.321094,2.44181,7.613966,48.526181,28.743469,4.506131,9.801777,49.772466,32.989486
8958,1.050812,5,4,4,12.656129,12.425719,49.030459,43.042294,39.56144,26.738578,49.38488,43.512515,15.841854,9.619794,48.717348,43.340219,22.85891,18.119994,49.84421,43.662744
8962,0.944606,5,4,4,23.046261,19.399613,47.09968,48.095986,54.779622,48.962485,49.550618,49.833499,19.278802,20.222991,48.404971,48.174697,27.909232,33.156106,50.865706,50.798982
8963,0.089962,1,3,3,16.900284,9.339101,18.995698,17.824842,39.068295,41.140466,21.947205,17.643278,9.109941,28.615937,22.332503,13.435719,16.744656,29.234961,24.629876,18.997701
8964,0.03356,1,7,0,2.337497,0,25.762636,0,8.404217,0,26.520756,0,6.228822,0,19.057636,0,5.447712,0,29.506886,0
8965,0.057506,1,3,3,3.563653,10.026078,16.820474,14.661588,18.152642,27.853986,16.590739,15.823118,8.69093,8.109271,15.309754,15.506469,11.417145,13.419947,17.176264,17.130233
8969,0.119995,1,3,3,27.029464,10.025033,15.517864,22.80563,62.852831,42.899389,18.056931,22.677873,15.189356,27.860294,18.272501,18.052466,26.607571,29.466864,20.331352,24.396868
8972,0.253475,2,3,3,20.589141,60.704498,32.411454,12.596179,69.592584,146.508605,34.434531,16.481503,30.289021,50.55452,28.785099,14.293016,43.765626,62.027149,40.942359,24.433522
8973,0.26367,2,3,3,22.911574,13.936399,33.289246,23.756602,68.969576,102.924496,35.442965,21.463889,18.294468,55.142145,35.255395,16.694458,24.615509,61.500978,39.310147,24.494588
8975,0.245589,2,3,3,23.708545,23.261775,30.534496,27.205782,66.906591,80.168605,34.51062,28.825815,21.560654,35.200532,32.192439,23.729322,35.189814,49.387724,41.641438,34.712173
8976,0.237104,2,4,4,5.310206,3.313947,31.808445,20.503487,14.893081,23.668918,33.516616,18.69439,5.007702,9.768785,32.404378,16.19271,5.562911,11.321391,35.53131,21.328982
8977,0.25338,2,3,3,24.854341,34.1965,26.966973,23.83672,88.791788,92.038099,28.291562,27.962611,39.047576,31.78292,23.083761,25.131437,53.179782,44.822997,34.697489,35.290067
8983,0.281367,2,3,3,54.10916,20.671573,17.673164,37.21254,138.047147,75.678228,21.301401,38.120946,50.351047,31.294256,18.683125,33.94701,69.973616,50.954615,26.383871,42.136217
8984,0.04222,2,3,3,3.144543,4.096527,37.101079,34.730338,11.513652,11.689467,38.018799,37.905331,4.668346,4.049201,34.00579,35.384256,7.65002,6.587776,42.134834,42.471373
8991,0.067341,2,3,3,8.559935,6.557935,21.919379,34.694891,31.147345,18.828086,22.588673,37.831293,12.910538,6.540923,19.682561,35.265538,20.341599,10.557682,25.400413,42.46186
8993,0.248887,2,3,3,16.308229,55.753687,38.097961,15.932803,63.156408,128.331465,38.537562,20.188912,31.517308,45.432141,32.608287,17.892972,33.654362,43.702692,42.725207,25.672213
8994,0.176164,2,3,3,17.787613,27.59063,34.340858,16.630569,49.375528,102.285168,37.812634,17.265525,15.515653,49.296147,36.159111,13.279914,25.810265,62.262793,42.590482,21.221033
8995,0.309005,2,3,3,21.93287,25.355549,37.488102,24.348213,62.539045,100.800207,39.944924,24.54749,20.163969,47.758083,38.537242,20.330733,43.938535,66.512196,42.642869,27.505274
9001,0.244492,2,3,3,18.30642,25.296582,32.343616,34.098593,71.537169,65.345779,32.667639,38.167263,36.876771,21.436982,27.167632,36.198888,38.610756,25.306201,36.181015,43.061445
9004,0.112492,2,3,3,11.824643,20.352845,26.282728,22.175905,45.45512,50.130794,26.716108,26.091781,24.788644,17.148972,20.99153,24.026249,24.257091,18.814563,30.478779,30.763593
9008,0.470218,2,4,4,11.0008,2.63723,31.56512,35.320244,26.807883,20.974048,33.833504,34.464617,8.04195,9.474164,33.309337,32.626282,8.114256,12.691598,35.605325,35.480758
9012,0.157654,2,4,4,6.929961,1.383319,16.896174,34.845403,18.758206,8.127653,18.834259,34.120141,5.271493,3.739001,18.479135,31.807737,5.911701,4.77233,21.153691,35.42854
9013,0.35363,2,3,3,9.077363,20.678666,37.705664,30.449072,46.292398,54.463294,36.906515,32.888262,21.548713,17.125479,33.34023,31.928881,25.112271,19.285646,39.216376,35.385644
9014,0.360938,2,4,4,3.100413,6.696845,31.156671,21.102708,9.312631,16.893615,31.416226,22.249587,3.659289,5.751886,31.029342,21.701665,2.38208,2.474452,31.739078,23.00193
9015,0.118448,2,3,3,7.313402,4.639539,32.782537,27.765203,18.462627,22.442364,36.072745,27.223251,5.933606,10.895324,34.74744,23.860447,5.844264,11.557624,39.429461,29.231816
9021,0.17958,2,3,3,17.074966,13.933316,28.865464,26.368858,44.270426,56.351229,33.030197,26.496648,13.507138,23.000508,31.595498,22.841045,18.751288,35.460458,38.776929,30.862147
9022,0.179847,2,3,3,13.612364,21.761994,26.550407,22.842656,55.477347,54.361764,26.622653,26.763918,24.011781,16.285101,22.489496,25.657774,35.722437,22.7246,30.854639,31.690333
9025,0.181352,1,3,3,56.755264,16.757374,8.863633,22.35853,124.055766,67.188333,11.980484,22.517914,39.289663,27.216386,10.937909,19.533012,43.551813,42.206024,16.901491,26.313917
9026,0.3732,2,3,3,10.546732,18.859473,37.374777,31.509625,46.123837,56.11197,37.144275,33.145038,21.347649,20.588571,33.818596,31.325183,23.114722,24.405792,39.313194,35.497956
9027,0.180262,2,4,4,3.427755,2.619142,19.720767,17.28713,6.969334,9.452521,20.513345,17.462089,3.250519,6.069074,19.918562,15.127589,1.141,1.110572,20.770885,18.028599
9028,0.118724,2,3,3,6.551043,5.216126,30.988473,25.561371,19.478009,21.746461,32.72686,25.524905,7.129253,10.190988,30.81611,22.950658,7.876606,10.579367,35.416447,27.097483
9029,0.180224,2,4,4,1.710316,6.071152,38.341252,15.984036,5.608013,13.395947,38.772964,18.632816,2.74766,5.339248,37.036256,16.920901,0.912636,2.392485,39.637423,20.312919
9032,0.373061,2,3,3,14.592338,17.229032,26.002321,34.905288,67.16724,51.197489,25.554832,36.697914,34.048899,18.058398,21.501425,34.970567,32.993034,21.958097,27.899496,39.343594
9035,0.07505,1,3,3,7.666145,8.496583,18.391487,18.08877,30.899922,29.643408,18.44981,18.558921,12.398808,11.279167,16.912361,17.295378,15.234761,14.492336,19.932071,19.951028
9036,0.143332,1,3,3,14.099509,15.688575,20.832095,20.43879,54.156319,56.892279,21.065018,20.901836,21.485981,22.584388,19.316264,19.071718,26.738917,25.849863,22.891849,22.90886
9039,0.089304,1,3,3,13.830608,18.318969,17.540023,10.148169,56.355826,100.327351,17.586675,9.177878,19.952443,44.195737,16.023131,7.212118,24.18669,50.848359,20.649161,12.03752
9040,0.124578,1,3,3,14.434531,26.259486,23.382958,11.387012,41.344561,89.737321,25.070114,12.106082,16.132916,35.132474,23.086083,10.41298,21.542073,36.708192,27.331563,14.718068
9043,0.200617,1,3,3,7.048289,15.16204,21.421699,21.639641,37.345687,33.671151,21.015802,23.648969,14.499613,11.923477,19.955433,22.780234,18.389186,9.924255,22.027083,24.925046
9044,0.217165,1,3,3,16.500386,6.631097,19.725702,24.165304,37.600193,32.837788,21.3165,23.861218,13.664814,12.806314,20.527491,22.805781,10.448018,15.676203,22.31656,24.857861
9045,0.090265,1,3,3,8.058623,9.348106,17.07298,16.531288,30.58518,32.648609,17.340263,17.127904,13.658093,11.184217,15.136072,16.034785,20.581005,16.439246,18.965138,19.139705
9046,0.091133,1,4,4,11.762177,2.024598,7.976107,10.372919,24.146472,29.87252,10.42517,7.643639,5.747279,10.993448,10.658687,6.511804,7.34731,22.451542,12.713965,9.605954
9047,0.180987,1,4,4,1.959043,9.663432,16.0693,11.176751,10.822494,10.720357,15.930832,14.153518,7.404966,4.792922,14.410321,13.437846,2.921002,2.317211,16.232854,14.516279
9048,0.133677,1,3,3,8.517026,11.865785,22.335169,18.154005,29.775538,35.916355,22.898868,19.175061,10.13992,16.34681,21.869347,17.031741,17.154308,17.593651,24.60716,20.748664
9050,0.178463,1,4,4,7.780152,2.122004,14.00145,15.973768,9.429493,11.03477,15.939601,15.851018,4.247096,7.58023,15.463471,14.254544,1.530937,2.225104,16.177588,16.174873
9051,0.270529,1,4,4,2.764605,2.034405,16.171574,17.724378,7.274034,5.786813,16.313336,17.779792,2.640705,4.657784,16.216623,17.347376,3.736756,4.989688,16.394866,17.815138
9052,0.180222,2,4,4,1.780814,6.06644,20.483101,18.013436,9.076305,7.522802,20.326348,20.467572,6.36319,3.551017,18.051656,19.761008,1.630967,1.160286,20.766664,20.76922
9054,0.179577,1,3,3,30.317964,11.018161,11.475815,20.054963,58.178443,35.565518,14.446146,20.645335,23.817511,17.855893,12.786102,18.539844,14.483854,14.748794,16.257549,21.768419
9055,0.178993,1,3,3,9.379035,19.319825,20.451536,17.905677,34.226193,39.559711,20.707996,20.395201,17.625467,15.119432,18.575477,19.188685,14.217841,9.984795,21.766325,21.81592
9057,0.090783,1,3,3,6.967671,6.818546,17.570158,11.28372,16.080117,24.4771,18.764318,11.482546,6.039982,13.964863,18.091436,9.723136,4.510886,10.918374,19.472154,12.122946
9058,0.194035,2,3,3,15.144185,30.886674,28.533231,13.684802,41.492898,73.636104,31.35532,16.814428,16.488357,42.284406,28.312016,12.142888,17.836402,26.996853,35.183109,20.635265
9059,0.136499,1,3,3,9.816848,16.104052,21.853043,11.987922,30.021318,53.967868,22.938397,12.660058,13.509441,19.748693,20.625115,11.449795,14.322647,27.838523,24.725189,14.4332
9061,0.046914,1,3,3,4.923103,2.059801,14.219956,23.477777,9.507992,7.084785,15.632347,23.863666,3.301781,4.79,15.240541,20.463536,1.888872,2.922484,16.167062,24.889762
9062,0.148519,1,3,3,7.642878,17.6912,20.035717,19.290929,26.127425,27.854597,20.383195,23.386679,17.899446,8.572669,17.31212,22.874487,10.831634,5.824896,21.241925,24.948101
9066,0.090497,1,4,4,20.130414,2.806263,6.700557,24.055756,28.855591,9.815923,9.924689,24.285586,10.967139,4.715756,8.871789,23.013801,5.190579,4.04031,11.379959,24.93038
9068,0.118606,1,4,4,5.669724,2.145435,14.558616,24.630704,14.919635,6.961796,15.000343,24.758044,9.776091,4.303707,13.55299,23.883591,5.687355,2.318163,15.295409,24.97752
9069,0.155035,1,4,4,5.092106,5.007577,14.182358,22.059464,15.948113,12.558073,14.420296,23.600602,10.520581,8.936241,12.880256,19.480593,5.111691,4.616899,14.722054,24.887424
9071,0.179756,2,4,4,3.213361,0.768,29.676336,20.702505,4.653956,3.873836,31.414095,20.675945,1.759514,2.804617,31.073104,20.109147,0.785262,1.634663,31.745009,20.748023
9072,0.178122,2,4,4,1.970912,4.801317,35.329681,21.612308,6.753999,10.290976,35.436462,22.115518,5.085643,5.899703,33.913233,21.381949,3.681327,3.531188,35.664092,22.287149
9075,0.095706,1,3,3,4.130529,20.411771,25.825329,13.850249,15.101392,27.262713,26.157416,19.319861,12.52276,9.697564,20.483064,18.099182,6.162271,5.694894,27.610794,21.354459
9076,0.164703,1,4,4,5.058775,1.460183,14.624978,13.918694,14.126127,14.354106,15.230747,13.297242,2.947135,9.099681,15.427336,10.949607,4.677996,7.556583,15.795117,13.96548
9081,0.205036,2,4,4,6.710551,10.788783,33.259924,17.406583,23.654044,33.980418,33.797431,18.439573,7.933124,11.334491,32.808459,17.440736,9.964813,15.585879,35.519841,20.216491
9082,0.109607,2,3,3,6.284086,5.447676,33.369506,26.457343,12.642762,17.544682,37.406912,27.287088,3.384634,13.355936,37.256597,21.513593,4.250527,7.587406,39.509622,28.794903
9083,0.327059,2,4,4,6.36955,13.653058,32.51857,17.332791,23.814213,38.673962,32.948785,19.743281,11.6706,15.804719,29.139429,16.716165,9.719424,15.753693,35.437693,23.860982
9086,0.207186,2,4,4,13.637276,5.274582,16.396067,34.075819,46.989314,18.306588,17.26703,34.484861,16.577418,5.997628,15.656587,33.872213,18.596756,9.663649,20.235732,35.533201
9091,0.21335,2,3,3,23.451483,29.285308,31.319742,18.040021,61.346432,114.276839,34.853354,18.358859,25.544558,51.622423,31.06488,14.747019,21.269333,49.411263,39.266242,22.637772
9092,0.196712,2,3,3,9.260037,18.571041,31.907753,16.763027,28.979837,58.999572,33.178462,18.025142,10.633233,27.25423,31.455314,14.917624,13.553491,25.658573,35.395841,20.789328
9093,0.266574,2,3,3,33.493893,77.429593,28.591771,14.284741,100.876903,162.07628,31.23257,19.420234,43.841153,79.07479,26.587678,14.551346,52.302276,60.130339,36.279658,26.044579
9097,0.228352,2,3,3,30.292215,16.297949,26.164616,34.709721,78.097469,64.221607,29.46032,34.996165,32.583268,26.077356,26.037101,31.488528,26.91431,31.047992,33.361647,38.97287
9100,0.235591,2,3,3,23.226954,47.548179,34.575182,23.683519,78.042453,99.681267,36.451592,29.912231,40.991536,36.513404,29.120317,26.799426,42.698697,38.654378,42.13421,35.929776
9103,0.046699,1,3,0,14.250323,0,9.571219,0,30.756965,0,12.096347,0,10.182126,0,11.165376,0,13.306,0,14.594831,0
9104,0.081601,1,3,0,17.480329,0,14.5516,0,42.560478,0,17.442551,0,14.951132,0,15.76841,0,18.008367,0,21.499932,0
9105,0.134784,1,4,4,1.836612,0.823316,21.684026,12.935166,6.846452,3.564024,21.771906,12.930027,3.654629,1.589376,20.664906,12.814691,2.497683,1.898707,22.195117,12.974678
9107,0.040702,1,4,4,1.791603,3.171034,20.999317,6.237702,5.498767,16.111072,21.476505,6.053879,1.358296,15.221653,21.526786,3.878576,1.923112,9.456518,22.177707,6.544626
9108,0.059686,1,3,3,12.461732,7.530632,14.699411,13.619501,27.135302,30.928985,18.114295,13.627908,7.094113,20.600027,18.035945,9.744427,11.059006,19.348304,21.691334,15.534157
9112,0.042475,1,4,4,3.997029,1.126297,8.044516,21.709694,12.782582,4.797781,8.276917,21.677716,3.807855,2.767177,8.153162,20.165721,4.580423,2.569945,8.63347,22.149622
9113,0.224062,2,4,4,4.744362,11.448408,34.512494,14.26518,20.337236,40.91408,34.427351,15.12721,7.227022,19.994617,33.521899,11.222805,10.379027,18.423306,35.53534,20.255873
9116,0.12126,1,4,4,1.179261,0.176782,22.143844,14.339569,3.450411,1.893621,22.182383,14.33669,1.168498,0.752742,22.153363,14.331859,1.223684,0.988091,22.222467,14.339693
9117,0.130455,1,4,4,0.911346,2.845106,14.654607,14.166253,4.491235,4.878802,14.630562,14.616094,3.5283,1.529314,13.976628,14.569638,2.134242,1.244615,14.701285,14.705654
9118,0.101627,1,4,4,1.439008,1.43999,13.241439,13.241185,2.070662,4.954017,13.400554,13.297162,0.709008,3.272646,13.384331,12.606426,0.366572,1.907416,13.420046,13.41378
9122,0.155404,1,4,4,2.328155,0.520179,13.657706,22.184865,8.477336,2.897086,13.676529,22.154047,3.465668,0.646787,13.570116,22.170637,3.909286,1.29495,13.733334,22.218436
9124,0.117528,1,4,4,2.645576,0.455682,13.653712,22.172025,3.750542,2.317788,14.120905,22.146122,1.225082,1.766918,14.082472,21.643219,1.049379,1.283469,14.178619,22.214031
9127,0.077011,1,4,4,0.344321,3.755214,11.909311,11.517498,2.63621,5.292073,11.902465,11.870462,3.705796,1.354467,11.569642,11.870875,1.913451,0.739606,11.910006,11.911611
9128,0.098654,1,4,4,1.522971,0.571228,21.551368,13.235499,2.406546,3.746903,22.107454,13.191492,0.610409,2.772503,22.110427,12.648873,0.757651,2.279009,22.219378,13.252314
9130,0.179382,2,4,4,2.056418,2.400359,30.760664,20.207025,6.207948,8.232501,31.179528,20.370645,2.287358,2.739063,30.672566,20.122047,1.349567,1.879458,31.735995,20.731328
9131,0.214949,2,5,5,2.133712,4.067623,34.510946,22.120247,7.911975,13.025214,34.709243,22.747774,3.758591,5.13946,32.962218,21.524264,4.021703,5.16191,35.575351,23.761575
9134,0.173357,2,3,3,9.296191,6.736298,33.873192,29.942179,21.470618,26.03728,37.135817,30.159503,8.594195,11.879816,34.815978,27.445909,8.611168,13.956953,39.42667,31.855357
9135,0.180212,2,4,4,3.178041,12.61458,38.498246,15.778525,14.919466,37.195335,38.204827,17.421687,5.256937,13.70721,37.213637,15.637492,10.063223,14.251834,39.334694,20.146165
9137,0.086119,2,3,3,15.969525,14.410813,22.059134,17.759435,36.045898,45.316169,28.2032,19.731391,11.169201,22.858514,26.311272,14.76772,13.880686,25.952053,37.800116,25.101302
9138,0.183094,2,4,4,1.071647,1.308939,31.455714,17.983937,3.803893,4.677841,31.526587,18.028833,1.586839,2.505873,31.206142,17.55641,1.972945,3.247711,31.722316,18.131603
9139,0.179343,2,3,3,46.532996,41.826574,10.767857,17.154611,139.320518,92.340193,12.668282,22.553363,74.910776,27.845773,8.519466,21.17158,72.629825,35.366698,18.846634,30.85866
9142,0.137909,2,3,3,35.203323,15.685352,15.844053,27.06924,77.613548,48.482642,20.99545,29.907965,25.865266,21.936336,18.834921,24.209105,29.069624,28.164168,29.212556,36.937479
9144,0.180242,2,4,4,3.107447,1.575916,29.792217,17.773662,4.269131,6.146542,31.465021,17.802079,1.235129,3.71214,31.395746,16.727146,1.985212,3.657282,31.721142,18.002897
9145,0.142364,2,3,3,14.658647,35.895263,28.07454,16.014455,48.660192,69.43425,30.174451,22.273352,29.511097,18.841755,21.513874,21.835226,27.808466,26.499383,37.121269,29.690185
9146,0.18302,2,3,3,28.351769,23.9852,23.893262,22.205964,64.552054,76.969015,29.87688,24.315949,17.769773,45.567506,29.220186,17.127211,26.453646,43.575229,38.11004,30.400954
9150,0.187078,2,4,4,4.326656,0.593546,19.495542,31.656356,4.835054,2.37318,20.921233,31.661404,1.327747,1.621261,20.904145,31.206204,1.980614,1.403337,21.031027,31.736071
9152,0.215824,2,4,4,4.705219,2.05999,28.93911,19.043158,10.584247,11.27368,30.693013,18.744495,3.153529,6.013399,30.391208,16.896879,3.574082,6.513519,31.687565,19.334584
9153,0.249324,2,3,3,11.237317,18.756628,32.135643,25.901717,38.365089,53.999256,33.002852,27.912538,14.642525,21.167893,30.956145,25.480168,18.217201,23.450174,35.360921,30.790477
9154,0.108949,2,3,3,5.133997,6.596636,31.902169,23.98554,17.116897,20.64916,32.915604,24.958666,7.272542,7.546585,30.114351,23.65029,8.281893,9.497916,35.335204,26.554797
9158,0.225164,1,4,4,11.752385,1.905617,11.974013,21.996855,24.564018,9.979809,14.221163,21.870677,7.521015,5.115456,13.766635,21.04905,7.003054,6.032764,15.539463,22.165031
9161,0.1775,2,4,4,1.484378,0.431368,20.460395,31.69338,4.46492,1.740318,20.557034,31.695522,1.775752,1.111916,20.402609,31.449798,1.926306,1.28658,20.654924,31.736949
9165,0.255913,2,3,3,26.60724,8.290707,28.369719,38.196076,78.17071,59.169457,30.501868,36.131328,20.389912,28.5664,30.424271,31.689093,27.41147,37.901905,33.954583,38.860076
9168,0.208717,2,3,3,16.711064,13.267721,33.90712,30.4607,65.609045,76.701811,34.249165,28.697803,20.545877,32.18011,32.75144,25.138161,30.696108,40.219896,38.869945,32.458475
9174,0.128166,2,3,3,4.693992,16.384216,33.085331,13.035107,18.360613,48.112957,33.286381,14.500774,8.4137,19.718313,30.228867,12.421285,8.725062,18.375136,35.402552,17.087986
9175,0.090998,2,3,3,9.21716,18.892764,28.238725,9.586591,24.012125,78.534036,32.476969,9.545462,7.003675,38.620338,31.39196,6.853506,9.790332,42.78414,38.729169,13.446464
9176,0.179623,2,3,3,14.312892,50.391307,33.942107,12.727744,57.018213,123.21778,34.180039,15.925247,26.00739,41.160775,29.277082,14.334516,37.175827,46.71099,38.227525,20.941617
9186,0.26872,1,3,3,28.393512,18.735934,21.981336,23.428823,85.652884,80.493196,23.127335,23.311276,34.668646,33.998637,21.328852,21.422817,36.113828,43.935986,24.910994,24.82553
9190,0.031558,1,3,3,3.305216,3.20695,12.490872,20.184491,15.676926,9.123684,12.167131,21.953048,7.021435,2.876619,10.451572,21.036701,10.692082,4.194225,13.426661,24.582011
9194,0.067646,1,4,4,8.412836,1.074536,7.38754,11.056395,18.86606,16.852675,9.224954,9.510724,4.4036,5.552374,9.47162,8.85344,5.115153,14.001341,11.122099,10.621998
9200,0.022532,1,4,4,0.887214,2.542334,5.490118,4.73336,9.836876,6.98927,4.81062,5.158358,3.658845,1.851817,4.300479,5.133243,5.352414,3.059158,5.507536,5.583108
9204,0.0893,1,4,4,1.105362,7.82858,12.608177,9.330099,18.799423,14.705126,11.003069,11.559344,7.729488,3.672246,9.5731,11.615756,8.109144,6.061059,12.573051,12.642486
9207,0.091252,1,3,3,6.700075,4.019085,17.713582,18.752261,15.484048,13.947829,18.838624,18.956603,5.832818,6.51789,18.199041,17.938318,4.14273,6.383596,19.49854,19.468043
9213,0.089439,1,3,3,10.275658,4.311627,16.087102,23.237064,20.573118,13.239943,18.287172,23.900665,7.68532,7.940122,17.35431,21.163897,4.743757,4.229736,19.404633,24.930331
9214,0.090327,1,3,3,5.506924,8.153257,18.141651,20.802592,17.414147,16.627884,18.626143,23.433465,10.676312,6.039244,16.233521,22.368614,5.784049,3.737792,19.433178,24.94363
9218,0.105083,1,4,4,1.992203,5.721307,21.267293,9.26071,8.717204,16.181374,21.164992,10.240845,1.915549,9.600744,21.411762,7.771876,5.131911,7.463209,22.04041,11.493864
9221,0.179899,2,4,4,6.601551,0.495257,14.498318,31.678343,8.498195,2.632084,17.558404,31.634109,3.28022,1.848691,16.979637,31.011799,1.400358,1.088203,18.011584,31.740744
9225,0.2697,1,3,3,14.819372,7.988049,21.119076,22.227837,47.87346,34.399644,21.67595,22.177902,14.814148,17.946469,21.267808,20.727996,13.996394,16.555724,22.774669,22.75509
9229,0.090721,1,4,4,6.911821,1.527387,7.766689,21.442298,22.461486,3.795027,8.470413,21.906054,13.145337,2.218198,5.933408,20.900385,7.93279,0.873384,10.641664,22.216365
9232,0.060865,1,4,0,2.313406,0,21.263373,0,3.404883,0,22.073236,0,0.690768,0,22.127575,0,0.895813,0,22.219814,0
9234,0.078656,1,4,0,1.263996,0,22.017722,0,2.769811,0,22.161284,0,1.826488,0,21.858558,0,0.805086,0,22.222398,0
9235,0.087783,1,4,4,3.356447,3.249455,19.430344,11.627822,10.562715,7.169584,20.316592,12.327334,4.834826,3.162168,18.125316,11.767297,3.915692,2.16155,22.069017,12.621729
9236,0.07213,1,4,4,1.929567,5.823649,11.112053,8.942623,3.05582,14.890348,11.490149,10.193465,1.78916,7.462822,11.21428,8.342153,0.952331,5.344158,11.547331,11.474924
9239,0.09845,1,4,0,1.870568,0,11.171798,0,6.193032,0,11.202594,0,6.06057,0,10.421608,0,2.719576,0,11.248918,0
9243,0.1436,1,4,4,10.921602,3.247191,9.088743,20.944394,31.555348,6.189881,10.403831,21.888159,20.336865,2.119575,6.932622,21.661782,11.366704,1.690557,13.104836,22.212351
9246,0.09054,1,3,3,3.507703,6.808055,17.295016,16.292,16.631436,22.926758,17.157908,16.70335,7.702949,8.084816,16.131672,16.006677,8.367102,6.42351,17.694118,17.722361
9247,0.082965,1,3,0,3.974781,0,20.943395,0,14.077694,0,21.224478,0,4.231754,0,20.932001,0,4.169857,0,22.177291,0
9248,0.086434,1,4,0,1.492266,0,21.407825,0,3.547284,0,21.91698,0,1.285034,0,21.654556,0,1.169775,0,22.208525,0
9249,0.067659,1,3,0,3.972951,0,9.719476,0,16.880746,0,9.710425,0,8.329274,0,9.319801,0,5.359607,0,9.845173,0
9252,0.080059,1,4,4,1.899136,0.58673,11.734783,22.050218,7.966745,1.710215,11.719959,22.133342,5.803571,0.472904,9.786987,22.119962,4.388887,0.575846,12.080986,22.220035
9254,0.032524,1,4,4,0.625943,0.603273,5.57226,21.301903,1.803548,1.408328,5.601052,21.885369,1.261411,0.713932,5.411276,21.113598,0.957636,0.631486,5.621861,22.19236
9255,0.028666,1,4,4,2.418391,0.158917,4.35522,22.121192,4.937531,0.325188,4.89751,22.197231,3.080525,0.210276,4.130689,22.06757,2.471383,0.146217,5.093579,22.222415
9257,0.063117,1,4,4,0.087358,2.065217,10.807181,8.241003,0.860276,3.104278,10.803614,8.748137,0.257298,2.066883,10.802007,8.299842,0.356599,1.131896,10.8076,8.812866
9258,0.045081,1,3,0,5.090154,0,18.008174,0,15.87042,0,19.22162,0,6.418039,0,17.136382,0,8.175268,0,21.711327,0
9260,0.045693,1,3,0,9.432935,0,14.764424,0,21.773419,0,17.889861,0,8.919564,0,15.410926,0,9.86861,0,21.526551,0
9262,0.044774,1,3,0,14.769288,0,9.167739,0,32.801477,0,11.599794,0,14.148431,0,9.577126,0,14.659045,0,14.300603,0
9263,0.089738,1,3,0,21.452952,0,11.864723,0,52.911923,0,14.18108,0,20.681879,0,12.31124,0,23.963494,0,17.208555,0
9264,0.026253,1,4,4,0.673638,2.153457,21.738997,4.158871,2.231074,7.627204,21.896841,4.294367,0.801343,4.701746,21.627621,3.262157,1.028407,3.604703,22.191818,4.733658
9267,0.031077,1,4,4,3.185777,0.560103,5.057149,21.345735,11.395499,1.955545,5.147511,21.563165,4.817025,0.868998,4.732324,20.588576,5.345598,0.880684,5.414954,22.158346
9270,0.066803,1,3,0,18.760033,0,10.608922,0,46.921951,0,12.797523,0,18.719747,0,10.87815,0,20.118352,0,16.046961,0
9274,0.116569,1,4,4,1.48007,0.480064,24.802859,15.204008,2.732719,1.647143,24.948534,15.205476,0.919531,2.519604,24.921098,15.07609,0.128613,0.564084,24.989947,15.208565
9276,0.471101,2,4,4,1.707646,7.795874,35.531409,33.216914,14.508591,15.218135,35.057847,35.000215,7.609768,5.402179,33.516313,34.46512,8.260498,5.080392,35.602432,35.661072
9277,0.153458,2,4,4,4.595219,1.034875,18.521837,35.167709,11.080316,5.760922,20.042396,34.785469,3.480909,2.99497,19.599939,32.769797,4.1432,3.201657,20.975148,35.564664
9280,0.239265,2,4,4,2.027581,3.923822,21.298962,33.251724,15.126837,8.552845,20.349826,34.861448,7.528143,3.256464,17.761062,34.049132,7.330869,3.471506,21.59189,35.631756
9281,0.164998,1,3,0,24.562465,0,20.311452,0,61.366152,0,22.540955,0,23.700073,0,20.792842,0,30.206565,0,24.640591,0
9282,0.092731,1,4,4,0.963621,2.410988,12.844813,10.292022,2.961667,9.129903,12.883604,10.386692,1.06773,2.495932,12.836345,10.318776,1.529948,3.499636,12.924532,10.894595
9283,0.031416,1,4,4,0.376868,0.737593,21.794075,5.404808,1.589038,2.167583,21.775343,5.444779,0.43174,0.748803,21.728837,5.411555,0.798453,1.11589,22.170711,5.47673
9287,0.009928,1,3,0,1.035439,0,20.043175,0,3.331939,0,21.29744,0,1.262806,0,19.241497,0,1.658874,0,24.374994,0
9288,0.128354,1,4,4,3.5494,2.26212,20.468943,12.29983,7.313628,14.775698,21.669066,11.701723,3.504034,4.414198,20.648307,11.401692,2.773513,9.264653,22.185042,12.557444
9291,0.04384,1,4,4,0.31599,0.519438,22.055539,21.803563,1.300421,1.687436,22.055712,21.951089,0.606037,0.623332,21.723611,21.697889,0.790123,0.651216,22.19665,22.205343
9299,0.111194,2,3,3,20.635044,16.35517,22.051445,19.672761,42.059152,54.39558,29.202894,21.331851,11.294759,36.258397,28.777678,13.923544,16.357471,30.275707,38.063299,27.141269
9300,0.074352,1,7,0,2.789449,0,28.543385,0,12.165603,0,28.356797,0,3.676459,0,27.75689,0,7.950193,0,30.037369,0
9308,0.182644,2,3,3,44.366103,12.570959,13.983207,37.727747,111.396612,47.451385,17.189046,38.371707,37.993238,19.385197,15.38017,34.412543,51.488247,32.09645,21.999036,42.210429
9312,0.250865,2,3,3,27.955809,31.983256,29.458871,20.115065,78.540677,120.435703,32.3488,20.719231,25.469431,53.987285,30.68841,16.699106,44.604978,75.154101,36.146545,24.918908
9313,0.126256,2,3,3,10.379507,12.42559,28.118614,22.014083,31.411598,42.890831,30.403033,23.102647,11.769891,17.954746,27.555774,19.85634,23.008005,28.101263,33.984393,26.50291
9315,0.077719,2,3,3,4.599855,9.205408,35.84873,22.225599,17.432697,26.408275,36.286688,23.822913,7.177351,9.102823,33.260175,22.573083,11.900053,18.771153,38.81155,25.516476
9317,0.289401,2,3,3,16.666885,22.104188,35.997421,34.245624,63.061004,62.96591,36.430134,36.437477,26.453755,21.303856,33.339803,34.88198,43.364261,44.949579,38.843386,38.78988
9321,0.06229,2,3,3,3.190536,4.368063,39.713202,37.583151,12.360593,12.418312,40.051948,40.026892,5.24417,4.103406,36.552649,38.470963,8.537266,8.789723,42.703797,42.655856
9326,0.118556,1,3,3,11.775475,17.171268,24.165535,18.7059,41.610592,48.863594,24.845723,20.18683,14.995498,19.219208,23.216765,18.441933,18.768454,25.384461,27.394548,22.073076
9327,0.251883,1,3,3,29.338039,32.132933,21.433546,20.996115,94.170923,102.480058,22.466376,22.143241,38.590707,33.344617,20.341226,21.09561,52.492291,43.323177,24.517005,24.644855
9334,0.256275,1,3,3,27.484289,37.749676,21.834044,20.271254,102.351897,108.126408,22.248751,22.027195,41.026305,33.800707,20.127173,21.14291,58.249826,42.039619,24.484029,24.712005
9338,0.172878,2,4,4,2.745913,3.191823,18.636585,35.839088,11.747506,6.762611,18.541538,38.338837,7.625548,2.153238,14.581113,37.766221,2.768856,1.066984,19.893595,39.63169
9346,0.156838,1,4,4,1.724109,4.16072,21.856894,20.577114,10.096793,8.822659,21.536339,21.68155,2.69354,4.389906,21.491016,20.586086,6.282031,3.680736,22.097392,22.178295
9348,0.270873,1,4,4,3.687422,6.728312,19.115013,16.141758,13.818527,18.271116,19.191695,17.056427,7.456909,6.440914,18.077071,16.414905,7.527514,6.311426,19.526848,17.834462
9351,0.066014,1,3,0,20.308228,0,10.174778,0,45.880339,0,12.812579,0,22.371,0,9.995807,0,18.424891,0,16.07079,0
9354,0.058174,1,4,4,1.757294,5.357926,9.939811,7.886444,3.199052,13.833061,10.281045,9.031545,1.851488,6.889421,9.943879,7.327317,1.029207,5.261489,10.353406,10.273297
9355,0.064977,1,4,4,3.353527,1.692426,9.704664,10.608033,10.05881,5.120097,10.235111,10.778151,6.391735,1.634497,8.194509,10.669672,4.252565,2.143352,10.920383,10.958
9356,0.027499,1,4,4,0.042175,0.092448,22.215854,6.489017,0.251503,0.630815,22.206535,6.487358,0.096319,0.234339,22.18575,6.484222,0.103134,0.648911,22.223559,6.488859
9358,0.022483,1,4,4,0.094783,0.025267,5.60358,22.219931,0.654483,0.129293,5.601808,22.217342,0.281332,0.036799,5.596145,22.215714,0.278497,0.119062,5.604251,22.222224
9362,0.096269,1,4,4,2.928538,2.515499,12.935338,10.464837,9.004175,10.319069,13.024658,10.469588,3.840603,5.775647,12.827338,8.840816,3.315139,5.844762,13.125673,11.051806
9363,0.070095,1,3,0,7.914731,0,18.008029,0,26.616685,0,18.915053,0,11.11897,0,16.562928,0,14.560902,0,21.57234,0
9364,0.029695,1,4,4,0.614995,1.979742,21.894757,4.696788,1.972919,5.978324,22.016159,4.936361,0.783624,4.425773,21.763628,3.738603,0.89634,5.196912,22.204743,5.160244
9365,0.050766,1,4,4,2.523442,2.47321,6.823188,7.468101,5.803961,6.529055,7.398695,7.60464,2.306759,2.282461,7.015944,7.524257,3.523881,3.341514,7.651846,7.680587
9369,0.029436,1,4,4,0.520661,0.533001,21.97759,21.9667,1.689079,1.287708,22.065882,22.129183,0.855556,0.603487,21.677062,21.932916,0.821533,0.922275,22.207539,22.203258
9372,0.244675,2,3,3,19.800781,17.070237,18.775335,29.390033,65.121595,47.885281,19.888012,31.855912,27.264333,18.771129,17.255625,29.107292,28.93416,20.935679,22.62212,35.246557
9376,0.245794,2,3,3,33.057545,19.547052,15.719512,28.38477,87.466678,47.499845,18.438975,31.923897,40.294139,22.726748,14.798138,27.623832,34.197089,19.205849,22.542922,35.316221
9390,0.101034,2,3,3,15.044693,3.677453,11.4984,36.275317,33.348791,12.783126,13.902266,37.049449,16.797938,5.252617,11.259467,34.498026,13.410448,6.417985,15.722025,39.297037
9397,0.272245,1,4,4,9.225579,5.237569,14.238066,21.243429,23.835464,17.23872,15.42841,21.555899,9.616933,8.598212,14.288983,20.257435,9.734656,7.410147,16.367109,22.163223
9400,0.357967,1,4,4,7.989247,6.369682,20.971232,16.73385,18.267808,22.075023,21.768124,16.958408,5.888545,14.849541,21.543862,14.604681,6.849622,10.304883,22.193249,17.478404
9401,0.180963,2,3,3,3.470268,5.110367,34.813554,28.680852,12.837688,12.686368,34.967494,29.301785,8.75988,4.429529,32.062101,28.992204,5.61503,4.737338,35.631891,29.680154
9404,0.152774,1,4,4,1.198629,0.813502,15.394134,22.128749,4.876851,3.069825,15.396034,22.143297,1.72189,1.566268,15.326038,21.932847,1.908867,1.302364,15.467911,22.218145
9405,0.181819,1,4,4,1.370054,1.417949,16.178823,22.02886,4.716581,4.126222,16.204137,22.122327,3.055263,1.28197,15.890109,22.078762,2.315734,1.531365,16.256188,22.218301
9412,0.180739,2,4,4,6.76661,6.113165,18.543189,36.302087,34.787535,18.99578,17.737166,37.496031,14.863078,5.98103,15.220269,36.680745,21.564837,7.840966,19.909193,39.453117
9416,0.273709,2,3,3,40.606483,49.889401,22.042174,22.233015,112.698484,111.599796,25.615567,28.464331,50.632632,39.695001,20.531561,25.161403,61.06896,47.38064,32.353744,37.568816
9423,0.177159,2,3,3,6.517644,4.449948,19.309243,34.284006,23.543826,10.917078,19.50264,35.131775,17.317371,3.80541,16.303884,34.721095,10.135341,4.070745,20.116823,35.661418
9427,0.1796,2,3,3,91.744477,19.224644,7.312148,27.684318,162.626505,61.440009,11.743915,30.166428,46.384223,34.632576,11.130666,22.241509,49.420569,35.15251,20.127492,37.113207
9441,0.033935,2,2,0,2.357692,0,40.307791,0,4.890868,0,44.864445,0,2.432124,0,40.541393,0,2.059228,0,47.293735,0
9442,0.348523,2,6,0,2.53348,0,38.649397,0,14.827755,0,38.455175,0,6.333358,0,37.846333,0,5.229274,0,38.835639,0
9443,0.054989,2,6,0,0.073064,0,38.828453,0,0.393263,0,38.807605,0,0.18104,0,38.702815,0,0.236638,0,38.851516,0
9444,0.059629,2,6,0,0.954284,0,35.995686,0,3.250687,0,36.740024,0,1.03544,0,35.885883,0,1.092821,0,38.728102,0
9445,0.061067,2,6,0,0.232468,0,38.630362,0,1.459341,0,38.358668,0,0.590175,0,37.730313,0,0.385995,0,38.842396,0
9446,0.035907,2,3,3,4.807991,3.349399,31.395121,35.107919,10.129689,10.983919,37.762955,37.12202,3.635167,5.620594,34.871977,30.304638,4.341624,6.203238,42.884956,42.250999
9447,0.068949,2,3,3,5.772487,9.064613,36.101725,31.594537,17.716336,20.153606,38.449916,37.48722,9.370739,7.581292,31.853587,34.06183,10.575481,8.318219,42.505046,42.887843
9448,0.062757,2,6,0,0.502494,0,37.963326,0,2.958692,0,37.193045,0,0.930753,0,36.537791,0,1.538245,0,38.632466,0
9453,0.104429,2,7,0,28.233141,0,8.934959,0,56.413202,0,12.16748,0,23.267484,0,10.074289,0,17.020658,0,15.396044,0
9454,0.021804,2,7,0,0.492255,0,42.595751,0,2.203548,0,42.435766,0,0.954801,0,40.800302,0,1.714506,0,43.275884,0
9455,0.227212,2,3,3,47.146376,23.993583,19.378747,25.941662,98.776095,85.75844,25.943689,27.266923,35.262614,52.509781,22.747238,18.903049,31.515054,42.268138,35.338791,34.591559
9456,0.0786,2,3,3,11.674279,10.516756,18.928318,19.723649,35.200735,28.48397,21.245083,22.674806,19.851535,9.723484,15.286255,20.730223,15.822309,13.834552,26.830663,27.05005
9457,0.215629,2,1,0,30.944436,0,64.29021,0,101.662092,0,67.322005,0,58.073814,0,51.885799,0,57.537858,0,71.057277,0
9458,0.850229,2,1,0,88.744428,0,65.72122,0,324.096205,0,67.207438,0,207.329775,0,48.746648,0,201.624354,0,70.995228,0
9459,0.372278,2,6,0,29.750858,0,29.610493,0,66.218267,0,34.415011,0,24.407431,0,31.833204,0,20.504833,0,38.577268,0
9461,0.333621,2,6,0,9.318768,0,32.643989,0,56.110273,0,29.407158,0,32.821729,0,21.264003,0,29.213695,0,36.663199,0
9462,0.286451,1,7,0,1.879047,0,30.433356,0,3.317611,0,30.502546,0,1.243615,0,30.484346,0,0.559461,0,30.519747,0
9463,0.318547,1,6,0,8.388858,0,33.082652,0,43.74439,0,31.214509,0,13.2808,0,29.745474,0,27.334746,0,36.7342,0
9465,0.066843,1,4,4,0.589088,2.527676,11.117882,10.932537,1.95378,3.501749,11.121039,11.107668,3.023652,0.905001,10.876262,11.107463,0.614189,0.465625,11.126263,11.126345
9466,0.180646,1,7,0,0.171564,0,30.51778,0,1.804863,0,30.506813,0,1.531211,0,30.39398,0,1.508816,0,30.51602,0
9467,0.146215,1,1,0,44.750719,0,40.268426,0,97.387758,0,56.193044,0,51.12132,0,38.451245,0,43.592808,0,70.664623,0
9469,0.616271,1,1,0,127.24982,0,50.148796,0,320.737843,0,61.591979,0,165.039252,0,44.993293,0,162.756073,0,70.844461,0
9472,0.081297,1,7,0,32.92403,0,4.935109,0,62.0308,0,7.440279,0,20.262095,0,6.628279,0,18.824069,0,11.284983,0
9473,0.323816,1,6,0,12.382372,0,30.012507,0,50.365427,0,30.123249,0,52.581606,0,16.60499,0,36.976909,0,35.53679,0
9474,0.561949,1,7,0,14.993763,0,24.239902,0,44.923821,0,24.469532,0,19.703278,0,23.980767,0,16.644461,0,24.707424,0
9479,0.320853,1,1,0,66.280884,0,55.681541,0,184.682743,0,63.830421,0,102.407755,0,46.199516,0,103.069283,0,70.875951,0
9482,0.058654,2,3,3,10.228885,4.139167,15.955421,20.913467,13.125315,13.081533,21.787691,21.797085,3.911772,9.971358,21.328439,16.49047,3.032035,5.745842,23.401599,23.297597
9483,0.284692,2,3,3,10.485213,19.037026,36.215336,28.938894,33.953787,38.155777,37.282832,32.697526,24.995616,10.312114,30.184437,32.525916,14.569492,12.887124,39.41388,34.586655
9484,0.272167,2,7,0,4.425513,0,43.045041,0,20.296391,0,42.924451,0,5.221458,0,42.923889,0,8.610798,0,43.5415,0
9486,0.060427,1,3,3,9.625812,3.588383,18.703688,17.707612,13.220528,13.658046,25.113448,17.85711,4.510538,12.492491,23.858799,13.205514,2.768595,5.92743,27.67891,18.794798
9487,0.347217,1,7,0,0.290546,0,30.519192,0,5.828457,0,30.503647,0,4.674406,0,30.379711,0,2.670457,0,30.518424,0
9488,0.109317,2,7,0,2.466516,0,42.596813,0,14.107222,0,41.823903,0,6.239731,0,39.410556,0,9.088568,0,43.24053,0
9489,0.066596,2,3,3,22.967943,26.591171,16.217264,11.003311,51.263955,90.506151,21.977442,12.18241,16.891889,52.525911,19.534783,7.684938,18.582281,43.840017,35.334522,19.93939
9490,0.057188,2,3,3,19.764272,10.944167,11.490471,15.247859,57.528029,28.597205,13.662888,18.086338,29.4906,9.729733,9.531435,16.373283,31.42493,10.165435,19.958079,22.744564
9493,0.178373,2,3,3,61.950367,38.060866,16.157229,20.659411,137.572081,132.145194,21.95796,22.364612,45.292102,68.471396,19.524502,15.792784,49.696636,71.458943,35.343587,32.760205
9497,0.08188,2,3,3,52.971917,17.867372,8.705035,20.439363,109.120741,62.108674,12.843132,22.12585,37.646418,31.717554,10.951826,15.716486,34.493399,32.908372,23.4879,32.733975
9501,0.244362,2,3,3,33.052436,28.081654,19.544515,29.106737,113.206505,73.760586,20.77865,32.474575,54.006416,25.714735,16.37583,30.311526,71.096728,41.31531,24.743256,36.085118
9508,0.018353,2,7,0,0.905193,0,39.925813,0,2.781135,0,41.27971,0,1.190493,0,38.578486,0,1.007049,0,43.434632,0
9511,0.077891,1,3,3,9.710812,17.979809,22.978252,9.231834,25.224027,67.972009,25.164297,9.486871,8.196933,32.597389,24.162414,7.452917,9.102087,32.379457,27.549212,11.470078
9512,0.126791,1,3,3,5.406576,26.079128,25.86135,9.834335,26.343095,59.230022,25.30665,12.283728,12.625406,20.101201,22.251769,11.194963,13.480684,16.867127,27.389642,14.986245
9515,0.01142,1,3,3,5.155914,0.980736,6.345367,24.814798,12.972598,3.767822,7.174013,25.093001,4.268794,1.564699,6.802624,22.765027,4.640855,1.992846,7.922132,27.324499
9521,0.168205,2,4,4,1.493344,4.233202,34.827418,16.301488,6.523627,11.502499,34.731446,17.501425,3.338743,3.627113,32.694309,16.992349,3.863276,6.44219,35.53791,18.497072
9523,0.127824,2,3,3,13.433683,10.180346,21.624005,28.373024,41.792681,33.887599,23.372737,29.968041,16.250278,13.81057,20.702497,26.292233,30.451984,22.076399,26.41859,34.131224
9527,0.180464,2,3,3,21.541342,17.292138,30.569027,27.691545,57.965425,70.626508,34.095832,27.742048,18.076018,33.134601,32.609277,23.240574,25.077208,46.120816,38.945682,31.227683
9528,0.116312,2,4,4,1.987208,3.182515,34.885114,14.879917,4.380566,10.825557,35.439759,15.037021,2.44926,9.147529,34.634947,12.586828,1.622869,6.008639,35.682955,15.31824
9535,0.111041,2,3,3,8.46485,6.754459,30.963646,25.633727,23.13645,23.300004,34.289651,26.435691,7.601401,10.226669,32.403387,23.552666,8.812319,12.731247,39.118297,28.648673
9538,0.227279,2,3,3,21.095152,10.292635,25.75716,35.030901,56.855525,35.535545,28.877077,36.056442,18.832236,15.369362,27.108146,32.505176,21.56437,19.331711,33.206825,39.046662
9541,0.312881,1,3,3,13.443344,12.418161,21.920067,22.068072,46.824711,42.028165,22.213054,22.366006,17.702245,17.377251,21.417451,21.46604,12.971044,18.196622,23.06733,23.035371
9546,1.407292,4,4,4,7.509074,14.526549,48.561364,42.582956,28.218611,38.202964,48.67592,43.717298,11.074351,9.29353,47.957595,43.806254,15.497848,15.236345,49.218402,44.552871
9553,0.095812,1,3,3,3.951586,15.452252,25.958236,18.615274,14.857012,21.107506,26.20181,25.086814,12.917153,7.17981,20.278623,23.839183,6.417319,4.370593,27.599751,27.67954
9557,0.105313,1,7,0,61.582302,0,5.495929,0,149.66393,0,7.359327,0,59.429994,0,5.79924,0,63.306488,0,12.064548,0
9560,0.169006,1,4,4,5.151898,3.126832,15.611049,15.81842,8.778357,19.19267,15.88305,15.670177,3.284173,12.518437,15.820363,14.429391,2.929156,8.871218,15.935102,15.91536
9563,0.051617,1,4,4,1.118751,1.21662,9.523326,20.856251,5.563081,4.437983,9.438452,21.100379,2.512182,1.884856,8.922262,19.799071,1.791116,1.473098,9.689494,22.157453
9564,0.181191,1,4,4,3.667036,3.218331,15.652841,21.367257,16.225144,9.447888,15.566563,21.750177,10.949942,2.15681,13.09532,21.841653,8.115527,2.389843,16.177054,22.20931
9567,0.087523,1,4,4,2.10115,1.199882,21.793603,12.582544,4.387799,7.298031,22.101319,12.540827,1.728922,4.240237,21.952137,12.211112,1.835072,3.586653,22.21485,12.608573
9571,0.09696,1,4,4,2.044344,2.191381,21.082282,12.728502,6.283762,11.233571,21.528312,12.49606,1.82281,5.632158,21.367818,11.125086,2.156155,5.514322,22.182816,13.106797
9574,0.067791,2,6,0,0.287017,0,38.580016,0,0.718541,0,38.749829,0,0.290338,0,38.602839,0,0.332424,0,38.849131,0
9575,0.239051,2,6,0,2.915929,0,38.311078,0,13.551808,0,38.176164,0,4.473452,0,37.792594,0,7.012674,0,38.773321,0
9579,0.035348,1,4,4,0.52961,2.474161,7.66145,6.802659,7.729145,5.629224,7.143379,7.399104,2.489491,1.461287,6.874447,7.393271,3.872978,2.712507,7.649325,7.677201
9581,0.054305,2,6,0,0.188039,0,38.667663,0,1.013595,0,38.542161,0,0.462263,0,37.956868,0,0.471579,0,38.827852,0
9583,0.810889,2,1,0,110.075295,0,61.248814,0,326.338797,0,66.57848,0,197.565923,0,48.768634,0,179.78858,0,71.037413,0
9584,0.267037,1,6,0,33.967347,0,25.064623,0,90.553752,0,29.331806,0,27.601268,0,27.705136,0,51.644517,0,36.285868,0
9591,0.095989,2,7,0,13.130992,0,31.161399,0,33.949033,0,35.872221,0,11.974687,0,32.766087,0,21.1605,0,41.556905,0
9601,0.070466,1,4,0,3.357373,0,8.127419,0,8.054798,0,8.914498,0,3.638157,0,8.081419,0,2.217466,0,9.396671,0
9618,0.134505,2,4,4,1.052835,3.368534,35.003034,18.227909,4.258955,9.762785,35.024917,19.012338,2.101301,3.41698,33.630318,18.346737,2.375018,3.549204,35.601136,19.834013
9625,0.029263,1,3,0,5.847597,0,14.951406,0,12.824086,0,18.285503,0,3.974064,0,17.3791,0,5.563986,0,21.666359,0
9630,0.135674,1,4,4,1.821567,2.033577,21.69805,14.635733,5.607271,5.9228,21.913015,14.770738,3.046337,1.924793,21.071467,14.68994,2.341369,2.301779,22.198887,14.894383
9632,0.083113,2,6,0,0.260179,0,38.700811,0,1.117148,0,38.687796,0,0.298094,0,38.675424,0,0.439392,0,38.847461,0
9633,0.309395,2,6,0,25.411545,0,22.487721,0,61.062158,0,27.882494,0,35.117087,0,19.876059,0,19.621463,0,37.581422,0
9634,1.084855,2,7,0,3.04345,0,43.579589,0,18.74578,0,43.5562,0,6.143982,0,43.530668,0,0,0,43.599998,0
9635,0.424419,2,1,0,96.486489,0,54.672911,0,208.713532,0,66.850168,0,77.048768,0,61.040024,0,100.017749,0,71.106974,0
9636,0.052387,2,7,0,24.736699,0,5.094137,0,46.12265,0,7.270288,0,15.13034,0,6.613394,0,13.430562,0,9.391067,0
9637,0.104183,1,7,0,12.945023,0,9.739428,0,51.587368,0,9.864564,0,19.545999,0,8.346181,0,24.859508,0,12.912445,0
9638,0.830391,2,1,0,167.652228,0,52.0833,0,421.667263,0,63.069987,0,225.222506,0,46.040006,0,242.992357,0,70.780984,0
9639,0.272919,1,6,0,8.687946,0,36.019671,0,34.193208,0,36.212668,0,9.841027,0,35.710851,0,20.775156,0,38.346199,0
9641,0.429258,1,7,0,0.893662,0,30.510139,0,4.891074,0,30.503081,0,3.931095,0,30.374306,0,2.279889,0,30.518317,0
9642,0.175433,1,1,0,46.955452,0,43.571122,0,112.276738,0,57.130671,0,65.39434,0,36.953728,0,58.883068,0,70.405512,0
9644,0.079862,1,7,0,2.771066,0,28.775481,0,14.095986,0,28.08945,0,7.765776,0,23.982923,0,9.663241,0,29.916649,0
9646,0.262058,1,6,0,18.949095,0,30.514454,0,34.56902,0,35.991675,0,7.545102,0,36.646569,0,17.87207,0,38.440065,0
9647,0.059331,1,7,0,56.215111,0,2.653608,0,111.131831,0,4.136311,0,39.875901,0,3.399457,0,28.935536,0,8.587205,0
9648,0.388308,1,1,0,101.168988,0,49.910369,0,222.627378,0,63.896973,0,90.143393,0,54.236633,0,124.661031,0,70.876629,0
9650,0.348652,2,7,0,19.633049,0,24.955949,0,41.886766,0,27.297082,0,11.764275,0,27.102771,0,9.321763,0,28.292141,0
9651,0.250085,2,6,0,49.066781,0,14.564079,0,126.57293,0,18.587903,0,57.71103,0,13.750236,0,74.262112,0,28.303531,0
9652,0.35953,2,6,0,27.288235,0,30.081154,0,58.050371,0,34.982216,0,17.598916,0,33.984627,0,22.482022,0,38.502203,0
9653,0.757789,2,1,0,142.996508,0,53.767654,0,311.033036,0,66.332799,0,120.812236,0,59.071689,0,152.974473,0,71.082247,0
9655,0.060869,1,3,0,3.667409,0,15.803037,0,13.658386,0,15.868325,0,4.336898,0,15.716478,0,4.346208,0,16.167595,0
9656,0.102342,1,3,0,3.138904,0,18.03347,0,13.073442,0,18.030115,0,6.078326,0,17.713254,0,4.418256,0,18.177516,0
9657,0.038435,1,4,0,1.085308,0,21.64898,0,3.449567,0,21.862613,0,1.265501,0,21.54292,0,1.177759,0,22.204156,0
9660,0.04059,1,4,0,2.434491,0,7.547115,0,9.694194,0,7.594555,0,6.385041,0,5.67157,0,3.905782,0,8.359919,0
9662,0.044718,1,3,0,7.715765,0,11.705539,0,23.897193,0,12.626916,0,10.0036,0,10.955747,0,12.276921,0,14.419508,0
9664,0.085018,1,3,0,20.310994,0,7.664118,0,73.437287,0,8.07391,0,45.821455,0,5.2987,0,37.60596,0,10.542653,0
9665,0.059376,1,3,0,1.532502,0,15.999524,0,7.038239,0,15.982351,0,3.247384,0,15.794707,0,3.011298,0,16.064741,0
9666,0.033136,1,3,0,3.630824,0,18.150141,0,13.311931,0,18.674986,0,6.924561,0,15.022498,0,7.122822,0,21.53228,0
9668,0.032565,1,3,0,5.91995,0,10.571545,0,22.440627,0,10.820086,0,13.090676,0,7.994483,0,11.962992,0,12.705766,0
9670,0.131148,1,4,4,2.368367,0.527592,14.358527,22.168208,9.361538,1.890742,14.387935,22.181304,5.968212,0.69706,12.947906,22.138842,3.726041,0.87648,14.713713,22.220681
9675,0.283672,5,3,3,5.434136,5.098958,61.95711,51.23942,17.426374,20.087421,63.175542,51.374347,4.913078,7.394314,62.778157,49.952386,7.620119,10.956495,65.292993,52.779113
9688,0.226399,4,4,4,2.332574,0.936507,46.947488,48.839566,11.252602,9.370981,46.253974,47.042186,1.958207,3.299486,47.715668,45.557649,3.278673,4.991007,49.158581,48.980915
9693,2.034601,5,3,3,40.678223,29.807933,59.928321,63.247584,130.402631,117.636604,61.13237,63.408216,36.63348,43.414384,60.75685,61.652533,56.810779,64.186256,63.212189,65.212995
9699,3.564191,5,4,4,54.302521,48.714466,45.668835,44.467407,177.19048,173.922012,46.959757,45.179779,55.105375,64.938573,45.932845,43.012584,78.855714,92.90031,49.610851,47.52304
9710,0.537661,4,7,7,2.580462,1.625258,44.02726,44.300987,9.384133,9.545547,44.127126,44.114833,2.337699,3.422459,44.148911,43.770473,4.790115,4.968558,44.441798,44.439039
9711,0.123188,4,4,4,0.516838,1.633898,40.170661,19.914005,3.338382,7.055354,39.818501,19.866415,1.154215,1.624561,39.381482,19.970554,1.721967,3.002955,40.364753,20.343896
9717,0.152561,5,7,7,0.083491,0.069734,27.711573,60.889538,0.24684,0.13216,27.712085,60.897602,0.141225,0.031067,27.709863,60.897977,0.144681,0.054894,27.712538,60.899806
9718,3.441468,5,4,4,0,0,50.757001,48.606369,0,0,50.757001,48.606369,0,0,50.757001,48.606369,0,0,50.757001,48.606369
9721,0.138987,5,4,4,0.239737,0.234965,50.665282,24.212028,0.476914,0.924503,50.733889,24.212853,0.123103,0.481292,50.733718,24.184221,0.272594,0.68602,50.753613,24.219306
9725,14.386973,5,4,4,15.277847,36.102503,41.611884,41.171595,55.771436,63.566017,41.616093,41.25372,33.095321,15.178069,41.552494,41.256409,42.713287,34.587894,41.628311,41.271462
9727,1.720547,5,4,4,2.439172,3.146845,49.867156,45.852014,8.090394,10.057843,49.887443,45.881862,3.150594,2.781595,49.839609,45.874725,5.296914,4.684769,49.919893,45.924589
9729,3.128148,5,7,7,4.170296,3.559421,60.820331,57.489617,13.171235,12.062994,60.851797,57.505147,3.574205,4.779179,60.846618,57.460852,6.039363,8.03106,60.895352,57.5328
9730,1.723734,5,7,7,0.087016,0.165278,55.063639,55.063377,0.375432,0.401519,55.063629,55.063611,0.145324,0.108802,55.063489,55.063597,0.234078,0.187121,55.06373,55.063737
9731,2.296613,3,1,0,46.109467,0,70.96514,0,157.97788,0,71.075043,0,45.104774,0,71.020942,0,90.436189,0,71.196209,0
9737,0.199003,4,4,4,1.073504,1.37639,40.009056,24.912107,6.449936,10.671448,39.580676,24.347749,1.547238,2.913154,39.681705,24.250631,2.677558,4.283963,40.370199,25.078801
9741,0.557291,4,4,4,0.604855,0.310829,33.20091,40.436999,3.544936,2.575815,33.189486,40.420356,0.677952,0.740433,33.199562,40.415027,1.186812,1.291956,33.211178,40.440412
9743,0.069096,5,4,4,0.640499,0.100881,48.754327,50.69009,1.534397,0.600435,49.98763,50.622774,0.40491,0.166078,49.950565,50.603001,0.771794,0.256907,50.665148,50.745587
9744,0.392429,5,6,0,0.416799,0,38.839373,0,1.762979,0,38.838293,0,0.514617,0,38.83239,0,0.781366,0,38.85804,0
9747,0.024058,5,4,4,0.081713,0.418911,50.429153,6.897163,0.27652,1.736281,50.52987,6.896733,0.079546,0.633365,50.476773,6.861469,0.122587,0.991087,50.736242,6.922562
9748,2.790735,4,7,7,1.743947,2.97802,59.140982,55.579052,9.739984,11.110627,59.126085,55.586575,2.491314,3.737205,59.126428,55.562229,3.084323,4.892414,59.158383,55.619477
9749,0.404473,5,6,0,5.160873,0,36.864184,0,9.784844,0,38.347323,0,2.19016,0,38.462676,0,4.460237,0,38.809455,0
9754,0.713478,5,1,0,9.569566,0,71.157877,0,39.720169,0,71.156693,0,11.902512,0,71.126497,0,23.805881,0,71.198467,0
9755,0.311454,5,6,0,0.330795,0,38.83937,0,1.399202,0,38.838292,0,0.40843,0,38.832392,0,0.620137,0,38.858037,0
9756,4.181014,5,1,0,58.507384,0,71.151215,0,243.037983,0,71.149714,0,72.754489,0,71.11497,0,144.047394,0,71.198288,0
9758,0.02992,5,4,4,0.018951,0.001639,8.335343,50.756866,0.04604,0.007069,8.335362,50.756855,0.012476,0.002736,8.335362,50.75669,0.021456,0.004408,8.335371,50.756973
9759,0.38313,5,6,0,0.77909,0,38.789401,0,1.45617,0,38.844194,0,0.369325,0,38.844604,0,0.859355,0,38.857539,0
9760,0.116843,5,4,4,0.017201,0.190686,50.756141,50.674399,0.072933,0.355554,50.756091,50.738597,0.024161,0.09,50.755533,50.739139,0.039643,0.20673,50.75688,50.754213
9765,3.515523,5,7,7,0,0,60.9,57.891411,0,0,60.9,57.891411,0,0,60.9,57.891411,0,0,60.9,57.891411
9767,0.419201,5,6,0,0.066346,0,38.859446,0,0.277815,0,38.859428,0,0.082971,0,38.859238,0,0.141085,0,38.859933,0
9768,0.795392,5,1,0,10.246877,0,71.163361,0,44.581153,0,71.15567,0,13.42032,0,71.123567,0,26.429696,0,71.198494,0
9773,0.3197,5,6,0,0,0,38.86,0,0,0,38.86,0,0,0,38.86,0,0,0,38.86,0
9774,0.097457,5,4,4,0,0,50.756999,50.756999,0,0,50.756999,50.756999,0,0,50.756999,50.756999,0,0,50.756999,50.756999
9784,0.310481,5,6,0,1.638715,0,38.438878,0,6.183731,0,38.501535,0,3.549029,0,37.350851,0,4.60811,0,38.771367,0
9785,0.702004,5,1,0,8.981182,0,71.164228,0,38.960826,0,71.157155,0,12.084068,0,71.11809,0,23.605462,0,71.198429,0
9787,4.213249,5,1,0,56.349747,0,71.158291,0,244.187861,0,71.150226,0,75.55557,0,71.10567,0,146.252866,0,71.198246,0
9788,0.658257,5,1,0,8.48019,0,71.163357,0,36.894816,0,71.155669,0,11.106493,0,71.123561,0,21.872893,0,71.198492,0
9791,0.328078,5,6,0,0,0,38.860002,0,0,0,38.860002,0,0,0,38.860002,0,0,0,38.860002,0
9795,0.228099,4,4,4,1.804721,0.389298,47.801556,49.217938,5.95899,1.840774,48.287812,49.191403,2.18327,0.593108,47.413181,49.130303,3.482227,1.113865,49.14311,49.287873
9798,7.618206,5,1,0,134.708204,0,79.816374,0,715.781686,0,79.561479,0,189.110712,0,79.51941,0,420.199108,0,79.985263,0
9800,3.589695,5,4,4,10.468043,4.657385,50.510462,50.703496,21.740348,18.944135,50.689151,50.70472,4.505758,8.758858,50.711904,50.598578,11.206264,15.284958,50.748813,50.74224
9803,0.032086,4,6,6,0.204872,0.103715,38.263269,38.690932,0.55243,0.511496,38.586443,38.623017,0.141154,0.213732,38.589659,38.279138,0.490078,0.327926,38.766433,38.816226
9804,2.263805,4,7,7,4.441208,3.479372,53.015778,59.055286,18.232469,17.12952,53.016637,59.013266,4.498329,4.496174,53.027918,59.007466,0,9.741994,53.158673,59.13859
9805,0.296863,4,1,0,5.443537,0,79.756023,0,27.022349,0,79.538899,0,6.827244,0,79.565594,0,15.514299,0,79.985637,0
9807,1.600452,4,1,0,38.9916,0,79.360403,0,170.46169,0,79.218937,0,43.303193,0,79.249901,0,100.664865,0,79.972698,0
9808,0.264487,4,6,0,3.379458,0,36.859579,0,8.326248,0,38.03426,0,2.188228,0,38.001484,0,5.812888,0,38.674477,0
9809,0.040971,4,6,6,0.060699,0.523504,38.821226,36.85958,0.300045,1.2898,38.8052,38.03426,0.077665,0.338974,38.804511,38.001484,0.152939,0.900461,38.853524,38.674478
9826,0.07505,5,3,3,1.949857,1.834368,32.400936,56.555193,4.459144,3.070343,33.005604,59.968923,2.421673,0.692555,32.087482,60.167145,3.444091,1.371047,33.213784,60.811215
9827,0.230802,5,4,4,2.686266,12.271485,39.905941,29.164814,5.95452,18.8982,41.054522,37.609728,1.760846,8.633291,40.88758,33.247969,3.09701,10.395543,41.559233,40.932645
9828,0.309353,5,6,0,21.86995,0,23.996046,0,24.647908,0,35.055081,0,4.289747,0,36.77718,0,9.91001,0,38.485771,0
9832,0.567667,4,4,4,12.874644,23.31783,38.519727,32.863419,23.355948,31.024541,42.772911,41.754596,14.124428,6.985811,38.238449,42.282179,15.023654,12.97601,44.131164,44.212603
9834,0.182643,4,4,4,3.798233,6.879146,42.009471,35.840726,6.890391,9.152752,46.64798,45.537411,4.16694,2.06093,41.702716,46.112793,4.432227,3.828137,48.129284,48.218106
9842,0.779916,4,4,4,4.494868,17.329202,47.682545,41.429965,16.551556,23.405628,47.833023,47.255407,17.751202,3.474179,41.723566,48.041038,15.334873,10.331612,48.249966,48.381522
9844,3.755142,5,4,4,1.871602,1.204745,60.885229,60.893601,3.969382,3.461125,60.89581,60.896772,0.749906,1.059521,60.89767,60.895504,1.751206,1.796772,60.899625,60.899609
9850,0.997195,5,4,4,1.170332,2.461079,60.825031,60.595577,6.316237,7.192715,60.774948,60.740192,2.418256,1.405978,60.635361,60.804793,4.862053,3.533443,60.86763,60.882338
9855,1.418829,5,4,4,6.247802,3.304569,38.017981,41.54126,15.334107,12.452477,38.173412,41.555329,3.128812,4.636089,38.20613,41.477456,7.245172,8.445654,38.255239,41.616797
9857,0.180647,4,4,4,6.001044,6.274246,22.044982,36.791497,18.629252,11.63123,23.656796,44.141663,9.281058,2.736369,19.388062,44.686184,12.024258,5.449202,26.245698,47.945218
9860,0.461964,5,4,4,1.020515,0.596364,49.78799,49.876971,2.767248,2.79445,49.864141,49.862954,0.74328,1.179996,49.858688,49.762826,1.536496,1.92309,49.918695,49.914018
9864,1.056303,5,4,4,0.635169,1.085973,16.747,15.985902,3.494492,6.558353,16.746634,15.984628,1.551918,1.574319,16.745053,15.984931,2.538387,2.518974,16.747299,15.986916
9867,0.739127,5,4,4,6.902879,2.812135,40.119376,49.541179,15.886742,12.000124,41.058189,49.514711,3.885952,5.677894,41.100869,48.676133,8.584887,9.366761,41.459353,49.816332
9869,0.646564,4,4,4,3.726323,14.366208,47.682544,41.429967,13.721528,19.403671,47.83302,47.255408,14.716056,2.880155,41.723562,48.041037,12.712876,8.565086,48.249966,48.381522
9872,2.153329,5,4,4,3.477352,3.60079,56.027841,60.753598,16.043495,14.861569,56.001016,60.752951,4.498703,4.134508,55.976258,60.729421,9.717204,8.623278,56.115437,60.87772
9873,0.761396,5,4,4,6.354278,2.880388,47.241673,60.226671,16.839042,12.396214,48.307783,60.169712,4.222106,5.041277,48.346666,59.23284,9.365225,9.121992,49.01226,60.72259
9876,1.290672,5,4,4,5.469807,8.718866,49.455689,43.845735,20.450942,24.490667,49.532945,44.306397,8.280218,7.08718,49.020509,44.197058,13.627197,13.133988,49.848765,44.682614
9878,1.225359,5,4,4,15.880666,11.836212,55.412675,50.172165,26.287982,29.840197,59.694519,51.843431,7.147421,12.443361,59.568011,50.207057,14.999474,18.777864,60.71526,52.802003
9879,0.7439,5,4,4,6.390475,9.333866,58.028326,45.077006,15.511907,18.248374,59.754558,47.915264,5.069094,5.716453,59.146658,47.46489,8.445921,11.42229,60.739686,48.73473
9883,0.643548,5,4,4,15.362733,6.006805,38.196393,57.607983,22.587684,16.302829,45.625558,59.279913,5.618692,7.665547,45.734524,56.470208,12.00238,11.210489,47.220091,60.541829
9889,0.748809,4,4,4,13.16636,34.331865,50.917277,29.911475,34.017232,49.890012,54.924593,42.138739,19.652529,12.484175,46.780628,42.36583,23.758776,24.992336,58.092433,47.083101
9890,0.473283,4,4,4,3.717018,12.109498,39.58412,27.943464,14.54771,21.3412,39.658824,31.186956,8.252598,5.168767,37.455515,31.294904,12.805049,12.030223,40.172372,32.057533
9891,1.044507,5,4,4,52.541423,19.666085,33.358998,38.683615,63.829827,58.496613,45.83345,40.681218,14.581915,54.985269,46.514728,28.723603,29.300152,50.544972,49.435479,42.641933
9895,1.109207,5,4,4,20.685667,7.261353,44.547897,59.093575,41.742967,30.882541,49.785853,58.988934,10.515243,17.036339,49.875711,54.442217,22.879931,23.941816,51.948898,60.366264
9898,0.999788,5,4,4,4.463578,1.6481,50.860778,60.757499,9.939257,7.305604,51.302492,60.736232,2.118954,3.355519,51.360682,60.414482,5.297201,6.068019,51.468256,60.850969
9900,1.403955,5,4,4,4.277881,3.672834,57.067005,65.101315,13.294131,11.578356,57.238746,65.266098,4.575261,4.106004,57.058982,65.056711,6.741863,5.979813,57.44766,65.489041
9903,1.782156,5,4,4,1.218661,1.119913,41.623559,38.899806,3.055,2.963488,41.629014,38.903281,0.91335,1.047395,41.627863,38.901091,1.417083,1.80869,41.632156,38.905461
9904,7.795773,5,4,4,20.105879,20.669399,65.112294,63.504071,62.37449,64.308959,65.280142,63.670411,21.664668,22.559689,65.098756,63.480285,32.330781,32.741291,65.490571,63.88076
9908,0.303014,5,1,0,5.774369,0,79.76264,0,28.660402,0,79.55148,0,7.247892,0,79.57612,0,16.385101,0,79.986243,0
9912,0.439586,5,4,4,22.103219,9.622815,37.555618,49.922661,25.137198,18.846308,54.831137,56.975743,5.994049,15.808423,55.46384,43.704611,10.519634,16.1131,60.254153,59.500065
9913,0.359328,5,4,4,7.865902,18.06766,49.922663,37.555622,15.40539,20.547704,56.975744,54.831136,12.922155,4.899668,43.704613,55.463843,13.171205,8.598982,59.500067,60.254154
9917,0.211185,5,4,4,10.653124,4.726948,37.50454,49.637506,12.338404,9.336715,54.64165,56.780888,2.984419,7.676905,55.17066,43.540042,5.175099,7.818475,60.225328,59.475076
9924,0.366696,5,4,4,5.32618,1.560295,54.430245,60.064686,6.823974,5.06447,59.967692,60.360822,1.163687,5.070115,60.462485,55.351205,3.507738,5.210941,60.783988,60.655417
9937,5.279055,5,4,4,20.27453,27.126499,49.534383,49.255077,74.755416,79.702698,49.607421,49.566836,28.815217,23.568083,49.251093,49.460112,48.40465,41.854081,49.867213,49.881727
9953,6.325053,5,4,4,3.99327,5.652741,48.760471,48.749143,12.55859,15.42473,48.765314,48.761854,5.813918,3.987316,48.750403,48.761747,9.093273,6.615257,48.770878,48.771628
9957,0.17491,4,4,4,0.443683,0.842497,48.322107,26.35627,1.556238,2.866827,48.368724,26.396309,0.564704,0.880626,48.248344,26.359522,0.73647,1.442568,48.487377,26.468911
9958,1.834363,5,4,4,3.579678,3.186394,49.817083,46.087671,12.500137,12.547776,49.846631,46.093515,3.312055,5.068976,49.841916,46.003145,5.55879,6.210008,49.920117,46.151472
9960,0.012817,5,4,4,0.022138,0.009737,50.665048,50.737607,0.043764,0.040083,50.7341,50.737617,0.010136,0.019137,50.738224,50.694346,0.02545,0.032306,50.753534,50.751544
9963,0.07084,5,4,4,0.05342,0.000397,50.737875,50.756998,0.219863,0.00168,50.737893,50.756998,0.105262,0.000511,50.694916,50.756993,0.177738,0.000822,50.751588,50.756998
9970,0.31396,5,1,0,5.612033,0,79.809413,0,28.79066,0,79.596144,0,7.345073,0,79.606826,0,16.547437,0,79.987411,0
9971,0.267472,5,6,0,0.009938,0,38.859963,0,0.023741,0,38.859988,0,0.006487,0,38.859986,0,0.019,0,38.859997,0
9976,0.028118,5,6,6,0.000562,0.030329,38.859989,38.838757,0.002978,0.158091,38.859982,38.826779,0.001164,0.058339,38.859959,38.794175,0.001756,0.134544,38.859996,38.849621
9979,0.236474,5,6,0,0.004729,0,38.859991,0,0.025046,0,38.859982,0,0.009792,0,38.859963,0,0.014769,0,38.859998,0
9981,0.335382,5,6,6,0.884284,0.012461,38.744734,38.859963,2.191576,0.029768,38.815834,38.859986,0.394463,0.008134,38.83754,38.859986,1.089819,0.023824,38.855021,38.859995
9982,0.113872,5,6,0,0.300239,0,38.744736,0,0.744102,0,38.815836,0,0.133931,0,38.83754,0,0.370024,0,38.855026,0
9991,0.828034,5,4,4,11.194859,9.821404,55.062057,56.095277,25.946145,24.855531,58.558141,58.723868,11.965212,10.772459,54.981992,55.831905,15.627494,16.986722,60.484082,60.414295
10001,0.180751,5,4,4,2.715226,2.248509,54.117383,55.736966,6.343742,5.974825,58.065506,58.336147,2.686871,2.593886,54.735756,55.041021,3.641202,4.037678,60.430426,60.33125
10004,4.296735,5,1,0,74.226053,0,79.830506,0,393.407483,0,79.598265,0,102.527576,0,79.579572,0,228.06908,0,79.987102,0
10008,0.336435,5,4,4,10.366955,6.591696,36.977726,29.55808,14.103353,18.039813,44.002555,31.075958,3.196898,10.628343,44.349078,26.988445,7.217411,13.602826,45.546926,32.172865
10016,0.12557,5,6,0,0.135441,0,38.838759,0,0.705998,0,38.826781,0,0.26053,0,38.794175,0,0.600843,0,38.849625,0
10017,0.286756,5,1,0,4.950891,0,79.830835,0,26.240169,0,79.599046,0,6.836588,0,79.580799,0,15.212184,0,79.987126,0
10020,0.296342,4,6,0,2.079954,0,38.151775,0,8.036355,0,38.228771,0,3.767451,0,37.05507,0,5.545919,0,38.722807,0
10021,0.480285,4,1,0,8.159508,0,79.812216,0,43.505289,0,79.546464,0,11.484929,0,79.504343,0,25.585684,0,79.984647,0
10053,0.294382,2,5,5,1.748554,2.574478,15.902617,12.849648,5.345922,7.247766,15.922988,12.890657,1.61534,2.174065,15.913364,12.877806,2.560903,3.026917,15.947161,12.922524
10058,0.241658,2,5,5,1.422363,1.107401,13.28557,15.920959,5.223307,4.157621,13.291283,15.925612,1.354208,1.494795,13.290915,15.904077,2.152059,1.886803,13.312149,15.947688
10062,0.223256,2,5,5,2.329178,3.186919,15.814047,12.977935,9.941315,11.765003,15.804698,13.008272,2.880228,3.80917,15.768928,12.93594,3.559383,4.150429,15.941034,13.128264
10065,0.138915,2,5,5,1.370965,1.426402,15.827363,15.817996,6.657711,6.516243,15.783558,15.790024,1.818754,2.141534,15.763955,15.699248,2.799599,2.642314,15.936018,15.937469
10071,0.333701,2,5,5,4.022336,3.919844,34.046694,23.247561,12.78644,17.881376,34.637109,22.995885,4.094926,9.888956,34.151794,19.618502,5.401786,8.622113,35.605103,24.293025
10075,0.426984,5,4,4,17.6339,5.624194,40.667672,55.280135,21.395642,16.93412,55.904844,57.435774,4.886624,14.493363,56.737637,44.579934,9.82174,14.7862,60.299604,59.635115
10081,0.315252,5,6,0,0.309835,0,38.842195,0,1.634281,0,38.83152,0,0.431769,0,38.83002,0,0.986518,0,38.855368,0
10082,0.396851,5,4,4,5.801712,14.49665,42.568764,35.220197,16.340762,18.887777,44.055955,43.580126,9.937992,4.13767,39.386276,44.100748,12.794214,9.141589,45.283066,45.513732
10083,0.288264,5,6,0,3.590581,0,36.941796,0,15.357661,0,36.818069,0,16.214539,0,26.87011,0,13.768493,0,38.084568,0
10084,0.552123,5,1,0,10.980273,0,79.725326,0,55.888615,0,79.436086,0,16.17439,0,79.163148,0,33.577975,0,79.979327,0
10085,1.693821,4,1,0,34.529381,0,79.649756,0,176.096622,0,79.279345,0,50.902264,0,78.939055,0,105.594208,0,79.973529,0
10086,0.429785,5,1,0,20.217439,0,75.682602,0,60.047043,0,78.375363,0,14.163497,0,78.768696,0,31.727839,0,79.959532,0
10087,0.310184,5,6,0,0.557105,0,38.804175,0,2.241114,0,38.806584,0,0.466801,0,38.824157,0,2.877571,0,38.823564,0
10088,0.609828,5,1,0,14.292881,0,79.519888,0,62.644326,0,79.40751,0,16.016284,0,79.418831,0,35.606225,0,79.982049,0
10116,0.17493,2,6,0,13.72038,0,23.210102,0,28.805503,0,30.014545,0,15.911423,0,22.283967,0,12.982022,0,37.885688,0
10127,0.094565,2,2,0,4.082824,0,40.926741,0,9.510456,0,44.659769,0,3.832574,0,41.906869,0,5.004617,0,47.1274,0
10131,0.343373,2,2,0,50.350888,0,32.092108,0,96.74325,0,40.445307,0,55.07668,0,31.692577,0,38.834243,0,46.741583,0
10135,1.019051,5,4,4,1.219054,2.890701,49.88376,43.373586,4.96196,6.730143,49.884706,43.478406,2.496591,1.328646,49.775268,43.498989,3.581958,2.905404,49.91772,43.525308
10137,0.718736,5,4,4,0.859798,1.777318,49.883757,49.75498,3.499664,4.1385,49.884706,49.868704,1.760842,0.817018,49.775269,49.891869,2.526351,1.786593,49.91772,49.922435
10140,0.164184,5,4,4,0.024274,0.020712,50.756134,50.75636,0.104911,0.078817,50.756049,50.756446,0.028133,0.035511,50.755971,50.755398,0.054456,0.072654,50.756882,50.756801
10146,4.150514,5,4,4,0.523591,0.613634,50.756359,50.756133,1.992475,2.652119,50.756448,50.756054,0.89771,0.71119,50.755403,50.755975,1.836678,1.376636,50.756799,50.756887
10152,1.055723,5,4,4,12.522056,14.273179,56.095281,55.062063,31.690213,33.080718,58.72387,58.558146,13.734629,15.255362,55.831909,54.98199,21.657668,19.924686,60.414295,60.484082
10160,3.052486,5,4,4,1.875652,2.542314,49.915144,47.573282,5.439464,6.887848,49.921152,47.583711,2.293712,1.83241,49.911256,47.583139,3.849163,3.040196,49.926106,47.591449
10182,8.704079,5,4,4,5.308169,6.896726,41.625306,41.620671,13.970749,16.149884,41.629422,41.628448,5.572626,4.349657,41.62542,41.628078,8.520106,6.544488,41.631989,41.632192
10219,1.202973,4,4,4,1.352268,0.412987,59.091695,59.152802,4.382051,3.551837,59.116619,59.130873,0.583573,1.75362,59.14755,59.059757,1.392746,1.543928,59.157912,59.157461
10232,2.876822,5,4,4,0.452442,0.948373,60.898349,60.893263,1.904565,1.926047,60.898278,60.898242,1.552418,0.636586,60.884588,60.897166,1.976966,0.98159,60.899215,60.899794
10234,1.18205,5,4,4,0.185917,0.389686,60.898346,60.89326,0.786573,0.795381,60.898259,60.898222,0.637887,0.26158,60.884586,60.897162,0.812462,0.403475,60.899213,60.899793
10258,0.792927,5,4,4,1.355965,1.651083,60.747282,49.369985,3.830198,5.14712,60.825094,49.423384,1.28716,1.552758,60.775733,49.396392,2.363769,2.400632,60.887278,49.489022
10312,0.49305,3,4,4,3.172079,1.53678,46.536251,47.282103,7.350576,6.584672,47.195778,47.261442,2.178666,2.266084,47.089055,47.054345,3.877809,3.813465,47.504624,47.506038
10320,0.091015,4,4,4,1.263929,0.653118,38.161782,39.712622,2.423593,2.33494,39.83811,39.877827,0.781415,1.108948,39.533742,38.771785,1.451382,1.356463,40.342659,40.354685
10329,2.729992,4,3,3,437.861554,147.768973,27.524295,40.39769,669.512591,514.703084,39.437877,41.931712,125.529283,394.457856,42.375873,29.546319,235.285198,369.184281,47.59291,46.502639
10343,0.721803,2,4,4,21.883654,7.786409,32.370624,38.020613,36.228528,29.020717,37.652076,38.275311,9.741558,28.118406,37.500384,30.663968,12.28353,18.701037,39.525183,39.375631
10363,0.185516,2,4,4,5.099242,2.415394,20.077627,21.971379,16.265411,14.37857,20.962577,21.293578,4.243417,6.967456,20.919826,18.917891,6.477568,8.313116,22.52534,22.451498
10370,0.24529,1,4,4,4.583469,2.517578,15.223607,21.900052,14.200017,7.227838,15.546898,22.057788,8.514974,2.243635,13.970892,21.988059,5.974554,2.801996,15.946631,22.213053
10374,0.449603,2,3,3,10.09261,12.753967,35.157111,34.556233,35.575322,44.042551,35.449689,35.027561,15.174344,10.414331,34.170051,35.210896,20.450624,19.131496,36.228082,36.244893
10448,0.440205,4,3,3,5.909544,13.767244,47.579988,40.675268,26.882626,26.82889,47.400205,42.79793,16.333402,7.971727,43.966607,42.55931,23.13805,17.06911,48.134289,43.444498
10456,0.510235,4,3,3,10.515016,32.01566,46.549553,36.181808,43.096806,61.526074,46.56483,41.485722,32.573083,13.676571,39.310929,42.069307,36.188042,26.898052,47.863535,43.93216
10500,0.882853,4,4,4,8.133424,3.468546,34.659423,40.202068,22.941083,16.364692,35.119336,40.132525,4.703102,7.664417,35.274502,39.515596,10.722612,13.675628,35.515378,40.348007
10535,0.60001,5,4,4,1.742484,3.335051,41.494201,34.161631,5.469968,7.202688,41.549589,34.376523,1.68162,1.889328,41.516356,34.373185,3.52023,3.917307,41.617225,34.449226
10536,0.234674,4,4,4,3.441961,3.180616,21.83335,25.685882,8.883553,9.05985,22.65862,26.191645,3.031372,2.51406,22.242157,26.113657,5.669935,4.582021,23.109692,26.614677
10544,1.272078,5,4,4,5.753421,14.937894,55.903551,52.019948,20.818304,28.566417,56.090635,55.539565,13.724777,5.439369,53.005394,56.069926,19.574434,12.961175,56.508632,56.642997
10566,3.102694,5,4,4,6.974627,15.619729,48.249604,47.768787,30.976171,36.177399,48.228915,48.17593,16.30372,8.181988,47.784986,48.220832,24.748588,17.657753,48.340464,48.360497
10580,6.938804,5,4,4,6.352615,3.256687,50.729372,49.659835,13.653091,15.992208,50.748956,49.656954,3.281163,7.181311,50.749924,49.637808,9.72827,7.155917,50.755211,49.66614
10594,3.932275,5,4,4,2.658172,1.222204,50.741464,48.861676,5.325358,6.58478,50.753045,48.859586,1.352627,2.98998,50.753138,48.849365,3.809145,2.986873,50.756116,48.864305
10614,11.296642,5,4,4,1.86415,0.744521,50.755935,50.756816,3.907647,4.766594,50.756704,50.756569,1.000517,1.890538,50.756707,50.756019,2.602565,2.293801,50.756943,50.756954
10668,2.277552,5,4,4,10.585644,2.838348,59.293468,60.232962,17.086242,13.008489,60.144494,60.214175,3.85538,8.706099,60.182455,59.681306,7.250412,9.762665,60.301046,60.290523
10680,0.604556,5,4,4,0.783713,0.466273,50.703574,50.737041,1.975241,1.966753,50.735937,50.736107,0.434906,0.924906,50.74131,50.69139,1.049133,0.890411,50.754314,50.755034
10730,1.903044,5,4,4,33.278985,60.680974,44.720538,32.863497,124.014633,162.107863,45.421311,37.600986,50.556844,46.312467,41.565212,36.548527,67.597093,62.935176,49.168985,44.205315
10766,0.701399,4,3,3,13.22908,12.196193,37.28687,44.106784,55.821708,41.557291,37.235793,44.45132,16.938587,13.429884,36.826887,44.020735,21.960836,20.783007,38.284198,45.198464
10776,0.627279,5,4,4,3.75848,2.328481,50.497689,40.786257,19.722715,20.233198,50.349431,40.592901,4.017935,6.763174,50.492988,40.42201,6.150448,9.229538,50.737709,40.821247
10780,0.814093,4,4,4,12.534654,5.829116,40.680555,41.48918,54.178887,45.97528,40.580541,40.886892,11.484959,16.770287,40.932111,40.111068,20.969535,28.674079,41.651141,41.587801
10870,0.421374,3,3,3,31.451324,19.383252,36.742388,39.748347,81.387252,72.906526,39.656728,40.14322,26.020606,37.487534,38.470054,35.769543,39.760429,48.500727,42.258485,42.091018
10882,5.269306,5,4,4,1.413847,5.648996,60.895439,60.836838,7.688098,9.085226,60.892268,60.889388,4.788992,1.780408,60.858554,60.893661,7.715582,5.323248,60.896703,60.89837
10892,0.535444,5,4,4,7.547355,18.028567,42.747285,36.07982,21.261419,24.131473,44.159838,43.771312,12.339035,5.379066,40.049543,44.204501,16.39264,11.997728,45.328251,45.527149
10896,0.333844,5,4,4,11.240617,4.705695,36.079819,42.747282,15.045713,13.256265,43.77131,44.159837,3.35379,7.693256,44.204501,40.04954,7.480454,10.220633,45.527147,45.328252
10910,0.996192,4,4,4,9.791131,15.039679,46.414116,44.363345,26.410081,29.520474,47.501874,47.282924,14.528402,6.663411,44.901543,47.535312,20.734938,14.147825,48.221763,48.364767
10914,1.084108,5,4,4,1.686756,0.7767,60.772223,60.87058,5.169371,4.511861,60.826901,60.843505,0.992215,1.709171,60.858,60.782404,2.539791,3.597669,60.891944,60.884402
10920,0.885717,4,4,4,50.825926,12.189331,25.655722,44.906219,79.827859,50.874585,35.731932,44.83065,15.019076,29.308277,37.928782,37.988181,34.408937,40.112647,41.017356,47.341516
10936,1.136862,5,4,4,12.001008,2.696353,56.889442,60.617438,23.185358,17.57594,59.799489,60.235962,4.552195,15.211699,60.227098,55.614202,10.247429,18.711404,60.796313,60.577875
10962,0.554245,5,4,4,7.326313,2.74548,43.041745,36.399092,18.232259,18.849131,44.612898,35.896348,3.895725,12.239832,44.941429,32.609559,8.383392,15.151305,45.659153,36.477824
10972,0.281109,3,4,4,7.114318,2.632781,24.478729,38.459546,21.1084,12.296626,25.879985,38.170292,5.290623,5.038113,25.966745,36.500608,9.158023,9.12237,27.701774,39.264156
10996,0.056787,3,4,4,1.88123,1.069191,11.951842,35.95836,9.226469,3.356429,11.632416,37.214473,4.378186,0.841025,9.919671,37.313445,6.107476,1.361379,12.603233,39.43028
11020,0.381202,2,4,4,3.352155,9.055767,31.131115,20.43047,15.874995,26.445226,30.955844,21.704688,7.747165,6.451401,29.432433,21.85417,10.662847,10.78469,31.582586,23.242928
11091,0.297953,3,3,3,5.703668,3.898861,45.77712,40.31102,14.906755,14.67002,46.755287,40.399163,5.005534,7.210761,46.269849,39.312758,5.730579,8.509426,47.492704,40.806022
11130,0.411582,2,3,3,20.935776,15.117588,34.252944,26.895608,56.474283,77.10424,36.698697,26.009864,18.303475,37.292995,35.492096,22.050133,20.514034,39.693856,39.425251,28.601786
11138,0.162936,1,4,4,0.305516,4.447293,13.98032,14.805493,4.05194,3.63933,13.932261,15.732467,2.353115,0.984624,13.681493,15.728216,2.507837,0.965635,13.977557,15.770176
11150,0.573682,2,4,4,4.949839,6.247456,25.103046,30.845438,16.01371,17.680953,25.305396,31.287664,10.714367,5.888157,23.60003,31.013389,6.581198,5.174476,25.603884,31.730243
11154,0.598299,2,4,4,4.725139,3.271497,27.777143,35.337602,18.022862,13.270817,27.864427,35.347474,5.8161,5.015451,27.563502,34.988636,8.676973,6.03081,28.33907,35.665743
11160,0.321389,2,3,3,7.995099,7.927287,33.885758,33.905297,38.55454,42.4022,33.472871,33.173491,13.271268,15.328048,32.417079,31.733094,14.940287,12.378178,35.075414,35.115198
11174,1.250012,3,3,3,74.310384,45.460783,33.362383,37.336489,184.576967,154.953963,37.425622,38.418404,57.783981,79.522342,36.050515,33.259511,71.135377,94.338035,41.191291,40.959102
11203,0.603613,3,3,3,36.194744,27.128742,29.642815,31.874195,114.775606,113.25573,31.686308,31.779316,42.187027,51.248247,28.796637,26.961994,49.627086,54.292822,36.061589,35.968124
11209,0.571897,3,3,3,58.872703,31.515581,30.221336,39.150904,143.321107,122.166057,35.795763,39.733518,58.370757,66.286226,30.968443,31.332137,63.003041,61.186255,42.685509,46.173806
11217,0.49092,3,3,3,49.14971,30.470208,30.25629,35.257247,117.457526,110.907934,35.863323,36.369407,52.425904,60.210934,30.173343,28.5994,53.280818,55.470683,42.198149,42.118152
11241,1.529509,3,4,4,13.521695,24.367898,38.57394,32.540909,56.342946,72.194846,38.55125,33.887392,25.73452,27.803004,36.791659,32.14481,30.502747,29.25628,39.494396,35.530786
11249,0.993597,3,3,3,50.682719,41.541703,37.298677,37.36301,135.379908,138.092325,40.167292,38.557162,58.431594,67.324943,36.592223,34.126627,68.371896,71.49844,43.11235,41.267308
11255,0.591634,3,4,4,7.315976,7.481952,26.974225,34.201266,19.239553,15.802959,27.762608,35.240214,10.846802,5.473476,25.858764,34.911982,7.866514,6.171113,28.284258,35.666206
11363,0.605476,3,4,4,3.599554,8.994077,39.122526,37.078126,23.703976,27.787325,38.427937,38.044493,11.170427,6.290717,36.35957,38.35915,12.936209,9.990269,39.472908,39.541072
11365,0.959956,3,4,4,2.944999,8.031252,39.49574,38.673683,16.157634,19.466642,39.38602,39.276908,9.203228,4.932521,38.527816,39.286936,9.179693,7.296192,39.611162,39.624871
11381,0.385005,3,4,4,2.714353,3.076702,29.897986,38.750006,17.402223,13.353158,29.354695,38.661932,5.008082,2.753315,29.132167,38.984662,7.686176,6.591999,30.216822,39.533207
11389,0.518607,3,3,3,10.673726,21.006882,41.918657,41.865768,41.160033,45.673279,42.087761,45.411544,28.498772,15.50417,36.98254,44.198985,26.352701,18.828059,43.20836,47.359967
11459,0.333883,3,3,3,21.731342,13.729311,37.432901,41.748428,42.069076,39.712616,43.757643,44.078319,15.550225,24.209055,41.202833,36.878945,20.67273,23.479759,47.036339,46.901194
11508,1.335749,3,2,0,45.919551,0,40.44707,0,230.830676,0,39.14028,0,132.587792,0,31.371626,0,155.285899,0,42.994191,0
11531,3.018821,5,4,4,21.960602,73.063285,44.791784,39.194039,148.232796,176.611299,43.463764,42.709112,76.88155,34.735193,39.246228,43.795321,136.91436,84.951477,44.855356,45.393484
11604,6.363096,5,4,4,1.541427,1.541427,60.89625,60.89625,4.947587,4.947628,60.897663,60.897663,1.728424,1.728445,60.895819,60.895819,2.511342,2.511342,60.899729,60.899729
11626,4.947646,5,4,4,5.617864,6.809193,45.749177,44.502636,21.864698,26.172783,45.752301,44.507666,7.309498,7.945143,45.734447,44.494315,16.787162,12.294567,45.772888,44.539947
11666,11.196894,5,4,4,17.822402,11.58694,65.355256,65.447008,34.254573,38.258448,65.481045,65.471965,10.809735,15.39578,65.462571,65.407825,21.992757,19.499572,65.512876,65.514332
11694,6.666695,5,4,4,7.846964,14.78343,41.607436,41.549337,31.715406,34.260055,41.608307,41.604493,15.384696,9.401272,41.552012,41.60082,22.433016,19.453994,41.627182,41.628443
11713,7.951964,5,1,0,151.536047,0,79.762642,0,752.131323,0,79.551482,0,190.205503,0,79.576125,0,429.992138,0,79.986247,0
11727,1.191392,5,1,0,22.83585,0,79.757872,0,113.120993,0,79.545607,0,28.568473,0,79.572524,0,64.674656,0,79.986053,0
11728,0.980482,5,1,0,17.337277,0,79.816368,0,92.122856,0,79.561477,0,24.339012,0,79.519407,0,54.080653,0,79.985262,0
11729,0.146848,5,1,0,2.465933,0,79.846241,0,13.150025,0,79.62745,0,3.362733,0,79.63441,0,7.560746,0,79.988393,0
11770,0.308877,3,4,4,2.907045,1.081348,28.019221,39.452379,11.642843,7.842395,28.051694,39.086143,2.229903,2.76201,28.308186,38.6573,4.067412,4.042369,28.59888,39.579665
11777,1.083367,4,4,4,2.446182,3.957592,40.357939,40.232715,29.219883,33.722135,39.823873,39.640897,8.598636,6.151965,39.652944,40.013687,13.013725,10.467599,40.384254,40.4041
11786,2.731449,5,1,0,35.425187,0,71.162503,0,154.086452,0,71.154665,0,46.383081,0,71.121852,0,91.263747,0,71.198458,0
11787,2.755965,5,1,0,35.743147,0,71.162505,0,155.469454,0,71.154671,0,46.799392,0,71.121858,0,92.082887,0,71.198461,0
11799,0.486372,5,4,4,3.860197,8.900015,48.462191,34.349445,15.067135,22.604511,48.593363,36.513441,6.557465,5.866294,46.69697,36.485026,9.239904,9.033822,49.689353,38.061574
11801,0.288754,4,4,4,2.364378,4.051482,46.973716,44.797714,9.226827,10.477681,47.11016,46.767273,4.027132,2.718604,45.142761,46.740332,5.649005,4.221406,48.252322,48.357125
11821,0.244605,4,3,3,4.215587,5.847664,27.197596,38.832216,17.485518,17.927935,27.191685,39.4491,7.633578,4.987428,26.439296,39.313256,13.103211,8.312158,27.500331,40.237381
11882,1.346449,5,1,0,32.447915,0,79.472628,0,137.931914,0,79.41298,0,71.53609,0,74.856994,0,102.325842,0,79.955256,0
11888,2.728299,4,4,4,35.277616,49.445852,57.204924,53.545466,78.82799,78.426791,61.195376,61.216595,47.080816,28.876159,54.81186,59.269226,37.125439,39.133722,63.372963,63.344402
11899,1.307661,2,1,0,63.094323,0,66.732457,0,224.958547,0,68.210528,0,166.352589,0,47.665194,0,171.443217,0,70.911307,0
11900,1.348492,2,1,0,187.020807,0,44.031564,0,283.301966,0,66.02817,0,79.864748,0,64.701611,0,130.749145,0,71.097473,0
11906,0.779278,3,4,4,6.163437,11.736407,42.450321,34.625177,57.086661,84.446984,39.308183,31.129699,17.207473,23.072608,38.240938,30.63387,27.21168,29.447652,43.021904,36.857538
11908,0.254809,3,4,4,5.082579,5.900113,22.00055,37.447723,109.409679,47.067098,10.955804,31.048243,47.102171,10.977399,8.072223,32.107553,34.228655,13.290628,21.802932,42.41121
11948,0.762331,3,3,3,11.801578,31.238309,38.910734,34.359208,50.457559,65.876718,38.85902,36.558883,29.496812,17.75875,36.507766,36.464546,38.946107,30.901523,39.436157,37.531241
11975,1.372349,3,1,0,203.716225,0,43.613814,0,358.447265,0,63.474861,0,96.883684,0,62.580431,0,157.583615,0,71.046173,0
12017,0.270959,5,4,4,0.414054,0.20771,50.684057,50.737269,1.284601,1.098121,50.714327,50.725305,0.273986,0.506254,50.727064,50.661252,0.648846,0.967068,50.752049,50.746435
12025,0.808417,5,4,4,16.744604,5.506784,50.614937,58.964245,35.560286,28.541995,56.813538,58.037307,7.15648,19.132761,58.155218,49.655276,15.954733,26.08989,60.447997,59.785529
12029,0.384711,5,4,4,3.270525,5.686172,44.478084,42.513561,14.323322,17.668041,44.33033,43.70696,6.836941,3.720984,41.815865,44.304405,11.29479,8.30471,45.361916,45.54419
12039,0.500531,2,3,3,29.938921,29.129221,31.006216,41.802011,100.859728,73.697168,32.079881,44.770217,53.189233,28.104401,27.105218,42.496867,54.69351,24.377455,34.50787,47.380356
12047,1.599754,5,4,4,3.675633,3.484389,16.741127,16.741742,19.980375,19.129767,16.736706,16.73756,4.08411,3.924721,16.740517,16.741025,10.498898,10.463898,16.746151,16.74616
12057,0.070133,5,3,3,3.535105,1.486492,25.105345,30.259335,7.092845,5.87314,29.681724,30.400556,1.674581,3.961102,30.030796,24.637297,3.650708,4.650115,31.946025,31.75391
12105,1.269725,3,4,4,21.529188,46.716714,35.948589,26.721462,123.854106,161.806162,33.723388,28.50068,57.265224,42.075577,28.279157,28.388219,71.920266,60.593017,38.370933,36.973169
12112,0.443904,2,2,0,65.092226,0,32.092109,0,125.066982,0,40.445307,0,71.201602,0,31.692576,0,50.203827,0,46.741585,0
12113,0.43637,2,2,0,130.234142,0,15.690695,0,233.970425,0,22.932644,0,140.408254,0,15.541466,0,83.366184,0,30.483951,0
12114,0.045261,2,6,0,3.549941,0,23.210103,0,7.452988,0,30.014546,0,4.11684,0,22.283969,0,3.358902,0,37.885688,0
12136,0.254022,5,4,4,3.209661,2.722861,46.736274,47.482967,9.847507,5.719528,47.960769,49.17435,4.083192,2.076745,45.691579,48.531099,5.55107,3.842624,49.618069,49.772277
12181,0.134734,5,4,4,0.88748,1.199313,48.873705,48.140265,1.857802,3.973334,49.622934,48.704446,0.71165,1.49813,49.290568,47.564634,1.476929,2.198583,49.842978,49.74849
12220,1.154228,5,4,4,49.67396,15.21713,40.017947,55.27267,59.013495,45.987935,55.751245,57.409876,13.242349,40.841359,56.721452,43.951361,26.727083,40.96491,60.292196,59.578291
12254,0.486321,3,4,4,0.435534,0.139466,15.948929,15.949876,0.805915,0.713574,15.949765,15.949814,0.154858,0.335935,15.949865,15.949413,0.158319,0.399836,15.949996,15.949974
12274,3.7554,5,4,4,10.431422,19.245444,60.520282,57.006204,26.730463,31.856984,60.744142,57.883231,16.253017,10.910268,60.123856,57.744078,13.380038,13.156757,60.882155,58.059854
12360,0.314693,5,4,4,2.940497,0.727695,29.223463,41.542488,5.720476,3.190325,29.677132,41.531179,1.194527,2.53683,29.721036,40.809938,3.077489,3.556594,29.789449,41.579548
12362,0.172498,5,4,4,0.59872,0.755767,41.439183,41.333775,1.728938,1.775189,41.533338,41.528272,0.499401,0.607419,41.509033,41.454072,1.110453,1.117638,41.614281,41.614057
12370,0.567974,4,3,3,3.173763,10.403063,50.708871,45.230307,11.88614,16.205039,50.743075,46.407937,9.428361,3.49945,49.528904,46.473812,12.797645,8.62777,50.832483,46.611839
12373,0.315359,4,3,3,1.762185,5.293681,50.708874,49.352602,6.599604,8.243671,50.743075,50.652249,5.234959,1.780121,49.528906,50.726591,7.105704,4.38825,50.832487,50.883912
12442,0.111147,5,4,4,0.174866,0.085816,50.679926,50.737002,0.530687,0.451235,50.713752,50.725202,0.112524,0.211465,50.726996,50.657915,0.2694,0.403587,50.751933,50.746086
12477,1.188968,5,1,0,54.971177,0,75.885168,0,166.028912,0,78.378053,0,40.037586,0,78.679581,0,87.822254,0,79.959458,0
12480,1.264288,5,1,0,58.453586,0,75.885165,0,176.546794,0,78.378052,0,42.573954,0,78.679583,0,93.385768,0,79.959456,0
12481,1.20742,5,1,0,31.132271,0,79.338235,0,153.250034,0,78.806774,0,61.299157,0,75.449758,0,100.944532,0,79.937759,0
12483,0.217086,5,4,4,4.543482,10.19963,53.319952,40.314595,9.028418,11.892612,61.004371,58.702323,7.359834,2.876842,46.787344,59.275953,7.497738,4.976384,63.976933,64.785533
12493,1.265035,4,4,4,21.393732,32.978025,39.169252,39.907471,63.833186,60.503447,40.922431,45.751724,21.932983,13.666246,39.37779,46.279333,45.284281,30.013281,42.893859,48.144568
12513,0.211559,4,4,4,1.47642,0.971994,32.014189,32.214365,2.377184,2.756469,32.320975,32.300336,0.457196,1.344601,32.348038,32.104228,0.865658,1.041118,32.380999,32.37932
12517,0.052186,4,4,4,0.139746,0.246808,32.323219,32.204872,0.926661,1.185834,32.233459,32.144807,0.284534,0.239205,32.173859,32.232361,0.549745,0.464124,32.360919,32.367532
12520,0.080163,5,4,4,0.138226,0.073881,33.310335,33.329225,0.640829,0.529642,33.303493,33.313801,0.176286,0.168697,33.298854,33.301946,0.240962,0.204706,33.335249,33.335848
12526,0.468048,4,3,3,4.818369,4.501472,50.266198,45.410839,11.205153,12.488459,50.692679,45.62617,3.215033,5.156693,50.641243,45.34567,6.550041,8.314572,50.883543,45.782297
12615,3.191983,4,1,0,146.68061,0,78.640284,0,581.284431,0,78.798735,0,164.395816,0,78.369081,0,310.802658,0,79.969545,0
12616,1.403756,3,1,0,28.183429,0,70.96514,0,96.560613,0,71.075043,0,27.569331,0,71.020945,0,55.277191,0,71.196212,0
12618,0.152709,3,1,0,3.065967,0,70.965138,0,10.50446,0,71.07504,0,2.999162,0,71.020941,0,6.013394,0,71.196212,0
12620,0.155369,3,1,0,2.43287,0,71.100028,0,10.307003,0,71.089719,0,3.619377,0,70.879114,0,6.48042,0,71.195377,0
12621,2.381148,3,1,0,37.285536,0,71.100021,0,157.962454,0,71.089714,0,55.469642,0,70.87911,0,99.317243,0,71.195376,0
12622,1.150224,4,1,0,34.613071,0,70.419857,0,155.932744,0,70.152204,0,100.58716,0,59.234841,0,127.331509,0,71.085339,0
12624,0.361173,2,6,0,4.781902,0,36.739863,0,16.612727,0,37.260942,0,3.869513,0,37.509161,0,8.389511,0,38.654219,0
12625,0.932854,2,1,0,211.379951,0,41.905471,0,356.117899,0,63.02741,0,90.93001,0,63.153374,0,165.665453,0,70.996275,0
12626,0.205345,2,1,0,14.865499,0,66.72945,0,72.084863,0,64.449917,0,58.938622,0,37.598461,0,49.508125,0,70.625093,0
12627,0.23896,2,1,0,24.115155,0,52.090942,0,55.221792,0,64.649411,0,20.590799,0,57.315195,0,25.917761,0,71.049188,0
12630,0.666733,3,1,0,45.032872,0,62.339217,0,143.411568,0,66.387409,0,73.718517,0,52.520522,0,85.340505,0,70.976765,0
12643,0.284456,3,7,0,9.972618,0,42.910025,0,26.450946,0,45.209406,0,7.014347,0,45.087719,0,13.027082,0,47.256427,0
12644,0.07789,4,4,4,6.124426,15.366581,11.994375,7.437867,19.571204,38.039892,13.312142,9.844696,9.384427,18.141845,10.056424,6.978227,9.065824,13.672182,17.376064,16.565563
12646,0.057883,3,7,0,0.872267,0,46.381149,0,3.407915,0,46.485256,0,1.511105,0,44.848003,0,2.372286,0,47.31146,0
12660,0.185568,2,2,0,12.275361,0,40.74356,0,29.47497,0,44.413138,0,12.308673,0,41.207588,0,14.0323,0,47.163811,0
12668,3.500494,5,5,5,1.221257,1.833477,40.19567,41.626252,7.18865,8.875175,40.193168,41.624002,2.277013,1.314878,40.190693,41.629518,5.320778,4.398113,40.197023,41.631552
12675,6.47033,5,5,5,1.232929,1.164351,32.829589,33.337069,2.655321,2.629279,32.82991,33.337364,0.629727,0.777795,32.829928,33.33732,1.417492,1.489364,32.830026,33.337481
12687,1.293461,5,5,5,0.179321,0.136173,49.926653,49.926998,0.763343,0.651804,49.926596,49.926829,0.167051,0.229067,49.926837,49.926289,0.345696,0.385309,49.927415,49.927396
12692,0.499177,5,5,5,0.07473,0.101379,49.926519,49.925751,0.384032,0.417081,49.926008,49.925755,0.118355,0.094418,49.925393,49.926132,0.255192,0.239902,49.927209,49.927244
12696,0.998565,5,5,5,2.309774,5.582428,33.282586,30.072525,12.067828,14.902842,33.251406,30.202953,5.235354,3.107961,33.107837,30.236171,4.44405,4.67768,33.331994,30.298097
12697,1.671314,5,5,5,2.11841,2.321187,45.777204,49.860234,7.227702,6.342636,45.790555,49.89657,1.847623,1.632233,45.790899,49.896528,6.991699,8.143329,45.809078,49.906421
12701,2.812501,5,5,5,8.869221,6.160415,49.612583,47.264552,30.112346,28.859938,49.70801,47.225794,7.033771,10.873218,49.744249,47.036191,15.55646,20.484233,49.900689,47.364366
12702,3.00079,5,5,5,6.305689,5.718975,60.639381,57.219325,17.44666,19.356283,60.776751,57.277523,4.931411,6.262177,60.752651,57.206985,10.242066,10.181782,60.880924,57.389373
12703,2.462457,5,5,5,5.459282,1.416971,56.453562,60.8775,8.688399,6.840001,56.655169,60.869577,1.683113,4.818348,56.671344,60.695279,4.09482,5.574105,56.689852,60.891252
12704,1.07899,5,5,5,0.446902,2.221479,52.074157,51.915898,2.566438,3.185864,52.067632,52.060444,2.148782,0.551368,51.942871,52.071675,2.552376,1.533466,52.0757,52.079226
12722,1.460057,4,5,5,0,0,36.12071,40.443,0,0,36.12071,40.443,0,0,36.12071,40.443,0,0,36.12071,40.443
12723,0.279591,4,5,5,3.887463,14.327178,37.867763,15.771957,12.795064,25.108769,38.65665,21.404195,6.119494,6.74833,35.795912,21.169353,8.355566,11.873909,40.06925,24.534502
12727,0.750335,3,4,4,4.821509,22.807286,46.538441,27.102006,23.520631,39.158392,46.184626,34.232444,15.630173,7.825947,41.478043,35.357925,18.775791,16.823315,47.149666,37.091234
12728,0.487067,3,4,4,7.635095,3.118679,43.132813,46.544857,14.243004,11.787804,46.341675,46.688127,3.071706,7.398976,46.667232,43.678403,6.634606,8.890318,47.42181,47.327751
12729,0.260948,3,4,4,3.258486,3.647705,29.369398,43.828266,10.75404,7.664389,29.849043,46.332255,5.381941,1.811862,27.717722,46.501093,6.695761,3.688583,30.6099,47.412551
12733,0.231825,3,5,5,0.823608,2.399768,39.418476,25.529063,3.505783,6.22154,39.403673,25.940661,1.668467,1.400127,38.886426,26.004159,2.569931,3.010533,39.591347,26.181322
12737,0.454331,3,4,4,4.042892,6.887756,38.561499,29.587342,14.958777,20.953677,38.749063,30.366915,5.45202,5.575791,37.99848,30.296823,9.120768,9.669535,39.492448,31.328947
12738,0.500521,3,4,4,5.433886,10.339762,38.114521,25.591071,19.53203,28.435781,38.434768,27.515414,6.985643,7.493479,37.527646,27.424505,11.873731,14.584867,39.434554,29.328132
12740,0.402492,3,4,4,6.199977,3.749309,36.92686,29.906346,14.69773,15.272974,38.567977,29.920846,3.347378,8.694045,38.777261,27.723995,6.359903,11.732684,39.549604,30.440691
12741,0.227762,3,4,4,2.674735,10.24353,37.896761,15.821846,13.05543,27.151949,37.331305,18.507333,6.550913,6.14443,33.577109,19.178436,8.293945,11.115483,39.172939,22.282784
12743,0.658767,3,5,5,1.660881,1.497353,31.685944,27.703648,4.884932,4.658001,31.716108,27.718653,1.345028,1.786756,31.711421,27.694274,2.0252,2.172949,31.747299,27.737285
12746,0.395451,3,5,5,2.200016,4.734458,31.467552,22.64668,6.088259,10.343064,31.615434,23.32039,2.860341,2.378417,31.337757,23.373551,4.031777,4.098323,31.723685,23.559795
12749,0.745968,3,5,5,11.348792,6.032581,14.350133,15.871015,31.197055,16.916549,14.487605,15.911649,9.618601,9.763331,14.438695,15.776176,13.084739,5.080191,14.592983,15.948336
12760,0.408101,3,5,5,8.765439,7.29714,28.881729,21.791335,26.044033,26.570185,30.023409,22.176559,7.606992,13.780431,29.632551,19.075584,14.06393,13.61445,31.489484,23.597584
12761,0.508517,3,5,5,1.714858,1.839475,31.639156,24.918025,6.491335,8.235299,31.655394,24.90131,1.808483,2.755643,31.639987,24.824862,3.378735,4.077445,31.73832,24.99593
12775,0.893056,3,5,5,1.785103,1.194063,31.708703,31.730727,6.08211,5.777489,31.721152,31.723829,1.980032,2.450539,31.704908,31.682525,3.066949,3.274885,31.746663,31.746221
12776,0.612334,3,5,5,3.292655,2.187471,25.72586,31.626472,13.427571,10.535743,25.730084,31.584263,4.149489,3.599645,25.63368,31.468618,6.323076,5.653005,25.9222,31.728202
12780,0.363742,3,5,5,3.934788,3.941027,25.707773,37.927642,18.380676,9.72857,25.367893,38.946426,16.69302,4.62902,17.936441,37.603874,6.326131,4.136073,26.889765,39.588456
12782,0.546618,3,5,5,7.256751,3.484662,27.977511,38.969827,14.552324,14.659721,29.642997,38.942947,8.491356,12.097622,27.558434,34.924521,6.545346,4.862209,30.150173,39.611341
12784,0.632686,3,5,5,6.044396,2.973853,25.399754,31.543513,19.029487,13.345421,25.688752,31.507646,4.972196,5.673981,25.675392,31.140984,6.568671,6.434564,26.075359,31.72381
12792,0.509137,3,5,5,3.086424,2.704454,31.41899,24.816659,11.899294,13.971252,31.456878,24.699055,3.181266,4.933094,31.435014,24.413536,4.498643,5.828712,31.72994,24.992137
12793,0.251416,2,5,5,2.125108,3.370812,31.102008,19.584005,7.006111,12.215877,31.316705,19.79839,2.710436,5.219137,30.848726,18.617183,3.557363,5.555403,31.697546,20.490054
12794,0.252268,2,5,5,2.533993,3.985739,30.86987,21.979896,9.404233,12.709607,31.017501,22.391043,4.179868,4.798277,29.889193,21.698156,4.808406,5.843501,31.65794,22.992831
12795,0.248885,2,5,5,2.563691,2.495125,30.83022,22.522539,7.810589,10.714235,31.212209,22.484333,3.100554,5.131654,30.592165,21.417413,3.627664,5.569548,31.694518,22.911565
12796,0.250956,2,5,5,2.367774,6.572318,30.961842,17.489243,9.390781,16.429789,31.012556,19.204846,4.704987,5.884233,29.487382,18.177429,5.519841,6.812526,31.629468,20.447162
12797,0.242214,2,5,5,2.113541,1.867676,31.064044,19.972919,5.410244,8.354627,31.461551,19.915453,2.151498,5.210345,31.110695,18.275726,2.619706,4.355649,31.718457,20.23839
12798,0.251023,2,5,5,1.600953,3.233977,31.361305,22.293103,5.933428,8.474843,31.429753,22.720896,3.467143,3.545388,30.370727,22.243055,2.769514,3.72037,31.717246,22.994381
12799,0.26418,2,5,5,2.313475,2.135044,31.059651,23.038616,5.997176,7.619175,31.452782,23.113254,2.694854,4.184675,30.932216,22.344295,2.364267,3.219664,31.727971,23.320619
12800,0.232624,2,5,5,1.504057,3.516296,31.351427,18.832955,5.794886,9.906042,31.397225,19.438206,2.930557,4.602012,30.569814,18.293208,2.612414,4.063295,31.716127,19.943871
12821,0.388322,2,5,5,3.710993,4.200239,34.586709,24.469094,12.169304,18.832979,34.955106,24.275566,3.549989,10.590267,34.767973,20.951046,8.347919,10.702331,35.538204,25.395414
12822,0.581351,2,5,5,6.043943,5.24904,27.037688,34.691724,23.009788,20.586977,27.203434,34.774409,8.722231,8.983027,26.132186,33.442719,17.135358,11.750276,27.994047,35.555883
12831,0.432031,2,5,5,4.857125,1.138613,29.821952,28.314894,10.026844,7.951107,30.757475,28.151838,2.346527,2.842613,30.81446,27.909451,4.188567,5.68788,31.066631,28.347992
12840,0.309233,4,5,5,1.446356,0.798823,32.182265,32.318569,6.711002,6.223003,32.131784,32.164963,1.784983,2.325687,32.115395,31.946055,2.721747,3.666221,32.36528,32.350312
12850,1.096082,4,5,5,9.874633,21.72285,39.195247,30.122408,35.346114,49.527975,39.467404,33.086589,16.370986,11.342378,37.808245,33.432933,24.986152,21.321015,40.217163,34.744208
12852,1.246494,4,5,5,10.072841,17.030454,39.411767,37.938531,32.708403,38.566632,39.768866,39.536601,14.867246,9.202104,38.615955,39.650164,23.279983,16.881092,40.287574,40.358174
12853,0.310237,2,5,5,5.081559,4.283341,36.132176,23.640763,12.421984,15.585482,38.123882,24.028701,2.310016,8.901768,38.783502,20.220301,4.676013,7.651283,39.537723,25.411519
12854,0.476316,2,5,5,3.30156,5.833984,38.805568,37.410198,12.482406,16.118787,38.925535,38.508643,5.94476,3.18502,37.545652,38.935574,6.067373,6.055949,39.568263,39.568554
12856,0.176149,2,5,5,2.107125,3.639525,37.494479,21.60319,6.158789,12.025359,38.441709,22.270065,2.043352,3.654537,37.784738,21.78296,2.56526,4.871698,39.544767,23.579414
12861,1.092239,5,5,5,0.38359,0.354143,30.539839,33.33618,1.868346,1.617288,30.539408,33.335895,0.459886,0.350546,30.539534,33.33634,0.800026,0.797929,30.54084,33.337322
12871,0.357401,3,5,5,5.055101,4.343129,40.213385,26.64714,13.348796,20.926723,41.953578,26.030619,3.638992,11.944249,41.782078,20.927612,5.664141,12.7804,43.448542,28.164875
12877,1.360906,5,5,5,3.18849,3.237918,33.281242,33.279583,13.147029,12.415623,33.281097,33.286884,4.997398,4.79568,33.219607,33.2284,5.989807,4.777351,33.332112,33.333994
12878,0.621422,3,5,5,2.022705,2.599819,31.646301,25.881411,8.890831,11.897893,31.632746,25.850183,3.227099,3.839827,31.526486,25.755031,4.133688,5.261321,31.738294,25.997534
12879,0.79642,3,5,5,6.997405,3.93105,31.099571,26.892806,26.47318,26.778842,31.191486,26.55299,5.060901,10.828054,31.425061,25.809886,9.443269,13.518535,31.714969,27.032356
12888,0.316759,3,5,5,0.409502,0.500475,31.731917,24.398193,1.888637,2.481191,31.727578,24.392946,0.60389,0.694641,31.716116,24.389806,1.137684,1.067945,31.746367,24.40859
12889,0.451362,3,5,5,1.731801,0.552164,24.256896,31.733716,3.700399,2.520672,24.326776,31.730197,0.924299,0.980322,24.328162,31.706631,1.913,1.704842,24.347996,31.746002
12897,0.453551,5,5,5,0.329792,0.564409,33.331382,27.305393,1.607944,1.922468,33.329068,27.308194,0.435521,0.483307,33.328195,27.308463,0.990965,1.033578,33.336077,27.313636
12898,0.4987,5,5,5,0.602287,1.780191,33.321471,27.692721,3.300364,4.608671,33.309941,27.738292,1.604844,1.026518,33.245549,27.74577,2.39673,2.218855,33.331131,27.765621
12902,0.489299,3,4,4,0.481052,0.14032,14.528222,15.949877,0.890145,0.717943,14.52895,15.949814,0.171042,0.337992,14.529036,15.949414,0.174866,0.402284,14.529147,15.949975
12903,0.496538,3,4,4,2.581409,1.389403,14.524853,14.541048,4.807025,3.994324,14.543045,14.544547,1.168202,2.178321,14.543562,14.533098,2.255978,2.306683,14.547556,14.547534
12907,0.482544,4,5,5,1.144135,1.11239,40.414081,40.41558,6.870793,7.486543,40.383892,40.373473,1.545236,1.88717,40.397131,40.37604,2.856228,2.820102,40.438258,40.438372
12912,0.562398,4,5,5,1.045312,1.6741,40.424774,40.398488,9.671669,11.495756,40.358538,40.325992,2.576386,2.406686,40.352715,40.363616,5.538365,4.357751,40.430527,40.435087
12914,1.056745,4,5,5,3.688212,7.6389,40.382842,36.097393,30.736101,39.614017,40.216104,35.99582,9.666546,8.390753,40.112831,36.084074,16.69554,14.615406,40.41242,36.260887
12922,0.240434,4,5,5,0.955636,1.228129,44.100954,28.406099,4.172036,6.456824,44.05849,28.277283,0.948063,2.343988,44.143223,27.945988,1.431114,2.002349,44.448463,28.590002
12932,0.213267,4,4,4,2.048475,2.395842,46.493384,45.896835,4.960673,5.433548,47.711714,47.570669,2.086015,1.440701,46.621796,47.518027,1.908972,1.599432,48.444055,48.460272
12936,0.442927,4,4,4,1.612452,1.331837,48.149287,48.254864,7.038624,6.990724,48.108987,48.113924,1.599874,2.525747,48.189394,47.777282,2.41722,2.175218,48.478716,48.482759
12939,0.370301,4,5,5,1.645632,0.939003,40.094982,40.321178,8.862132,6.13421,39.872755,40.153717,2.019758,1.967132,39.985865,40.007546,3.859283,2.797038,40.391311,40.414911
12940,0.132018,4,5,5,1.330315,0.37898,20.741027,40.289159,6.607307,2.390826,20.581668,40.10162,1.493285,0.819748,20.697579,39.863366,2.860274,1.152934,21.042913,40.406019
12941,0.25475,4,5,5,0.478468,0.576553,44.381041,29.148375,3.929381,5.226105,44.139624,28.990413,0.893565,1.395178,44.207658,28.974559,1.533446,2.277846,44.447957,29.172718
12944,0.324781,4,5,5,2.918906,2.573088,39.200478,28.943775,10.128865,13.398574,39.523694,28.648774,2.474872,5.423243,39.603805,27.586587,4.578114,7.014597,40.351516,29.357159
12947,0.20826,4,5,5,0.870245,1.777996,40.132561,25.152831,4.114273,5.124082,40.042009,25.362954,1.669016,1.377938,39.524781,25.344182,2.350682,2.399167,40.382888,25.539535
12948,0.738086,4,5,5,2.778865,2.972477,40.187339,34.534477,8.429301,14.062346,40.298798,34.472282,2.42698,5.256323,40.26468,34.193168,4.028212,7.59194,40.427838,34.701366
12952,0.668515,4,5,5,5.061906,4.31913,31.266417,39.751896,39.87581,33.960673,29.367327,38.319333,10.268477,8.431883,29.360744,38.438254,19.278108,11.861498,31.794881,40.301854
12953,0.748264,4,5,5,2.855787,4.351804,40.180763,34.390501,26.994329,36.262518,39.254435,33.257231,7.093859,8.235978,39.208541,33.567855,14.102438,12.241148,40.284895,34.720113
12954,0.494254,4,5,5,1.823717,1.960948,40.196775,32.31041,14.850451,17.249333,39.5828,31.748879,3.588985,4.487063,39.673359,31.732591,5.677026,8.626275,40.38087,32.397146
12958,0.501312,4,5,5,0.626008,0.335844,44.429983,35.118303,5.209241,2.668044,44.313274,35.102439,1.16086,0.600923,44.350774,35.107484,2.151839,1.042705,44.459345,35.122842
12960,0.508653,4,5,5,1.280295,1.169688,40.32287,32.598785,13.489123,14.879295,39.755833,32.134317,2.823769,3.53977,39.970796,32.207856,4.688651,7.208385,40.402035,32.603896
12961,0.546633,4,5,5,2.197379,3.439571,40.154146,32.673649,11.442953,15.330902,39.996825,32.602586,3.923604,3.929492,39.689245,32.605704,5.791145,6.76961,40.389682,33.056976
12965,0.391176,4,5,5,0.599659,0.491013,40.395931,40.410769,5.790887,5.364193,40.208439,40.239728,1.179696,1.298903,40.29141,40.261382,2.235987,2.633599,40.426447,40.420421
12979,0.896425,5,5,5,1.281861,3.077584,45.72469,39.496721,6.586235,7.973333,45.695917,39.616823,2.756599,1.556864,45.569528,39.650643,4.480714,4.235926,45.762793,39.688183
12980,1.540391,5,5,5,1.305118,1.766784,45.759489,42.00436,8.117346,10.130015,45.735168,41.979224,1.704294,1.880333,45.749472,42.004083,4.755043,4.54954,45.773105,42.027668
12988,0.134099,2,5,5,1.627728,1.942346,30.528863,18.031112,5.079523,8.478542,30.996418,17.96522,1.504139,3.403532,30.784109,17.17593,2.239318,3.863247,31.678267,18.518713
12991,0.161134,2,5,5,1.176392,3.143232,16.975531,18.821363,7.918213,5.575433,16.646559,19.742503,9.41101,1.3629,11.715765,19.763666,2.629882,2.174054,17.134193,19.942795
12994,0.128174,2,5,5,1.381246,1.7865,30.754934,17.745348,4.624845,7.530707,31.058848,17.722552,1.093306,3.194957,31.155594,16.928624,1.813031,3.590673,31.697576,18.174054
12995,0.134035,2,5,5,1.131734,2.56027,31.103244,17.64528,3.378382,6.397814,31.38952,18.221969,1.394259,1.69431,30.903547,18.200821,1.715427,2.32945,31.706613,18.54469
12996,0.229934,2,5,5,1.491861,2.34671,31.34887,22.019534,4.376893,6.805497,31.535679,22.238185,1.537663,2.351247,31.36819,22.064626,2.258587,2.497438,31.723719,22.439187
12998,0.206807,2,6,0,11.488184,0,26.425214,0,14.250002,0,35.792873,0,5.906379,0,32.906526,0,4.55881,0,38.673436,0
13000,0.0994,2,6,0,2.489162,0,33.442348,0,6.272998,0,36.181816,0,3.181235,0,32.026979,0,2.82817,0,38.559599,0
13001,0.064945,2,6,0,1.017761,0,37.997226,0,2.627257,0,38.491142,0,1.324488,0,37.619714,0,1.286379,0,38.818761,0
13004,0.49802,2,5,5,4.052074,7.83365,38.528518,26.462059,18.082143,27.205248,38.359901,27.224507,9.3974,9.833643,35.671503,25.535169,6.390474,7.633452,39.567123,29.434747
13005,0.501798,2,5,5,6.199868,6.213795,37.378426,27.538338,18.769415,24.068779,38.291899,27.7511,6.580874,14.266085,37.369307,23.085711,5.103146,8.317592,39.596606,29.47909
13007,0.301225,3,5,5,1.453335,3.435988,31.533215,21.085898,7.546485,13.62854,31.416761,21.139031,3.276883,3.578042,30.891295,21.109987,4.074631,5.588097,31.705047,21.777277
13008,0.176929,3,5,5,0.762363,1.289774,31.574465,31.28584,3.601723,4.591604,31.523146,31.394407,1.733492,1.249417,31.036491,31.355477,2.074709,1.87465,31.715699,31.721693
13011,0.191962,3,5,5,1.308741,1.259383,21.069434,31.367202,5.546867,4.563087,21.060141,31.447551,2.40869,1.357555,20.752803,31.354422,2.990542,1.895601,21.202911,31.725232
13013,0.193441,3,5,5,1.328973,2.193803,31.333453,20.843461,4.803182,7.807279,31.422192,20.953682,1.618382,2.603454,31.212707,20.73306,2.667812,3.594763,31.70337,21.248952
13014,0.214431,3,5,5,2.785558,1.474471,18.6252,31.332783,8.931993,5.530955,18.922599,31.39838,2.741973,2.091106,18.726716,31.04242,4.627853,2.834274,19.324222,31.706972
13021,0.288763,3,5,5,1.317904,3.086872,31.554551,20.902248,6.42988,10.471046,31.482018,21.108183,2.127509,2.634932,31.323625,21.126686,3.509295,4.737787,31.713294,21.496646
13022,0.18199,3,5,5,0.542293,1.02629,31.662195,31.460375,2.805017,3.200852,31.615152,31.577311,0.951275,0.745149,31.523757,31.606662,1.669602,1.419083,31.728459,31.734175
13023,0.191027,3,5,5,0.867939,0.655637,31.556183,21.149769,2.725774,3.597107,31.633337,21.120327,0.604154,1.101657,31.661796,21.091623,1.221251,2.113488,31.739145,21.177414
13025,0.278822,3,5,5,1.243997,3.043472,31.562658,23.144342,5.759351,9.281091,31.516906,23.378732,2.42903,2.305797,31.171965,23.397905,3.24703,4.284481,31.716147,23.641445
13031,0.411993,4,5,5,0.400367,0.973734,40.423166,31.191141,2.119222,3.07448,40.411062,31.212275,0.943299,0.670071,40.352785,31.220739,1.368718,1.426487,40.437095,31.239666
13033,0.62243,4,5,5,1.820422,0.967727,33.746854,40.394653,6.795616,4.86907,33.764257,40.37236,1.555714,1.777986,33.78095,40.306112,2.752105,3.032016,33.839899,40.430781
13036,0.513829,4,5,5,1.604007,2.576383,40.262936,32.454957,7.892426,9.249528,40.19171,32.51761,2.33745,2.269828,40.116127,32.535379,3.803603,3.94499,40.415967,32.702534
13042,0.460512,4,5,5,1.308193,2.033141,40.292158,31.817281,5.50407,8.096604,40.285921,31.829725,1.710036,2.051759,40.219072,31.834914,2.862105,3.431495,40.423595,31.996419
13047,0.407973,5,5,5,0.570264,5.402226,33.316347,25.870255,3.372102,5.300554,33.295505,26.72052,1.710994,2.86017,33.186191,26.539338,2.407173,2.361721,33.328095,26.769581
13049,0.37828,2,5,5,0.795923,8.091097,31.701233,20.033415,4.7419,15.760355,31.652052,22.200958,2.510301,3.148115,31.37355,22.507051,3.048582,3.407485,31.731941,22.945971
13050,0.271964,2,5,5,3.336683,0.58207,30.506435,31.699634,7.136852,2.914999,31.361824,31.677091,1.81549,1.519671,31.369435,31.475885,1.553873,1.587157,31.740599,31.740212
13055,2.394954,5,7,7,4.548991,10.893455,60.744463,55.906405,16.410069,21.535324,60.778834,56.417263,9.2067,4.828727,60.376661,56.45583,13.261665,9.777222,60.86561,56.568296
13057,0.024845,5,4,4,0.209638,0.698567,49.052073,7.027598,0.517288,3.43248,50.072911,6.982922,0.112498,1.619202,50.254176,6.636036,0.232865,2.08409,50.691081,7.104274
13058,2.251336,3,7,7,2.258272,3.176528,44.694191,44.673391,16.963885,20.597525,44.645346,44.613115,5.228926,4.2692,44.615638,44.648234,8.941519,6.242523,44.707899,44.712253
13060,0.604189,3,7,7,4.137743,2.77074,46.563922,38.182587,18.653896,20.852866,46.391201,37.537052,3.603093,7.210352,46.857385,36.844706,6.141374,10.671705,47.486366,38.366306
13061,0.351407,5,6,0,0.055617,0,38.859443,0,0.232886,0,38.859426,0,0.069552,0,38.859238,0,0.118269,0,38.85993,0
13062,0.313475,5,6,0,0.281781,0,38.844969,0,1.092943,0,38.846581,0,0.606629,0,38.8023,0,0.852391,0,38.856452,0
13063,0.948008,4,5,5,1.247282,2.006236,40.407763,40.356383,4.012855,3.580144,40.420929,40.425226,1.581701,1.575613,40.39341,40.393769,0.538995,0.484478,40.442794,40.442831
13064,0.789618,5,1,0,20.788411,0,70.773095,0,96.44157,0,70.56279,0,60.629976,0,62.788222,0,81.696947,0,71.122653,0
13065,0.085603,2,6,0,0.73779,0,37.838514,0,3.148976,0,37.771991,0,1.452045,0,35.991101,0,1.952585,0,38.661108,0
13068,0.092038,2,6,0,1.133559,0,36.977232,0,2.73245,0,38.116654,0,0.770167,0,37.98395,0,1.359195,0,38.772201,0
13071,0.127283,2,6,0,8.764798,0,34.030388,0,21.576305,0,36.613215,0,7.309057,0,35.41553,0,8.610434,0,38.66534,0
13072,0.268334,2,6,0,5.398869,0,34.836008,0,12.885534,0,37.140788,0,4.270951,0,36.261988,0,4.047508,0,38.768618,0
13073,0.147015,2,4,4,0.953316,0.384797,31.394481,31.684861,2.552768,1.267332,31.590182,31.707297,0.867764,2.562553,31.481107,29.932178,1.112126,0.853178,31.735848,31.741443
13074,0.199416,2,6,0,4.850442,0,37.016244,0,15.546284,0,37.656175,0,8.171082,0,35.055211,0,5.129553,0,38.792377,0
13075,0.105354,3,3,3,9.590873,1.420048,15.960773,47.09258,32.181888,7.630515,16.425419,46.804856,11.86288,3.480475,15.512267,45.509144,15.186064,5.718454,17.361964,47.361142
13076,0.219936,3,6,0,0.787275,0,38.655321,0,6.735757,0,38.073961,0,3.160587,0,36.65287,0,6.195546,0,38.56512,0
13077,0.155245,4,6,0,0.729699,0,38.520048,0,2.663857,0,38.588165,0,1.094573,0,38.216034,0,1.696179,0,38.810329,0
13079,0.035046,4,6,0,0.078382,0,38.775494,0,0.338617,0,38.767481,0,0.183619,0,38.486127,0,0.271322,0,38.834141,0
13080,0.093828,4,4,4,0.155509,0.565324,49.222724,48.378056,0.696691,1.706002,49.208193,48.779722,0.231816,0.486154,49.146478,48.670267,0.42217,0.85661,49.290591,49.244798
13081,0.982694,5,4,4,6.0546,6.946627,42.62744,48.732435,23.650224,22.495644,42.69452,49.151334,9.15396,6.390483,41.960673,48.998072,14.68345,11.467351,43.221255,49.832368
13083,0.063668,4,6,0,0.003964,0,38.859907,0,0.051769,0,38.859156,0,0.010364,0,38.859477,0,0.030976,0,38.859866,0
13086,0.076749,1,4,4,6.054319,0.282747,9.213486,9.866848,14.829649,1.375318,10.59043,9.863862,7.280149,0.521866,8.806402,9.850438,5.689643,0.280005,11.811893,9.873328
13087,0.193615,1,4,4,3.725148,0.818954,15.82599,24.966372,8.071829,2.624803,15.989762,24.975306,3.202754,2.625558,15.904771,24.799821,1.387638,0.94079,16.043571,24.989113
13089,0.342912,2,7,0,1.512352,0,43.496409,0,8.535867,0,43.412464,0,4.429817,0,42.91151,0,4.267081,0,43.578481,0
13090,0.094798,2,7,0,5.174447,0,13.124895,0,13.652112,0,13.961582,0,3.715586,0,13.884297,0,6.867716,0,14.546134,0
13091,0.086696,2,3,3,7.810902,3.861386,24.009149,28.074797,19.699238,11.355339,27.109744,29.131708,10.149321,3.369963,22.418821,28.744342,9.960617,5.448581,30.020795,30.327333
13092,0.120685,2,3,3,12.331066,11.024009,24.819629,25.798765,33.293105,30.41396,28.262475,28.894806,15.908523,16.938097,23.022664,22.440821,15.091456,16.063796,33.167862,33.077466
13093,0.588344,2,7,0,0.230501,0,43.598949,0,2.176506,0,43.594925,0,5.725222,0,43.190477,0,1.012133,0,43.599498,0
13095,0.570098,2,7,0,5.137868,0,43.205047,0,10.242131,0,43.498494,0,2.259034,0,43.524035,0,0.680902,0,43.599748,0
13097,0.319825,3,6,0,28.578123,0,21.649283,0,61.614491,0,28.117032,0,16.067799,0,27.980818,0,18.52313,0,37.768349,0
13102,1.229676,5,1,0,87.709561,0,75.552159,0,275.04231,0,78.006066,0,74.88295,0,77.621982,0,140.953903,0,79.954393,0
13104,0.921388,3,1,0,45.955694,0,77.943298,0,221.889841,0,76.678348,0,115.84973,0,63.410369,0,146.072278,0,79.806008,0
13107,1.15283,5,7,0,0.904884,0,60.870811,0,3.234455,0,60.877683,0,1.042237,0,60.865754,0,2.059916,0,60.895987,0
13108,0.079638,4,7,7,1.234301,4.560484,38.076229,9.955207,2.261086,9.057859,39.862804,11.804634,0.961007,3.978887,39.02561,10.568338,1.452326,3.744752,40.333323,12.615734
13109,0.0678,4,4,4,1.811336,0.482434,34.527269,39.72369,4.527999,1.873594,37.525145,39.795971,1.392119,0.632098,36.624461,39.390772,2.02164,1.098606,40.118742,40.339587
13110,0.43608,5,6,0,1.668127,0,38.628278,0,5.536897,0,38.705259,0,2.13335,0,38.530694,0,3.421512,0,38.833479,0
13112,0.933985,5,7,7,0.363793,3.342279,60.892279,60.3905,1.864058,17.160341,60.888308,60.134617,0.528847,4.887888,60.885907,59.977463,1.025778,9.343602,60.898405,60.794548
13113,0.352541,5,4,4,0.002138,0.002439,16.747501,14.658447,0.020618,0.023546,16.747501,14.658447,0.002133,0.018471,16.747501,14.658445,0.033629,0.038482,16.747501,14.658447
13114,0.451202,5,4,4,0,0,16.7475,15.069476,0,0.000025,16.7475,15.069476,0,0,16.7475,15.069476,0,0,16.7475,15.069476
13115,0.071825,5,7,7,0.019485,0.018105,17.185483,17.185489,0.083184,0.101589,17.185478,17.185454,0.029836,0.021688,17.185429,17.185478,0.05848,0.050296,17.185519,17.185521
13119,0.974236,5,1,0,28.758363,0,79.735026,0,144.305914,0,79.481218,0,44.881323,0,79.021903,0,83.343539,0,79.983454,0
13121,0.5144,5,1,0,18.542779,0,79.477566,0,84.112982,0,79.277219,0,23.737774,0,79.016422,0,45.976303,0,79.980736,0
13122,0.521936,5,1,0,15.406969,0,79.735028,0,77.310273,0,79.481216,0,24.044664,0,79.021903,0,44.650365,0,79.983452,0
13123,2.466147,5,1,0,88.898186,0,79.477565,0,403.256262,0,79.277216,0,113.80414,0,79.016423,0,220.420567,0,79.980736,0
13126,0.440793,2,1,0,27.805565,0,62.656509,0,98.93518,0,65.095336,0,81.170716,0,38.500013,0,69.020215,0,70.67337,0
13136,0.03645,5,4,4,0.575732,1.137865,56.893746,47.204082,1.206028,1.805637,62.397851,59.627754,0.785309,0.693421,53.709372,55.347476,0.515673,1.105243,65.220664,64.297478
13138,0.158541,4,6,0,0.234882,0,38.821227,0,1.161054,0,38.805199,0,0.300531,0,38.804512,0,0.591813,0,38.853524,0
13139,0.151927,5,6,0,0.216886,0,38.82386,0,1.056294,0,38.810332,0,0.284955,0,38.805615,0,0.58979,0,38.853023,0
13140,0.189132,5,1,0,3.344315,0,79.816366,0,17.770257,0,79.561477,0,4.694932,0,79.519407,0,10.432017,0,79.98526,0
13143,0.062806,5,6,6,0.014153,0.014288,38.858912,38.858894,0.045927,0.043368,38.859309,38.859381,0.007545,0.006198,38.859703,38.859796,0.02729,0.028098,38.859891,38.859882
13145,1.588548,5,6,6,0.361388,0.357981,38.858893,38.858912,1.096906,1.161634,38.859381,38.859309,0.156778,0.190844,38.859796,38.859705,0.710681,0.690241,38.859887,38.85989
13146,0.278322,5,4,4,0.040021,0.040402,60.898612,60.898585,0.129867,0.122631,60.899115,60.899207,0.021336,0.017527,60.899624,60.899743,0.077167,0.079452,60.899863,60.899856
13147,0.187934,2,6,0,7.525374,0,29.590923,0,17.041064,0,34.294906,0,12.28535,0,25.364351,0,10.725969,0,37.79609,0
13148,0.12476,2,6,0,1.133201,0,37.739934,0,4.997924,0,37.597677,0,1.295404,0,37.58025,0,3.14469,0,38.620278,0
13149,0.089825,2,3,3,8.326945,4.468052,35.166846,39.878975,18.688966,16.697606,39.790835,40.388925,4.871647,9.402733,39.71307,34.548235,8.379835,8.882842,43.155136,43.104715
13152,0.226342,2,6,0,28.512887,0,18.361275,0,43.257361,0,28.194423,0,13.998128,0,25.922365,0,13.445975,0,37.718754,0
13154,0.122167,2,6,0,1.916945,0,36.081786,0,5.495614,0,37.320063,0,1.609315,0,36.945507,0,2.740735,0,38.667193,0
13156,0.032081,5,4,4,0.282981,0.061504,48.167879,49.820718,0.411124,0.300035,49.661879,49.78049,0.09455,0.262657,49.712015,48.527511,0.181219,0.268162,49.903433,49.8769
13157,0.255885,5,6,0,2.357617,0,37.711646,0,7.198191,0,38.185482,0,1.724955,0,38.266416,0,2.853495,0,38.80837,0
13158,0.897862,5,4,4,7.919993,2.075641,48.167877,49.77552,11.506416,9.980814,49.661875,49.724043,2.646241,7.992599,49.712015,48.307786,5.071903,8.262949,49.903426,49.86679
13159,0.033725,5,6,0,0.016972,0,38.855003,0,0.075661,0,38.854189,0,0.028398,0,38.848087,0,0.03645,0,38.859384,0
13160,0.029946,5,4,4,0.07556,0.225073,65.128637,62.72784,0.272799,1.068225,65.213985,61.986692,0.064009,0.969332,65.26231,47.545824,0.154361,0.98297,65.475543,64.110644
13161,0.293929,5,6,0,1.086323,0,38.642709,0,4.777059,0,38.614323,0,1.707989,0,38.407534,0,2.154529,0,38.836688,0
13162,0.157886,5,4,4,0.516967,0.934282,64.884837,63.669067,1.973931,4.509437,64.967656,63.083103,0.597,4.537875,64.774663,49.449786,1.105174,4.763679,65.440609,64.308385
13163,0.243154,3,6,0,0.97977,0,38.60467,0,7.112272,0,38.136274,0,1.871054,0,38.105968,0,4.424528,0,38.729863,0
13164,0.055451,3,4,4,0.580083,0.500483,31.528809,31.58208,2.956045,2.815916,31.421628,31.449794,1.011903,0.599228,31.19617,31.538751,1.11452,0.78028,31.727575,31.738597
13165,0.083853,3,6,0,0.285826,0,38.673244,0,2.155193,0,38.287406,0,0.577758,0,38.24237,0,1.434653,0,38.74412,0
13166,0.133369,3,6,0,0.638864,0,38.507914,0,2.159507,0,38.616026,0,0.842649,0,38.332542,0,1.299686,0,38.82,0
13170,0.986909,4,4,4,3.978878,10.772496,40.190158,38.915086,24.34211,30.428577,39.917031,39.654493,12.887131,6.153397,38.565937,39.933227,21.178401,14.388292,40.26756,40.35828
13171,1.900764,5,4,4,30.39289,27.186741,45.352506,46.056651,57.373496,38.249018,48.653064,49.314104,13.899329,22.307968,48.780859,47.344263,15.369859,21.936144,49.879984,49.834342
13175,7.526821,5,4,4,3.043104,1.700355,50.751149,50.755066,7.219101,8.014917,50.754946,50.7545,1.636519,3.370089,50.755387,50.750627,4.995393,3.619831,50.756573,50.756768
13178,0.217361,5,3,3,9.675122,3.563561,36.53498,48.615531,22.102787,14.713487,38.968753,48.609223,6.19795,7.915767,38.726787,45.502056,10.054991,10.797271,40.287868,49.598603
13180,0.116432,4,4,4,0.197171,0.059684,17.4206,49.297717,0.90183,0.309642,17.41906,49.292715,0.254036,0.095928,17.417391,49.28674,0.507021,0.190986,17.425598,49.304415
13181,0.29011,4,5,5,0.57011,0.24694,44.372923,44.451684,3.55542,1.658565,44.255647,44.420635,0.787965,0.514287,44.308316,44.398802,1.485495,0.799161,44.454309,44.466547
13182,0.183696,4,3,3,11.417224,6.027745,41.503093,45.068144,31.130534,28.141934,44.135256,44.590353,8.016522,13.413517,44.128275,40.627694,13.407509,16.409802,46.739087,46.616722
13183,0.286578,4,5,5,1.094015,1.308733,40.180642,40.076971,5.173052,3.860318,40.10367,40.246411,2.021525,1.069176,39.712506,40.217098,2.88301,1.825053,40.394654,40.422678
13184,0.51115,4,3,3,10.439345,4.284203,48.728006,50.471838,19.258845,16.357682,50.393193,50.530231,4.148204,9.510976,50.540133,49.22313,8.671869,11.048623,50.868186,50.838975
13185,0.327322,3,3,3,22.363844,8.396926,36.904024,39.418374,36.380091,33.654825,44.427325,39.507744,8.861164,25.243093,44.685304,32.590209,13.987097,22.478684,47.292065,41.000689
13186,0.826103,3,3,3,63.78285,18.143623,34.022674,45.314903,96.831455,72.118145,41.97749,45.442733,23.081595,56.804757,42.315472,37.456828,36.242864,50.232397,44.682623,47.053172
13188,0.613196,3,3,3,18.440363,41.931875,41.013923,34.800542,79.563889,91.958549,40.780928,39.968715,45.114251,30.03305,34.638177,38.314421,50.254032,39.515621,43.380462,43.623495
13189,0.451386,3,3,3,52.948794,41.390212,28.296648,31.057311,121.007968,117.639871,34.593263,34.860596,48.91587,63.626234,29.838783,26.852253,56.10965,54.8487,41.598029,41.650542
13194,0.170972,3,4,4,2.899323,2.855014,36.491754,18.52238,7.351575,14.646721,38.213113,17.898045,1.789786,7.962309,38.342207,14.449383,3.702523,12.405302,39.468367,19.22743
13196,0.209689,2,3,3,10.737493,46.388848,39.714745,15.242354,34.26156,73.065065,40.978975,21.250017,22.472586,17.954796,34.3169,21.456768,23.133704,28.058189,42.994771,24.084525
13197,0.740721,5,4,4,13.385056,56.821123,52.214798,19.173542,30.509388,58.871877,57.218347,36.092682,16.753896,13.16319,50.231758,37.579698,18.346153,22.3214,60.211947,44.219701
13200,0.125441,5,7,7,0.724321,0.440436,59.678216,60.408171,2.275906,2.213858,60.152098,60.189092,0.557565,0.766564,60.215749,59.67926,1.22166,1.344011,60.799771,60.779959
13202,0.385623,5,4,4,0.278263,0.377068,35.954278,35.94949,0.879664,1.076391,35.956619,35.954947,0.397019,0.292366,35.949606,35.954365,0.655835,0.48384,35.959231,35.95958
13207,0.137175,3,3,3,18.895213,10.365996,27.108815,33.696117,40.3287,41.691157,34.265607,33.933903,10.851826,22.441566,33.811205,25.809886,15.050065,18.621551,42.467455,41.960749
13208,0.069114,3,4,0,2.506631,0,33.317248,0,6.914567,0,37.05935,0,1.53315,0,38.207641,0,2.610726,0,42.932827,0
13210,0.20713,5,4,4,0.308401,0.296805,49.861292,28.963443,1.018856,1.488879,49.883874,28.957673,0.232931,0.612457,49.89259,28.928958,0.421694,0.987472,49.924033,28.971923
13211,0.16678,5,5,5,0.018567,0.023235,20.840238,20.840222,0.100726,0.114064,20.840216,20.840202,0.02563,0.022296,20.840218,20.840229,0.047455,0.056124,20.840264,20.840262
13215,0.375719,4,3,3,15.391227,7.194058,42.842113,41.645664,31.166211,27.648403,46.623398,41.785786,7.458639,19.698269,46.840713,37.292798,14.480605,23.866475,48.295638,42.496238
13216,0.135909,3,3,3,8.673841,3.845758,29.710085,44.187585,26.350255,17.67387,31.586325,43.572373,7.316572,8.559089,31.164364,38.382528,10.343605,10.629988,34.737931,46.762695
13218,0.613944,3,3,3,36.310398,12.270912,29.862125,45.642052,66.379245,41.272508,34.7422,46.204031,17.524255,27.937288,34.648425,41.394528,25.373356,26.254209,36.561502,47.291713
13219,0.192277,3,5,5,2.748336,3.862259,30.23854,16.991337,12.448846,20.301868,29.982478,16.2162,3.067803,6.107495,30.100972,15.603732,5.870446,8.473134,31.542031,18.361502
13220,0.23428,3,3,3,33.515578,14.875817,19.794258,35.48029,81.344362,52.218258,23.214701,36.33213,33.809319,23.748059,20.147531,32.543011,33.884408,25.13481,26.48183,39.010461
13225,1.144358,5,4,4,8.546773,10.186294,43.103796,48.140267,17.850631,33.747296,43.864399,48.704444,6.84371,12.724286,43.533376,47.564633,14.186276,18.673542,44.073654,49.748489
13233,0.051339,2,6,0,0.263249,0,38.460715,0,0.814128,0,38.625335,0,0.198928,0,38.646684,0,0.339352,0,38.840842,0
13260,0.282586,5,4,4,1.920984,1.54496,32.214944,49.174577,5.391492,4.006295,32.442969,49.606722,2.217905,1.329742,32.134097,49.412418,3.473304,1.835706,32.601717,49.896124
13261,0.977014,4,4,4,0.000134,0.000128,34.307915,35.975443,0.000577,0.00055,34.307915,35.975443,0.000129,0.000123,34.307915,35.975443,0.000271,0.000258,34.307915,35.975443
13262,2.03787,4,4,4,22.424629,39.314322,39.917942,39.696043,108.724753,108.430685,39.333409,41.868914,40.552883,24.622243,37.412096,42.347722,85.836386,56.937146,41.034011,44.095089
13263,0.168378,3,3,3,10.099334,8.013007,33.416935,29.202818,22.484524,25.313112,37.038537,30.167705,6.630402,12.999902,36.423036,26.893423,10.138337,16.066495,39.359445,31.612079
13264,0.459157,3,4,4,10.296837,2.729691,24.560393,39.122526,30.471147,17.975707,26.309616,38.427936,6.810529,8.470997,26.869097,36.359573,10.416577,9.810063,28.758442,39.47291
13266,0.253627,3,3,3,21.14776,10.594429,34.003698,44.270409,52.214548,41.130724,37.126426,44.561179,15.912916,21.664804,36.27518,39.388339,25.804086,26.18971,39.554209,46.925984
13268,0.608903,3,3,3,31.050075,17.710297,35.216579,38.293088,108.400869,94.348015,36.323915,37.121677,28.654453,41.609088,36.150817,33.346362,44.99501,59.246187,40.181491,39.888346
13274,0.257144,4,4,4,2.639666,13.346296,46.256622,16.473254,12.165729,28.986217,45.799668,21.293648,5.30339,6.892053,42.551421,21.816669,8.544606,11.388752,47.837415,26.277016
13278,0.349084,5,7,7,0.884434,1.476394,39.894755,60.206293,3.024702,7.570089,39.921028,59.864885,0.634311,2.301969,39.94029,59.501432,1.570907,4.30722,39.97131,60.7433
13279,0.201228,2,4,4,2.166472,1.901168,19.639175,22.925336,11.871687,9.968955,19.192196,22.690198,6.33777,2.771847,16.728337,22.588254,6.333115,4.19874,20.10825,23.258958
13281,0.366802,2,4,4,2.951555,2.529095,38.669456,29.543855,6.382877,8.741586,39.346655,29.661362,2.418428,4.419208,39.031067,28.883834,4.028294,3.69897,39.595409,29.920797
13282,0.043486,2,4,4,6.566539,0.701696,6.379071,38.66485,11.362984,2.911429,8.918288,38.651488,3.300357,1.609739,8.608879,36.132858,3.949142,1.185776,10.526534,39.567834
13283,0.467084,2,4,4,2.023782,1.917487,31.581865,26.278875,6.082132,7.85122,31.65693,26.279909,1.805558,3.617363,31.62805,26.080279,2.60712,3.696252,31.742051,26.363538
13286,0.090699,3,3,3,1.626254,0.989234,42.350625,43.08917,4.882431,3.641693,42.888923,43.18444,1.435529,1.466013,42.694715,42.660059,2.221746,2.05683,43.529539,43.539106
13287,0.086377,2,6,6,4.237843,0.86364,35.898589,37.536628,12.293203,0.885872,37.175489,38.756462,7.7362,0.247691,32.572253,38.738768,6.597596,0.322152,38.615738,38.853536
13288,1.449435,5,4,4,0.064782,0.017283,41.817558,41.817601,0.283787,0.331285,41.817553,41.817534,0.074795,0.154387,41.817553,41.817386,0.16163,0.091024,41.817601,41.817606
13290,0.249969,3,4,4,8.053564,3.080512,24.221939,44.490503,17.765946,10.200608,27.884822,45.404909,4.973774,4.068719,27.513807,43.257777,8.003025,6.386445,30.07071,47.133936
13291,0.493201,3,4,4,2.584243,2.935264,31.695954,39.121478,9.6307,7.484668,31.740883,39.432431,3.739796,1.993336,31.482601,39.417688,4.482605,3.543788,31.927263,39.62741
13292,0.480416,3,4,4,9.499645,4.966303,36.079012,54.130566,20.354534,14.770745,40.317083,55.730635,5.968766,5.935724,39.720424,53.333972,11.925695,11.427911,42.251205,57.358098
13296,0.442519,3,3,3,16.896507,23.319561,38.74358,39.584567,62.528766,62.728688,39.356845,43.031064,30.523978,20.505936,34.535694,41.24486,38.332534,30.821915,42.156318,46.912483
13298,0.787614,2,2,0,56.293216,0,40.048934,0,131.110526,0,44.173991,0,58.155897,0,40.274165,0,50.190245,0,47.269198,0
13305,0.174182,2,3,3,7.096763,6.558956,29.790301,36.100426,20.564191,16.46835,30.853024,38.036436,10.025938,7.390076,28.474314,35.762887,5.858757,4.423236,32.109879,39.586842
13308,0.12031,2,3,3,4.395374,5.757141,33.09531,15.848502,13.646073,26.482614,34.046406,15.645843,4.360986,16.595831,33.346866,12.64151,4.859072,12.354434,35.588011,16.634512
13309,0.175088,2,3,3,7.514035,3.755896,27.47531,34.620668,22.576655,16.512365,28.328557,34.490871,7.281252,9.26194,27.755178,31.579356,7.405962,7.395094,29.475893,35.578171
13310,0.089254,2,3,3,13.809953,5.445882,18.477921,32.878385,34.777389,22.321967,21.935822,32.915147,10.253617,8.914321,21.034289,28.943791,13.920066,14.920129,26.680395,37.684909
13313,0.030271,2,6,0,0.581128,0,35.098399,0,1.421038,0,37.205045,0,0.523618,0,35.903473,0,0.598306,0,38.707979,0
13315,0.111119,2,3,3,5.60003,4.785073,34.317998,35.342938,14.183416,14.971887,37.013088,36.780543,5.895861,6.651636,34.357569,33.477157,5.132998,5.178428,39.45505,39.451807
13316,0.122738,2,4,4,1.813319,2.242179,33.625954,32.809181,6.644857,6.807808,33.985967,33.915929,2.441204,2.954203,32.685181,31.72661,2.48179,3.018606,35.572401,35.515744
13320,0.094148,2,6,0,0.595284,0,38.273816,0,1.774369,0,38.536394,0,0.634227,0,38.267159,0,0.795824,0,38.829455,0
13323,0.342828,2,3,3,33.284765,40.439574,30.471348,28.285051,82.74935,84.482338,35.658972,35.467788,34.904679,36.544819,30.578126,30.067821,32.389013,29.716299,42.648616,42.784729
13324,0.061808,2,4,4,1.260707,4.573031,38.168843,12.249297,2.577636,7.494777,39.226033,13.349254,1.589746,4.371457,37.663826,12.463931,0.870694,2.208754,39.626471,13.552733
13325,0.621195,2,1,0,37.013137,0,63.669527,0,75.066592,0,70.201842,0,19.743362,0,70.12576,0,40.60966,0,71.173764,0
13327,0.090307,2,6,0,8.6783,0,20.933707,0,10.495352,0,32.564495,0,2.546063,0,33.001867,0,3.291069,0,38.385495,0
13328,0.08973,3,6,0,0.049039,0,38.854158,0,0.283653,0,38.848856,0,0.147546,0,38.817607,0,0.187728,0,38.857843,0
13329,0.567969,5,3,3,3.33193,10.497933,65.086126,56.136729,18.268054,27.643333,64.782549,57.493988,9.667245,5.958583,62.857604,57.803096,13.739732,13.275911,65.333625,58.486467
13330,0.16213,4,4,4,2.51876,7.632728,52.169535,19.917402,8.893267,27.715435,53.534483,20.915316,3.075357,8.067081,50.716644,19.931979,5.419144,13.453823,57.987568,27.065841
13331,0.122628,2,4,4,1.613783,3.456599,33.983355,17.228791,5.329902,10.189264,34.518616,18.051972,2.035616,4.492495,33.419368,16.523666,2.261597,4.603747,35.59269,18.980641
13332,0.255274,3,3,3,40.716057,12.957432,16.271442,34.710798,78.629358,48.531772,22.12198,35.36226,29.527606,27.529747,19.282376,28.395792,28.93075,26.929897,27.321291,39.147174
13333,0.408326,4,4,4,1.915915,4.058001,47.938568,34.569203,8.666591,13.151097,47.832879,35.012378,2.439943,3.0807,47.713096,35.138343,6.094123,6.361298,48.351412,35.689796
13334,0.43817,2,3,3,16.986083,20.60571,33.30762,34.787226,53.582757,51.97719,34.344944,37.303251,25.280456,20.927016,31.417141,35.056081,29.773354,26.812123,35.991447,39.320674
13335,0.203062,4,4,4,1.335297,2.779225,48.220483,45.590028,4.962981,5.863473,48.40276,48.088986,2.410853,1.215528,46.59567,48.478897,3.878932,2.865743,49.05746,49.165624
13336,0.250175,3,3,3,6.373453,10.329218,44.701762,41.716364,16.411638,19.012334,46.260593,45.884695,8.124861,5.154362,43.74398,45.726984,10.086063,8.777594,47.318691,47.371781
13337,0.104809,5,7,7,0.413213,0.193295,22.166382,22.19408,0.822117,0.760551,22.193611,22.194687,0.212207,0.395856,22.193552,22.173155,0.469958,0.564392,22.19974,22.199366
13339,0.128313,2,3,3,8.187589,12.585018,34.861945,24.470931,25.724665,35.267285,37.260541,27.342657,9.594655,14.327496,33.862167,23.869124,15.874456,22.55886,42.073306,31.156455
13340,0.125883,2,4,4,1.255033,3.724085,34.630098,17.254241,5.112568,9.889895,34.649969,18.35812,2.170588,3.714707,33.278473,17.445149,2.107368,3.536911,35.610594,19.24667
13341,0.094359,2,4,4,0.204537,1.007996,47.403564,44.950784,1.126199,4.09564,47.297309,45.006613,0.420306,1.306667,47.045068,43.96899,0.671335,1.786522,47.509415,47.292808
13342,0.121897,2,4,4,1.326891,1.908541,37.995565,19.34026,3.706453,7.017224,38.808392,19.488763,1.456913,3.022621,37.891411,18.508886,1.212864,3.093055,39.604716,20.028814
13348,0.691208,2,2,0,36.153267,0,42.594499,0,73.58931,0,45.932837,0,32.018189,0,43.738638,0,35.448528,0,47.363061,0
13349,0.350426,2,6,0,2.890747,0,38.593319,0,10.266269,0,38.657686,0,2.614627,0,38.661296,0,4.168879,0,38.844318,0
13350,0.206944,2,1,0,43.864281,0,56.356495,0,96.708146,0,67.415752,0,32.613941,0,63.682955,0,49.038666,0,71.10518,0
13352,0.457522,2,6,0,2.424811,0,38.435655,0,8.388974,0,38.552485,0,4.209345,0,37.823756,0,3.554858,0,38.833962,0
13353,0.65213,2,6,0,11.135458,0,35.697432,0,30.853145,0,37.183174,0,9.521527,0,36.595532,0,12.571515,0,38.714943,0
13354,0.220149,2,3,3,10.552053,6.282624,34.070744,42.086261,31.361497,28.452939,35.011896,41.819351,14.328169,13.625257,33.000507,38.896615,12.044737,17.055045,36.168461,43.284734
13355,7.817267,5,4,4,2.399573,2.764632,60.894115,60.892302,7.499574,7.847298,60.896517,60.896204,2.978716,2.680087,60.892042,60.89349,4.448233,4.041965,60.899454,60.899544
13363,0.221156,5,3,3,6.865539,13.699944,47.963413,37.062875,31.725887,39.750804,47.543736,38.595358,13.449801,11.757716,44.755221,38.068486,17.619226,22.223596,49.554959,40.270506
13366,0.089772,4,3,3,5.584765,3.328797,44.857849,33.136163,9.422843,12.208351,54.533977,33.544063,1.756322,8.970772,56.393628,26.952741,3.461674,9.258941,58.796315,34.89177
13367,0.725437,4,4,4,9.461453,5.53113,45.194236,39.453578,19.209329,20.79283,47.50399,39.604777,4.250603,11.572982,47.740657,37.187486,11.845929,20.116418,48.323828,40.090585
13368,0.443017,4,5,5,2.101958,1.542165,58.00972,41.954752,9.852781,7.875936,57.710455,41.79834,1.872243,4.200248,58.318921,40.382828,3.256792,4.294662,59.079766,42.187821
13369,0.462329,4,5,5,1.28462,3.80573,58.728684,36.10138,6.508178,17.823394,58.526822,35.55401,3.33838,3.438216,56.983843,36.63568,3.640709,5.866791,59.06862,38.00283
13373,0.372503,5,7,0,0.861241,0,60.839178,0,2.745555,0,60.862556,0,0.87106,0,60.844237,0,1.114395,0,60.897137,0
13381,0.302539,5,6,0,4.337744,0,36.449508,0,7.80227,0,38.283856,0,1.936157,0,38.320047,0,4.323671,0,38.777472,0
13382,0.086,5,6,0,1.233052,0,36.449507,0,2.217882,0,38.283859,0,0.550374,0,38.320047,0,1.229052,0,38.777473,0
13384,1.341256,5,4,4,4.238438,10.206579,49.654204,43.791123,13.688601,17.358921,49.754229,44.705064,5.264157,7.099047,49.559457,44.405224,8.921557,9.030194,49.894684,44.887833
13385,0.786597,4,5,5,4.914793,3.481528,28.558839,32.202122,26.052213,21.482768,28.392936,31.997813,7.212028,7.512757,28.327914,31.708603,12.98097,12.055671,28.778203,32.32861
13386,0.336823,4,5,5,7.773525,2.435815,22.922521,31.931416,20.637805,16.36103,24.110323,31.300327,4.883013,6.3798,24.25807,30.223442,11.654071,11.733484,24.99759,32.121593
13387,0.326416,4,5,5,3.54226,3.213198,24.404666,31.594752,21.2351,13.636703,23.829655,31.551384,5.5422,4.111481,23.798513,31.284511,8.810878,6.496417,24.875135,32.292662
13388,1.471711,5,5,5,0.496395,0.365739,54.169184,54.171633,1.254671,1.228833,54.172536,54.172619,0.329445,0.416235,54.172449,54.171177,0.55023,0.397964,54.174501,54.174584
13389,2.586277,5,4,4,7.84398,6.706901,60.452714,56.600052,23.061477,23.146172,60.661788,56.681037,5.145264,6.555267,60.717621,56.640141,11.66214,15.31735,60.872092,56.84376
13393,0.407346,5,4,4,0.312261,0.622467,50.737272,50.684059,1.65086,1.931205,50.725306,50.714327,0.761077,0.411896,50.661253,50.727066,1.453841,0.975443,50.74644,50.752048
13396,0.193698,5,4,4,2.092896,0.772933,24.80175,41.381534,5.045902,2.219819,25.143863,41.504837,1.660096,1.347251,25.030777,41.002494,1.574779,1.150606,25.305692,41.61686
13399,0.167869,3,3,3,6.075978,4.008387,32.296356,41.561175,20.985869,16.202695,32.854374,41.623059,7.571936,6.567216,31.642285,39.552353,9.396686,7.960665,34.296913,43.355664
13403,0.976612,5,3,3,24.49643,21.992858,58.952216,63.150172,59.366792,44.967868,60.399136,64.843317,25.646574,16.779581,58.997741,64.187057,26.10641,30.179152,61.229853,65.38235
13404,0.839947,4,4,4,2.315335,0.733458,35.252743,40.428936,18.12174,11.795417,35.037869,40.258115,2.720512,3.548066,35.233373,40.195073,4.988924,5.698691,35.328395,40.423099
13407,1.84375,5,4,4,32.522928,26.940632,41.302308,45.928712,61.132052,38.347342,44.863582,49.275855,15.076218,21.549375,44.959858,47.361768,16.759047,21.511762,46.129174,49.832399
13415,0.273257,3,4,4,3.216921,4.421058,26.761371,36.711007,14.148586,10.711911,26.644038,38.425136,8.739491,2.134644,23.323958,38.869778,10.631551,4.463228,27.40122,39.543133
13422,0.309186,4,4,4,2.080696,2.265078,28.746259,39.684881,8.728134,7.736536,28.734778,39.903008,3.008401,2.027082,28.485306,39.88417,5.999968,3.863502,28.98778,40.379699
13427,1.098031,5,4,4,0,0,16.014717,16.014717,0,0,16.014717,16.014717,0,0,16.014717,16.014717,0,0,16.014717,16.014717
13429,0.692018,5,5,5,0.08301,0.075811,35.267131,41.632178,0.457738,0.314562,35.266974,41.632176,0.099834,0.105895,35.267074,41.631957,0.204792,0.205987,35.267306,41.632437
13430,0.32297,3,5,5,2.795996,10.263545,42.080038,20.258405,14.360732,26.588496,41.394407,23.46609,6.857144,6.96994,38.015483,23.350723,9.042913,9.915154,43.161897,27.282631
13431,0.215646,3,3,3,24.205641,6.030948,20.250264,42.262461,60.216548,30.448833,22.591387,41.704258,16.90494,16.155412,22.268994,37.908004,27.850669,18.641942,24.413024,43.248631
13433,0.132268,3,3,3,3.445265,6.212841,44.598873,31.407679,18.916501,24.653482,42.972384,31.595167,6.734941,7.329858,40.431564,30.812738,9.151016,11.578702,46.92025,34.406943
13434,0.703256,3,5,5,0,0,31.88416,31.88416,0,0,31.88416,31.88416,0,0,31.88416,31.88416,0,0,31.88416,31.88416
13438,0.553822,5,4,4,1.641456,5.190937,49.6851,38.050806,6.649304,10.217067,49.692416,39.005829,3.51942,2.500392,49.035914,39.033475,4.567348,4.636216,49.878175,39.274562
13439,0.254203,5,5,5,0.025831,0.041531,41.632221,27.916194,0.142437,0.172323,41.632014,27.916191,0.031066,0.058011,41.632146,27.916075,0.063726,0.112843,41.632455,27.916325
13440,0.495966,5,5,5,0.243214,0.169898,33.334605,27.74229,0.756827,0.666722,33.3358,27.742358,0.233237,0.223908,33.335101,27.741883,0.442605,0.47792,33.33724,27.742903
13441,0.496819,5,5,5,0.435669,0.319547,33.260825,33.264506,1.319349,1.409113,33.264482,33.263874,0.370115,0.582182,33.263661,33.256125,0.729913,0.936601,33.268317,33.267958
13442,0.4989,5,5,5,0.000479,0.000477,33.296784,33.296784,0.032179,0.017189,33.29678,33.296782,0.000461,0.015445,33.296784,33.296773,0.000974,0.011,33.296784,33.296784
13444,0.501314,5,5,5,0.010967,0.008161,41.632486,33.328924,0.040554,0.053724,41.632486,33.328919,0.022439,0.014402,41.632448,33.328917,0.024534,0.032735,41.632496,33.328926
13445,0.50054,5,5,5,0.013682,0.006523,33.318638,41.632495,0.050595,0.042942,33.31864,41.632488,0.027995,0.011512,33.318614,41.632488,0.030609,0.026165,33.318647,41.632498
13447,0.309264,2,3,3,23.733971,18.006587,28.120376,30.120929,54.14069,51.180189,31.901225,32.161613,22.003943,26.147436,29.129864,27.80347,25.677291,26.822736,34.663337,34.630115
13448,2.543939,5,4,4,1.899691,1.428943,33.33195,33.334269,6.822287,7.742618,33.333221,33.332058,1.204841,1.521807,33.335404,33.334234,3.474324,3.276787,33.336998,33.33705
13455,0.997816,5,4,4,5.362241,5.030111,59.625728,50.678104,13.504907,15.487145,60.380659,51.022842,4.015765,5.77929,60.220788,50.542139,6.494639,7.519077,60.84402,51.430262
13456,0.372305,2,3,3,35.004676,25.692889,32.659601,32.03656,83.348221,92.273008,36.296439,32.723981,32.214477,38.76004,33.756262,29.769145,27.740338,40.125195,39.426674,35.438234
13459,0.122204,2,3,3,6.127484,5.092107,34.353381,35.538617,15.5231,16.259256,37.033097,36.836133,6.296535,7.348609,34.558973,33.442263,5.552527,5.664634,39.460996,39.453782
13462,0.090511,2,3,3,8.787595,10.676553,30.471349,28.285053,21.846866,22.304394,35.658971,35.46779,9.215272,9.648289,30.578128,30.067823,8.551105,7.845475,42.648619,42.784729
13464,0.134938,2,2,0,7.297059,0,38.828738,0,17.082644,0,43.42428,0,6.571509,0,40.371104,0,8.027498,0,47.025519,0
13466,0.946655,5,4,4,20.5409,9.050474,37.076818,40.40111,34.687364,30.252033,40.546716,40.781143,9.254298,15.841566,40.474045,38.788824,15.230989,18.709533,41.529273,41.480428
13467,0.09095,2,7,0,0.777821,0,43.241594,0,3.823408,0,43.102859,0,1.874002,0,42.02637,0,3.002129,0,43.463707,0
13468,1.198697,4,1,0,96.565443,0,59.773227,0,195.293995,0,69.320213,0,52.678659,0,69.023063,0,102.646298,0,71.152761,0
13469,0.14016,2,6,0,0.364821,0,38.747501,0,3.671528,0,38.267248,0,2.131471,0,36.442859,0,2.974648,0,38.686243,0
13470,0.235393,2,6,0,7.650619,0,31.431933,0,18.893882,0,35.01437,0,5.529696,0,34.248025,0,8.83699,0,38.358957,0
13471,0.941639,2,2,0,79.637739,0,31.229194,0,166.476697,0,35.729873,0,109.299258,0,28.785533,0,72.808943,0,38.09704,0
13472,0.357832,1,7,0,3.279665,0,24.212618,0,6.723913,0,24.279631,0,3.715625,0,24.199689,0,1.444277,0,24.301345,0
13473,0.28026,2,4,4,0,0.391601,13.623927,15.947301,0,1.809475,13.623927,15.946641,0,2.097497,13.623927,15.891854,0,0.676103,13.623927,15.949781
13474,0.179905,2,4,4,7.087079,1.757726,10.46817,15.843386,5.626052,4.698778,11.494556,15.902571,2.023641,2.672558,11.454504,15.741884,1.8083,1.610616,11.531511,15.94735
13476,0.1583,2,4,4,1.526488,4.086443,12.195367,15.33554,4.419096,2.938429,12.22203,15.925109,2.915681,0.922715,12.076346,15.913691,1.514148,0.825487,12.246561,15.949049
13477,0.088808,2,4,4,1.813952,2.260621,36.400031,15.977758,2.385946,7.049566,40.478332,16.493421,0.840806,6.084345,39.916419,12.482264,0.54868,1.948261,41.209452,17.213557
13478,0.181165,2,4,4,5.839945,8.008216,16.434205,18.529857,16.190936,10.306304,18.307135,23.533226,14.805365,4.128005,11.266291,22.322886,3.940163,2.284092,20.737972,24.485082
13480,0.302235,2,4,4,3.193413,4.101658,39.482466,38.597276,9.147628,9.614517,40.299352,40.213351,3.909922,3.650255,39.006576,39.244077,3.390145,3.030865,41.166385,41.178537
13482,0.247298,2,4,4,6.285976,2.903783,19.823937,39.146699,14.367053,7.963873,22.374523,40.191079,6.638332,2.986777,19.838748,39.244049,4.692413,2.855087,23.910619,41.162818
13487,0.268703,2,4,4,10.815809,3.578425,17.34585,38.675105,14.541026,11.045184,23.295123,39.642645,6.654919,6.241945,20.873138,35.910317,4.606726,2.647016,24.744607,41.180244
13488,0.1826,1,4,4,1.772215,1.690754,16.141325,21.955821,6.131444,5.583591,16.182749,22.045879,2.471322,2.428405,16.037999,21.75707,3.332658,2.233995,16.269038,22.211395
13501,0.178212,2,4,4,9.333104,4.5571,14.102294,15.345374,12.178048,14.736196,15.667569,15.552819,4.227082,10.9662,15.468745,13.824476,2.688855,4.164488,15.942864,15.933642
13502,0.316474,2,3,3,57.827808,33.83456,22.207884,27.696614,130.609655,107.983581,28.3438,30.190835,40.905257,50.943008,26.346318,24.086489,50.712673,64.385621,37.818009,36.953629
13503,0.307712,2,4,4,9.082512,6.707877,27.457865,28.939497,17.544058,18.97103,30.383496,30.193226,5.440913,9.620155,29.889738,27.455894,3.934328,4.299059,31.711723,31.704729
13504,0.269473,2,4,4,5.301593,4.16963,29.342536,30.106582,10.684751,9.831162,31.022042,31.122687,3.864715,4.961118,30.433224,29.765507,4.524206,3.31582,31.685926,31.714403
13515,2.446148,5,4,4,31.984702,70.626374,51.520402,42.524819,125.539489,147.262368,51.88815,50.581491,77.515679,35.822712,42.010438,51.062624,84.72155,69.941795,55.565485,55.897544
13518,1.726029,4,4,4,14.709579,8.891294,51.234874,52.683345,55.868722,49.718372,51.555487,51.950921,12.840203,15.391803,51.937553,51.284368,17.874446,29.615326,53.542753,53.374571
13520,0.148599,3,4,4,1.402353,8.159612,38.443669,12.528778,6.955297,20.533089,37.990187,15.016076,3.14976,4.798269,35.615702,15.435898,4.920041,7.357397,39.249581,18.209733
13521,0.154008,4,4,4,1.524783,2.24173,39.151167,21.882227,6.459472,12.485665,39.086074,21.296868,1.738553,4.284545,38.975313,20.418673,3.703452,8.715841,40.225844,22.362765
13525,0.083575,5,6,0,0.02401,0,38.858278,0,0.120886,0,38.857475,0,0.036994,0,38.856488,0,0.062015,0,38.859701,0
13526,0.020487,5,6,0,0,0,38.860002,0,0,0,38.860002,0,0,0,38.860002,0,0,0,38.860002,0
13528,0.024648,5,6,0,0,0,38.860001,0,0,0,38.860001,0,0,0,38.860001,0,0,0,38.860001,0
13530,0.435098,2,1,0,46.239952,0,60.371738,0,101.591696,0,68.978534,0,33.722991,0,66.595469,0,51.619315,0,71.149262,0
13531,0.341978,1,6,0,8.922609,0,33.150113,0,53.063403,0,30.144773,0,38.263582,0,20.013261,0,32.962662,0,36.298901,0
13533,0.17748,1,7,0,1.178674,0,20.10675,0,2.473199,0,20.126681,0,0.818834,0,20.122168,0,1.067625,0,20.13288,0
13534,0.395486,3,5,5,10.745911,3.714376,19.820118,31.017364,30.061363,14.186077,21.515729,31.109463,10.652304,8.155625,20.155873,29.273529,11.877711,6.163764,23.443697,31.691239
13535,0.500775,3,5,5,3.435474,2.216423,31.548111,31.833059,9.260949,8.564829,31.826955,31.857599,2.816508,3.776008,31.742814,31.510857,4.449301,5.450093,32.01946,32.009508
13536,0.499317,3,5,5,3.47496,2.073959,31.516852,31.839932,10.002511,8.503882,31.772732,31.841453,2.432017,3.960636,31.79896,31.438801,4.001261,5.348156,32.005259,31.992551
13537,0.502308,3,5,5,6.145407,4.176315,44.174092,35.916953,15.167027,19.654698,46.104886,35.597066,3.670665,10.108567,46.250306,32.394325,5.619553,10.548958,47.449107,36.859653
13538,0.25152,3,5,5,5.075069,5.285517,35.148297,24.285004,28.723728,42.27622,32.867769,20.410034,6.634402,13.682981,33.701965,18.715129,8.470252,16.454591,39.180088,26.229694
13540,0.145713,3,4,4,0.695983,1.846054,44.668814,22.717548,3.560442,7.397149,44.420304,22.754695,1.213499,2.040616,43.924038,22.654869,1.991217,3.272318,45.068726,23.362804
13542,0.532642,3,4,4,2.855493,2.114531,33.80988,37.271821,9.499449,8.382853,33.993292,37.288911,2.764816,2.723552,33.896652,37.159804,4.411582,4.357279,34.291708,37.481748
13543,0.494726,3,4,4,11.184264,15.288278,44.886183,33.924859,38.042939,48.859406,45.60927,34.986507,14.26318,16.829494,43.975725,33.726875,16.809877,19.42099,47.355742,36.777698
13545,0.239233,3,3,3,7.249811,13.004203,43.81318,39.284983,31.994847,35.68875,43.402107,42.685679,15.215739,9.820563,38.280521,42.19843,18.347872,17.392702,46.790204,46.860593
13546,0.352412,3,4,4,2.888036,5.244829,45.997755,27.178306,6.769825,12.484932,46.984023,29.019511,2.800444,3.703379,46.218302,28.68248,4.455607,5.455567,47.438623,29.974583
13547,0.770973,3,4,4,7.688518,7.608813,35.512396,45.419831,19.983358,13.88224,36.716954,47.047545,6.780334,4.224447,36.108799,46.865804,8.541486,7.088628,37.490782,47.489006
13548,0.252968,3,4,4,1.956655,4.166997,46.146155,28.181171,5.39337,7.714813,46.865122,29.931158,1.828051,2.266041,46.423814,29.783708,2.384598,3.719395,47.486061,30.36398
13549,0.525467,4,3,3,14.380818,12.861678,45.391405,42.287092,35.844231,32.512453,47.162309,43.461327,11.453816,15.586909,46.553033,41.772432,16.506867,19.529861,48.361202,44.176185
13550,1.131677,5,7,0,0.941809,0,60.86738,0,3.500705,0,60.873136,0,1.092027,0,60.861247,0,1.588672,0,60.897458,0
13551,0.27367,3,3,3,15.831727,7.653699,39.292057,42.262458,41.648163,38.641723,41.452306,41.704255,11.610248,20.50236,41.148926,37.908003,19.906806,23.657943,43.345243,43.248628
13554,0.126412,2,4,4,4.866698,2.309286,12.903921,32.80918,17.242227,7.011559,13.489606,33.91593,7.178383,3.042619,11.44816,31.72661,5.69733,3.10895,15.959309,35.515745
13555,0.505064,2,5,5,1.029021,9.11182,26.684774,29.420855,8.280823,16.821878,26.608921,31.151241,4.450197,7.606897,26.273061,30.157046,5.149205,3.565426,26.695706,31.735955
13556,0.50063,2,5,5,0.026603,0.030706,26.674816,24.921977,0.404168,0.441523,26.674551,24.921708,0.122371,0.132093,26.674444,24.921605,0.119197,0.116421,26.674828,24.921994
13557,0.250327,2,3,3,2.985736,7.869208,33.978009,38.269266,26.753218,32.762346,33.496631,38.242822,16.27729,6.183948,31.341022,38.832509,14.903055,10.01241,34.034383,39.580734
13558,0.251704,2,3,3,9.191392,2.594273,32.983265,39.468528,38.394938,23.315458,32.95322,38.884258,7.265002,14.129364,33.461829,36.421183,11.734853,12.93577,34.093059,39.538818
13559,0.245825,4,4,4,0.454475,2.829329,28.806057,27.928018,3.018881,5.22995,28.771011,28.651802,1.136105,2.990752,28.703615,27.930971,1.564495,1.322399,28.821125,28.82278
13560,0.128371,4,4,4,0.157944,1.97082,44.43652,21.036689,1.084332,3.743667,44.378636,21.655905,0.40344,2.115934,44.28478,21.01495,0.547934,0.946961,44.461128,21.804392
13561,3.011158,5,4,4,4.905053,3.082698,61.360376,61.44586,14.274751,13.23165,61.430851,61.440932,5.278684,5.181548,61.35578,61.361017,7.164915,8.820907,61.496822,61.492755
13562,0.498438,4,4,4,5.294557,3.449788,55.167994,42.567641,10.595888,13.75603,57.988755,42.632265,2.783099,9.256981,57.94333,38.157488,5.037394,8.825964,59.032768,43.4626
13563,0.43554,4,4,4,4.664277,2.286133,55.116667,57.953434,9.449839,9.014023,57.945074,58.043823,2.489471,5.728376,57.891335,54.085822,4.496316,5.774028,59.02756,58.947823
13565,0.114971,4,4,4,32.219408,1.994736,4.876396,43.433133,71.14016,11.85517,7.121644,40.306284,13.137736,5.679145,8.580501,33.231435,16.433783,7.698876,15.651689,46.226142
13566,0.307166,4,4,4,6.394643,2.041373,29.240337,47.443598,12.950331,7.845038,31.87673,47.566571,2.902325,4.207627,32.12232,45.236003,7.724721,7.369497,32.766838,48.137083
13567,0.698133,4,3,3,47.807514,15.50527,40.855665,55.427798,79.816215,56.853325,50.157942,56.065045,14.821689,40.314739,51.919221,46.668249,29.166286,43.124522,54.120975,58.29167
13576,0.468416,3,4,4,8.188819,4.167644,26.06753,38.561766,19.269459,12.420179,27.965083,39.039819,4.870511,4.669113,28.000804,38.4488,7.375202,7.209716,28.977867,39.554456
13577,0.240357,3,4,4,1.047524,0.832026,31.592689,31.647927,3.296883,3.28459,31.655049,31.655716,0.971088,1.067083,31.62741,31.603683,1.69365,1.658041,31.738565,31.739016
13582,0.541377,5,5,5,1.383473,0.726426,45.614472,45.730965,3.904911,3.214714,45.698795,45.723794,0.806402,1.493888,45.726372,45.608253,1.751554,2.252873,45.772463,45.767846
13583,1.288903,5,5,5,0.749529,0.371535,45.769962,41.369756,2.303758,1.904185,45.774241,41.36878,0.523554,0.996279,45.775445,41.360467,1.176205,1.609416,45.779319,41.370756
13584,0.129999,5,4,4,1.617157,5.40013,55.73697,19.570238,4.297172,11.444468,58.336148,23.14865,1.865556,5.255158,55.041024,20.127495,2.903951,6.315922,60.331252,25.056546
13585,0.545597,5,4,4,1.349173,0.831841,49.754979,39.139737,3.141562,3.385868,49.868704,39.140502,0.620204,1.703892,49.891867,39.047629,1.356214,2.444213,49.922433,39.166256
13588,0.291882,2,6,0,2.733498,0,37.678522,0,14.788489,0,36.980165,0,7.134316,0,33.993312,0,10.80201,0,38.371917,0
13589,0.210882,3,3,3,11.251303,6.565708,39.773204,41.990434,31.764253,8.291063,41.488555,43.412353,24.615362,2.291198,33.977118,43.385225,18.36597,2.970448,43.243755,43.588557
13593,0.04705,3,3,3,1.830015,0.728377,36.198613,38.910735,3.861632,3.114169,38.491951,38.859017,1.040999,1.820502,38.392707,36.507764,1.811025,2.403699,39.524314,39.436156
13596,0.026411,5,6,0,0.228939,0,37.828139,0,0.68091,0,38.284186,0,0.154924,0,38.399639,0,0.265878,0,38.817461,0
13600,0.498474,5,4,4,2.40525,9.713478,49.328252,43.8757,9.171208,13.148446,49.407271,48.924987,10.137609,2.019049,43.993358,49.53725,9.091567,6.070735,49.706873,49.824371
13602,0.206823,5,4,4,0.325392,0.159687,50.679926,50.737002,0.987505,0.83966,50.713751,50.725199,0.209385,0.393495,50.727001,50.657914,0.501302,0.750996,50.751936,50.746088
13605,0.083491,2,4,4,2.958668,3.397055,14.600328,14.129327,10.571504,8.629782,15.0191,15.502959,7.651668,2.7243,10.785182,15.013191,3.508437,2.942299,16.550308,16.571094
13606,0.015463,1,4,4,1.293898,0.507983,3.937813,19.960438,3.404953,1.62431,4.086654,20.674194,2.582283,0.644538,3.467604,19.319725,0.987486,0.643966,4.181959,22.087766
13608,0.090316,1,4,4,3.094001,20.63786,23.884266,6.607347,11.095542,32.137457,24.115526,9.65059,6.072845,11.282396,22.127615,8.772026,3.829187,6.040201,24.935918,11.361088
13609,0.034867,3,3,3,0.289222,3.101802,46.383973,7.32021,1.650512,12.64906,46.074376,7.326318,0.670405,3.063748,45.212807,7.361749,1.011649,5.15725,46.641255,7.61377
13610,0.700065,3,4,4,6.536966,5.097802,33.80069,34.391344,14.877163,15.382134,34.865208,34.83199,5.370186,6.935956,34.400903,33.794566,3.327696,3.680056,35.321927,35.320079
13611,0.519834,3,4,4,5.022632,4.703025,31.393642,43.578463,19.900191,14.756213,31.498501,44.185378,10.906674,4.95518,27.892001,43.591971,9.545708,7.145138,32.73355,45.067498
13613,0.460971,3,4,4,3.651037,10.205496,43.908611,26.237958,14.523394,24.347846,43.983455,29.414933,8.229898,6.951833,40.847347,28.946356,7.683884,9.265781,45.018218,31.613444
13615,0.256336,3,4,4,4.170502,4.694144,41.067988,22.787459,9.658567,18.445825,43.5469,23.00002,2.767754,14.436883,43.21743,15.72936,4.681755,7.729853,44.987912,25.467993
13616,0.962969,3,4,4,14.490026,7.342482,41.520619,43.990782,22.958479,23.166415,44.453403,44.441424,7.19877,18.274216,44.142199,40.450469,11.725694,11.066451,45.090498,45.099771
13621,0.762252,3,4,4,7.949692,20.72559,43.142167,31.428544,26.337701,33.59393,43.773725,36.735163,18.604732,8.9809,38.546291,36.617556,14.033477,14.016881,44.985015,38.233102
13626,0.273553,3,3,3,8.431379,7.208718,43.71586,38.438418,30.985556,32.296391,44.332793,38.140703,8.851633,13.785024,43.765075,35.471533,15.016948,19.309066,47.138741,39.985746
13627,0.080628,1,4,4,0.843012,0.39742,21.888905,12.150673,2.121169,2.533767,22.089626,12.12861,0.519669,1.53147,22.101332,11.942083,0.909871,1.264045,22.213327,12.161842
13628,0.162264,1,4,4,1.631902,0.577673,15.615502,22.179907,4.966892,2.592237,15.678597,22.171959,1.60658,1.070778,15.634404,22.095763,2.429913,0.758057,15.745452,22.222812
13629,0.103348,1,4,4,2.807875,1.812985,12.838898,21.385238,10.424041,7.345445,12.959268,21.408126,4.363859,2.825239,12.1851,20.644933,4.642288,3.296782,13.468477,22.141716
13633,1.436477,4,4,4,40.414111,78.761546,39.596508,31.513572,101.30009,118.086469,44.129049,42.915976,46.925455,31.758594,38.578546,42.5281,75.70833,59.950238,47.72365,48.257355
13634,0.497066,4,4,4,18.449043,22.153301,43.515694,32.651234,34.209841,37.863225,47.651718,36.79492,11.835868,12.57117,46.583335,36.062576,18.370104,16.516904,49.072491,37.904909
13635,0.800488,4,4,4,53.222668,29.795088,29.046228,36.380097,79.76175,66.360118,41.151942,42.84443,22.271098,32.426327,40.319288,36.046523,37.085828,47.355175,48.043381,47.376417
13636,0.094608,3,4,4,0.716123,4.495286,38.833082,14.316167,3.258558,9.771398,38.674009,16.3901,1.935973,2.167098,35.815118,16.676785,2.647811,3.952984,39.356732,17.496117
13637,0.594949,3,5,5,2.303169,3.126305,27.271129,31.495911,6.394153,9.938751,27.323542,31.593178,1.506456,3.154233,27.330614,31.517711,3.381361,3.723419,27.363044,31.739575
13638,0.25061,3,3,3,16.323853,6.521157,35.15481,35.521275,40.868873,37.966173,39.124786,34.341542,9.158392,26.695722,39.941435,27.1814,17.864989,31.581908,43.079654,36.125303
13639,0.946363,3,5,5,2.880152,1.204923,27.655907,28.833622,4.144421,3.986183,27.721793,28.838105,0.901348,1.078772,27.724362,28.837221,2.162826,1.861088,27.72983,28.845803
13640,0.330435,3,3,3,7.979514,11.034789,44.937566,38.379189,39.296056,42.327003,44.079199,38.709654,14.904445,12.567041,41.466239,38.00715,18.659961,19.626738,47.116623,41.14557
13642,0.657351,5,4,4,4.568176,6.610414,39.902859,47.729422,13.470384,12.492055,40.267739,49.375321,6.80185,3.494717,39.208973,49.282934,7.986752,5.408471,40.605454,49.878394
13643,0.112667,3,3,3,13.661509,2.352101,13.710152,44.796842,30.618596,9.401332,16.210772,44.893105,8.820233,4.50476,15.834312,41.805838,13.968179,7.653722,17.917629,46.179193
13644,0.267384,3,3,3,48.967869,15.463384,19.602931,49.559034,127.668576,59.558725,23.720553,50.257235,45.5821,24.868036,20.78094,44.411889,52.304674,28.998031,30.788766,56.807807
13645,1.128261,3,3,3,41.154959,73.537692,53.588842,48.216822,169.739566,187.589275,53.577739,52.858129,81.469969,53.745518,47.679106,51.983638,96.590203,80.030851,57.22309,57.450238
13647,0.243655,3,4,4,6.610647,9.484078,38.524104,34.517794,20.08435,21.199959,41.336199,40.881443,10.671492,5.158958,33.793882,41.345097,14.749932,10.477738,45.6029,46.475825
13648,0.087843,3,4,4,1.890668,0.947872,41.647276,43.022168,5.606027,4.243028,42.49097,42.92711,1.467269,2.197665,42.455824,41.32107,2.01615,2.283713,43.527808,43.508639
13649,0.355366,3,3,3,37.048805,25.049819,29.087139,36.557951,82.128253,68.968945,35.218977,40.610134,34.36269,36.522151,30.520927,32.805351,38.745432,34.593648,40.855461,46.384572
13650,0.127086,2,3,3,6.300529,16.682502,39.897379,31.611018,30.104875,37.753845,39.001101,37.35862,19.739727,8.121457,30.390618,38.681326,20.394148,12.642087,42.414217,43.099296
13651,0.123927,2,3,3,6.002263,23.036825,40.024958,22.347667,27.774732,48.098095,39.351675,27.532855,19.147284,10.2829,30.449471,28.583939,19.307007,16.139738,42.474465,31.753801
13652,0.250674,3,3,3,6.654005,7.281506,35.469746,40.796463,28.691836,25.049095,35.341104,41.505593,12.184382,8.707972,33.252826,40.21171,14.002186,11.193694,36.822641,43.381664
13656,0.260009,3,3,3,5.912541,11.511913,41.721074,38.372048,26.786157,28.545336,41.397442,41.156258,14.285624,6.686826,37.160145,41.502609,19.494261,13.152578,43.029242,43.32435
13657,0.306209,4,3,3,6.642429,27.676112,59.305916,35.805631,40.056397,55.962807,56.041127,44.712116,27.913964,11.328691,41.896193,46.920051,18.462805,22.228109,62.626892,51.703314
13659,0.106909,2,3,3,11.648379,6.399472,22.78092,35.465911,33.540224,22.725456,25.43859,36.777826,11.593173,9.742512,23.271784,31.791502,15.433123,13.355838,30.049729,42.047566
13661,0.173591,2,3,3,15.582848,8.371321,31.33421,37.337557,33.609467,29.031178,37.537942,38.617095,9.697919,16.859991,36.592392,31.097723,13.138203,16.674385,42.962337,42.62007
13663,0.223826,2,3,3,11.869068,5.444112,29.634386,37.872237,28.601412,19.290152,31.875088,38.272309,8.290988,9.193099,31.498059,35.94199,10.613758,11.05695,33.451384,39.428966
13665,0.253648,3,3,3,28.203789,31.879448,18.620478,28.147563,105.555029,68.023121,19.319327,35.155856,88.781466,14.323946,10.82912,36.934267,72.151463,27.092394,24.086885,42.519857
13668,0.323952,3,3,3,54.171389,23.080462,24.922064,34.286727,110.803636,87.788214,32.717177,35.056951,22.559924,57.568785,35.06293,24.881041,39.273685,61.22576,42.251035,40.771867
13670,0.249232,2,3,3,16.734262,14.900134,32.084139,29.292541,47.361125,59.333895,34.909934,29.503808,15.108513,28.081493,33.380345,24.843201,23.03822,29.562454,38.948471,33.406823
13671,0.209259,2,4,4,2.682155,4.127168,38.827114,23.785761,7.584542,14.830152,39.951773,24.238895,2.305523,8.957127,39.527014,19.95889,2.667164,4.895164,41.149006,25.841886
13672,0.132296,2,3,3,3.378255,2.128313,37.722361,38.781722,7.920143,8.83029,38.925858,38.769909,2.227824,4.844564,38.799308,36.525842,3.194269,3.606541,39.592592,39.577778
13674,0.257242,2,4,4,7.603576,3.645494,19.18074,38.411327,19.432729,12.918171,21.749158,39.01315,6.537867,6.788266,20.420858,34.959599,6.771052,4.256656,24.239639,41.097481
13676,0.250463,2,3,3,23.143472,19.451093,35.197334,36.753338,59.671118,61.573985,38.963808,38.754977,22.987467,25.18152,35.789439,34.938445,31.165073,32.349902,42.846878,42.794413
13680,0.251039,2,3,3,26.256907,22.326825,33.990141,35.554018,62.532292,61.653342,38.665575,38.761779,24.431624,26.536134,35.247148,34.452558,24.583867,23.858027,43.113535,43.139656
13682,0.232285,2,3,3,7.990431,12.756522,39.670678,31.505495,28.87516,37.479257,40.373603,33.472071,13.880243,11.222928,36.002979,32.668798,14.800337,12.476962,43.134844,36.388473
13683,0.449,3,3,3,24.642364,55.931095,36.50038,32.719788,66.824969,83.664882,38.071747,40.624107,55.8797,19.816993,31.012005,40.987573,36.034556,27.17334,39.437534,43.419486
13685,0.13029,2,5,5,1.000014,1.053384,31.205308,31.151742,3.595415,3.834002,31.324378,31.271468,1.382895,1.142174,30.873019,31.125626,1.59325,1.323204,31.7102,31.722004
13687,0.195273,2,5,5,1.57877,1.498782,31.151741,31.205309,5.74625,5.388665,31.271467,31.324377,1.711845,2.072629,31.125625,30.873017,1.983166,2.3879,31.722004,31.710198
13689,0.208713,2,3,3,23.833562,35.403362,28.894122,25.253492,74.541719,80.428634,31.053074,30.49572,33.742524,30.417197,26.263457,27.234532,42.558363,32.438,35.392448,35.811986
13690,0.131775,2,5,5,3.570632,2.970401,27.571131,14.180608,13.667528,25.112223,27.961122,11.688261,2.745261,12.482412,29.091724,8.727942,4.346214,12.769969,31.492981,14.924816
13691,0.425348,4,3,3,2.845383,3.237058,50.624884,50.545096,18.926139,18.958828,50.205741,50.203492,5.4659,4.534347,50.038399,50.292252,7.694492,6.909522,50.861703,50.872157
13703,0.468764,5,4,4,4.867269,1.825855,56.992906,43.504406,9.511675,10.247173,59.809515,43.227467,1.958114,8.967191,60.172694,38.273219,4.409328,10.648074,60.787618,43.56489
13704,0.378507,5,4,4,3.930121,1.059889,56.992909,60.51453,7.680288,5.939662,59.809518,60.217489,1.581097,4.969795,60.172697,55.76137,3.560352,6.182749,60.787617,60.582418
13706,0.090081,1,4,4,7.59843,6.249367,9.700076,21.763184,26.465781,12.972653,10.08387,23.845326,18.995399,4.235818,7.05578,23.304007,8.412864,2.742043,11.320216,24.9611
13708,0.080137,2,4,4,1.462306,0.904776,14.823391,34.373748,6.862715,2.496279,14.684467,35.044517,3.875201,0.757332,12.920322,34.819169,3.957527,1.474628,15.209326,35.593145
13709,0.246937,1,4,4,2.261402,11.465277,14.393106,13.675857,31.452037,29.060536,13.155374,14.790216,9.750622,7.288897,12.679833,14.830681,20.557256,9.373168,14.26389,15.694647
13710,0.125139,2,3,3,12.103775,13.159405,34.760957,26.877825,36.752358,48.984774,37.44968,27.535665,12.116515,19.729725,35.295329,24.259431,19.696536,28.07214,42.453959,31.270406
13711,0.498387,2,4,4,0.118242,0.110794,26.655295,24.897623,1.247522,1.199455,26.653398,24.895983,1.347219,3.721609,26.618104,24.569043,0.340073,0.800133,26.655584,24.897554
13723,0.216605,2,4,4,0.645981,1.613992,39.491896,25.28723,3.108412,5.299476,39.438259,25.402245,1.198095,1.379088,39.20106,25.397416,2.012541,2.532123,39.610224,25.578271
13729,0.24842,2,4,4,2.52753,2.214815,34.59157,21.555042,8.018263,12.380416,35.001232,21.142768,3.168975,5.831023,34.219085,19.382889,3.223074,6.090796,35.644756,21.952037
13730,0.250823,2,3,3,14.190046,16.475867,39.109238,33.232239,47.129217,51.768407,40.335285,34.532615,18.940272,23.479669,37.45053,31.30348,11.735828,16.760085,43.477483,36.880683
13731,0.497356,2,4,4,3.967404,6.971214,26.671542,27.991909,6.020572,6.595392,27.178497,29.294946,11.226663,3.764599,23.751478,28.98874,3.233693,2.041413,27.242432,29.37128
13732,0.192664,2,3,3,10.645586,14.08524,36.191073,28.614144,29.110583,38.371848,39.282519,31.466394,12.730817,17.230325,35.074426,27.415717,13.438803,15.704848,43.050683,35.028099
13733,0.542043,2,4,4,8.984719,5.578294,25.398869,29.004536,7.10339,7.628078,27.704116,29.716662,7.483553,8.406082,26.229996,28.271052,3.657982,3.080757,27.783704,29.80354
13734,0.252293,2,4,4,1.839562,1.70656,24.793751,35.164761,5.639698,4.781207,24.914991,35.436667,4.432316,1.255431,23.719163,35.426227,3.355269,1.826705,25.041245,35.681707
13739,0.449356,2,5,5,4.501422,4.619987,30.874068,23.547716,8.314374,12.027841,31.546721,24.020254,2.49354,3.55884,31.479389,23.917302,3.638857,4.645451,31.731776,24.309002
13742,0.124902,3,5,5,0.780287,1.253838,31.400132,14.899044,3.429327,6.766212,31.355635,14.714764,0.941819,2.049103,31.305184,14.545702,1.854889,3.523514,31.696364,15.096084
13743,0.207099,3,4,4,2.402442,6.963362,37.932459,20.986549,9.726561,18.202783,37.980623,23.095688,4.145123,4.55102,35.936757,23.194112,7.189367,7.685934,39.213078,25.028181
13744,0.146435,3,4,4,0.959523,1.395015,21.740166,17.943158,3.502923,3.838335,21.771357,18.138412,1.091013,1.150024,21.717591,18.083292,1.981718,2.157232,21.865925,18.260748
13745,0.376319,3,4,4,0.428649,0.979363,30.117216,30.075157,2.373373,2.599397,30.109214,30.105634,0.859437,0.579262,30.091522,30.110992,1.203392,1.14476,30.125245,30.125424
13746,0.250933,3,3,3,4.510516,11.050815,42.345157,33.483683,23.42461,31.583929,41.730641,35.05114,11.186719,7.203649,38.721716,35.416859,13.976817,12.143076,43.270195,36.874525
13747,0.366826,3,4,4,0.684228,1.049475,27.002651,29.879263,4.070003,3.029986,26.971102,29.910846,1.272879,0.649876,26.940786,29.920067,1.917629,1.309026,27.024454,29.938749
13748,0.273661,3,4,4,4.50857,3.639114,36.627953,26.544561,13.244327,16.996972,37.894271,26.253279,3.345947,7.278924,37.945639,24.344225,5.946033,12.610653,39.467234,27.320811
13749,0.402727,3,4,4,0.094907,0.211342,30.608751,30.60696,0.5146,1.439091,30.608416,30.603122,0.087595,0.325832,30.608862,30.604478,0.199929,0.591276,30.609171,30.608785
13755,0.29976,2,4,4,3.079242,11.22829,34.572975,17.627845,17.797103,35.056384,33.705959,19.314243,8.595183,7.597583,30.674894,20.222429,9.941252,13.048976,35.378456,23.270029
13756,0.202666,2,4,4,2.303857,3.011274,22.809608,33.606828,12.760017,9.662249,22.378264,34.315546,6.437898,2.187334,20.245225,34.588017,7.307763,3.830989,23.230319,35.587589
13760,0.230763,2,3,3,10.947546,9.968444,34.729376,30.788928,26.972159,33.999726,37.358442,31.548811,9.675664,14.148686,35.828802,29.229808,15.239127,18.331169,39.270749,33.406726
13761,0.317709,2,4,4,2.272615,2.266866,15.890533,13.063085,9.045354,10.742163,15.894212,13.048176,2.53969,3.640074,15.884191,13.002735,4.32656,5.291548,15.944125,13.101852
13762,0.346827,2,3,3,5.772469,2.836517,42.400349,38.411824,25.516699,13.759567,42.24203,38.331429,10.957103,6.871107,40.431576,37.601607,12.545408,5.990491,43.438098,38.606597
13763,0.253004,2,4,4,3.750741,3.137813,15.719852,12.407649,13.568572,17.654271,15.768427,12.291785,3.602824,6.253385,15.757405,12.073073,7.198924,10.375655,15.926251,12.50439
13764,0.394818,2,4,4,4.0632,4.513667,13.480022,15.807256,14.924605,15.122408,13.500821,15.852722,7.314519,4.750492,13.288218,15.808838,6.671386,5.225313,13.573861,15.944436
13765,0.384097,2,4,4,3.523731,2.184482,13.445379,15.91139,9.846852,7.819134,13.488389,15.920364,2.974832,3.201291,13.474513,15.878827,4.343628,4.080518,13.521195,15.946333
13766,0.249454,2,4,4,1.456658,2.862264,19.823206,14.60506,7.196936,10.328566,19.79193,14.652169,2.683018,2.487287,19.684559,14.671226,3.788258,4.497296,19.886284,14.789845
13768,0.080587,2,4,4,0.389475,0.533661,19.84621,19.802764,1.914513,2.013659,19.824922,19.817454,0.726194,0.490873,19.744704,19.825332,1.013117,0.946347,19.890415,19.891578
13770,0.217963,2,4,4,1.57829,1.351493,14.203236,19.814046,7.158498,5.239749,14.187653,19.823235,2.460956,1.336118,14.116232,19.824435,3.640342,2.5182,14.263601,19.891836
13773,0.03366,4,4,4,0.852249,1.006406,34.921872,8.565324,1.649628,7.120598,38.674155,8.132148,0.349172,4.249649,39.174508,6.524526,0.645466,3.649144,40.300982,8.723096
13774,0.303684,4,5,5,1.928316,1.25033,32.027627,24.459777,11.484841,14.013284,31.686447,23.970956,2.491209,4.986551,31.870818,23.485768,3.592582,6.627146,32.350456,24.484916
13775,1.089461,4,5,5,17.276748,3.926331,30.602482,28.592665,61.196566,44.232802,30.99545,27.908399,12.724442,27.030564,31.419629,25.139822,18.221187,26.217041,32.318492,28.58568
13776,0.06164,4,5,5,0.04186,0.080658,32.379722,32.366674,0.707388,0.848062,32.308325,32.277079,0.141226,0.174968,32.337471,32.313745,0.260231,0.203965,32.380109,32.381921
13783,0.269562,1,4,4,1.07442,0.882989,16.356457,17.797672,2.464933,2.251547,16.378767,17.810039,0.797621,0.983167,16.37307,17.795549,0.452634,0.518268,16.387853,17.817652
13784,0.077804,1,4,4,2.362814,0.582567,10.634526,9.327027,5.322293,6.261974,10.975741,9.132218,1.365313,3.375941,10.976451,8.415672,2.304523,3.993562,11.108426,9.323369
13785,0.076325,1,4,4,9.206824,1.064944,7.528398,9.156926,18.796173,22.684385,9.497868,7.178031,4.330745,9.775103,9.73311,5.812061,4.491797,12.632443,10.987396,8.882383
13786,0.261673,1,5,5,3.795337,1.208956,15.601846,15.878235,9.53367,9.262281,15.793479,15.799985,2.405752,3.683682,15.797766,15.649804,6.552215,8.033951,15.887762,15.876489
13787,0.244463,1,5,5,1.393249,5.828787,15.661602,14.945372,14.518902,15.554652,15.412373,15.370059,5.258605,4.311128,15.139379,15.317548,9.750206,5.781885,15.653641,15.689216
13792,0.245378,4,4,4,1.849819,6.552435,47.923457,26.068099,9.347697,19.056955,47.337162,28.022829,4.434332,4.115155,44.154233,28.741113,7.131559,8.298974,48.762911,30.541183
13799,0.262546,3,3,3,17.93086,13.160383,32.418922,40.054565,56.464634,43.18403,34.626525,41.973103,20.815366,17.468634,31.570523,37.808415,24.714236,18.332316,39.467425,46.909567
13814,0.248354,2,4,4,2.651582,3.729756,34.49512,20.681247,7.734957,13.183402,35.044715,21.023064,2.901446,9.035994,34.424963,17.168859,2.135883,4.121233,35.674645,21.992182
13815,0.322911,2,4,4,2.327617,4.324446,35.099291,22.861175,10.456424,16.856053,34.99716,22.990888,3.789021,5.106341,34.415351,22.567288,5.706175,7.493565,35.60099,24.078117
13819,0.257524,2,4,4,0.645342,1.44814,35.615812,22.147405,3.067142,5.291638,35.589675,22.188782,1.186465,1.533454,35.462788,22.147372,1.780738,2.458888,35.683234,22.318325
13825,0.24717,2,5,5,2.987101,1.783694,19.647917,31.262913,17.453052,11.120176,18.913761,30.730809,4.973198,3.165733,18.614288,30.536037,8.38187,4.961823,20.28718,31.648501
13832,0.436138,3,3,3,2.909684,4.581894,41.962635,46.178486,15.418847,17.971966,41.854454,46.228106,6.742411,4.312637,41.372002,46.291721,9.907669,7.447497,42.087162,46.71643
13869,0.160728,1,3,0,15.503433,0,18.724362,0,60.344873,0,18.962081,0,34.931848,0,14.797407,0,36.50486,0,21.46304,0
13870,0.159695,1,3,0,35.230108,0,13.063911,0,77.802839,0,16.035392,0,22.227593,0,15.585347,0,33.026103,0,19.020685,0
13872,0.025374,3,6,6,0.410324,0.14728,36.587131,39.119189,0.965719,1.036463,38.429736,38.270962,0.233498,0.519917,38.554239,35.653069,0.503679,0.512949,39.487604,39.48195
13873,0.242342,3,6,0,1.435221,0,38.339766,0,10.100167,0,37.508441,0,5.06651,0,34.942706,0,4.998603,0,38.695298,0
13874,0.429975,3,3,3,12.766278,7.958781,40.697826,42.279245,38.054918,29.317172,41.891703,42.513867,8.630985,12.334691,42.223136,41.092038,16.050804,17.673312,43.444013,43.41308
13875,0.099673,3,4,0,4.100022,0,31.990211,0,8.858659,0,37.987964,0,1.658211,0,40.027507,0,3.161645,0,43.11532,0
13876,0.069497,3,4,0,1.292605,0,42.075744,0,4.757402,0,42.345447,0,2.011975,0,40.718082,0,2.858505,0,43.383384,0
13877,0.031905,3,4,4,0.017915,0.09707,43.591849,43.400417,0.450616,0.205834,43.350192,43.5429,0.168061,0.033245,43.102035,43.57635,0.227576,0.041468,43.570667,43.598843
13878,0.099654,3,4,0,1.199108,0,42.895305,0,5.845281,0,42.645224,0,2.8393,0,40.78991,0,4.147308,0,43.378567,0
13880,0.026329,2,3,3,0.540417,0.468124,45.375041,45.844275,1.611384,1.504612,46.301021,46.443736,0.638746,0.574,44.942824,45.363653,0.712335,0.862165,47.429678,47.377619
13881,0.236002,3,3,3,17.964476,11.533191,34.349124,43.383145,49.338518,41.000634,36.670218,44.218788,19.611317,17.972624,34.131365,40.457843,22.01245,18.447759,39.144326,47.176593
13884,0.039357,2,2,2,6.170696,1.97997,11.157278,39.537755,14.095192,4.670209,12.664129,43.807484,5.928708,1.915717,11.466748,40.375686,6.189791,2.258579,13.573498,47.059171
13885,0.009271,2,2,0,0.466422,0,39.537755,0,1.100161,0,43.807484,0,0.451285,0,40.375689,0,0.532054,0,47.05917,0
13886,0.741683,2,2,2,38.661367,46.091354,39.193265,33.788151,93.242151,106.67165,43.466925,38.222708,40.376903,41.324367,39.3275,35.286797,40.463365,49.92731,47.102947,41.558357
13889,0.046348,2,2,0,2.415983,0,39.193266,0,5.826783,0,43.466925,0,2.523188,0,39.3275,0,2.528591,0,47.102946,0
13891,0.017586,2,2,0,0.950983,0,38.828738,0,2.226282,0,43.424279,0,0.856426,0,40.371106,0,1.046177,0,47.025519,0
13893,0.021287,2,2,0,0.868886,0,44.123225,0,2.191534,0,46.023969,0,0.90699,0,44.198223,0,1.006881,0,47.389431,0
13894,0.104424,2,2,2,6.907671,4.262341,40.743562,44.123226,16.586346,10.750619,44.413138,46.023971,6.926416,4.449261,41.207591,44.198225,7.896347,4.939275,47.163809,47.389434
13898,0.013409,2,2,0,0.825699,0,41.349584,0,1.787219,0,45.186653,0,0.725927,0,42.752515,0,0.819763,0,47.290142,0
13901,0.511258,5,3,3,8.742333,6.363211,45.539241,47.255808,22.551046,21.862966,47.844975,47.951357,7.53916,10.919359,46.726019,44.36088,11.289207,13.387094,49.663468,49.564595
13903,0.127885,4,3,3,3.965403,3.386525,59.623937,60.532679,9.201684,8.940126,62.123406,62.199556,3.357704,3.846796,60.855547,60.152157,4.842426,5.48671,63.445241,63.391555
13904,0.176447,3,3,3,15.367259,1.657017,18.496323,47.053791,22.841741,8.171688,22.489602,46.859307,5.170577,6.4566,22.698468,43.00555,7.081083,5.448975,23.38515,47.409834
13905,0.067681,3,3,3,5.346446,2.342134,39.590718,45.125531,14.781486,12.45483,42.852299,43.908848,3.709795,7.013982,43.014601,37.405768,5.139933,6.794508,47.196099,46.957379
13907,0.431125,3,3,3,36.952553,41.977767,24.443193,32.767281,131.481676,86.843102,25.742327,40.277481,99.945813,29.290518,15.784087,37.586012,54.119318,32.64715,32.553222,46.807542
13909,0.186566,3,4,4,16.282913,3.014176,14.66595,42.93424,38.626235,15.574261,18.905549,41.23167,8.843143,9.190743,19.781854,32.369477,14.217634,10.860825,26.065165,45.727933
13911,0.088631,2,4,4,3.372181,1.350652,11.361271,38.075566,9.717139,3.225229,12.361947,39.942876,5.250251,1.116216,9.961558,39.102098,3.550925,1.04348,13.638297,41.160283
13913,0.100684,2,3,3,18.271729,5.906576,12.643173,38.872616,55.659995,20.615714,13.866579,39.880628,23.805326,8.298409,11.69786,36.733635,29.388892,10.377095,16.074781,43.065623
13914,0.109198,3,3,3,3.437408,7.090013,37.788484,29.221869,8.865373,10.690989,42.07122,40.531596,5.278255,2.748175,33.545875,40.534623,5.211438,4.372452,46.424539,46.728318
13916,0.197962,2,3,3,5.934918,11.113436,41.952871,39.158434,25.840595,32.425371,41.789246,40.9686,11.951987,10.752741,39.058672,39.704329,13.882567,10.22832,43.33815,43.452329
13917,0.048366,2,3,3,4.102838,1.672865,29.969376,36.525491,9.786163,8.532809,34.492746,35.373521,2.497479,4.772058,34.544277,29.063379,3.851123,3.773632,39.115069,39.13459
13918,0.057948,2,3,3,7.921241,2.778548,9.11986,34.658428,31.099813,8.57855,9.240385,36.337112,16.245046,3.039914,7.136161,34.43621,12.940658,4.009716,10.82871,39.236604
13920,0.053909,5,6,0,0.073595,0,38.826796,0,0.330835,0,38.820786,0,0.092305,0,38.814233,0,0.18304,0,38.854592,0
13921,0.058193,4,4,4,0.096448,0.417291,49.222725,48.039978,0.432091,1.350483,49.208196,48.483513,0.143774,0.383729,49.14648,48.321168,0.261832,0.687714,49.290593,49.205793
13922,0.014713,5,6,0,0.079338,0,38.421938,0,0.093138,0,38.818414,0,0.032187,0,38.787245,0,0.038732,0,38.856665,0
13923,0.355967,3,6,0,5.468852,0,36.171709,0,17.714428,0,37.035349,0,3.920957,0,37.443327,0,11.597154,0,38.473934,0
13924,1.101137,3,7,0,4.639906,0,47.439173,0,17.518138,0,47.455916,0,4.162483,0,47.468964,0,0,0,47.550001,0
13925,0.221128,5,3,3,4.946948,5.172929,63.176836,62.990989,12.214889,10.070888,64.575094,64.856854,5.591258,3.621155,62.900899,64.297229,5.615234,6.592893,65.425029,65.391355
13926,0.041911,5,6,0,0.590795,0,36.514045,0,1.67463,0,37.60332,0,0.486747,0,37.30959,0,0.799603,0,38.717747,0
13927,0.235702,5,6,0,1.409235,0,38.330649,0,3.349864,0,38.668815,0,0.884292,0,38.659188,0,1.76812,0,38.835643,0
13928,0.58128,4,1,0,31.956865,0,72.712923,0,78.268665,0,78.325177,0,17.456129,0,78.941506,0,41.236105,0,79.958584,0
13929,0.272541,2,6,0,3.005529,0,37.295371,0,17.012423,0,36.227362,0,10.266102,0,30.656666,0,11.91653,0,38.198706,0
13938,0.144109,5,3,3,3.816135,0.983499,31.273458,41.475931,5.965537,3.688342,32.000347,41.501175,1.28808,2.919163,32.039474,40.590019,3.177239,3.97228,32.119757,41.56814
13939,1.141077,4,7,7,14.162546,13.614632,47.547925,47.780772,25.635752,30.611739,50.377638,50.048226,10.948251,12.40856,49.082797,48.556211,16.439695,13.245936,51.054324,51.103605
13940,0.368499,5,3,3,8.409194,2.8049,36.29016,37.187369,13.139601,10.519278,37.150498,37.208989,2.836914,8.321913,37.198448,36.408105,6.996394,11.330034,37.298442,37.265984
13942,0.294724,5,4,4,0.00001,0.000009,25.854836,29.240863,0.000052,0.000046,25.854836,29.240863,0.00001,0.000009,25.854836,29.240863,0.000023,0.00002,25.854836,29.240863
13943,0.14081,5,3,3,3.748596,1.251002,31.107983,31.860452,5.860031,4.69182,31.830552,31.877899,1.265303,3.709717,31.869399,31.208842,3.121074,5.053947,31.949066,31.923489
13944,0.618066,5,4,4,0,0,34.633773,32.248449,0,0,34.633773,32.248449,0,0,34.633773,32.248449,0,0,34.633773,32.248449
13945,0.759547,5,5,5,1.130327,1.561266,35.724676,41.549009,3.636648,2.786392,35.735646,41.615369,1.433367,1.226224,35.712518,41.585048,0.488489,0.377075,35.753186,41.632336
13946,0.302805,4,5,5,0.205639,0.396232,32.379722,32.366673,3.475033,4.166091,32.308325,32.277079,0.693771,0.859527,32.337469,32.313746,1.278379,1.001973,32.38011,32.38192
13947,0.251662,4,5,5,0.265922,0.32931,20.810273,32.366674,4.50025,3.462448,20.734391,32.277081,0.897797,0.714355,20.768183,32.313746,1.653135,0.832742,20.810582,32.381922
13948,0.194239,3,5,5,2.77638,2.154654,30.238541,30.768096,12.575879,10.961411,29.982475,30.34086,3.099108,3.208557,30.10097,30.004829,5.93035,4.97359,31.54203,31.600325
13949,0.093256,2,4,4,0.985347,1.265591,39.482467,38.597277,2.822556,2.966617,40.299352,40.213351,1.20643,1.126308,39.006577,39.244078,1.04605,0.935192,41.166385,41.178538
13950,1.221596,5,4,4,6.463235,7.583505,52.043186,48.572398,16.119719,17.676272,52.62299,49.621119,6.500665,6.16531,52.130563,49.200813,5.861461,5.834078,52.956642,50.088697
13951,1.105584,5,4,4,25.882304,12.285232,49.05065,44.818561,55.502616,59.013668,55.890803,43.5801,11.960412,52.011351,57.091685,28.083917,27.378557,45.217453,60.212157,47.64084
13954,0.10057,1,4,4,6.523815,1.302108,12.459076,22.086267,9.369667,4.403785,13.254019,22.129009,1.899319,4.216586,13.297543,21.195211,2.461445,1.980106,13.361992,22.215992
13955,0.088757,1,4,4,6.068447,6.676284,21.82527,9.902468,11.717416,22.761309,24.001158,10.27582,4.074293,12.959334,23.366779,8.223531,2.314266,8.803647,24.968445,11.222967
13956,0.028839,1,4,0,1.636121,0,5.040308,0,5.506997,0,5.074301,0,6.176823,0,4.148935,0,2.458703,0,5.130399,0
13957,1.760018,5,4,4,0.512505,1.184057,46.712987,46.703574,2.511016,2.062631,46.712056,46.71309,1.233281,0.556936,46.703944,46.712869,1.179152,1.585728,46.715017,46.71477
13960,0.418791,2,3,3,13.649926,21.189682,36.797971,34.290219,50.030562,49.482767,37.276484,37.318085,21.798623,21.185998,34.489769,34.682279,26.143807,20.869577,39.308234,39.425326
13961,0.022378,2,3,3,1.124748,11.996383,33.42541,2.607169,3.816043,42.59196,34.040102,2.709497,1.39718,15.352122,32.78655,2.459099,1.766714,17.594612,35.515869,3.091434
13963,0.157437,2,6,0,1.512321,0,37.625218,0,7.869969,0,37.021698,0,3.002708,0,35.433883,0,5.313457,0,38.447966,0
13964,0.093308,4,4,4,2.340282,0.634386,17.643345,48.154037,6.051842,2.042066,18.496873,48.566661,1.561819,0.762652,18.492558,47.864891,2.455837,1.233111,19.041941,49.182066
13965,0.479559,3,4,4,0.905969,0.341921,24.669773,31.744883,3.241059,2.001477,24.674557,31.740022,0.989247,1.023417,24.668525,31.713255,1.666342,1.428085,24.687264,31.747772
13966,0.331561,3,4,4,4.729668,5.293425,37.238635,36.770853,14.874474,13.484289,38.105229,38.344487,6.88401,4.900328,35.733787,37.321178,7.473085,7.834921,39.454235,39.43612
13967,0.747245,2,1,0,68.889673,0,67.252546,0,284.979483,0,67.20207,0,181.634225,0,48.828206,0,189.095142,0,70.944277,0
13968,0.743023,2,7,0,0.553188,0,43.598358,0,2.59211,0,43.597901,0,2.371226,0,43.576615,0,0.469145,0,43.599965,0
13969,0.074759,2,3,3,2.709025,2.441453,24.660076,24.842289,5.218099,7.555697,25.461166,25.202949,1.386109,4.924769,25.445063,23.086322,1.980566,4.228994,25.690569,25.639413
13970,0.618097,3,7,0,3.718524,0,47.333393,0,11.831583,0,47.416608,0,4.244997,0,47.300601,0,0,0,47.55,0
13971,0.329781,2,6,0,19.579184,0,34.929877,0,42.56227,0,37.432842,0,12.227977,0,37.13809,0,15.430492,0,38.762669,0
13972,0.198747,2,6,0,1.404557,0,38.142969,0,7.232576,0,37.792403,0,3.665803,0,35.600862,0,4.118984,0,38.693818,0
13973,0.742221,1,1,0,167.179134,0,47.935575,0,383.301788,0,61.74381,0,180.465939,0,47.443658,0,211.227646,0,70.742196,0
13974,0.92581,2,7,0,1.046715,0,43.596365,0,9.589751,0,43.583407,0,3.347941,0,43.570358,0,8.166756,0,43.594816,0
13975,0.702845,2,1,0,137.275499,0,52.91288,0,275.393003,0,66.89717,0,76.898845,0,65.859279,0,135.523367,0,71.099467,0
13976,0.81049,2,1,0,115.161912,0,53.669606,0,256.516133,0,65.970567,0,64.684759,0,66.227711,0,126.655919,0,71.068691,0
13977,0.059462,3,7,0,0.854886,0,46.474794,0,2.441333,0,46.995924,0,0.744257,0,46.793877,0,1.521751,0,47.45166,0
13978,0.875257,4,1,0,24.20964,0,79.751295,0,124.243972,0,79.474226,0,38.223038,0,79.043939,0,71.541903,0,79.983398,0
13981,0.555825,2,2,2,34.226881,59.700405,41.349583,26.073174,74.083848,115.381142,45.186652,31.149318,30.091123,61.329503,42.752514,26.333589,33.980831,47.500811,47.290139,33.581663
13982,0.268165,2,1,0,27.062458,0,52.090942,0,61.97088,0,64.649412,0,23.107363,0,57.315194,0,29.085375,0,71.049187,0
13983,0.164064,3,4,4,0.826183,2.293296,43.090773,40.615726,6.228278,8.351189,42.098297,41.146408,3.091778,2.053016,39.30562,41.319719,3.792319,2.801065,43.330488,43.447256
13985,0.824743,2,1,0,83.230648,0,52.090944,0,190.591585,0,64.649413,0,71.06675,0,57.315194,0,89.452142,0,71.049185,0
13987,0.281026,3,1,0,18.981211,0,62.339218,0,60.447513,0,66.387412,0,31.072119,0,52.52052,0,35.97075,0,70.976762,0
13988,0.050646,3,4,4,0.255042,0.707938,43.090776,40.61573,1.922662,2.578003,42.098297,41.146408,0.954428,0.633764,39.30562,41.319723,1.170685,0.864686,43.330491,43.447257
13990,0.315217,3,1,0,21.290581,0,62.339216,0,67.801932,0,66.387407,0,34.852542,0,52.520522,0,40.347173,0,70.97676,0
13992,0.179238,1,7,0,0.462077,0,30.505206,0,2.092225,0,30.502287,0,1.678399,0,30.368102,0,0.776885,0,30.518856,0
13993,0.060876,2,4,4,3.658445,1.401694,12.15995,31.655081,15.729082,5.224258,12.093899,32.187052,5.792174,2.065755,11.363722,29.512766,7.789795,2.890263,12.863681,35.079658
13995,0.070903,1,4,4,0.827102,1.555552,9.363225,21.005613,12.627694,3.955413,8.333485,21.689519,4.330097,1.022821,7.74142,21.684174,6.152781,1.765321,9.334855,22.17278
13996,0.078415,1,3,3,15.033648,8.772154,9.798933,18.306125,60.36734,30.607015,9.86726,18.780589,26.860464,11.643177,8.156804,17.505918,27.353781,14.964353,11.598986,20.188082
14004,0.211371,5,7,7,0.000352,0.000352,60.9,60.9,0.0034,0.003398,60.9,60.9,0.000352,0.002666,60.9,60.899991,0.005545,0.005553,60.9,60.9
14005,0.275063,4,4,4,0.45269,1.189559,48.421894,48.017008,2.540095,3.136772,48.359118,48.290027,0.924917,0.68675,48.228373,48.345068,0.786378,1.211348,48.494468,48.486167
14006,0.522334,3,4,4,6.519418,3.769524,37.709645,38.900149,15.052918,12.968673,38.940453,39.108707,3.633878,7.31549,39.01708,37.515563,6.304664,7.502771,39.589643,39.566141
14007,0.343378,4,5,5,1.606057,0.887026,32.182262,32.318565,7.452004,6.910123,32.131781,32.164962,1.982074,2.58248,32.115394,31.946052,3.022272,4.071031,32.365276,32.350309
14008,0.204662,5,4,4,0.227511,0.11496,22.390916,33.334268,0.817054,0.6229,22.391685,33.332057,0.144296,0.122431,22.392972,33.334233,0.4161,0.26362,22.393866,33.337049
14009,0.244972,5,4,4,0.182933,0.137602,33.331951,33.334269,0.656961,0.745585,33.333219,33.332056,0.116022,0.146544,33.335404,33.334233,0.334564,0.315542,33.336997,33.337049
14011,0.25033,2,4,4,3.558755,0.430045,25.622294,39.594144,4.673999,3.101645,26.752042,39.489221,0.883017,1.72301,26.81144,38.980882,1.788508,1.560914,26.871197,39.631326
14012,0.110507,2,4,4,0,1.945537,41.230002,14.89351,0,3.317657,41.230002,15.651062,0,1.38293,41.230002,15.39336,0,1.109827,41.230002,15.78207
14013,7.298992,5,4,4,21.210153,20.595554,48.266111,49.706435,103.628593,100.610045,48.177672,49.62312,30.324147,29.435823,48.089144,49.540394,44.45701,43.180456,48.46834,49.901222
14014,0.245305,2,4,4,11.242565,3.298118,20.331938,40.604035,26.35303,14.357483,24.313593,40.333841,7.109732,8.457344,24.024452,33.992977,9.92002,8.91767,28.142816,42.929121
14015,0.233356,2,4,4,4.005067,6.52192,33.072208,30.46814,15.92037,17.143617,33.212131,32.911045,8.592838,4.949177,28.900195,32.384111,9.517867,7.349021,35.229407,35.407839
14016,0.043378,1,3,0,7.820037,0,11.463066,0,25.145261,0,12.284274,0,9.902298,0,10.800355,0,12.499589,0,14.248099,0
14018,0.638572,4,4,4,0.507009,0.852224,49.285954,49.250997,2.138581,2.147811,49.284979,49.284801,1.005779,0.472899,49.238272,49.290413,0.968176,1.140761,49.304746,49.303997
14019,0.044961,4,4,4,0.441703,0.087047,11.450488,49.194033,1.610305,0.345457,11.460877,49.201617,0.49227,0.104869,11.445184,49.162949,0.709458,0.21872,11.491595,49.288007
14020,0.008054,2,2,0,0.34335,0,41.034957,0,0.818883,0,44.609065,0,0.333266,0,41.745401,0,0.364002,0,47.234837,0
14021,0.097395,2,4,4,0.62209,0.933465,40.506642,39.749363,2.536894,3.473556,40.519177,39.987169,0.685128,1.716041,40.453434,37.627473,0.896505,1.851944,41.186244,41.05791
14023,0.156329,2,2,0,7.864564,0,39.537756,0,18.550357,0,43.807486,0,7.609345,0,40.375687,0,8.971215,0,47.059172,0
14025,0.006391,2,4,4,1.161639,0.046941,1.263044,40.300716,4.935983,0.155032,1.257376,40.60533,2.133689,0.042072,1.123944,40.54116,2.021239,0.071622,1.34965,41.166501
14027,0.004755,2,4,4,0.035978,0.004002,1.016231,41.213825,0.325257,0.009939,1.01611,41.223805,0.217083,0.00148,1.014858,41.227806,0.184866,0.003384,1.01624,41.229662
14029,0.007604,2,4,4,4.656097,0.086349,0.954204,37.873807,8.257104,0.226597,1.332772,38.838256,3.406822,0.127277,1.128686,36.627759,1.758639,0.078367,1.595078,39.6016
14032,0.090911,2,2,0,4.738892,0,39.193265,0,11.429096,0,43.466925,0,4.949173,0,39.327499,0,4.959771,0,47.102945,0
14034,0.050423,2,2,0,2.726716,0,38.828736,0,6.383327,0,43.424278,0,2.455597,0,40.371103,0,2.999661,0,47.025519,0
14036,0.033832,2,2,0,1.82951,0,38.828738,0,4.28294,0,43.424278,0,1.647601,0,40.371104,0,2.012645,0,47.025516,0
14037,0.020257,2,2,0,1.339977,0,40.743559,0,3.217485,0,44.41314,0,1.343614,0,41.207589,0,1.531765,0,47.16381,0
14039,0.019732,2,2,0,0.872778,0,40.717592,0,2.107105,0,44.371265,0,0.909513,0,40.855817,0,0.936984,0,47.204428,0
14042,0.01338,2,2,0,0.929619,0,40.307793,0,1.92843,0,44.864446,0,0.958967,0,40.541396,0,0.811937,0,47.293734,0
14043,0.143295,2,3,3,14.8567,5.87907,16.20381,34.065778,49.424885,21.505427,16.829293,34.361775,18.873485,7.188146,15.541873,33.630621,22.117241,9.794714,18.166247,35.55947
14045,0.04335,2,2,0,2.669406,0,41.349585,0,5.777912,0,45.186653,0,2.346852,0,42.752516,0,2.650217,0,47.290138,0
14046,0.017389,1,3,3,52.577854,2.556172,1.000043,20.378578,93.774842,6.281512,1.554617,22.642612,47.296329,2.759835,1.098107,20.274822,34.064811,2.898619,2.302793,24.695707
14054,0.200504,2,6,0,15.726204,0,23.210102,0,33.016666,0,30.014546,0,18.237561,0,22.283968,0,14.879901,0,37.885692,0
14056,0.265731,5,1,0,7.80587,0,79.739414,0,40.054863,0,79.449743,0,11.407648,0,79.225485,0,21.908111,0,79.985438,0
14162,0.548989,2,4,0,7.400968,0,43.798997,0,18.690746,0,45.85725,0,8.199972,0,43.532974,0,5.065346,0,47.483598,0
14168,0.137237,2,3,3,2.99377,3.169451,45.144116,44.909081,9.818841,10.062168,45.910394,45.839964,4.486778,3.89966,43.397762,44.196318,4.619576,5.078768,47.368455,47.33311
14169,0.397635,2,3,0,7.382771,0,24.059428,0,29.603298,0,24.174091,0,10.75394,0,22.393628,0,19.944001,0,26.189043,0
14171,0.064342,2,4,4,0.13947,0.687333,47.403562,44.95078,0.767933,2.792735,47.297302,45.006614,0.286598,0.89099,47.045065,43.968983,0.45777,1.218194,47.509412,47.292804
14173,0.575662,5,4,4,0.436416,0.413709,50.737684,50.739545,2.372313,2.271318,50.724285,50.726873,0.484915,0.465991,50.735831,50.737373,1.246557,1.242401,50.752908,50.752935
14174,0.16461,5,4,4,0.124792,0.118299,50.737686,50.739547,0.67836,0.64948,50.724286,50.726875,0.138661,0.133249,50.735834,50.737375,0.356451,0.355263,50.752912,50.752939
14175,0.869128,5,4,4,0.669843,0.634991,49.9085,49.910328,3.641198,3.486184,49.895316,49.897866,0.744283,0.715236,49.906678,49.908193,1.913306,1.906927,49.923475,49.923503
14176,1.496385,5,4,4,2.121382,2.517659,49.86716,49.844068,7.036331,8.046967,49.887444,49.875845,2.740116,2.225462,49.839612,49.868209,4.606801,3.748133,49.919895,49.92236
14177,0.500823,5,4,4,2.454064,1.136023,38.578661,50.603221,3.645398,2.761155,38.878683,50.700202,0.966599,1.468937,38.875879,50.533098,1.631625,1.850692,38.919201,50.745719
14178,1.08812,5,4,4,6.274761,18.253138,63.751089,47.684456,20.240565,31.013426,64.375697,53.688292,13.027001,6.303949,60.148959,54.334766,17.659425,13.841327,65.132972,55.338559
14179,1.177693,5,4,4,3.017024,4.420556,44.805806,50.362099,7.332357,6.57364,44.89568,50.698862,3.90157,1.743034,44.7391,50.695385,4.91457,2.942266,44.936144,50.751638
14181,1.161104,4,4,4,1.483986,1.215178,48.451981,48.467436,14.322044,13.268096,48.25659,48.289215,2.91842,3.213008,48.343086,48.311786,5.533985,6.517931,48.483761,48.477487
14183,0.969828,3,3,3,58.427628,22.555668,32.302257,38.138503,135.632859,101.70568,35.531619,37.887862,30.236555,62.402182,36.053719,33.316032,61.405977,77.09105,37.779765,39.164522
14184,0.070696,3,3,3,3.454233,6.480802,25.868562,22.750809,12.740333,19.186055,26.218028,24.626482,3.654023,9.068696,25.871743,20.822144,5.806125,11.229004,27.73656,27.321125
14185,0.346109,3,0,7,0,2.637474,0,47.213085,0,0,0,47.549998,0,0,0,47.549998,0,0,0,47.549998
14186,0.093944,1,4,4,0.414429,0.634648,25.442109,11.70134,1.711237,0.279767,25.441578,11.745805,0.802949,0.841958,25.232528,11.67181,1.051311,0.110239,25.525808,11.746107
14187,0.093223,1,4,4,0.749735,0.289092,13.955695,25.491068,3.095782,0.127666,13.955315,25.54225,1.458044,0.382968,13.789034,25.463756,1.900691,0.050305,14.010538,25.542947
14188,0.087372,1,4,4,0.982933,2.530798,21.841171,11.96713,3.485328,7.531989,21.932563,12.268284,1.476264,2.804918,21.511439,11.909794,1.965073,2.949606,22.181901,12.587336
14192,0.182533,4,4,4,0.417753,0.353399,49.15222,49.194035,1.523395,1.402498,49.183849,49.201616,0.465511,0.42575,49.136621,49.162948,0.671439,0.887969,49.295745,49.288006
14224,3.120343,5,4,4,1.60088,3.635697,50.747795,48.357547,10.118126,11.833837,50.736238,48.371249,3.553832,2.076795,50.719492,48.383743,6.996338,5.866538,50.752633,48.392682
14287,1.504083,5,4,4,12.863153,8.147956,51.920123,53.272909,16.842971,22.126309,54.02981,53.83886,7.138701,7.389883,53.584546,53.535421,8.928969,8.402079,54.270693,54.274374
14297,0.58025,5,5,5,0.039393,0.052984,41.632372,34.258336,0.217207,0.187569,41.632274,34.258364,0.0379,0.069443,41.632392,34.258279,0.079591,0.126589,41.632484,34.258428
14301,0.363033,5,4,4,0.0002,0.00014,35.344751,49.927499,0.003083,0.002178,35.344751,49.927499,0.001902,0.000134,35.344751,49.927499,0.002231,0.002791,35.344751,49.927499
14302,0.520788,5,5,5,0.079402,0.063569,33.579088,41.632107,0.427943,0.280117,33.578898,41.632054,0.097146,0.09558,33.578997,41.631736,0.182402,0.18169,33.579324,41.632417
15885,0.513005,4,4,4,3.271721,5.039474,39.853246,39.168606,17.25732,18.765982,39.521521,39.374104,5.809163,5.010847,38.967498,39.300947,10.280505,8.007044,40.288717,40.346638
16548,0.0142,5,4,4,0.010788,0.024526,50.737608,50.665048,0.044408,0.048485,50.737614,50.734102,0.021202,0.011229,50.694343,50.738222,0.035792,0.028196,50.751542,50.753529
16560,3.653267,5,4,4,41.793983,43.665214,47.207351,45.184326,128.058038,133.542584,48.27243,46.289898,47.003948,49.135177,46.928914,44.893381,67.120873,69.877425,49.703828,47.743092
16561,2.594565,5,4,4,9.163984,4.107289,47.635615,50.679018,37.630287,28.796794,47.637224,50.544285,6.588449,10.036424,47.796488,50.381471,11.179769,17.781224,47.930727,50.720575
16562,2.137114,5,0,1,0,63.724649,0,78.929176,0,330.66242,0,77.764633,0,95.02594,0,76.876802,0,177.065569,0,79.939675
16563,0.38031,5,1,0,10.299343,0,79.80277,0,52.799245,0,79.583259,0,15.032536,0,79.412283,0,28.916697,0,79.989001,0
16564,3.129898,5,1,0,84.762097,0,79.802765,0,434.5301,0,79.583257,0,123.715586,0,79.412282,0,237.980212,0,79.988998,0
16565,4.208197,5,7,7,15.059096,1.639119,60.390499,60.892282,77.318268,8.39877,60.134616,60.888312,22.023051,2.382792,59.977464,60.88591,42.098875,4.621783,60.794552,60.898409
16567,1.125339,5,4,4,0,0,50.757001,50.757001,0,0,50.757001,50.757001,0,0,50.757001,50.757001,0,0,50.757001,50.757001
16568,2.738675,4,4,4,109.822148,25.51279,30.78136,47.313994,434.966051,274.471556,31.26982,41.094802,63.77399,127.031079,37.767555,34.368746,101.764763,146.705885,44.895649,47.678454
16569,1.20366,5,4,4,0.939867,2.205379,60.865368,60.726064,4.680688,5.545979,60.850329,60.831497,2.136208,1.054656,60.752938,60.861332,3.804688,2.786907,60.88578,60.892127
16570,1.181344,5,4,4,0.537086,1.164835,60.887598,60.8461,3.329378,3.736382,60.87303,60.866431,1.186813,0.677301,60.849886,60.88271,2.365305,1.858015,60.894027,60.896222
16571,4.404243,5,4,4,15.168385,15.80152,60.333763,57.916312,48.279242,50.287408,60.549235,58.131276,17.003421,17.713983,60.270849,57.853203,24.439595,25.453304,60.858629,58.434861
16572,4.24201,5,1,0,75.903225,0,79.808744,0,389.186208,0,79.595488,0,99.292546,0,79.606142,0,223.72381,0,79.987385,0
16573,0.152019,5,1,0,2.55277,0,79.846246,0,13.613099,0,79.627455,0,3.48115,0,79.634412,0,7.826996,0,79.988393,0
16574,0.073128,5,6,0,0.000535,0,38.859998,0,0.002265,0,38.859998,0,0.00069,0,38.859998,0,0.001109,0,38.860001,0
16575,0.082638,5,6,0,0.185898,0,38.774563,0,0.366029,0,38.838867,0,0.084586,0,38.842743,0,0.213076,0,38.856791,0
16576,0.086826,5,6,0,0.085526,0,38.842118,0,0.352005,0,38.842135,0,0.168558,0,38.801952,0,0.284546,0,38.854943,0
16577,0.073048,5,6,0,0.000535,0,38.859997,0,0.002262,0,38.859997,0,0.000689,0,38.859997,0,0.001108,0,38.86,0
16578,0.807701,5,7,7,2.890371,0.314605,60.390504,60.892284,14.840103,1.61202,60.134616,60.888312,4.227,0.457342,59.977467,60.885909,8.080259,0.887083,60.794552,60.898409
16579,0.792366,5,4,4,1.384971,1.313853,60.740846,60.755911,3.839676,4.139547,60.824638,60.81311,1.276289,1.29459,60.77754,60.774206,2.362384,2.015074,60.887274,60.890588
16580,0.890399,5,4,4,0.256671,0.256671,65.513543,65.513543,0.823598,0.823598,65.515981,65.515981,0.287805,0.287805,65.512801,65.512801,0.418168,0.418168,65.51953,65.51953
16581,1.207265,5,4,4,7.793551,7.687635,51.539354,59.178886,22.891079,19.879065,52.182366,60.154388,8.119059,6.716746,51.579997,59.676019,11.329676,10.725234,52.820592,60.799121
16582,0.657069,4,4,4,3.338217,1.919401,58.022064,58.747796,10.844568,10.067382,58.420187,58.514648,2.414903,4.743443,58.592322,57.24619,5.808026,7.707428,59.061223,58.991485
16583,8.048803,5,4,4,12.8115,8.532582,65.355258,63.886907,24.623643,28.17335,65.481049,63.911351,7.770497,11.337442,65.462574,63.848407,15.809328,14.359418,65.512881,63.952616
16584,1.544776,5,4,4,13.44062,14.26284,51.989397,57.665885,44.330833,41.922086,52.801897,59.072237,16.784383,12.550041,51.174856,58.525063,26.255777,21.093574,54.201149,60.673075
16585,0.996014,5,4,4,6.928695,4.154977,49.988604,60.094365,16.321757,12.963807,50.958035,60.416988,4.745606,5.238001,50.821786,59.7939,7.763641,6.9626,51.412826,60.835914
16586,0.431687,5,4,4,3.683173,10.366575,58.060744,48.711321,18.103892,22.52836,57.110862,55.591228,12.506369,4.79515,46.903789,56.928623,14.601906,11.008901,59.687269,60.174012
16587,0.183689,4,4,4,0.933224,0.536583,58.022062,58.7478,3.031683,2.814415,58.420185,58.514651,0.675105,1.326066,58.592322,57.246187,1.623679,2.154671,59.061226,58.991486
16588,0.800771,5,4,4,0.540221,0.73616,60.873756,60.852801,2.217691,2.254956,60.873908,60.873067,0.789996,0.715622,60.851583,60.859858,1.339908,1.098141,60.895752,60.897086
16589,0.372955,4,4,4,0.432913,1.028633,44.440231,32.685133,2.562867,3.763316,44.408796,32.699977,0.940431,0.860051,44.348285,32.711616,1.641079,1.930922,44.460483,32.748965
16590,1.000893,5,4,4,1.584563,3.03896,60.767964,51.203601,9.727148,12.021017,60.620019,51.2261,3.210698,2.78902,60.45362,51.276275,5.335409,5.673317,60.861665,51.47386
16591,0.136677,4,4,4,4.446582,1.30655,14.865356,39.227607,8.950518,3.278722,16.916458,39.94314,2.249594,1.536753,16.953828,38.985335,4.376318,2.393694,17.685963,40.323268
16592,0.21816,4,4,4,3.745941,2.569069,24.555511,38.705503,13.918709,8.802814,24.806012,39.174031,4.528702,2.079455,24.167304,39.348909,6.642358,4.041081,25.88432,40.309937
16593,0.627424,5,5,5,0.557872,0.966073,33.328537,28.737951,2.357176,2.898136,33.328086,28.74537,0.934689,0.842462,33.316086,28.743028,1.587199,1.604008,33.335619,28.752905
16594,0.544882,5,4,4,1.397711,3.608071,39.067352,48.863722,6.130582,6.065986,39.054531,49.723482,3.839619,1.398537,38.52412,49.761326,4.531755,2.685082,39.138366,49.908926
16595,0.483739,5,4,4,0.132337,0.034585,44.203103,60.899631,0.436151,0.289217,44.203657,60.89858,0.073957,0.100018,44.204215,60.89751,0.147966,0.151412,44.204612,60.899825
16596,0.080104,5,4,4,0.343926,0.186644,33.185433,33.289456,1.198676,1.034071,33.226326,33.253333,0.295039,0.396488,33.235115,33.15917,0.528813,0.527046,33.327462,33.327527
16597,0.679123,5,7,7,0.065978,0.048308,47.989422,60.899695,0.28165,0.27106,47.989405,60.899451,0.101024,0.057867,47.98918,60.899614,0.198013,0.1342,47.989601,60.89994
16598,1.050108,5,7,7,0.409024,3.757828,60.892279,60.390501,2.095819,19.293906,60.888308,60.134613,0.594599,5.495605,60.885909,59.977463,1.153314,10.505301,60.898404,60.794551
16599,0.262524,5,7,7,0.102255,0.939444,60.892284,60.390506,0.523948,4.823411,60.888313,60.134621,0.148648,1.373883,60.885915,59.97747,0.288325,2.62629,60.898409,60.794555
16600,0.564265,5,7,7,0.001246,0.00094,46.004485,60.899997,0.012014,0.009071,46.004485,60.899997,0.001243,0.007116,46.004485,60.899984,0.019594,0.014825,46.004485,60.899997
16601,0.50904,5,3,3,3.768062,10.423591,38.279892,40.45749,14.112992,16.267603,38.302746,41.433204,11.168346,3.513227,37.47413,41.488889,15.198283,8.662846,38.362204,41.606688
16602,0.247971,4,7,0,0.390946,0,59.050129,0,2.216535,0,58.959149,0,1.180725,0,58.381184,0,1.747971,0,59.105415,0
16603,0.414483,5,4,4,0.537313,0.319676,50.703579,50.737047,1.354223,1.348404,50.735942,50.736112,0.298171,0.634115,50.741313,50.691394,0.719285,0.610465,50.754316,50.755035
16604,0.321575,4,7,7,3.719155,2.693096,36.375766,56.814389,8.414142,5.621185,37.590665,58.459253,2.369325,1.254367,37.482306,58.620453,3.517215,1.930024,38.086802,59.119761
16605,0.598189,4,7,0,1.492537,0,58.89911,0,5.59721,0,58.941116,0,2.310531,0,58.630181,0,3.956807,0,59.111619,0
16606,1.97405,5,4,4,3.488611,2.717284,49.835946,49.870436,7.371396,7.854317,49.901629,49.898316,2.664416,3.77089,49.878162,49.832302,2.988719,3.607248,49.925521,49.924673
16607,1.346375,5,1,0,32.509842,0,79.469118,0,137.942347,0,79.41272,0,71.466314,0,74.869552,0,102.292096,0,79.955296,0
16608,2.1499,5,4,4,5.266845,5.266845,65.149625,65.149625,16.787892,16.787892,65.29087,65.29087,5.901557,5.901557,65.108312,65.108312,8.515123,8.515123,65.49303,65.49303
16609,1.548774,5,4,4,2.371653,3.492768,60.776008,60.642932,10.06491,11.19495,60.768736,60.739549,2.924433,2.372745,60.734708,60.788606,6.378165,4.987792,60.876506,60.885269
16610,1.205402,4,4,4,1.397475,0.501538,51.51926,59.149636,4.92845,3.518571,51.531818,59.131499,0.795206,1.674935,51.553021,59.068442,1.672629,1.52115,51.565548,59.157543
16611,2.395875,5,7,7,4.495794,10.008348,60.747986,60.221902,16.082935,19.64103,60.783438,60.730034,9.11619,4.435211,60.386523,60.766978,13.022836,8.896516,60.866797,60.883889
16612,1.169978,5,4,4,0.387302,0.363015,52.670371,60.893994,1.421824,1.117559,52.671196,60.896544,0.391185,0.612543,52.670734,60.88545,0.725817,0.791786,52.67414,60.89924
16613,0.364821,5,4,4,0.578994,0.785465,60.767347,60.664365,1.77532,1.735406,60.82404,60.827239,0.708256,0.533344,60.725832,60.798045,1.024359,1.082441,60.888648,60.887391
16614,0.233899,4,4,4,0.969707,2.082844,40.176637,26.209406,7.550238,12.947004,39.586908,25.673747,2.29648,2.687396,39.290558,26.002984,3.335312,4.053367,40.361752,26.594542
16615,0.324256,5,4,4,6.616253,2.209378,25.841767,49.58511,16.1694,8.680088,28.442456,49.67923,4.156777,3.874033,28.443349,47.979453,6.626306,5.873946,30.17307,50.528604
16616,0.579284,5,4,4,2.140507,1.872755,50.373454,50.458007,4.839855,4.829074,50.632367,50.63289,1.571856,2.367092,50.563538,50.341213,2.396519,3.146271,50.743023,50.733571
16617,0.412162,4,4,4,57.92628,18.049604,14.143226,34.372969,61.756437,38.403842,27.172101,41.796726,18.0762,16.848583,25.900644,35.935444,23.894817,18.515046,35.266844,48.110469
16618,0.527014,5,4,4,5.649066,6.659021,47.482967,46.736276,11.866194,20.430431,49.17435,47.96077,4.308582,8.47132,48.5311,45.691577,7.972217,11.516697,49.772281,49.61807
16619,0.183101,5,4,4,2.750527,2.277743,54.117382,55.736967,6.426217,6.052505,58.065511,58.336147,2.721804,2.627609,54.735757,55.041024,3.688542,4.090172,60.430429,60.331255
16620,0.571958,5,5,5,3.111104,1.511036,36.50228,45.603801,9.542627,6.588742,36.685339,45.583791,2.098797,2.650403,36.747021,45.328268,4.065874,4.221492,36.898529,45.743956
16621,0.164774,5,4,4,0.940418,0.232722,26.221069,50.69416,2.309227,0.988229,26.327032,50.690392,0.470969,0.502038,26.347423,50.516537,1.03623,0.737537,26.375578,50.740766
16622,0.544636,5,4,4,1.346798,0.651529,49.754982,49.883759,3.13603,2.65194,49.868708,49.884708,0.619112,1.334313,49.891871,49.775269,1.353827,1.914393,49.922437,49.917723
16623,0.829149,5,4,4,11.209938,9.834633,55.062058,56.095279,25.981094,24.889011,58.558144,58.723871,11.981329,10.786969,54.981991,55.831905,15.648545,17.009602,60.484083,60.414298
16624,0.034213,5,4,4,0.089232,0.088745,65.103679,65.107902,0.28557,0.282891,65.260292,65.264853,0.097791,0.100925,65.076077,65.049212,0.14776,0.149222,65.488216,65.487616
16625,0.008238,5,5,5,0.001546,0.001482,33.337034,33.337069,0.003329,0.003348,33.337365,33.337363,0.00079,0.00099,33.337383,33.337321,0.001777,0.001896,33.337484,33.337482
16627,0.568292,5,5,5,0.183215,0.287141,33.336195,28.346745,0.487154,0.648071,33.336933,28.347953,0.197632,0.145828,33.336148,28.34808,0.334458,0.331806,33.337384,28.348442
16628,0.502321,5,4,4,13.160272,8.013669,35.250163,53.532151,30.021762,21.133557,40.572768,57.091525,11.697764,8.365281,37.097368,53.673469,17.209199,13.726717,44.037889,60.076061
16629,0.320889,4,4,4,1.751947,1.351824,33.067754,48.039888,5.301644,4.655371,33.209522,48.170065,1.743001,1.23959,33.104005,48.14786,1.844023,1.448629,33.362466,48.485448
16630,0.500321,5,4,4,1.758879,2.510373,35.78215,45.276605,7.15079,8.132837,35.785625,45.45712,3.357076,2.081766,35.47212,45.459853,3.975319,2.337985,35.903027,45.766938
16631,0.179288,4,4,4,0.541039,2.422974,63.108339,23.357762,2.36649,6.961542,63.044502,24.258522,1.031429,1.707426,62.075562,24.339951,1.650536,3.420426,63.516237,25.056219
16633,0.214067,2,5,5,1.507229,2.800777,35.052293,33.807161,7.188725,8.263128,34.857401,34.623358,3.977745,2.36095,32.697969,34.408243,3.85218,3.169208,35.58416,35.619817
16634,0.178026,3,4,4,1.395353,2.606027,38.780564,37.137173,5.158,6.119069,38.933563,38.677573,2.99161,1.440018,36.797182,38.819505,3.125488,2.500339,39.527561,39.569625
16635,0.799394,4,4,4,17.717527,6.439382,48.226925,56.615758,35.317571,30.009888,55.104624,56.035696,7.453183,18.482961,56.209066,48.412394,18.409977,25.690272,58.565428,58.067531
16636,0.124008,4,4,4,2.748473,0.998924,48.226926,56.615756,5.47872,4.655354,55.104626,56.035695,1.156192,2.867213,56.209064,48.412391,2.855891,3.985263,58.565429,58.06753
16637,0.10764,3,4,4,0.267317,0.525753,43.463715,43.118564,1.163614,1.396413,43.448692,43.386913,0.565282,0.288387,43.10479,43.45883,0.849051,0.640951,43.564502,43.579172
16638,0.10757,3,4,4,0.113973,0.224973,43.572793,43.501426,0.519907,0.625631,43.566959,43.553076,0.254294,0.133512,43.488489,43.567042,0.369826,0.275656,43.592658,43.5958
16639,0.250643,4,4,4,3.555349,12.57477,57.111258,46.621129,21.087796,27.196411,55.406252,53.623974,12.722394,5.619671,47.223248,55.188419,18.339354,12.780227,57.782285,58.443075
16640,0.324435,5,4,4,22.176428,2.796798,16.330717,58.011645,52.0291,17.745894,21.675749,55.210077,9.522857,7.702351,24.964248,49.615064,13.648717,11.552829,32.869683,59.570447
16641,0.548809,5,3,3,11.18501,3.953225,52.271852,60.384382,25.484604,18.335618,53.854266,60.257457,5.588038,10.798691,54.069284,58.107721,12.719529,14.845454,54.596707,60.713703
16642,0.749762,4,4,4,37.615513,10.635288,46.621134,57.111257,81.353927,63.080933,53.623978,55.406259,16.81039,38.057105,55.188423,47.223254,38.230105,54.85939,58.443078,57.782288
16643,0.498588,4,4,4,15.765028,12.472474,32.174603,46.658188,47.55562,32.224558,35.60612,52.070563,24.575732,9.410292,27.473012,50.770625,25.365885,17.260194,42.27346,57.911511
16644,0.391928,4,3,3,10.049644,27.536479,48.021796,43.105356,41.041975,49.554822,48.06504,53.070956,32.698408,9.12246,37.265248,55.488308,31.077639,16.79529,50.371501,58.717291
16645,0.081717,3,4,4,1.315766,0.659894,39.893698,42.407488,2.989687,2.584687,42.191115,42.508086,0.723013,1.256359,42.333847,40.433494,1.305513,1.722088,43.465202,43.373257
16646,0.519029,4,4,4,5.602484,5.55249,46.061883,46.097667,18.404053,21.037492,46.834653,46.408754,5.009999,5.295921,46.663683,46.48228,11.075813,9.527421,48.208455,48.280298
16647,0.153901,4,4,4,2.56573,1.854486,37.398573,38.637212,9.629079,10.196091,37.808429,37.56122,2.176033,2.755938,38.302636,37.3308,4.622299,5.565332,40.114351,39.97987
16648,0.348327,4,4,4,4.396461,5.021457,45.360676,44.641533,14.825036,13.704425,46.230786,46.511129,4.332844,3.631233,45.70079,46.408017,7.021339,7.427681,48.238006,48.208851
16649,0.375359,4,4,4,4.551053,1.034482,33.664481,49.087608,14.589301,6.127451,34.30894,48.874903,3.01739,4.321793,34.678338,46.728072,4.391081,4.47011,35.331478,49.204318
16650,0.443618,3,3,3,19.164716,39.296664,41.351884,33.908831,77.81934,94.640857,41.465806,39.745788,42.629384,26.701863,33.618057,38.842133,52.599601,38.867134,45.905099,46.584017
16651,0.107135,3,4,4,1.194083,0.547488,17.621485,35.403814,5.655547,2.780719,17.541819,35.263762,1.423933,0.930254,17.555318,34.996512,3.136509,1.598017,17.819505,35.633502
16652,0.156413,3,4,4,1.113294,0.37228,42.646387,43.474201,2.546964,2.133928,43.274289,43.365853,0.692748,1.115687,43.238501,42.735794,0.966746,1.412048,43.57765,43.554158
16653,0.523119,4,5,5,2.540725,2.290204,32.167503,32.205819,14.066382,12.812547,32.008717,32.06818,4.034053,3.897092,31.92552,31.953608,7.065273,8.042441,32.340603,32.328278
16654,0.431274,4,4,4,2.433872,9.442783,47.713111,41.561313,9.03249,12.773284,47.848951,47.284071,9.683247,1.891987,41.842072,48.053861,8.403236,5.661021,48.254194,48.383568
16655,0.419468,5,6,0,16.971527,0,29.495142,0,24.540629,0,36.484205,0,5.883275,0,36.738184,0,12.179368,0,38.54807,0
16656,0.111418,5,4,4,0.543422,2.176919,49.31633,43.853817,2.114566,2.99615,49.376655,48.889733,2.312048,0.441692,43.828548,49.552541,1.967299,1.345639,49.719902,49.825986
16657,0.251576,5,4,4,4.915388,1.227023,43.853817,49.316328,6.765176,4.774598,48.889736,49.376656,0.997321,5.220505,49.552539,43.828547,3.038394,4.442076,49.825987,49.719902
16658,0.179619,5,4,4,0.866705,3.500141,49.328253,43.875702,3.30474,4.737893,49.407271,48.924987,3.652972,0.727541,43.993356,49.53725,3.276042,2.18752,49.706876,49.824371
16659,0.113565,5,4,4,0.545638,2.211949,49.332939,43.879519,2.091786,2.998804,49.406191,48.923034,2.313815,0.460764,43.978583,49.536034,2.07533,1.38708,49.706069,49.823805
16660,0.195077,4,4,4,0.980346,3.959544,47.863158,42.214046,3.814378,5.408597,47.926065,47.418647,4.205487,0.796539,42.188126,48.109541,3.546893,2.425698,48.284209,48.394976
16661,0.509219,3,4,4,13.427698,17.632508,26.054006,35.877867,45.176497,37.286908,27.779896,42.259824,35.585484,10.04791,17.294719,41.906472,33.230636,18.1606,32.113494,46.782715
16662,0.206593,3,4,4,3.564961,2.198014,36.407316,38.166489,8.880991,8.424617,38.213737,38.338391,1.937461,3.958723,38.570385,36.167651,3.885028,5.593249,39.510656,39.374295
16663,0.194033,2,4,4,2.012738,2.537149,24.591559,38.748786,6.53967,3.774269,24.817451,40.8132,2.821285,1.048519,24.1545,40.749446,2.95536,1.796181,25.152446,41.18577
16664,0.132857,2,3,3,5.902985,4.603916,37.971915,39.627841,17.842235,16.575963,39.970489,40.355319,5.459964,7.778141,38.922921,36.184955,6.105009,8.442701,43.34645,43.137114
16665,0.127472,2,3,3,17.166373,6.768964,13.378484,36.537517,54.049096,20.389463,14.772181,38.917481,24.313415,8.214267,11.787411,35.311285,18.362749,9.179688,18.619725,43.017659
16666,0.474267,3,4,4,6.586567,8.322586,27.883459,33.149121,19.644642,11.928981,28.446239,35.288216,9.018548,2.725808,27.16908,35.368788,11.787988,5.449266,29.021743,35.659413
16667,0.182481,2,7,0,1.291602,0,43.482327,0,12.729882,0,43.001771,0,5.319999,0,42.176981,0,6.566971,0,43.525358,0
16668,0.09475,2,7,0,0.951223,0,43.373062,0,6.815729,0,42.96733,0,2.403326,0,42.484464,0,3.264276,0,43.531269,0
16669,0.134934,1,4,4,0.958225,1.249399,22.060157,21.95582,3.316884,4.126048,22.105756,22.045878,1.334242,1.794493,21.951569,21.757069,1.80404,1.650832,22.208899,22.211394
16670,0.089441,1,4,4,0.644673,1.059741,22.05554,21.803564,2.653077,3.442653,22.055713,21.951088,1.236417,1.271703,21.723611,21.697889,1.611984,1.328591,22.196651,22.205344
16671,0.125681,2,3,3,2.967649,4.647783,41.421141,39.233957,9.067979,9.137653,42.287353,42.269731,3.946411,2.46321,40.461381,42.15626,3.774773,4.546462,43.48592,43.438075
16672,0.113559,2,3,3,3.408777,4.130198,40.401888,39.337413,11.774903,12.765921,41.179275,40.843733,5.305463,4.429976,38.023586,39.257309,7.071239,5.219992,43.154131,43.34629
16673,0.253085,2,3,3,8.433475,7.00545,39.851833,40.782796,25.85996,23.683142,41.236372,41.554908,9.076244,10.712955,39.759818,38.725249,10.623436,14.840347,43.385945,43.200988
16674,0.299172,3,3,3,10.609773,3.592724,27.499573,46.771963,26.260916,13.653823,28.785544,46.877515,8.274453,6.50652,28.398401,45.551955,9.785202,8.126549,29.532374,47.439953
16675,0.179217,4,4,4,0.540824,0.908692,63.108336,62.257386,2.36555,2.684367,63.044501,62.886201,1.031019,0.659959,62.075561,62.946547,1.64988,1.347883,63.516235,63.558091
16676,0.036038,4,4,4,0.695171,0.452958,52.754392,57.46252,1.269431,1.02442,60.234343,61.262461,0.473707,0.52879,57.572576,56.542332,0.678056,0.616125,63.144231,63.226462
16677,0.239122,3,4,4,2.337316,1.589924,19.78748,31.405008,8.400841,5.414794,19.885164,31.507195,2.701165,1.40821,19.708903,31.50204,4.42469,2.677001,20.149494,31.722481
16678,0.17508,2,3,3,13.241547,4.063509,18.964595,44.887775,28.568934,13.296488,21.750718,45.733978,9.850625,6.684285,20.716826,42.35466,7.997147,5.262298,23.279273,47.403295
16679,0.05002,2,6,0,2.424471,0,27.773249,0,3.296533,0,35.995171,0,1.729155,0,31.393982,0,1.194233,0,38.643373,0
16680,0.126417,2,5,5,1.128335,0.572758,31.035814,31.543573,3.511106,2.894356,31.319332,31.448064,0.669554,1.513364,31.501813,30.668758,1.145628,1.68769,31.727441,31.703007
16681,0.132687,2,5,5,0.953705,0.860901,31.266446,31.34887,2.772952,2.525754,31.495029,31.535679,0.956104,0.887333,31.312279,31.368189,1.019081,1.303353,31.733519,31.723717
16682,0.238122,2,4,4,18.048082,6.701011,16.903878,37.129915,34.389099,18.741359,20.949242,38.325223,11.899124,8.537433,19.665069,36.296405,8.609102,4.653136,23.016038,39.606249
16683,0.26224,2,3,3,25.615793,13.257083,30.698416,39.788062,59.978691,47.312991,34.283653,40.534317,24.192457,24.034501,31.574866,35.802205,20.871447,21.91965,37.066547,43.236936
16684,0.237217,2,4,4,7.756864,4.754851,17.812504,35.36414,21.924159,12.897908,19.88219,37.373654,13.554733,4.813298,14.534969,35.628876,9.844532,5.547049,22.744982,39.423403
16685,0.3072,2,4,4,5.677451,5.581536,34.763487,34.79122,12.629936,14.11782,35.393748,35.323744,4.725856,4.822858,35.090782,35.067996,5.299968,5.961597,35.674498,35.668129
16686,0.107898,2,3,3,5.303577,5.05767,31.671082,31.930474,17.455462,15.632433,32.789049,33.243335,7.425152,5.682966,29.901888,31.603965,8.151251,7.231838,35.339364,35.41102
16687,0.133054,2,5,5,1.042298,1.190251,18.355701,31.032945,4.971873,2.151099,18.302082,31.592038,4.72048,0.612397,16.11434,31.558924,1.870031,1.064425,18.49371,31.732191
16688,0.255803,2,4,4,2.000634,2.784509,38.717696,37.995565,7.380622,7.778068,38.883914,38.808393,3.101919,3.057362,37.848349,37.891412,3.284865,2.545221,39.576622,39.604714
16689,0.112728,2,4,4,1.090829,0.926806,38.296485,38.63147,2.712371,3.057716,39.098727,38.964619,1.281577,1.491863,38.033429,37.568095,1.194476,1.42108,39.598983,39.579139
16690,0.127126,2,3,3,18.436065,15.961774,24.546153,32.090711,54.99015,41.08934,26.970094,36.662631,23.890348,14.771322,22.849794,33.503291,24.894126,17.095558,31.590349,42.733804
16691,0.16146,2,3,3,13.286948,11.002838,29.825135,37.803961,41.36315,33.206785,31.307473,39.855949,15.733322,12.539068,29.108252,37.226042,24.175159,17.047099,33.669948,43.041493
16692,0.03614,2,4,4,1.262078,0.946187,33.001637,33.998359,2.168722,2.100373,35.087401,35.121916,1.220433,1.398803,33.357153,32.806945,0.810877,0.828371,35.658046,35.656316
16693,0.253517,2,4,4,2.876461,3.719528,30.778259,30.244707,11.007639,11.695918,30.89517,30.799363,4.618201,3.721256,29.798724,30.380721,5.860674,5.268276,31.632909,31.654183
16694,0.129527,2,3,3,44.872917,12.91608,10.497145,34.463939,103.18333,37.80378,13.694499,37.499076,44.799556,15.379587,10.81395,33.280822,46.326581,20.552491,18.273258,42.437541
16695,0.136572,2,3,3,10.688982,13.894462,34.071965,31.997679,34.196854,34.463381,35.697028,35.652713,14.976626,13.671289,31.843752,32.614303,11.874726,9.456595,39.352181,39.455302
16696,0.097994,2,4,4,11.454303,2.683627,9.980363,33.867186,16.456472,5.988388,13.063243,35.066936,11.15338,3.864579,10.309809,32.724019,6.04291,2.3625,13.836927,35.651935
16697,0.116454,3,3,3,6.285174,5.299792,39.354435,40.914951,19.915402,17.787257,41.669701,42.519821,6.712335,7.203513,39.270761,38.566156,8.503347,7.481441,46.855106,47.000251
16698,0.398676,4,3,3,4.90821,3.954766,42.589775,47.970242,9.496148,10.286059,43.003591,48.275167,4.310146,2.786039,42.750799,48.252083,5.948311,4.072295,43.111334,48.48434
16699,0.379716,3,4,4,0.733502,1.733224,39.585518,30.029329,3.564365,5.289777,39.561824,30.103192,1.701209,1.349674,39.36848,30.104579,2.577003,2.912322,39.629728,30.181201
16700,0.135637,3,3,3,9.741662,5.085333,17.502118,42.443436,42.564775,17.825198,17.244953,43.509046,18.054502,4.628497,14.644954,43.449786,20.925752,8.733819,19.961079,46.997928
16701,0.089037,3,4,4,1.739575,1.371326,41.941763,42.50322,6.175166,4.831747,42.316474,42.769424,1.726237,2.25852,42.116257,41.269015,2.436306,2.302209,43.499373,43.509572
16702,1.021146,5,4,4,16.330379,9.358652,44.611049,45.354189,51.461517,46.002762,45.056241,45.190072,12.676961,20.003709,45.11059,44.27188,28.154704,32.997729,45.678555,45.643153
16703,0.719715,4,4,4,12.875222,7.23241,43.067599,43.973338,39.98183,35.38822,43.619489,43.788315,9.631054,15.50703,43.714222,42.719799,21.401372,25.518748,44.356354,44.310921
16704,0.17332,5,4,4,0.802634,0.366061,45.345816,45.680208,2.583464,2.30676,45.505296,45.557754,0.54484,0.88006,45.590498,45.316877,1.216878,1.579037,45.751719,45.733658
16705,0.350784,4,4,4,6.614152,1.724361,25.284207,43.993023,18.645768,9.980812,26.941652,43.581827,4.152573,4.339732,27.371543,42.262955,8.288529,7.302365,28.605574,44.254247
16706,0.274355,5,3,3,8.003848,13.078215,39.90489,45.997855,33.804783,32.500648,39.808837,48.203053,16.964066,9.050522,35.815439,47.951391,23.168725,14.562631,41.58287,49.753271
16707,0.620412,3,4,4,12.19284,5.257022,29.934037,45.90563,34.866455,22.904065,32.412346,45.738639,9.843892,8.173044,31.863196,44.443977,14.775857,14.665348,35.473931,47.189829
16708,0.441773,5,4,4,4.063562,2.144142,31.764024,41.271236,9.264483,7.224698,32.242378,41.383733,2.38026,2.979131,32.242745,41.037002,4.387347,3.40992,32.437102,41.606793
16709,0.645912,5,3,3,5.146078,5.200086,58.747952,58.709048,13.97299,15.437156,59.869428,59.666791,5.804491,5.782228,58.502489,58.51809,8.167796,7.88791,60.735879,60.74632
16710,0.372416,4,4,4,3.605359,5.272246,42.862287,41.462347,15.57168,18.234945,42.725658,42.19814,6.775358,4.246643,40.430148,42.543315,10.709758,8.484841,44.074393,44.214197
16711,0.472755,4,3,3,6.749931,14.662675,39.96258,41.442809,34.737193,36.485779,39.657037,43.162989,17.605092,8.857233,37.652273,43.288672,24.944822,17.884524,40.356603,44.31751
16712,0.206251,5,4,4,1.203191,0.715094,28.976482,50.416328,10.033466,5.429171,28.239723,49.711156,2.724198,1.352897,28.130728,49.768459,5.873615,2.279796,29.076666,50.666947
16713,0.341727,3,4,4,13.914146,10.390436,18.637565,32.689187,57.628962,33.816955,18.593644,34.461222,27.345972,8.917815,13.961958,34.28634,26.85768,13.350206,25.100102,39.107412
16714,0.062722,2,3,3,5.043039,2.820671,36.456575,40.407979,15.274223,12.572148,38.818675,39.997651,4.212056,6.05653,38.334621,35.320779,6.593859,8.161408,43.045866,42.783595
16715,0.407028,3,5,5,8.089303,4.601908,29.196168,30.735067,21.481728,14.691512,30.491294,31.102254,7.470986,8.170224,29.68339,29.373812,9.210225,6.110067,31.631322,31.695262
16716,0.636608,2,7,0,1.088908,0,43.592021,0,9.678648,0,43.565633,0,5.402033,0,43.45131,0,2.665019,0,43.598741,0
16717,0.174661,2,5,5,1.606464,2.174196,38.262511,37.350836,5.201484,6.378705,38.739093,38.346818,2.095165,1.480723,37.67828,38.559678,2.212556,2.340651,39.569112,39.560044
16718,0.19262,3,5,5,1.419907,0.912268,31.276314,31.540574,3.853725,2.49746,31.530352,31.652574,1.277422,1.366913,31.398459,31.351911,1.705948,0.648269,31.72985,31.746789
16719,0.140291,2,5,5,2.79658,1.744461,10.407742,15.762032,15.288939,9.572305,10.187343,15.633268,4.336377,3.120259,10.082405,15.468042,6.984926,4.932198,10.65852,15.909943
16720,0.125708,2,3,3,8.375459,1.513524,16.537247,42.927878,21.273941,7.192674,17.808045,42.729265,6.964545,3.21336,17.276857,41.340238,8.355626,3.748219,18.690677,43.487471
16721,0.164616,2,3,3,4.847828,6.97172,37.21906,35.442809,22.071716,21.774673,36.802229,36.861603,9.579037,7.779713,33.691196,35.122348,6.221643,6.617951,39.51625,39.499782
16722,0.125905,2,3,3,12.11459,3.215006,14.637185,37.722402,50.90675,19.396162,14.547645,36.134206,16.11974,6.908077,13.572517,34.121319,19.05514,10.150435,17.731743,39.102777
16723,0.066439,3,3,3,4.099874,3.209114,41.744827,43.455026,11.642331,11.622247,44.173827,44.182885,4.531479,5.095086,41.400789,40.395361,5.196671,5.227378,47.17616,47.172046
16724,0.128715,3,3,3,8.09021,6.290175,41.599073,43.383144,22.30934,22.361646,44.230934,44.218791,8.827528,9.802227,41.355619,40.457841,9.960011,10.061364,47.18355,47.176592
16725,0.361736,3,3,3,19.605821,10.675705,39.313469,43.961542,53.167765,47.563551,42.788118,43.505911,14.516149,23.095872,42.365282,38.240686,26.150867,27.541523,46.867653,46.8002
16726,0.249539,3,4,4,3.6422,2.096996,43.576778,45.928942,10.019682,10.436052,45.462204,45.31535,3.675484,4.855427,43.855779,42.013762,2.438151,2.906602,47.481568,47.454595
16727,0.24052,3,5,5,1.674833,1.510906,38.852601,38.987701,3.745766,3.713388,39.389794,39.393973,1.052795,1.296037,39.342947,39.199059,1.579331,1.538888,39.628257,39.629301
16728,0.503183,3,5,5,12.198203,4.564645,30.553345,45.470279,33.896525,23.795414,33.355283,44.493141,8.788462,12.266809,33.30694,39.459374,12.301525,13.941615,36.811746,47.000189
16729,0.353677,3,4,4,3.762898,3.443308,32.608472,45.467822,10.171951,6.172813,33.325516,47.07563,3.115256,1.949059,33.09294,46.858623,4.015453,3.019081,33.850183,47.497004
16730,0.247299,2,4,4,0.407268,1.060683,39.598437,26.661325,2.188528,3.827646,39.564701,26.687861,0.955678,0.866618,39.419177,26.707422,1.501723,1.746712,39.632244,26.765764
16731,0.602333,3,4,4,35.748916,15.518792,18.13405,33.969615,92.65575,54.418687,22.204357,35.06142,31.854296,21.670024,19.655685,31.750182,31.209498,32.004728,30.109411,38.705423
16732,0.212097,2,4,4,7.279629,2.233849,16.854254,38.085376,19.452079,9.138668,19.10819,38.102538,9.387705,4.467228,15.651658,35.409884,4.742135,2.689883,21.872065,39.578328
16733,0.126313,2,4,4,6.411778,2.745502,11.697197,31.969377,18.947319,7.831027,13.121554,33.561817,9.169459,2.630684,10.293633,32.471542,7.072176,3.10907,15.877095,35.515462
16734,0.02275,3,4,4,0.234374,0.433031,38.246072,35.89906,1.226529,1.418684,37.550757,36.998472,0.560406,0.437058,34.680995,36.154279,0.662155,0.5451,39.33458,39.430497
16735,0.225386,3,3,3,24.420269,15.614497,31.30199,40.787758,62.813281,49.833388,34.89712,42.768484,23.331732,23.711017,32.197328,37.243148,30.683362,24.423496,38.549421,46.868529
16736,0.100871,3,4,4,1.067249,1.299787,41.702083,40.976794,4.3319,4.514147,41.747346,41.614842,1.463584,1.251502,40.707354,41.351494,2.207618,2.036504,43.356645,43.390754
16737,0.545953,4,3,3,21.474617,11.426236,40.098463,46.49789,60.795385,46.481261,42.039432,46.538608,14.816484,26.001067,42.246875,42.083406,24.049376,27.798859,44.264262,48.155333
16738,0.110332,5,3,3,11.646589,3.874738,33.095151,60.622905,27.545386,15.443027,37.306032,60.863808,7.496434,7.418773,36.975439,54.460518,11.351308,8.681757,40.480037,64.730403
16739,0.478574,4,5,5,1.422367,1.103238,32.24114,40.415578,8.541887,7.42495,32.216128,40.37347,1.921032,1.871644,32.227227,40.376038,3.550848,2.796901,32.260079,40.438369
16740,0.060977,3,3,3,5.779143,0.574514,10.690424,46.284023,10.185303,2.184133,11.666915,46.349334,2.213871,1.265617,11.735479,44.995701,4.547409,1.477677,11.875546,46.675487
16741,0.157215,3,3,3,0.945418,1.651639,46.553746,46.178483,5.010377,6.47837,46.429426,46.228103,2.191463,1.55458,45.883635,46.291718,3.218753,2.684605,46.698562,46.716431
16742,0.601968,5,4,4,0.559355,1.589119,49.900404,39.873081,2.959552,4.213162,49.883914,39.935384,1.206588,0.894421,49.82324,39.949417,2.279857,2.074167,49.916229,39.975212
16743,0.355707,3,3,3,23.184234,12.974928,48.21682,53.588838,59.141284,53.513803,52.85813,53.577741,16.944353,25.685043,51.983637,47.679107,25.231333,30.451999,57.450235,57.223092
16744,0.617122,5,4,4,4.893064,12.242648,37.159353,48.512038,47.184935,39.116798,35.780419,49.303903,28.732116,6.382425,30.552745,50.115054,23.144562,12.632354,37.300728,50.679141
16745,0.322457,4,5,5,5.546397,2.360596,23.598636,39.577795,19.619761,12.181465,24.206267,39.155187,5.061122,4.478236,24.194772,38.097176,8.848513,5.809691,26.074041,40.297728
16746,0.253625,4,5,5,1.308867,0.856614,28.932,44.197931,14.35283,10.01676,27.64708,42.673509,3.316248,1.95162,27.919979,43.360141,6.559473,3.172762,29.018512,44.375932
16747,0.406849,4,4,4,1.939842,1.864148,35.449047,47.962617,7.70403,6.181737,35.468536,48.140326,1.639977,1.454985,35.550201,48.19513,5.39597,3.158965,35.675033,48.457499
16748,0.398093,5,4,4,8.2002,12.901818,43.408242,38.794074,18.964885,24.112202,47.157161,45.888081,9.619754,6.020877,42.485185,46.064509,16.093911,10.854559,48.968967,49.460631
16749,0.20595,5,4,4,33.884466,4.609756,11.498927,49.637504,25.144005,9.105237,26.148419,56.780883,6.012095,7.486577,26.707869,43.540042,9.56094,7.624637,31.790283,59.475075
16750,0.500938,5,5,5,0.097417,0.101737,38.434575,49.925752,0.500616,0.418551,38.434232,49.925757,0.154284,0.094751,38.433813,49.926133,0.332664,0.240748,38.435029,49.927245
16751,0.223932,5,4,4,3.252568,0.952834,54.430245,60.064686,4.167234,3.092748,59.967693,60.360823,0.710635,3.096195,60.462485,55.351205,2.14209,3.182194,60.783987,60.655418
16752,0.256318,4,4,4,3.713103,3.625912,52.816458,53.026347,8.423184,8.875081,56.65523,56.426078,4.21885,3.9075,52.163648,52.871075,4.811936,5.054574,58.752996,58.713976
16753,0.297509,4,4,4,2.628118,4.431155,56.193479,52.56477,7.223308,7.767112,57.675838,57.473632,4.432777,2.841148,53.07213,56.090391,5.071297,4.213589,58.820067,58.919762
16754,0.137946,5,3,3,0.800969,2.325077,65.094368,62.636491,4.48515,6.093286,64.767733,64.207005,2.406553,1.287968,62.744471,64.599124,3.382362,2.909233,65.328836,65.376124
16755,0.458421,3,6,0,14.593475,0,31.604635,0,29.340436,0,36.122319,0,6.64022,0,36.624388,0,13.681962,0,38.531723,0
16756,0.068146,5,3,3,0.572494,1.39755,64.677167,61.542522,2.35061,3.130006,64.681557,64.111924,1.266441,0.668476,62.434782,64.512453,1.696581,1.475014,65.323255,65.368891
16757,0.504854,5,4,4,21.727168,6.655904,40.017947,55.272673,25.812238,20.114918,55.751246,57.409874,5.792144,17.863829,56.721452,43.951359,11.690306,17.917869,60.292198,59.578291
16758,0.350802,5,4,4,7.679271,17.638976,49.922662,37.55562,15.039872,20.060176,56.975746,54.831137,12.615556,4.783416,43.70461,55.463839,12.858696,8.394957,59.500068,60.254152
16759,0.441057,5,4,4,22.248852,9.872142,37.504537,49.637505,25.768527,19.499556,54.641645,56.780883,6.232903,16.033072,55.170656,43.54004,10.808098,16.328739,60.225325,59.475071
16760,0.704118,5,4,4,1.098282,2.686035,50.681173,50.35006,4.622024,5.735852,50.677981,50.638176,2.730941,1.394737,50.379614,50.650078,4.156817,2.827856,50.729551,50.743788
16761,0.043938,4,6,0,0.26231,0,38.33209,0,0.62064,0,38.670998,0,0.164462,0,38.660059,0,0.334134,0,38.835001,0
16762,1.294677,5,5,5,0.140734,0.477921,49.926965,49.922054,0.972109,0.77402,49.926074,49.926575,0.383838,0.221153,49.92428,49.926372,0.385484,0.355983,49.927397,49.927413
16763,0.059267,4,6,0,2.55116,0,28.915033,0,4.808508,0,34.95442,0,2.300584,0,30.391011,0,2.443556,0,38.265522,0
16765,0.342378,5,3,3,8.039326,7.710202,62.974881,63.150174,19.482581,15.764725,64.522606,64.843313,8.41779,5.883468,63.022763,64.186678,8.56511,10.580133,65.427675,65.382346
16766,0.638503,5,4,4,19.654187,29.981869,36.232868,40.324652,35.727416,34.935401,45.282223,58.71442,34.900458,8.449917,29.003266,59.288382,28.997885,14.618291,48.613577,64.787237
16767,0.642573,4,4,4,18.359683,13.334112,41.419184,42.660718,41.002412,39.730819,43.380248,43.439595,10.345095,16.892692,43.4164,42.032347,18.266813,25.720759,44.365763,44.269733
16768,0.161102,4,4,4,2.354722,1.634946,52.736195,55.445785,7.498783,8.754473,54.762199,53.610832,1.954796,3.36099,54.668783,49.648593,3.646158,5.26078,58.584228,58.03563
16769,0.499308,5,3,3,33.608399,49.602022,46.249318,45.5174,85.398618,89.960692,50.232814,55.225389,53.540831,26.668993,41.417066,53.951109,48.659117,33.510677,53.49118,60.422042
16770,0.611277,5,5,5,1.755369,5.42663,26.923268,32.667658,5.398851,4.340649,26.949306,33.306004,1.526358,3.519449,26.942507,33.064163,2.148223,2.414932,26.978838,33.333107
16771,0.250403,2,3,3,32.32454,32.485136,27.263023,27.206836,72.505962,71.459084,33.905129,34.051119,35.172827,36.273575,26.953697,26.604661,39.613135,32.001828,41.29304,41.985886
16772,0.122374,2,3,3,3.706854,5.383017,40.356805,38.046512,14.544045,16.050064,40.59102,40.097895,6.941903,5.689732,36.460854,38.059431,9.186545,6.212492,42.971751,43.294664
16773,0.124469,2,4,4,1.38757,1.331207,34.402248,34.491523,5.204876,5.49058,34.595167,34.488048,2.211594,2.388008,33.162252,32.844666,2.976189,2.876142,35.525206,35.536058
16774,0.126381,2,4,4,1.641614,1.026567,14.836867,31.213635,9.037968,3.997825,14.517588,31.265228,5.819375,1.411213,12.022422,30.895007,3.532808,1.611876,15.191723,31.7119
16775,0.122722,2,3,3,9.753422,10.708258,28.449515,35.72923,38.549526,31.030523,28.65961,38.562393,17.126885,9.477286,25.136816,37.271403,19.767893,11.688987,31.518687,43.137775
16776,0.256689,2,3,3,18.035224,24.933417,37.567935,34.719784,62.898134,71.672184,38.777072,37.841533,29.518161,22.595598,33.609224,36.163919,39.642964,32.403674,42.491672,42.826996
16777,0.121574,2,4,4,5.031256,2.759667,25.309359,28.767015,15.448753,13.300993,27.203307,28.021711,3.159382,6.661273,28.412135,23.655167,5.714838,7.88157,31.312164,30.968937
16778,0.249163,2,3,3,42.603405,21.097294,17.960001,36.000916,145.554229,78.230404,19.323446,36.907041,59.486787,28.227841,15.88887,33.761033,63.583788,40.052371,25.192409,42.410675
16779,0.265202,2,3,3,55.638906,13.089927,16.718514,39.921811,129.003686,58.484699,20.988021,39.450152,33.224771,31.337017,20.977216,33.330741,49.432319,38.835965,26.242112,42.591377
16780,0.053271,2,3,3,4.087,37.40422,36.855642,5.22864,14.037981,74.823169,38.269842,7.417498,7.165685,26.799409,31.964671,6.393055,8.545993,27.407998,42.414863,10.250802
16781,0.291471,2,3,3,25.64749,9.328247,20.771072,40.072569,73.838632,39.293743,23.231949,39.949545,26.901234,18.563243,20.841394,35.420826,25.770364,23.815555,27.445608,42.867199
16782,0.117895,2,3,3,5.164614,5.325392,35.238456,35.047121,20.780999,22.303727,35.378744,34.938682,7.551037,9.095334,32.947833,31.370842,9.120821,8.517079,39.142519,39.202455
16783,0.215415,4,4,4,2.260917,4.382063,46.874015,42.755517,8.772258,10.071245,47.102968,46.539982,4.100608,2.309393,43.763844,47.014767,6.119833,4.786544,48.785233,48.976075
16784,0.254597,5,3,3,7.05928,7.140761,62.159117,62.095254,17.825132,18.108534,64.070927,64.029628,7.009837,6.892497,62.497741,62.581719,9.910033,10.330481,65.307292,65.289993
16785,0.182525,4,3,3,5.659673,4.833462,59.623931,60.532675,13.133223,12.75991,62.123403,62.199554,4.792326,5.490389,60.855547,60.15216,6.911416,7.830977,63.445238,63.391554
16786,0.254379,4,4,4,8.151719,2.691928,43.176754,55.191573,16.139058,12.317823,52.247999,54.487849,3.512989,7.288951,53.705621,45.5882,8.028705,8.481401,58.10253,57.992792
16787,0.249294,4,3,3,6.649123,7.34192,60.495523,59.942318,17.153564,17.683448,62.239872,62.161521,7.210947,6.634893,60.368726,60.791313,10.622247,9.38888,63.394849,63.44729
16788,0.344571,5,4,4,2.255762,4.889363,49.665724,46.770351,10.891744,12.710948,49.310589,48.867382,4.920612,2.702906,47.069512,49.398102,9.084542,6.402421,50.297195,50.517476
16789,0.179702,4,3,3,7.788884,2.939476,43.6514,62.292562,19.940313,12.81863,45.39926,62.146663,6.164793,6.993584,44.870935,58.410827,9.898397,9.814024,46.577772,63.2451
16790,0.326338,4,3,3,10.199503,5.794218,59.572987,62.079694,25.180549,22.336558,61.923155,62.253079,7.945279,11.746763,61.189897,58.999389,12.527899,16.633099,63.439925,63.293845
16791,0.13223,3,3,3,3.965044,3.792322,37.345288,37.505793,10.836763,10.541398,38.494933,38.549502,3.420562,4.200924,38.006835,37.342949,3.535118,3.719845,39.586828,39.580442
16792,0.165181,2,3,3,8.840222,3.604829,32.063595,42.654637,24.917158,17.030766,33.155821,42.394095,5.910599,7.553729,33.315716,40.602491,10.185868,10.001371,34.240177,43.401077
16793,0.071163,3,3,3,6.064783,2.469888,36.396359,41.66548,14.016901,10.638209,40.35604,41.514832,3.113894,7.163446,41.023438,35.411318,5.165761,7.84372,43.346222,43.049888
16794,0.315804,3,3,3,10.107332,10.075133,40.338054,40.35404,32.72052,34.059249,41.376642,41.225891,11.300192,12.807712,40.055775,39.334508,16.271357,16.230087,43.314734,43.316083
16795,0.534584,5,4,4,16.058332,7.368821,26.383923,46.270312,53.97519,32.319179,28.29349,45.899434,14.59583,10.744643,27.835605,44.088317,22.053515,19.231669,34.874598,49.151245
16796,0.449378,4,4,4,8.584403,6.54921,42.706636,44.577205,17.568775,16.413497,46.532282,46.747637,6.133912,5.83681,45.254129,45.499676,9.91358,9.899315,48.189732,48.190569
16797,0.336745,5,4,4,11.338301,4.746588,36.079818,42.747283,15.176465,13.371466,43.771309,44.159837,3.382935,7.760112,44.204501,40.049543,7.545461,10.309454,45.527148,45.328251
16798,0.539678,5,4,4,7.607034,18.171124,42.747284,36.079819,21.42954,24.322287,44.159837,43.771313,12.436604,5.4216,40.049542,44.204501,16.52226,12.092597,45.328254,45.527149
16799,0.520063,5,1,0,13.409366,0,79.338239,0,66.00822,0,78.806781,0,26.402919,0,75.449765,0,43.47907,0,79.937765,0
16800,0.428613,5,1,0,19.816664,0,75.885162,0,59.852075,0,78.378052,0,14.433224,0,78.679582,0,31.659211,0,79.959453,0
16803,0.229718,4,4,4,4.828604,7.449093,41.917907,37.575651,11.012774,13.952863,45.741227,44.505021,5.461254,3.489546,41.335591,44.669716,9.270688,6.263398,47.557247,48.039684
16804,0.352235,5,4,4,0.145173,0.275139,49.921712,49.90801,0.623574,0.701096,49.921227,49.919663,0.273264,0.157569,49.91024,49.921434,0.470307,0.381802,49.925947,49.926453
16806,0.115444,5,4,4,0.181627,0.089134,50.679922,50.737004,0.551205,0.468681,50.713749,50.725199,0.116874,0.219641,50.726998,50.657913,0.279816,0.419191,50.751933,50.746087
16807,0.809853,5,4,4,23.151515,5.47078,37.579403,58.992053,45.662037,29.221954,45.160907,57.932084,9.019477,19.715559,46.780164,49.288215,20.089404,26.768038,49.262621,59.736553
16808,0.162394,4,5,5,0.506369,0.587926,40.263318,40.205362,1.965459,2.225082,40.282174,40.240039,0.609417,0.599225,40.214615,40.221705,0.981319,0.989085,40.424606,40.424328
16809,0.506138,5,4,4,0.146927,0.367775,49.924525,38.519015,0.740233,1.067305,49.923135,38.522653,0.249259,0.223727,49.920215,38.523865,0.482327,0.444155,49.926677,38.526047
16810,0.350858,5,4,4,0.057338,0.106737,49.926502,49.92425,0.250869,0.298553,49.926378,49.925941,0.112878,0.07242,49.924257,49.926103,0.232338,0.17693,49.927091,49.927257
16811,0.179383,3,3,3,18.600129,15.530946,31.998712,34.181653,42.62339,40.996043,38.691197,39.080442,16.728195,19.29914,33.977709,32.246976,18.552046,20.647315,46.253223,45.987221
16812,0.049336,2,4,4,0.562329,0.605451,37.862642,37.629736,3.070049,3.02085,36.830546,36.900654,1.106384,0.949552,35.022998,35.924582,1.472007,1.403404,39.293401,39.323588
16813,0.125493,2,4,4,3.207354,1.940136,18.479192,36.729433,18.601014,8.94405,17.156966,36.184022,7.909578,2.675242,14.525058,35.337319,7.993915,3.693592,20.065255,39.302288
16814,0.130307,2,3,3,9.355935,18.146347,37.397074,30.965637,39.735727,47.286322,37.147694,35.638085,22.260238,12.928084,29.326939,35.065202,25.328491,19.465191,41.947255,42.555133
16815,0.291288,3,4,4,11.049375,6.863113,41.769754,44.702533,30.306589,26.929661,44.368032,44.915698,7.974498,11.002521,44.251177,42.237486,12.909779,16.296732,47.23062,47.058025
16816,0.243543,2,3,3,47.206065,11.742994,16.911036,40.049072,95.068437,45.128417,21.793124,40.404661,27.661093,26.338979,21.056923,34.226905,40.513125,30.9612,25.499609,42.817121
16817,0.060455,2,4,4,4.037459,1.268499,9.372486,38.095698,17.917201,4.088638,9.238863,38.633505,9.968099,0.98227,7.270869,38.748906,10.391776,2.075625,10.197243,39.523117
16818,1.012449,3,4,4,7.70489,11.658278,42.525963,34.531333,21.675224,28.984727,43.06002,35.905559,7.403211,6.948305,42.696483,36.016879,11.618185,10.720718,43.527812,36.716194
16819,0.252191,4,4,4,1.63171,0.981466,43.681192,44.161273,6.571319,5.961405,43.712285,43.835471,1.327057,1.917928,43.983287,43.517996,2.548847,3.247708,44.416239,44.383826
16820,0.440187,3,4,4,12.528905,3.291775,22.773618,42.558764,32.105592,17.067628,26.163618,42.042734,7.076238,7.161614,27.009844,40.146256,12.649494,9.872857,29.767081,43.345233
16821,0.130046,4,4,4,0.688054,0.324823,47.800304,48.327227,2.223888,1.87398,48.051906,48.174201,0.450706,0.758173,48.212533,47.747555,0.949035,1.637548,48.462324,48.392425
16822,0.406712,4,4,4,1.09226,0.447795,48.301866,48.464049,3.108652,2.464132,48.401695,48.437003,0.780378,0.73253,48.406101,48.4168,1.351078,1.388412,48.492315,48.491855
16823,0.737292,4,4,4,5.063015,3.323341,39.729293,47.978607,12.510772,8.676034,40.22029,48.27723,2.929776,2.989689,40.268644,48.114549,4.599962,5.005646,40.490708,48.467273
16824,0.256666,4,4,4,0.802282,0.530958,30.876779,48.379153,2.492608,1.834675,30.910783,48.413497,0.722633,0.372121,30.898702,48.445147,1.083761,0.681004,30.950438,48.495332
16825,0.460057,5,4,4,0.718811,0.698008,32.722672,41.591942,1.774905,1.110122,32.735792,41.625831,0.481308,0.31301,32.734963,41.624555,0.630021,0.602069,32.742865,41.631616
16826,0.454907,5,7,7,0.177189,1.62789,60.892281,60.390501,0.907908,8.358112,60.88831,60.134616,0.25758,2.380694,60.88591,59.977465,0.499615,4.550893,60.898407,60.794548
16827,0.045583,5,7,7,0.568905,0.091656,12.094015,60.726826,1.664369,0.280996,12.129968,60.800781,0.461295,0.118801,12.124286,60.646658,0.739053,0.19161,12.158586,60.879615
16828,0.063387,4,4,4,0.880266,0.454865,38.161782,39.712623,1.687918,1.626175,39.838107,39.877825,0.544218,0.77233,39.533739,38.771781,1.010819,0.944712,40.342659,40.354682
16829,0.287426,4,5,5,1.258346,1.395993,32.205818,32.167503,7.039814,7.72873,32.068177,32.008715,2.141245,2.216498,31.953604,31.925517,4.418894,3.881992,32.328275,32.340604
16830,0.036457,3,7,0,0.613617,0,46.130387,0,1.306002,0,47.119143,0,0.415155,0,46.9135,0,0.664022,0,47.498321,0
16831,0.343015,5,4,4,0.539661,0.264841,50.679926,50.737003,1.637773,1.392573,50.713749,50.7252,0.347264,0.652611,50.726996,50.657914,0.831407,1.245524,50.751933,50.746085
16832,0.41972,4,4,4,0.936521,1.606248,49.159436,48.902264,3.97911,4.339319,49.150469,49.122788,1.768065,1.134435,48.872075,49.11698,2.626566,2.241319,49.276496,49.28437
16833,1.191078,5,4,4,0.750779,0.470158,52.786267,60.890509,2.077327,1.465512,52.79411,60.894405,0.777089,0.600165,52.7869,60.886464,1.055243,0.919921,52.800089,60.89902
16834,1.095209,5,4,4,26.300471,9.344378,48.711323,58.060747,57.155472,45.930395,55.59123,57.110864,12.165512,31.729226,56.928625,46.903792,27.930082,37.045697,60.174013,59.687273
16835,2.828018,5,5,5,9.484782,5.967835,47.103756,49.779264,32.65558,28.10748,47.193971,49.736624,7.581131,10.602658,47.23337,49.536774,16.747818,19.895004,47.390153,49.885193
16836,0.289134,5,4,4,1.926316,0.668592,40.986123,41.542488,3.761206,2.93121,41.470473,41.531178,0.785567,2.330791,41.52296,40.809938,2.024237,3.267731,41.611137,41.579548
16837,0.951884,5,4,4,8.60552,6.735948,48.745518,58.832343,16.154424,16.121755,50.564648,60.114885,6.347781,4.795874,49.89206,59.876333,9.973984,6.615288,51.009729,60.836618
16838,0.315357,4,3,3,2.472137,3.457227,50.523957,50.186763,7.253422,7.415182,50.709013,50.700161,3.412191,2.099382,50.27494,50.657022,5.200716,4.282173,50.870811,50.885477
16839,1.431565,4,4,4,105.247507,8.17029,24.388751,48.464583,89.528765,50.804732,40.808614,47.561513,11.57464,90.049343,43.503224,30.485337,43.230031,69.090167,44.220033,47.949104
16840,0.60574,5,4,4,8.813631,4.310826,54.414241,58.812066,18.38818,16.249416,58.68157,59.108781,4.737503,8.528424,58.674247,55.201671,10.282895,12.020495,60.5587,60.443365
16841,4.143913,5,4,4,0.522758,0.612658,50.75636,50.756138,1.989306,2.647901,50.756449,50.756054,0.896282,0.710059,50.755402,50.755975,1.833757,1.374447,50.7568,50.756889
16842,1.07893,4,4,4,8.64207,7.621011,47.769021,48.073295,22.487021,23.551692,48.629709,48.570126,6.967047,8.933708,48.357572,47.831869,10.478426,13.740023,49.237103,49.190487
16843,0.725125,5,4,4,4.187208,10.163782,47.735393,54.749971,13.785526,13.780259,48.058521,59.93147,12.553064,2.609615,42.895799,60.347414,12.762807,7.426786,48.439911,60.768008
16844,1.055628,5,4,4,15.027288,14.27189,46.739294,55.062058,37.444768,33.077732,49.694629,58.558142,16.511948,15.253984,46.436755,54.98199,25.421696,19.922885,51.464488,60.484084
16845,0.754031,5,4,4,7.080789,6.53664,57.575353,57.984681,14.763531,15.981239,59.877651,59.720525,4.681913,4.824339,59.411439,59.330448,9.682713,8.654339,60.697837,60.736372
16846,0.743457,5,4,4,6.444973,6.981491,57.984681,57.575353,15.757125,14.556494,59.720524,59.877649,4.756685,4.616256,59.330443,59.411436,8.532974,9.546927,60.736371,60.697835
16847,0.489479,5,4,4,2.082737,7.109573,60.064687,54.43024,6.760233,9.108882,60.360823,59.967691,6.767769,1.553331,55.351202,60.462482,6.955748,4.682252,60.655413,60.783987
16848,0.933623,5,4,4,13.560662,3.972573,54.430243,60.064687,17.374104,12.894339,59.967695,60.360822,2.962793,12.908711,60.462486,55.351206,8.930838,13.26726,60.783988,60.655416
16849,0.492097,5,4,4,7.147602,2.093878,54.43024,60.064684,9.157605,6.796394,59.967692,60.360819,1.561639,6.803969,60.462482,55.351204,4.707298,6.992955,60.783987,60.655412
16850,0.533777,4,4,4,11.830473,4.29975,48.226928,56.615759,23.582501,20.038418,55.104623,56.035693,4.976693,12.341576,56.209065,48.412392,12.29284,17.154093,58.565432,58.067526
16851,0.420941,4,4,4,37.400923,8.400193,27.008437,55.544875,62.067695,34.089872,36.447127,55.628062,12.765495,20.929196,37.98817,47.492411,28.075292,27.897224,41.092929,58.005637
16852,0.425643,4,4,4,8.92095,6.501607,39.115435,41.085621,19.170036,18.772747,42.492517,42.560849,6.8894,8.079129,41.081587,40.171749,9.980443,9.511791,44.199973,44.223349
16853,0.755522,5,4,4,5.838211,4.645395,32.159155,37.070246,10.418258,7.766805,32.536474,37.408174,3.360114,3.341583,32.485095,37.282704,4.383464,4.583157,32.621426,37.472991
16854,0.502889,5,4,4,3.142207,9.855723,37.930551,43.82859,12.033126,13.300256,38.003025,48.920188,14.245548,2.037167,31.773484,49.53717,11.941237,6.122564,38.284188,49.824432
16855,0.52057,5,4,4,2.51187,10.144054,49.328255,43.875705,9.577747,13.731287,49.407274,48.924989,10.586987,2.108549,43.993359,49.537257,9.494575,6.339837,49.706878,49.824375
16856,0.754989,5,4,4,0.590454,0.49141,16.746676,16.74692,1.272623,1.558394,16.747259,16.747146,0.365568,0.837528,16.747203,16.746065,0.532027,0.655273,16.747481,16.747471
16857,0.687464,5,4,4,2.925165,9.98526,60.064685,54.430239,9.494619,12.79325,60.360818,59.967691,9.505202,2.181623,55.351203,60.46248,9.769215,6.576134,60.655413,60.783986
16858,0.26928,2,3,3,32.754773,25.20279,20.882102,35.076127,128.333816,81.598992,21.225377,37.198888,62.907296,24.556655,16.401002,35.847539,70.181466,37.873223,25.883368,42.66138
16859,0.203003,4,4,4,0.000061,0.000061,49.306801,49.306801,0.003154,0.003154,49.306801,49.306801,0.000071,0.000071,49.306801,49.306801,0.000172,0.000172,49.306801,49.306801
16860,0.59023,5,4,4,11.937384,18.299219,43.564978,39.300931,27.377805,34.624702,47.274984,46.079924,13.489972,8.661549,42.99629,46.239383,23.107659,15.62273,49.022807,49.485587
16863,1.902722,5,7,0,4.938026,0,60.620213,0,14.49601,0,60.751971,0,4.986584,0,60.644006,0,8.568244,0,60.87677,0
16864,1.270563,5,1,0,59.966203,0,78.724537,0,261.702426,0,78.462487,0,103.418288,0,74.562488,0,165.55884,0,79.928947,0
16865,0.334039,3,6,0,4.669337,0,36.54544,0,13.009958,0,37.6579,0,3.816557,0,37.352037,0,8.129324,0,38.635486,0
16866,0.762805,3,1,0,30.969304,0,78.934482,0,142.860413,0,78.461585,0,58.040102,0,74.155133,0,90.423055,0,79.928774,0
16867,0.16204,3,7,0,5.691101,0,19.442886,0,33.684105,0,18.141901,0,52.786751,0,8.034743,0,25.447556,0,20.231625,0
16868,0.207995,3,6,0,3.762627,0,37.748125,0,21.223871,0,36.958367,0,15.869704,0,30.544935,0,17.27375,0,38.257781,0
16869,0.887486,3,1,0,57.381091,0,75.587404,0,180.631808,0,78.000107,0,47.894843,0,77.800821,0,93.843364,0,79.952026,0
16870,0.16158,3,7,0,5.296196,0,19.599988,0,16.164062,0,20.1998,0,5.516056,0,19.641271,0,6.905298,0,20.893958,0
16871,0.304709,5,6,0,4.17539,0,36.618418,0,12.776553,0,37.494306,0,4.392836,0,36.641433,0,5.592121,0,38.727759,0
16872,0.107928,3,0,7,0,7.381261,0,36.89321,0,12.097614,0,44.385356,0,2.331966,0,45.573863,0,5.102873,0,47.238438
16873,1.017631,3,1,0,108.361011,0,66.212393,0,282.741191,0,75.044884,0,69.806097,0,75.562954,0,136.13482,0,79.891865,0
16874,0.318731,3,6,0,35.189751,0,19.594785,0,54.071509,0,29.326673,0,9.673278,0,32.44563,0,18.869762,0,37.725557,0
16875,1.085678,4,4,4,4.785618,24.734698,53.364066,50.489329,28.674189,34.521383,52.565454,60.765375,35.188886,6.403463,38.646851,62.004737,35.941844,17.916877,53.109871,63.253358
16877,0.913767,2,1,0,198.961507,0,31.849045,0,289.783404,0,53.77554,0,78.259684,0,52.899786,0,118.797957,0,62.243444,0
16878,0.756378,2,1,0,50.553067,0,67.607646,0,176.382728,0,68.987123,0,103.818325,0,55.902109,0,104.485192,0,71.114163,0
16883,0.877879,2,1,0,96.62029,0,59.630276,0,223.807084,0,68.31405,0,71.923636,0,65.880694,0,119.068364,0,71.119418,0
16884,0.24315,2,1,0,18.518781,0,68.928756,0,64.306693,0,69.864504,0,37.675584,0,59.690083,0,37.276328,0,71.154476,0
16886,0.053323,2,1,0,3.940865,0,66.477474,0,13.913864,0,68.11271,0,8.772886,0,51.433115,0,8.059691,0,71.082927,0
16887,0.153761,4,3,3,5.385433,2.710603,43.970026,47.008686,9.338613,10.243732,47.410895,47.216791,2.602023,6.088789,47.244228,43.51963,5.504517,8.34327,48.322218,48.111955
16889,0.278372,4,4,4,10.484721,9.821754,35.840722,24.760656,13.949996,16.292754,45.537409,30.068003,3.141128,10.850383,46.112789,24.409498,5.834584,10.302054,48.218105,31.559484
16890,0.810594,5,4,4,1.281311,2.16005,45.722309,39.046197,6.173793,7.666878,45.702329,39.071797,1.853884,1.872598,45.675892,39.079057,3.633656,3.468422,45.767933,39.140632
16892,0.109283,2,6,0,0.910224,0,37.898352,0,3.851662,0,37.850854,0,1.37705,0,37.081577,0,1.703211,0,38.762801,0
16893,0.260252,2,2,0,17.446692,0,36.545952,0,40.474541,0,42.009177,0,9.139149,0,42.938229,0,16.433845,0,46.964786,0
16894,0.754161,5,1,0,14.371623,0,79.762642,0,71.331857,0,79.551481,0,18.03902,0,79.576122,0,40.780297,0,79.986244,0
16895,0.318736,5,6,0,0.071828,0,38.858913,0,0.233077,0,38.859309,0,0.038292,0,38.859706,0,0.138494,0,38.859892,0
16896,0.769051,5,1,0,14.655376,0,79.762641,0,72.740227,0,79.551486,0,18.395181,0,79.576124,0,41.585464,0,79.98624,0
16897,0.438068,5,6,0,0,0,38.859999,0,0,0,38.859999,0,0,0,38.859999,0,0,0,38.859999,0
16898,0.73404,5,1,0,12.979602,0,79.81637,0,68.968035,0,79.561484,0,18.221471,0,79.519409,0,40.487636,0,79.985263,0
16899,0.341217,5,6,0,0,0,38.860001,0,0,0,38.860001,0,0,0,38.860001,0,0,0,38.860001,0
16900,1.081251,5,1,0,19.23985,0,79.812353,0,101.962491,0,79.556019,0,26.893709,0,79.516177,0,59.87399,0,79.985059,0
16901,0.397364,5,6,0,0.090399,0,38.858895,0,0.274383,0,38.859382,0,0.039217,0,38.859797,0,0.177772,0,38.859887,0
16903,0.089574,5,6,6,0,0.020378,38.859999,38.858894,0,0.061851,38.859999,38.859379,0,0.00884,38.859999,38.859798,0,0.040073,38.859999,38.859886
16904,0.073372,5,6,6,0.016535,0.016692,38.858913,38.858893,0.053654,0.050664,38.859309,38.859381,0.008815,0.007241,38.859706,38.859798,0.031881,0.032825,38.85989,38.859885
16905,0.353733,3,3,3,12.596358,20.361429,38.333027,26.356482,40.119887,63.556182,39.509136,28.055342,15.065815,22.084155,37.62986,26.188744,17.471481,21.543277,41.582465,31.230772
16906,1.051391,5,4,4,4.329881,7.307152,33.823416,37.341744,10.713029,10.082122,33.848287,37.466882,5.558502,2.387799,33.805443,37.469501,5.234712,4.311302,33.86151,37.483472
16911,0.135114,2,6,6,2.593832,2.595111,35.098398,35.095708,6.342723,5.464284,37.205043,37.576792,2.337139,2.201834,35.903473,36.164213,2.670505,2.340933,38.707978,38.741341
16912,0.020362,2,6,0,0.391083,0,35.095705,0,0.823466,0,37.576787,0,0.331816,0,36.164211,0,0.352778,0,38.74134,0
16913,0.015921,2,3,3,1.457598,1.461357,37.572239,37.544634,3.652329,3.420357,42.135702,42.611993,1.565769,1.609557,37.417176,37.117842,1.740773,1.577425,46.789574,46.914511
16916,0.069982,2,3,0,6.407089,0,37.572239,0,16.05436,0,42.135701,0,6.882571,0,37.417176,0,7.651827,0,46.789577,0
16917,0.325656,2,3,0,8.027633,0,29.259284,0,24.027639,0,29.843466,0,9.238189,0,29.044794,0,11.791612,0,30.450208,0
16919,0.089751,2,3,0,8.238198,0,37.544636,0,19.281784,0,42.611994,0,9.073654,0,37.117843,0,8.892514,0,46.914514,0
16920,0.395501,2,3,0,5.602195,0,38.959158,0,19.701654,0,39.131464,0,9.343003,0,38.113225,0,13.236498,0,39.543628,0
16921,0.440344,2,3,0,42.622287,0,29.836972,0,94.103188,0,36.110292,0,38.886771,0,31.474755,0,39.753522,0,42.009332,0
16922,0.119896,2,1,0,9.12624,0,66.099896,0,27.119088,0,69.183853,0,16.122944,0,56.388726,0,14.140688,0,71.150289,0
16923,0.302822,2,6,0,4.543792,0,36.269459,0,19.206374,0,36.16083,0,14.151212,0,28.677678,0,11.109263,0,38.379683,0
16924,0.036794,2,3,3,1.324722,2.346377,36.330037,32.517711,5.191607,8.172446,36.569559,33.829877,2.095836,3.986856,33.849718,28.136084,2.65409,3.115417,39.203705,39.051633
16925,0.238726,3,3,3,7.939675,10.604255,43.253885,35.285442,25.578026,34.65376,44.603755,36.545615,9.385203,11.887281,42.513027,34.921603,10.94945,12.423582,47.255596,39.301162
16927,1.184866,3,7,7,4.355379,10.935913,47.234875,38.863053,35.162717,47.576939,46.469831,38.682788,12.746347,8.678365,45.58797,39.572566,18.663764,15.066403,47.404469,40.450356
16928,0.022118,2,4,4,1.598324,0.488645,5.593651,31.882497,5.838364,0.992966,5.69643,34.450861,4.258248,0.285293,4.26611,34.191211,3.458161,0.387873,6.059343,35.602415
16930,0.149047,2,3,3,7.583285,5.502944,34.251306,36.202722,20.857489,20.082584,36.60816,36.780474,7.171767,8.009913,35.008765,34.26836,8.082789,9.368084,39.386919,39.303901
16931,0.533104,2,3,3,35.26405,18.812985,35.581922,41.434256,91.75311,77.00327,37.930518,41.455538,37.405252,36.925716,35.570231,38.110035,37.244062,41.365349,40.035718,43.283805
16937,0.039476,2,0,3,0,2.575972,0,38.128307,0,8.180175,0,39.813628,0,4.497948,0,33.702833,0,3.7507,0,43.139863
16939,0.035562,2,3,0,3.729534,0,33.963197,0,7.744089,0,39.525899,0,3.221999,0,35.90633,0,2.512737,0,43.334439,0
16940,0.111425,2,3,3,15.431647,11.480253,29.153363,31.888806,38.55016,34.224466,33.547566,34.410583,13.192058,13.616656,31.166292,30.878855,18.719678,20.933503,38.661129,38.446716
16943,0.096955,2,3,3,15.404192,7.990112,21.582997,33.693514,34.516772,22.894622,25.087907,36.02009,13.334173,9.706109,22.915753,32.613776,13.294802,10.403015,27.731435,39.210525
16946,0.446224,2,3,0,49.493122,0,28.980889,0,93.73909,0,36.876938,0,41.008103,0,31.700336,0,25.977721,0,43.20627,0
16948,0.443603,2,0,3,0,29.014281,0,34.622862,0,85.778711,0,37.547873,0,50.409598,0,29.351611,0,36.936294,0,42.841759
16951,0.117469,2,7,0,1.543585,0,42.812551,0,5.648842,0,42.964151,0,3.017209,0,41.322388,0,3.659419,0,43.477783,0
16953,0.065212,2,3,3,2.469107,3.2504,29.711165,20.112692,8.769826,8.531741,30.144399,20.723364,3.082891,2.640308,29.119309,20.526394,4.281642,3.741259,31.551162,21.156384
16954,0.138939,2,7,0,3.92293,0,40.693174,0,8.142524,0,42.691064,0,2.086671,0,42.69659,0,3.459696,0,43.519922,0
16955,0.518322,2,1,0,45.588974,0,67.737624,0,197.979032,0,67.185155,0,136.808228,0,46.730818,0,134.322226,0,70.922652,0
16958,0.196612,2,6,0,2.704421,0,38.17728,0,7.055811,0,38.564593,0,1.987858,0,38.510055,0,2.868256,0,38.836901,0
16959,0.650321,2,1,0,128.956764,0,52.534227,0,267.653789,0,66.297931,0,81.825967,0,63.717366,0,135.000134,0,71.070358,0
16960,0.217156,2,6,0,8.452123,0,35.023475,0,24.50893,0,36.6179,0,7.298966,0,36.031948,0,13.971354,0,38.482866,0
16961,0.634272,2,1,0,129.640341,0,51.774205,0,262.059998,0,66.248312,0,91.500934,0,61.175088,0,128.257748,0,71.081558,0
16962,0.366458,1,6,0,22.668688,0,31.841226,0,55.76735,0,35.302117,0,14.498187,0,35.244445,0,22.436302,0,38.515924,0
16963,0.177949,1,1,0,36.743563,0,50.1488,0,92.613501,0,61.591984,0,47.655316,0,44.993295,0,46.996042,0,70.84447,0
16964,0.086757,2,4,4,1.079139,8.86267,34.137351,9.878838,4.246212,12.281886,34.252479,14.291831,4.040575,3.372827,26.987976,14.102473,2.598872,3.958692,35.433769,15.909094
16965,0.281728,2,4,4,0.827658,3.808856,25.820998,24.882437,2.770134,6.428964,25.836683,25.700088,3.998254,2.240838,24.898421,25.557683,0.868706,0.721028,25.865472,25.86584
16966,0.215075,2,4,4,0.376906,3.058014,23.819951,22.938697,2.106714,4.873199,23.809205,23.701725,4.556465,1.279198,22.152211,23.696033,1.042167,0.929433,23.830105,23.830559
16967,0.1096,2,4,4,0.398617,0.641886,35.53034,17.990162,0.973298,2.099285,35.636596,18.015853,0.397597,1.928823,35.548317,17.45891,0.411401,0.806901,35.694743,18.053915
16969,0.074627,2,4,4,0.881589,0.281847,14.499746,35.517931,2.734136,1.190966,14.573851,35.508894,1.027858,0.861565,14.4625,34.45067,1.266413,0.492694,14.654357,35.684645
16970,1.225405,5,4,4,6.764371,8.951158,41.174294,35.572123,19.927991,24.632035,41.386326,35.976926,6.122092,9.87649,41.289656,35.510321,9.542714,11.419068,41.606356,36.276382
16971,1.503006,5,3,3,13.459358,40.797387,37.441109,38.723325,69.676251,83.823876,37.328367,39.973299,47.170205,19.422496,35.743338,40.062892,61.807144,40.569381,37.53967,40.429424
16972,0.082111,1,5,5,0.643515,2.603356,11.33819,10.750863,6.097254,6.421856,11.170038,11.147111,2.283005,1.813397,10.939389,11.099396,3.986941,2.419496,11.341285,11.362239
16973,0.070283,1,4,4,1.264138,0.670177,18.849334,10.591685,3.401392,6.294695,19.174093,10.410333,0.841464,2.865567,19.193565,9.9538,1.827973,4.094313,19.421363,10.596116
16974,0.163751,1,5,5,0.989394,5.378347,12.814396,13.230936,12.712808,12.081088,12.364799,13.980848,4.887136,3.129091,11.80466,13.975667,8.43971,3.726422,12.778191,14.331932
16975,0.062083,1,4,4,1.559079,0.401677,9.777155,19.365347,4.885429,2.63454,9.886581,19.235206,1.310648,1.138113,9.873256,18.888571,2.67018,1.370453,10.014226,19.431664
16977,0.093498,1,4,4,6.681874,1.900433,8.272806,13.442021,16.140158,9.126348,9.875014,13.290066,4.864698,4.435012,9.445013,12.096723,5.18633,5.574229,11.525138,13.787272
16978,0.15959,1,3,3,19.036113,16.709277,23.2249,20.899903,81.602702,88.667694,23.000627,19.806846,28.99762,34.196839,21.001794,17.619002,35.236352,50.207561,27.097878,22.803941
16979,0.249248,1,4,4,2.532404,0.606129,15.633801,15.759211,9.624613,8.600659,15.653393,15.676169,2.246254,3.170013,15.673314,15.581509,2.33447,4.008463,15.764181,15.758869
16980,0.085562,1,4,4,0.517572,0.816303,11.548419,11.5179,5.183394,5.386449,11.444312,11.434018,1.6076,1.468611,11.385578,11.416697,2.956457,2.415347,11.552781,11.557813
16981,0.092597,1,4,4,2.586453,0.744385,11.444168,10.160277,12.032525,12.541828,11.315934,9.426658,3.053498,5.097886,11.331076,8.570166,4.354094,8.195193,11.904547,10.071647
16982,0.160604,1,4,4,4.716503,1.501044,18.085234,14.185701,22.028987,26.966999,17.793742,12.845965,5.481732,10.877905,17.873914,11.56223,7.957085,16.828501,19.330329,14.010243
16983,0.100147,1,4,4,3.463077,1.074431,17.698658,12.217999,9.350186,14.975444,18.554174,11.436188,2.343664,5.30751,18.591997,10.831314,3.169596,9.186605,19.404045,12.158606
16984,0.198415,1,4,4,9.264601,1.343631,13.107292,19.356911,24.37505,18.266987,14.101119,18.575104,6.103696,6.315459,14.143789,18.034509,8.128615,11.4738,14.990523,19.287182
16985,0.337121,1,4,4,1.921501,19.621597,16.538907,13.574238,37.72315,26.269688,15.628689,16.088022,15.72877,6.219965,14.513467,16.159537,24.978377,11.059303,16.396323,16.548917
16986,0.155179,1,4,4,2.010528,31.392925,12.429659,7.052348,47.98099,56.941117,9.001106,10.268397,23.953281,14.608708,6.604912,10.277168,25.051302,7.771844,11.893243,14.082969
16987,0.16269,1,4,4,0.684008,1.21522,12.812609,14.265762,8.531479,7.961915,12.637749,14.17908,3.089041,2.374136,12.437054,14.129701,4.960648,3.641055,12.807697,14.309416
16988,0.07421,1,4,4,0.022677,0.108948,10.891643,10.890847,0.176509,0.208371,10.891552,10.891502,0.315672,0.233862,10.885018,10.888115,0.041018,0.059039,10.891676,10.891673
16989,0.089646,1,4,4,5.643724,1.492062,8.544379,13.338996,11.625851,8.079638,10.304396,13.137685,3.793802,4.673417,9.808773,11.648393,4.390402,4.758434,11.285304,13.548436
16990,0.253171,1,4,4,0.267496,0.242503,15.811956,15.812222,1.774325,1.950379,15.809599,15.808805,0.4721,0.51723,15.80933,15.808513,0.217844,0.365688,15.813457,15.813409
16991,0.181633,1,4,4,1.011761,0.800656,16.212454,14.510312,2.941004,4.189993,16.235138,14.490501,1.066998,3.507711,16.212817,13.942243,1.759463,2.139731,16.254026,14.53503
16992,0.089237,1,4,4,0.399728,0.794911,12.707047,12.662691,1.609321,1.98512,12.707672,12.700494,1.689906,1.665821,12.470121,12.477424,1.403994,1.516443,12.71681,12.716154
16993,0.090686,1,4,4,2.035594,3.798878,12.403594,11.530874,17.934426,13.199179,11.22037,11.852423,4.765172,3.424214,11.139219,11.837401,10.096169,6.598569,12.572518,12.711392
16994,0.06783,1,4,4,0.833303,0.141836,11.128795,11.206057,1.213583,1.251343,11.199366,11.198793,0.414213,1.268855,11.192302,11.036273,0.900756,1.358028,11.206127,11.203732
16995,0.058638,1,3,3,3.353607,8.740369,22.718291,13.763125,15.7894,24.350696,22.236224,15.206357,6.895455,7.657104,19.69321,14.513731,10.906052,10.964124,24.247496,17.156093
16996,0.055678,1,4,4,1.572494,3.000633,9.772813,8.98892,12.333435,9.420937,8.992177,9.409347,3.711429,2.891682,8.682034,9.151428,5.949721,5.046027,10.003373,10.036408
16997,0.032739,1,4,4,1.294259,1.196636,19.303512,5.436947,2.792738,13.018812,21.114925,4.510221,0.803356,5.583026,20.8928,3.692877,0.969415,6.669639,22.152602,5.495139
16998,0.046441,1,4,4,0.229097,2.617676,22.141618,8.176119,3.214234,6.41357,21.444527,8.761637,1.041922,1.658871,21.072993,8.757359,1.700963,2.816973,22.117064,9.101321
16999,0.118173,1,3,3,12.201321,15.442296,11.820899,16.183146,62.640648,41.818827,11.123203,17.969406,32.157505,12.87817,8.48126,17.26574,41.056588,18.310192,13.162177,20.253207
17000,0.069753,1,4,4,0.094432,0.154225,11.362403,11.361033,1.088,0.415594,11.356526,11.362289,0.302469,0.188442,11.355331,11.360284,0.797521,0.852893,11.361833,11.361632
17001,0.06864,1,4,4,3.514669,0.340198,9.945604,11.262362,5.692636,5.777709,11.044162,11.036961,1.421958,3.194536,11.057653,10.239846,1.968898,2.728378,11.264789,11.255681
17002,0.050777,1,4,4,0.253284,0.576792,22.139859,9.56646,1.467248,3.787595,22.063761,9.492661,0.433278,1.026363,22.01658,9.478837,1.105859,2.934533,22.184443,9.583593
17003,0.090694,1,4,4,0.472139,0.772924,12.789583,12.754762,3.89755,4.397341,12.725945,12.701964,2.312001,1.157108,12.343716,12.696654,2.307901,3.130191,12.798035,12.788585
17004,0.069666,1,3,3,13.073455,9.257005,15.839073,17.250844,35.941225,36.033214,17.453051,17.4445,11.673768,14.046069,16.581741,15.771712,13.020072,18.896607,19.555859,19.38351
17005,0.117964,1,4,4,1.06305,1.369459,12.163141,14.060973,8.801302,6.508558,11.850561,14.013211,4.262544,1.858111,10.931151,13.968624,4.203442,4.074854,12.22249,14.171899
17006,0.057512,1,4,4,3.525681,0.343324,8.862248,22.105763,7.197514,3.510517,9.878333,21.597457,1.93375,1.150922,9.840831,21.272237,2.523366,1.794148,10.275702,22.145136
17007,0.0376,1,4,4,1.000608,0.545814,6.10804,21.620113,6.760716,2.100785,5.848059,21.688051,2.59572,0.622733,5.435058,21.535753,4.943647,1.118421,6.173884,22.151978
17010,0.309004,4,4,4,9.790445,8.455593,51.980946,53.312478,20.952178,18.182933,56.52065,57.084922,9.191921,7.468188,53.087378,54.696952,9.957896,9.732531,58.854035,58.866872
17011,0.074219,1,4,4,9.087856,0.875809,7.416525,10.827216,18.521207,16.452576,9.372939,9.62383,4.266595,6.402056,9.60688,8.629419,4.421602,10.2285,10.853871,10.667296
17012,0.072904,1,4,4,2.279099,0.471925,10.330863,10.788695,5.131373,5.020349,10.66722,10.673475,1.316336,2.594736,10.667919,10.259889,2.221609,3.234516,10.797373,10.786394
17013,0.246325,1,5,5,0,0,15.731556,15.731556,0,0,15.731556,15.731556,0,0,15.731556,15.731556,0,0,15.731556,15.731556
17014,0.168678,1,4,4,0.038834,0.186574,14.45649,14.455315,0.302269,0.356833,14.45635,14.456275,0.540594,0.400492,14.447409,14.451536,0.070243,0.101103,14.456543,14.456538
17015,0.081249,1,5,5,0,0,11.323645,11.323645,0,0,11.323645,11.323645,0,0,11.323645,11.323645,0,0,11.323645,11.323645
17016,0.162584,1,5,5,0,0,12.82735,14.318541,0,0,12.82735,14.318541,0,0,12.82735,14.318541,0,0,12.82735,14.318541
17017,0.14541,3,3,3,10.153091,15.547347,30.391197,34.281963,28.590042,28.014655,31.783729,40.465123,22.670427,7.005003,25.438164,40.598849,16.53388,9.27978,33.121896,43.400588
17018,0.029766,2,3,3,2.05318,0.880566,31.8523,37.201405,5.689304,1.794998,34.872294,38.916305,3.993011,0.509017,25.964572,38.775632,2.895053,0.794084,38.881145,39.580674
17019,0.283014,2,6,0,24.495167,0,27.245403,0,54.445292,0,31.652654,0,13.127769,0,32.002419,0,17.218762,0,35.433077,0
17020,0.752649,4,4,4,10.599353,31.251503,39.9462,41.055018,61.973052,46.308738,36.062092,55.769629,85.74962,6.43387,15.539667,60.544163,25.146602,14.546475,45.530351,63.118513
17021,0.450147,3,4,4,5.678319,3.678784,44.375752,35.217532,10.634588,13.609153,46.724863,35.385769,3.338331,13.118853,46.37089,29.401385,4.957873,8.553976,47.464172,35.992985
17022,0.570781,3,4,4,22.581041,7.634413,26.637006,34.316902,24.592659,20.291589,35.100255,35.527596,10.989512,24.585642,32.858732,26.363596,11.37225,13.860237,36.381311,36.318982
17023,0.556639,2,3,3,6.841106,18.208772,42.902321,31.103104,34.54977,59.044399,42.593031,31.945447,14.604126,15.153799,41.24199,31.951043,19.220114,29.450344,43.451652,33.379541
17024,0.246694,2,6,0,4.084483,0,37.908674,0,14.763062,0,38.106103,0,4.915447,0,37.668817,0,5.574741,0,38.807069,0
17025,0.697706,2,2,0,42.40307,0,41.456824,0,73.309653,0,45.969165,0,35.911063,0,43.0909,0,33.678451,0,47.383182,0
17026,0.225756,2,1,0,20.29484,0,60.196277,0,69.599117,0,61.146996,0,39.818423,0,52.357492,0,51.370634,0,62.301043,0
17027,0.488326,2,1,0,85.254711,0,51.459967,0,172.656209,0,60.480582,0,46.419663,0,60.20501,0,79.314211,0,62.369136,0
17028,0.295891,2,6,0,30.129649,0,20.3705,0,62.215083,0,27.261591,0,13.309025,0,29.039733,0,19.202624,0,37.529529,0
17029,0.356483,2,1,0,48.633638,0,50.649374,0,92.024567,0,60.631811,0,26.248661,0,59.984805,0,43.980125,0,62.367749,0
17030,0.157749,2,1,0,11.661275,0,59.517105,0,37.492607,0,61.032899,0,22.114091,0,51.243598,0,27.035904,0,62.299589,0
17031,0.362632,2,6,0,11.632901,0,31.541086,0,50.743436,0,31.054022,0,34.397581,0,21.623841,0,34.959678,0,36.298182,0
17032,0.230353,2,1,0,17.028334,0,59.517105,0,54.748441,0,61.0329,0,32.292018,0,51.243603,0,39.479079,0,62.29959,0
17033,0.049612,2,6,0,1.354663,0,32.815404,0,5.620373,0,32.758632,0,4.203272,0,22.749222,0,4.757532,0,36.319594,0
17034,0.060068,2,6,0,0.17965,0,38.713885,0,0.986879,0,38.609305,0,0.192052,0,38.711224,0,0.025512,0,38.859896,0
17035,0.054384,2,6,0,2.260785,0,29.242981,0,4.382958,0,34.991779,0,0.862392,0,36.277167,0,0,0,38.859999,0
17036,0.049518,2,6,0,1.279945,0,33.217587,0,4.146698,0,34.774175,0,1.035921,0,34.939046,0,3.213594,0,37.529529,0
17038,0.042763,2,3,3,2.145219,4.349829,34.350071,28.196395,8.979548,10.003286,34.235004,33.439981,4.332223,2.133829,28.803845,34.773226,6.874182,5.158117,37.80832,38.523267
17039,0.055384,2,3,3,2.249356,8.834104,38.617302,24.876543,8.426151,16.483585,39.239422,33.626743,4.148228,3.382124,33.845402,35.807178,7.413138,6.052488,41.853675,42.369132
17041,0.039413,2,6,0,0.236363,0,38.327707,0,1.44773,0,37.77478,0,0.283675,0,38.191563,0,1.926612,0,38.05172,0
17042,0.049982,2,6,0,0.200385,0,38.607068,0,1.602953,0,38.006444,0,0.508876,0,37.623074,0,0.612681,0,38.798252,0
17043,0.37188,2,6,0,3.816796,0,37.475733,0,27.316749,0,35.48284,0,6.874706,0,35.589774,0,23.083207,0,37.62811,0
17044,0.419831,2,1,0,35.456336,0,52.095564,0,106.522947,0,57.170662,0,91.300246,0,33.032658,0,72.30981,0,61.991996,0
17045,0.404809,2,1,0,87.294824,0,32.043071,0,113.630653,0,55.759722,0,33.36448,0,53.589022,0,50.021859,0,62.268512,0
17046,0.379431,2,6,0,7.415564,0,34.999898,0,28.204201,0,35.422742,0,7.671374,0,35.127483,0,18.01994,0,38.092459,0
17047,0.037615,2,6,0,0.735149,0,34.999901,0,2.796049,0,35.422744,0,0.760509,0,35.127487,0,1.786423,0,38.092459,0
17048,0.053491,2,6,0,0,0,38.860001,0,0,0,38.860001,0,0,0,38.860001,0,0,0,38.860001,0
17049,0.155941,2,3,3,27.590748,11.49825,23.725979,33.423032,55.419866,43.570615,31.761076,34.261726,11.203434,29.430231,34.262115,23.644726,19.103328,29.870278,42.09898,40.470067
17050,0.217761,2,3,3,19.861761,10.736734,29.272207,34.469522,45.886071,43.081541,34.21038,34.644805,10.280896,21.42423,35.128692,29.091203,19.149183,31.348743,39.009051,38.120545
17051,1.191319,2,6,0,10.619204,0,37.776228,0,21.765672,0,38.554521,0,27.240896,0,34.415879,0,5.040971,0,38.851784,0
17052,0.550954,2,1,0,42.390453,0,65.957135,0,147.263905,0,67.892162,0,90.347351,0,51.515909,0,108.876577,0,70.906504,0
17053,0.193278,5,4,4,0.182661,0.580848,50.727655,28.339876,0.88869,1.817707,50.716735,28.362001,0.387911,0.424421,50.647393,28.367176,0.746185,0.919099,50.744742,28.387511
17054,1.747065,5,4,4,8.969437,19.773513,54.171829,51.192923,43.041298,50.263818,53.852638,53.429323,19.324225,10.565964,51.682187,53.958702,36.072395,25.565009,54.746281,54.934963
17055,0.394753,4,3,3,2.633973,5.182932,48.246941,32.637182,5.577365,17.305956,48.428408,32.762383,2.125666,6.423559,48.348423,32.501644,4.448771,9.720582,48.480923,32.966881
17056,1.558902,4,3,3,4.874374,18.213984,46.950694,42.779914,41.969115,52.680178,46.785131,43.057912,18.984777,9.843257,46.374794,43.189678,30.77071,19.989761,46.953189,43.324984
17057,0.382921,4,4,4,9.217707,13.060504,40.68809,37.000731,19.021096,23.150326,45.578853,44.53296,8.098196,5.485491,42.347245,44.999716,14.157213,9.830542,47.69522,48.088337
17058,0.047482,2,0,3,0,4.189766,0,35.626705,0,12.998046,0,37.990535,0,6.770858,0,31.332293,0,7.523814,0,42.440354
17059,0.24496,2,6,0,7.103648,0,30.314684,0,24.458648,0,31.43943,0,9.774387,0,28.381612,0,22.924961,0,33.740923,0
17060,0.046649,2,3,0,6.507534,0,30.946601,0,14.290195,0,37.110432,0,5.45597,0,33.43616,0,5.841899,0,42.838087,0
17061,0.236784,2,6,0,9.311279,0,28.039409,0,28.289696,0,30.310934,0,7.954919,0,29.68692,0,19.801079,0,34.072561,0
17063,0.230892,2,6,0,2.315437,0,34.645191,0,5.6296,0,35.291016,0,2.256075,0,34.788459,0,3.542418,0,35.62614,0
17065,0.228612,2,6,0,1.45019,0,35.235954,0,6.433362,0,35.16834,0,3.411919,0,33.821594,0,3.411357,0,35.629913,0
