comb_col_name,Run001,Run002,Run003,Run004,Run005,Run006,Run007,Run008,Run009,Run010,Run011,Run012,Run013,Run014,Run015,Run016,Run017,Run018,Run019,Run020,Run021,Run022,Run023,Run024,Run025,Run026,Run027,Run028,Run029,Run030,Run031,Run032,Run033,Run034,Run035,Run036,Run037,Run038,Run039,Run040,Run041,Run042,Run043,Run044,Run045,Run046,Run047,Run048,Run049,Run050,Run051,Run052,Run053,Run054,Run055,Run056,Run057,Run058,Run059,Run060,Run061,Run062,Run063,Run064,Run065,Run066,Run067,Run068,Run069,Run070,Run071,Run072,Run073,Run074,Run075,Run076,Run077,Run078,Run079,Run080,Run081,Run082,Run083,Run084,Run085,Run086,Run087,Run088,Run089,Run090,Run091,Run092,Run093,Run094,Run095,Run096,Run097,Run098,Run099,Run100,Run101,Run102,Run103,Run104,Run105,Run106,Run107,Run108,Run109,Run110,Run111,Run112,Run113,Run114,Run115,Run116,Run117,Run118,Run119,Run120
ABM_Mode Share_Mode_Auto___Trips,975355.0,1077628.0,1212005.0,1074101.0,1066198.0,973228.0,1231437.0,1080295.0,1139924.0,1042642.0,973255.0,979652.0,1248968.0,1159711.0,1131602.0,996400.0,1057290.0,1133137.0,1082026.0,1118797.0,947738.0,1074203.0,1131136.0,1166631.0,1099186.0,1153985.0,1026189.0,1201880.0,1220257.0,980121.0,1091638.0,1143539.0,978968.0,931610.0,1050643.0,1224785.0,1240962.0,1066188.0,967975.0,997544.0,1037139.0,1190907.0,996828.0,1114939.0,1148492.0,1107943.0,1159652.0,1034949.0,1201409.0,985684.0,986678.0,1158096.0,981908.0,1131729.0,1119453.0,960836.0,950209.0,1186374.0,1201952.0,941810.0,1166199.0,976241.0,1150340.0,1228893.0,1073027.0,1009145.0,825835.0,1022375.0,1195748.0,845629.0,716663.0,1194452.0,1012650.0,970748.0,966156.0,1125669.0,1008020.0,1027170.0,1201821.0,1168329.0,1027682.0,1161715.0,1072485.0,1024983.0,1005769.0,1118105.0,1212436.0,1137737.0,1103861.0,1162778.0,922562.0,1116188.0,1139771.0,1149075.0,1235012.0,1249730.0,1049151.0,961164.0,1238377.0,1113915.0,982524.0,1082534.0,1121869.0,1138771.0,1037813.0,1075463.0,1000433.0,1189035.0,1183820.0,993421.0,1086975.0,1197476.0,969093.0,1015137.0,1065415.0,1122042.0,1037647.0,1020203.0,1006668.0,946863.0
ABM_Mode Share_Mode_Bike___Trips,20047.0,20596.0,23874.0,23755.0,23406.0,21343.0,21007.0,23934.0,24287.0,22887.0,18347.0,18030.0,22432.0,22271.0,23894.0,22257.0,21886.0,21055.0,23982.0,25680.0,22542.0,21196.0,21194.0,19269.0,23199.0,22428.0,17427.0,25665.0,22885.0,22591.0,20511.0,24445.0,17509.0,23071.0,21745.0,23802.0,22707.0,24913.0,21503.0,23327.0,19595.0,26578.0,21987.0,20498.0,22274.0,23191.0,20889.0,22173.0,20318.0,20548.0,23351.0,22633.0,19312.0,22100.0,19304.0,21904.0,18619.0,20673.0,25430.0,20837.0,25061.0,22007.0,24284.0,21126.0,18998.0,22583.0,17880.0,20827.0,24878.0,17547.0,12952.0,20951.0,20535.0,18881.0,21511.0,24110.0,18694.0,20031.0,22705.0,24240.0,21946.0,20498.0,22905.0,22380.0,21224.0,20506.0,21688.0,19254.0,19729.0,25585.0,20262.0,18745.0,20236.0,22612.0,25844.0,21531.0,20424.0,22457.0,22904.0,25249.0,21194.0,23908.0,22602.0,24688.0,20948.0,23651.0,22766.0,22203.0,22507.0,19137.0,23283.0,22373.0,20034.0,19259.0,19147.0,22511.0,21130.0,19628.0,21247.0,18888.0
ABM_Mode Share_Mode_SchoolBus___Trips,15311.0,16466.0,20593.0,17014.0,15296.0,14819.0,20180.0,15021.0,18003.0,15972.0,16334.0,17455.0,21820.0,20234.0,17595.0,13684.0,16824.0,18719.0,15483.0,16433.0,13671.0,17213.0,18228.0,20197.0,15009.0,16997.0,16724.0,16890.0,20456.0,15834.0,17607.0,17604.0,16063.0,13797.0,17741.0,18488.0,19216.0,16254.0,14316.0,16142.0,18266.0,16771.0,15669.0,19171.0,19639.0,18188.0,20195.0,16448.0,19876.0,15689.0,15143.0,17997.0,16507.0,17671.0,19157.0,15222.0,15836.0,19698.0,18122.0,15058.0,17224.0,13940.0,17794.0,20686.0,17282.0,13536.0,11546.0,16991.0,19255.0,13138.0,12246.0,20084.0,17191.0,16496.0,13641.0,17698.0,18162.0,17753.0,19012.0,19443.0,15618.0,20099.0,15626.0,15384.0,15941.0,20031.0,20276.0,19572.0,19541.0,16952.0,13473.0,18002.0,19981.0,17737.0,16337.0,19911.0,18035.0,13719.0,19364.0,16060.0,15552.0,17713.0,16538.0,17262.0,15466.0,14751.0,14402.0,18734.0,20408.0,16879.0,15587.0,21604.0,15583.0,17904.0,17623.0,16358.0,16824.0,16752.0,14744.0,15544.0
ABM_Mode Share_Mode_Taxi___Trips,1604.0,2186.0,4198.0,4203.0,3094.0,3366.0,3013.0,3670.0,2589.0,3454.0,1748.0,1858.0,2227.0,2824.0,3958.0,2722.0,3038.0,3207.0,2847.0,2722.0,1715.0,2692.0,3447.0,2126.0,3079.0,2705.0,2164.0,3367.0,2624.0,2981.0,3136.0,4104.0,1813.0,1937.0,3269.0,2974.0,3085.0,2455.0,2754.0,1917.0,2513.0,3114.0,1964.0,1895.0,3554.0,3130.0,4859.0,2534.0,3442.0,1775.0,2509.0,3784.0,2123.0,2550.0,2131.0,1759.0,1739.0,3173.0,5695.0,2204.0,4060.0,1759.0,3400.0,2353.0,1680.0,3965.0,1679.0,2503.0,2602.0,1698.0,1872.0,3556.0,2946.0,2621.0,3175.0,2444.0,2162.0,3379.0,2543.0,3898.0,1978.0,3225.0,2215.0,2978.0,3403.0,2023.0,3673.0,1996.0,2050.0,4144.0,1898.0,1480.0,1869.0,3525.0,5147.0,4398.0,1716.0,3542.0,2693.0,3296.0,2737.0,3658.0,2584.0,4082.0,2006.0,2361.0,3751.0,2581.0,4202.0,1821.0,3339.0,2408.0,1950.0,2823.0,1517.0,2933.0,1721.0,1935.0,2479.0,2176.0
ABM_Mode Share_Mode_Transit___Trips,15457.0,21529.0,21893.0,23422.0,32171.0,19235.0,9553.0,29343.0,20512.0,30813.0,12400.0,10717.0,10420.0,24654.0,34009.0,26310.0,18438.0,10026.0,20025.0,28982.0,28543.0,15566.0,11819.0,10300.0,21801.0,16967.0,9410.0,27259.0,24177.0,20156.0,13862.0,24039.0,8588.0,26582.0,27747.0,19838.0,12495.0,25727.0,23323.0,26655.0,9322.0,30646.0,21521.0,8857.0,21162.0,24577.0,20131.0,23059.0,8800.0,15931.0,32379.0,15089.0,17847.0,28528.0,8167.0,17759.0,22729.0,8181.0,23852.0,18810.0,25667.0,16623.0,17311.0,14130.0,12708.0,20073.0,16174.0,10594.0,28554.0,12125.0,13345.0,12875.0,15801.0,10891.0,24738.0,23155.0,15322.0,10577.0,16186.0,20374.0,17066.0,9601.0,23396.0,28875.0,21318.0,8477.0,11256.0,10586.0,12387.0,20151.0,18043.0,6874.0,18703.0,25284.0,23367.0,12810.0,20477.0,18959.0,23710.0,26570.0,16911.0,20475.0,20636.0,20385.0,16007.0,23629.0,24948.0,13186.0,16110.0,11052.0,26288.0,17850.0,21402.0,9364.0,15524.0,18884.0,19027.0,19032.0,21513.0,20967.0
ABM_Mode Share_Mode_Walk___Trips,132933.0,150204.0,170243.0,155607.0,153768.0,136955.0,165644.0,153323.0,163965.0,151340.0,132945.0,133996.0,168554.0,161665.0,163344.0,142548.0,145841.0,155998.0,153998.0,163098.0,133589.0,149401.0,155156.0,156822.0,152341.0,160299.0,135278.0,174151.0,168087.0,138163.0,152724.0,161496.0,132119.0,135286.0,147212.0,167329.0,167290.0,156907.0,136320.0,145542.0,140950.0,172515.0,143675.0,149634.0,159011.0,158521.0,160409.0,147066.0,161574.0,136855.0,144295.0,162308.0,138345.0,163666.0,151459.0,138415.0,131786.0,160097.0,175462.0,135388.0,169121.0,136731.0,165535.0,162791.0,145599.0,140230.0,117080.0,142753.0,173742.0,116984.0,97283.0,164739.0,140825.0,135203.0,132413.0,163452.0,138090.0,145016.0,166447.0,165531.0,141084.0,158409.0,149703.0,147936.0,140400.0,155063.0,168029.0,153078.0,153788.0,164111.0,123475.0,147179.0,155681.0,165099.0,176279.0,166309.0,144741.0,134931.0,169512.0,161032.0,138246.0,152665.0,156054.0,162930.0,141664.0,148850.0,141041.0,164696.0,169575.0,138913.0,155613.0,167710.0,134103.0,141203.0,149313.0,159917.0,144958.0,137345.0,135300.0,130252.0
ABM_Mode Share_Mode_Auto___Share,0.840311120722112,0.836272290508603,0.83425109753126,0.827439600277944,0.823997842237581,0.832568826960356,0.848778702456656,0.827440704786969,0.832498831502688,0.822851722189427,0.842623864855341,0.84328592038619,0.847090485010726,0.833509539953384,0.823341351365903,0.827629055394831,0.836915833476475,0.844275046902638,0.833378390139568,0.825246807581551,0.82570103798752,0.839043452519037,0.843514444659876,0.848246076439003,0.836127687573929,0.840251175748026,0.85006279034321,0.829333458458804,0.836660070785733,0.830719432875138,0.840058854401537,0.83152744965013,0.847547313559469,0.822771338967378,0.82834958927179,0.840496535860161,0.846636716231567,0.824939417104339,0.830031272750347,0.823649377810915,0.844723628322548,0.826713899249652,0.829553511688986,0.847866226005594,0.835794523379122,0.829578076447905,0.836608266871553,0.830464545440685,0.84880095575939,0.837823273114251,0.819258441240332,0.839256558594166,0.834925963528513,0.828350572811299,0.848281882378259,0.831248513056982,0.832846006461463,0.848503357183113,0.828639246942289,0.830441924791929,0.828659477649908,0.836323279085686,0.834387493979679,0.847524688288589,0.845373097170553,0.834326830542722,0.834013334760663,0.840739184387394,0.827633845730039,0.839649853393981,0.838829253676139,0.843148341482801,0.836936793977923,0.840590904367705,0.83172152330252,0.829816266232617,0.839701778499729,0.839241914952375,0.841190749163234,0.833440218573778,0.838668031148041,0.845777392400842,0.833755723647898,0.824912115222416,0.832552325846091,0.844359445856193,0.843517063946491,0.847651247221959,0.841770655718203,0.834297538746995,0.838911606937446,0.853049520507953,0.840389724245175,0.830657427139689,0.833349302894899,0.847453259636439,0.836280752209568,0.832340929638058,0.838690605190443,0.827499290554645,0.834653455253474,0.832108462027452,0.83703889402462,0.832363144114762,0.84108082962694,0.834530012687155,0.828625052905517,0.843027151198035,0.83566399505302,0.841010545849514,0.82906523985859,0.837734998996097,0.833868684739258,0.841955228956033,0.839875636460527,0.835695213552354,0.83593099853622,0.839745821655369,0.837528318542104,0.834468445125982
ABM_Mode Share_Mode_Bike___Share,0.0172713699495221,0.0159831259908941,0.0164330268459794,0.0182997946232268,0.018089035521932,0.0182583284428879,0.0144792581370439,0.0183319980453222,0.0177370588922645,0.0180623908932782,0.0158844496545108,0.0155202512163125,0.0152141077751877,0.0160066524886819,0.0173850154467179,0.0184870934222428,0.0173242345349584,0.0156876098058179,0.0184709799508765,0.0189420761931738,0.019639344205165,0.0165558698119383,0.015804859132873,0.0140103028694618,0.0176469917047957,0.0163305011500814,0.0144359803577227,0.0177096242647729,0.0156909288124809,0.0191474141540506,0.0157840302028969,0.017775247286448,0.0151585199037279,0.0203756481374356,0.0171442267437322,0.0163338859853309,0.015491674938854,0.0192758835199049,0.0184386605624636,0.0192605730034918,0.0159596346265836,0.0184501409549673,0.0182974325174511,0.0155879038231353,0.0162095053459202,0.0173643817153982,0.0150699607181119,0.017792075132259,0.0143547599686029,0.0174656305833833,0.0193888014746483,0.0164018299783971,0.0164211822366888,0.0161757343490621,0.0146278883145875,0.0189498181063159,0.0163193147973825,0.0147854807194413,0.0175317284298727,0.0183730459295287,0.0178074541046462,0.0188528922702885,0.0176141539925609,0.0145698661842689,0.014967375564684,0.018670857819388,0.018057067604934,0.0171268614678922,0.0172192425277499,0.0174229313061688,0.0151598680183201,0.0147890420899343,0.0169718037469379,0.0163494510062,0.0185178808471515,0.0177733154052109,0.0155724936482153,0.0163661855373609,0.0158919139869841,0.017291868042502,0.0179096341198687,0.0149234063341116,0.0178064726780842,0.0180115505707682,0.0175687365227577,0.0154855177257298,0.0150887948583443,0.0143448592372504,0.015044732322878,0.0183573326368764,0.0184248071996966,0.0143259139696194,0.0149206520080133,0.0163460398516047,0.0174387612298632,0.0146003665857683,0.0162800188753842,0.0194471289570582,0.0155117299669502,0.0187568437333317,0.0180042882724922,0.0183772972582407,0.0168636026868952,0.0180452270929847,0.0169770095566592,0.0183525321931707,0.018856313170844,0.0157419519509938,0.0158877950504792,0.0162010052293259,0.0177585740054993,0.0156517918793693,0.0172385160454841,0.0159734260050262,0.0150937416981267,0.016766159334746,0.0170223804425497,0.0161561287189428,0.0176770933257679,0.0166459561642387
ABM_Mode Share_Mode_SchoolBus___Share,0.013191098184124,0.0127781196623646,0.0141746385959309,0.0131068282769767,0.0118213230515027,0.0126772323101324,0.013909241167494,0.0115051785175393,0.0131477856975929,0.0126050818083384,0.0141416362706045,0.0150252903483492,0.0147990295851728,0.0145426162478555,0.0128019313126727,0.0113661942934794,0.0133173225722443,0.0139471084281693,0.0119250347168469,0.0121213060000944,0.0119106323586554,0.0134448097316896,0.0135930438932721,0.014685042662023,0.0114170308417293,0.0123760267544112,0.0138536372010418,0.0116546095395291,0.014025503158755,0.0134203955431472,0.0135492867135881,0.0128007957958941,0.013906636884664,0.0121851162651033,0.0139873868319408,0.0126872062892529,0.0131099672182595,0.0125761735131271,0.0122758621872403,0.0133280820260798,0.0148771975549465,0.0116422347037308,0.0130396356990922,0.0145787737434543,0.014291931197294,0.0136183594773689,0.0145692879842151,0.0131982163791727,0.0140424849461538,0.0133355206454497,0.0125735352117939,0.0130421832775687,0.014036063337874,0.0129340000761211,0.0145164969147613,0.0131690162168709,0.0138800509764944,0.0140881535922002,0.0124935109164827,0.0132774068055307,0.0122387610030895,0.0119420783499714,0.0129066980787197,0.014266413513575,0.0136154429155105,0.0111911053200742,0.011660341306855,0.0139723677534429,0.0133272978081769,0.0130451058015869,0.0143335194373339,0.0141770379139058,0.0142080486103535,0.0142842298500225,0.0117429414083954,0.0130465423492917,0.0151293265025615,0.0145049619012914,0.013307071954219,0.0138698758395366,0.012745496476994,0.0146329175485076,0.0121477381387358,0.0123811302046782,0.0131955912603317,0.0151268119362183,0.0141064369489021,0.0145817796297635,0.014901369269672,0.0121631230353851,0.0122513783141601,0.0137580743281456,0.0147326323271454,0.0128219400693398,0.0110237208718571,0.0135018298773504,0.0143757413052073,0.0118802672735397,0.0131142655902909,0.0119305679574362,0.013211413193064,0.013615403477297,0.0123391850825535,0.0126173327154529,0.0125342003916026,0.0114463744611839,0.0119286928879248,0.0132824270526469,0.0144061012747225,0.0142894271445781,0.0118886265955297,0.015113811816113,0.0134085951650583,0.014849588202606,0.01389235963577,0.0121834140819055,0.0135534561554877,0.01378884594965,0.0122667230194908,0.0136988957336365
ABM_Mode Share_Mode_Taxi___Share,0.0013819163664904,0.0016964028654153,0.0028895805771727,0.0032378041170878,0.0023911593567827,0.0028795171034419,0.0020767365529068,0.0028109982796996,0.0018907747137181,0.0027258923469822,0.0015133819150861,0.0015993692046538,0.0015104234136654,0.0020296702720146,0.0028797979048342,0.0022609456932805,0.0024047804311981,0.002389464006044,0.0021927645701003,0.0020078010668932,0.0014941653496521,0.0021026798232561,0.0025705081358409,0.0015457939644234,0.0023421305857608,0.0019695918321281,0.0017925897454588,0.0023233315760565,0.0017991259429298,0.0025266009292738,0.0024132767157273,0.0029842346027237,0.001569615431233,0.0017107030662829,0.0025773500678436,0.0020408779480873,0.0021047173640888,0.0018995020287145,0.0023615342598253,0.0015828232712176,0.002046775290462,0.0021617028720659,0.0016344275009903,0.0014410712140131,0.00258635997124,0.002343603758751,0.0035054305677296,0.0020333341625014,0.0024317887494798,0.0015087353652669,0.0020832727891693,0.0027422137868711,0.0018052076371422,0.0018664308864302,0.0016147964151671,0.0015217645201337,0.0015242112053627,0.002269352794601,0.0039261971454237,0.0019433792402304,0.0028848914115503,0.0015068949653945,0.0024661556405331,0.0016227821230514,0.0013235704257642,0.0032781274079561,0.0016956273215147,0.0020583153720715,0.0018009674836082,0.0016859940364663,0.0021911112515669,0.0025101347750372,0.0024348153804956,0.0022695784697447,0.0027332188968298,0.0018016583513204,0.001800991294931,0.0027607878254077,0.0017799223637481,0.0027806807603,0.0016142010520869,0.0023479356731149,0.0017219531535453,0.0023967112421692,0.0028169247261093,0.0015277090782771,0.0025553828621679,0.0014870852309936,0.0015632673354909,0.0029733354093107,0.0017259048497198,0.0011310937676733,0.0013780736609496,0.0025481952271761,0.0034730422554599,0.0029823237306306,0.0013678276728436,0.0030672721541568,0.0018238337758032,0.0024485150677278,0.0023250795980848,0.0028117848992238,0.0019279510372063,0.0029836607661035,0.0016257342548528,0.0018320717309236,0.0031068273172202,0.001829931900442,0.0029662111699521,0.0015416225386739,0.002546745634341,0.0016845981694686,0.0016779028795394,0.002341397871758,0.0011958639032777,0.0021844940397499,0.0013864418713501,0.0015927302359463,0.0020624800844626,0.001917704395033
ABM_Mode Share_Mode_Transit___Share,0.0133168835890539,0.0167071625295183,0.0150694586889096,0.0180432662456417,0.0248629565827597,0.0164549944993182,0.0065844886458409,0.0224749652646398,0.0149801355456882,0.0243175798748015,0.0107356611825331,0.0092252097773278,0.0070671809476397,0.0177193664611362,0.0247445798245346,0.021853593383619,0.0145949116492535,0.0074701484641714,0.0154232913650364,0.0213776967379502,0.0248676160787874,0.0121583633465102,0.0088137034109382,0.0074890300251936,0.0165835624878767,0.0123541828523913,0.0077949489393567,0.0188095323527545,0.016576778933771,0.0170835854848853,0.0106673602785118,0.0174800232979719,0.0074351115959344,0.0234764630397171,0.0218763329251938,0.0136136303746322,0.0085246170062527,0.0199056980418494,0.0199992968561754,0.0220084268619228,0.0075925345235525,0.0212740996202095,0.0179096304729188,0.0067353919485564,0.0154002672232362,0.0184021564149601,0.0145231164352678,0.0185030199104659,0.0062172402659565,0.0135412186501791,0.026884930107817,0.0109347948811043,0.0151754784267909,0.0208806040502282,0.006188663689662,0.0153638522530161,0.019921677105629,0.0058511110030353,0.0164438374561276,0.0165857366192079,0.0182380561232175,0.0142405429276596,0.0125563589097851,0.0097449687202366,0.0100118648634595,0.0165956750214132,0.016334172899452,0.0087118629851082,0.0197635762978282,0.0120392683699377,0.0156198609252997,0.0090882973083816,0.0130592389094407,0.0094307436528003,0.0212958642739451,0.0170693122441999,0.0127635470032071,0.0086418623348143,0.011329069358878,0.014534014830773,0.0139271765191688,0.0069899319062252,0.0181881787721658,0.0232387633034375,0.0176465475495735,0.0064015767951336,0.0078310344395759,0.0078869159595685,0.0094459475535247,0.0144584174307483,0.0164070080102718,0.0052534719993152,0.0137903219265602,0.0182776079784173,0.0157673554271093,0.0086865773054522,0.0163222653011772,0.0164179595625803,0.0160575933250257,0.0197381812346875,0.0143658827487079,0.0157384624963392,0.0153967482986802,0.0149000305529201,0.0129726461702045,0.0183354607920354,0.0206635904852067,0.0093488888179887,0.0113721232622393,0.009356404336861,0.0200505688037008,0.0124875736399563,0.0184156294502072,0.0077665071452861,0.0122377002204899,0.0140647751267088,0.0153281984231137,0.0156655513439433,0.0178984001843669,0.0184781746556328
ABM_Mode Share_Mode_Walk___Share,0.114527611188698,0.116562898443205,0.117182197760747,0.119872706459123,0.118837683249442,0.117161100683864,0.114171573040058,0.11743615510583,0.119745413648049,0.119437332887173,0.115101006121924,0.115343959067167,0.114318773267608,0.116192154576928,0.118847324145337,0.118403117812548,0.115442917335871,0.11623062239316,0.118609539257572,0.120304312420337,0.11638720402022,0.116694824767569,0.1157034407672,0.114023754039895,0.115882596805909,0.116718521662962,0.11206005341321,0.120169443808083,0.115247592366331,0.117102571013505,0.117527191687739,0.117432249366832,0.114382802624972,0.119480730524083,0.116065114159499,0.114827863542536,0.114132307240978,0.121403325792065,0.116893373383948,0.120170717026373,0.114800229681907,0.119757922599375,0.119565362120561,0.113790633265247,0.115717412883187,0.118693422185616,0.115723937423123,0.118008808974916,0.114152770310417,0.11632562164147,0.11981101917624,0.117622419481893,0.117636104832991,0.11979265782686,0.114770272287563,0.119747035846682,0.115508739453668,0.114502544707609,0.120965479109805,0.119378506613573,0.120171359707589,0.117134312401,0.120069139398722,0.112271281170279,0.114708649060029,0.115937403888446,0.118239456106581,0.117391408034091,0.120255070152598,0.116156847091859,0.11386638669134,0.11628714642994,0.116389299374849,0.117075092653528,0.113988571271158,0.12049290541736,0.115031863051356,0.118484287448751,0.116501273172937,0.118083341953111,0.11513546068384,0.115328416137198,0.116379933609571,0.119059729456531,0.116219874095136,0.117098938608448,0.116901286944519,0.114048112720464,0.117274027800231,0.117750252740685,0.112279294688705,0.112481925427294,0.114788595832157,0.119348789733773,0.118947817320811,0.11277564286436,0.11537339463582,0.116846442414607,0.114801972151487,0.119626601452171,0.117439880934177,0.117348589841447,0.116433618870045,0.119090604757777,0.114809579999741,0.115503548135531,0.116819523233287,0.116769649079894,0.119703774189586,0.117600994901047,0.118690245102339,0.117327225498996,0.115390671720453,0.11711385181929,0.117704698081809,0.119105943864536,0.116778524571279,0.113050922096148,0.112566984843808,0.114790823925477
ABM_PMT_Mode_Auto___TotalPMT,4720750.77,5337816.9,5863274.61,5050815.04,5079541.84,4749621.04,6246612.25,5288595.28,5314123.66,5082196.36,4706049.23,4724385.09,6012033.62,5499124.25,5720804.15,4916605.83,5156309.32,5354494.7,5221879.53,5371993.34,4719292.27,5344713.66,5453373.61,5587001.28,5475660.72,5702515.19,5185536.52,5691201.13,5845463.46,4833579.53,5255900.38,5379131.86,4762800.97,4504332.8,5156790.91,6069977.34,6025722.22,5162735.0,4716730.67,4809643.28,4997536.52,5704379.06,4779543.74,5574304.3,5455241.57,5305791.34,5397684.7,4906625.08,5898487.42,4690192.95,4753800.49,5562445.77,4850187.52,5426981.98,5434487.68,4630441.42,4547578.01,5555594.78,5745114.35,4510161.41,5618502.25,4773628.31,5627904.2,5992937.41,5200857.65,5193036.59,4114527.07,4746779.42,5644758.61,4046349.13,3535465.67,5677583.0,4911679.34,4641198.01,4925324.56,5406250.84,4836937.78,4844694.04,5688838.59,5510685.94,5143995.33,5636019.7,5272034.42,4872343.89,4870111.96,5444589.24,5779576.11,5486397.56,5154053.53,5778308.66,4578199.6,5438138.38,5627704.43,5567829.34,6246351.7,6337024.02,5155446.24,4741054.82,6174749.79,5357199.23,4815969.97,5430468.66,5581394.4,5554969.7,5092753.65,5543387.01,5069620.98,5824505.66,5640598.1,4728113.64,5458129.01,5656557.32,4642799.4,4692426.94,5180963.99,5522976.07,5092702.09,4997123.73,5158404.49,4550521.44
ABM_PMT_Mode_Bike___TotalPMT,51490.54,49859.24,61297.94,58403.97,54161.3,52539.44,53716.81,55929.81,60806.37,53594.39,46669.08,48471.89,58529.54,57856.63,57202.51,52483.96,55023.95,54854.68,57701.76,60310.04,53701.84,52721.47,53941.63,50653.01,54958.01,54602.05,44064.76,60830.81,58096.98,55475.1,52556.06,60200.13,45506.11,53237.69,54956.8,58724.58,57533.92,57952.3,51017.32,55894.4,51675.29,61060.4,53559.78,53901.43,57447.97,57553.17,54865.23,55074.7,52364.59,50696.74,55079.6,55754.12,48492.7,54761.6,50389.56,53375.44,47297.46,53222.49,60804.72,52103.89,59338.94,53817.82,59336.36,54718.9,47656.56,53258.06,41876.26,54621.62,62000.82,43807.53,32726.69,53692.08,51991.53,48824.17,50184.0,58358.67,49726.29,51629.31,57395.62,62026.16,56102.05,53659.01,54966.42,53191.94,52704.78,53417.83,56925.49,49707.55,51486.42,61138.17,49583.35,48144.63,53784.85,54643.83,58819.01,54930.24,50847.09,53327.57,57512.26,58644.7,52652.19,59794.01,55410.0,61455.82,50980.29,56739.88,53317.8,55330.84,57046.76,48987.39,55429.33,58782.16,50132.31,50902.71,48386.41,53911.83,52623.64,50228.6,51200.57,47737.32
ABM_PMT_Mode_SchoolBus___TotalPMT,86771.48,95198.76,124465.62,91506.7,79120.99,81853.24,122588.27,78781.5,99571.01,93010.24,97860.77,108606.52,130498.95,116519.08,98629.2,74301.07,94680.73,108184.76,83211.54,86848.43,72081.31,102573.18,109498.21,124083.95,80144.86,101050.69,101463.52,87658.91,118993.01,89106.52,104919.62,96310.8,94281.07,76030.68,106718.59,105426.67,109949.11,95344.49,78344.12,86759.66,111640.51,89276.65,89680.01,115937.52,115566.63,101337.39,120927.75,91416.78,124342.63,89188.25,82124.48,102430.47,98170.08,107590.08,117957.61,87216.66,94833.65,113950.91,98937.14,85854.96,97078.18,74613.46,106369.06,120444.36,101458.6,72028.73,63112.38,98726.5,109355.48,77425.98,75380.95,123039.2,101562.36,99173.5,72926.34,99914.09,109558.02,108043.49,106347.98,112691.02,84923.99,124892.8,87104.32,82114.67,91165.54,127910.16,127418.61,117433.19,124317.32,94322.79,71386.86,108772.34,120552.64,106827.53,92808.74,117533.02,108728.29,71931.98,113474.38,81061.1,89526.06,107282.04,92581.82,94213.66,85013.64,78587.03,76951.72,115091.04,128520.2,102496.56,87793.24,132271.07,87205.72,105069.37,107339.68,95245.63,97546.96,98469.62,79613.22,86197.5
ABM_PMT_Mode_Taxi___TotalPMT,3753.88,5897.52,9639.88,9305.57,6786.05,7045.04,8005.48,7441.85,6265.09,7387.71,4458.41,4528.92,6202.3,7293.89,8730.44,5111.12,7075.5,8212.85,6197.79,6289.3,3755.62,6568.92,8121.37,6272.44,7045.6,6772.09,5343.0,7326.66,7185.85,6589.64,7859.78,9440.68,4972.71,3770.19,7010.44,7434.12,8216.27,6054.19,5819.11,4550.64,6491.62,6948.41,4111.45,5396.15,7512.91,7034.66,12808.93,5710.99,8756.56,4390.01,4881.92,9517.45,5547.94,6277.23,6428.45,4019.03,4080.54,8472.02,13066.98,5073.65,8618.07,4163.21,8518.42,6491.1,5112.01,8817.62,4127.81,6134.28,6319.16,4396.0,4985.73,8982.05,6562.13,6793.92,6929.32,6025.69,5263.98,8148.65,6730.47,8783.42,5228.97,7930.25,5057.2,6269.87,7569.12,6525.35,9675.81,5582.05,6049.59,8937.13,4325.15,4738.42,5962.08,8151.6,11837.36,10940.18,5154.21,7199.96,7264.11,6756.93,5463.38,7914.74,6127.25,8867.14,4746.32,5470.49,7907.82,7205.85,10868.97,4696.61,7824.62,6037.91,4957.3,7496.91,4527.03,7094.27,4159.42,5459.28,5692.27,4417.51
ABM_PMT_Mode_Transit___TotalPMT,102758.89,157976.71,145768.65,161046.73,247399.65,130322.63,53666.23,222864.43,131553.18,240489.57,84093.62,70066.63,59486.82,178665.82,272965.08,197545.45,121245.89,55515.89,132337.49,204066.82,215801.14,102239.64,71829.48,61394.91,149227.59,114208.51,59245.38,182400.98,173311.42,140936.87,90255.58,163525.25,51982.27,202723.31,218743.03,124821.44,71296.94,191226.67,175158.49,193811.62,52595.59,219692.24,152925.95,48167.9,143051.21,173545.28,141698.43,164583.67,50317.5,107778.96,253493.99,92250.33,120822.78,221630.5,42664.24,121353.48,177922.42,40008.14,155406.93,131533.13,180074.04,109528.75,112839.28,87302.49,78122.1,140548.13,112102.14,61438.42,209132.55,77807.63,100598.22,79581.94,105952.1,66360.65,184687.17,156765.51,107112.24,64912.21,97767.54,131208.96,110125.64,52477.65,173823.85,219221.92,151779.9,46138.43,67060.05,59104.25,72568.42,130971.99,126960.49,37551.81,136528.84,190947.35,160486.17,79375.15,150701.81,126069.57,172660.56,179706.51,115012.34,143690.57,143341.13,126867.37,105145.32,168206.84,182316.3,81076.32,106276.83,71851.95,199335.46,118803.89,159714.9,56127.99,111526.43,130658.42,133834.8,136362.58,155019.03,156809.72
ABM_PMT_Mode_Walk___TotalPMT,109846.05,121638.77,140703.02,129013.27,125420.03,112893.57,133139.57,124518.16,135459.61,121476.28,109486.53,110581.37,139685.86,134206.27,131041.7,114647.98,120859.17,129326.98,124992.94,133070.08,108588.43,120107.83,126646.94,129496.9,123879.14,129340.39,110724.31,142558.95,139152.19,113001.68,123707.27,134110.22,108056.09,109890.25,121400.24,136949.42,138200.22,125969.34,110652.04,118613.54,117033.62,140871.27,117099.02,122531.61,133170.51,129544.75,136172.73,119549.71,131733.18,113366.14,116663.85,132389.31,113457.05,132563.9,125142.35,112868.68,109641.29,134338.51,143620.95,111152.8,136210.95,110864.81,132421.54,135529.92,120825.34,112571.91,93772.03,119029.9,143341.92,95756.64,79286.97,135039.51,116998.8,110291.57,106972.2,134628.68,114733.28,119845.64,138585.06,137401.06,115577.0,129835.85,121262.76,120269.14,115711.74,126028.9,137144.52,127935.39,129251.46,132183.12,101563.32,121776.74,127396.65,131860.13,138444.35,135763.23,117919.27,109306.21,137709.18,132442.72,113468.5,122719.8,125294.29,134596.93,116079.52,120043.16,113340.28,132319.09,137797.87,114147.27,123197.07,139756.87,110430.1,118313.25,120742.3,127208.2,117429.85,113641.96,110144.57,106682.11
ABM_PMT_Mode_Auto___PMTRatio,0.930129088616626,0.925356788159132,0.924056148197556,0.918314766586928,0.908288877493405,0.92508116082665,0.943920885568017,0.915277838550504,0.924552550465876,0.907834236194855,0.932146097322593,0.932449255990422,0.938436378214712,0.917489280358525,0.909598473048446,0.917158214366819,0.92819599103294,0.937643016092912,0.928116167491011,0.916319293463866,0.912254207925612,0.932934876941217,0.936456895323093,0.937588975381942,0.929509229865226,0.933539417797618,0.941732841494672,0.922103359146433,0.9216771432499,0.922669625223473,0.932691226899756,0.920655591213498,0.939853521013053,0.909968994410593,0.910190041142558,0.933363985510588,0.939915559808661,0.915495094793087,0.918058801062942,0.912771676892043,0.936399037345728,0.916774350360798,0.919687773909236,0.941567457790314,0.92274189093799,0.918782518047933,0.920453526611035,0.918334448685553,0.94134785353751,0.927719923106061,0.902727017111913,0.93411323522555,0.926195472619534,0.912127660567528,0.940699659771642,0.924373624540148,0.912920178959318,0.940735429197862,0.924104803996793,0.921215707369158,0.921092755482064,0.931145998605599,0.930633754549067,0.936773495297603,0.936411134565502,0.930608183519673,0.928888280385217,0.933169106549065,0.914144488689059,0.93114927497057,0.923473206765245,0.934132906286205,0.927651505626636,0.933346534498638,0.921133875154645,0.922262532630219,0.926025410536879,0.932160716411348,0.93325967672969,0.924178090691056,0.932566928806561,0.938583362846037,0.922611956125531,0.910138134105639,0.920792650611518,0.9379767675034,0.935539440906428,0.938461754277101,0.930716478437143,0.931104944060099,0.928260781943456,0.944265128926798,0.926839555575933,0.918744334751934,0.931075712460913,0.940830239141423,0.922460830662032,0.928000939131572,0.926670668225269,0.921143939337549,0.927558595239495,0.9248278361866,0.929589605830045,0.928773948734094,0.933641841632333,0.928162057454893,0.921170623202527,0.937089320541802,0.927560803537877,0.932512824869216,0.920161332668808,0.92545217553924,0.918413299461863,0.93282553065921,0.929573365525945,0.930248987012068,0.926232670278787,0.925172994503492,0.927758218835984,0.918858139229462
ABM_PMT_Mode_Bike___PMTRatio,0.0101451763450283,0.0086435310635056,0.0096605978905096,0.0106187274041023,0.0096847526667057,0.0102330787519802,0.0081171068149922,0.0096795676161743,0.0105791073119423,0.0095735817082792,0.0092439323648205,0.0095668699536408,0.0091360516270987,0.0096529620734918,0.0090951052310606,0.0097905133543112,0.0099049546160269,0.0096057817747044,0.0102556820855433,0.0102872899767179,0.0103807364983029,0.009202681613183,0.0092628921051435,0.0085003924942561,0.0093292810059322,0.0089387163855246,0.0080024953029509,0.0098559676524028,0.0091603786293869,0.0105894998537936,0.00932638987393,0.0103034444439664,0.0089798162846824,0.0107551216539868,0.0097000504627912,0.0090299197123914,0.0089743643418044,0.0102765387690783,0.0099299499822075,0.0106076110527836,0.009682508895515,0.009813269411793,0.0103060621512941,0.0091046038545765,0.0097171954327127,0.0099662506619117,0.0093560289732791,0.0103078986954149,0.0083569381246339,0.0100278125518329,0.0104593878342836,0.0093629068154229,0.0092602026230724,0.0092039314449565,0.0087223386525448,0.0106553229938551,0.0094949015833422,0.0090122271252348,0.0097804726650357,0.0106423955862446,0.0097279782618196,0.0104977271987639,0.0098118975600322,0.008553270575846,0.0085805335239446,0.0095440087154059,0.0094539096422482,0.0107380612882287,0.0100407673406609,0.010081025756112,0.0085483000492866,0.0088339595801508,0.0098194563907204,0.0098185575730849,0.0093854083781964,0.0099555156406932,0.0095200331710129,0.0099339223901585,0.0094158090301697,0.0104021928931951,0.0101708716886125,0.0089359968086678,0.0096191853537666,0.0099360829436567,0.0099648990566732,0.0092026563073555,0.009214523708024,0.0085025983012825,0.0092973926698304,0.0098516807784696,0.0100533579275085,0.008359716520138,0.00885795035805,0.0090167471335692,0.0087675101038571,0.0081552524769025,0.0090980385973624,0.0104381908500279,0.0086311067197664,0.010083666419714,0.010140842176531,0.0101831293664477,0.0092286185794436,0.0102752251941341,0.00934608958408,0.0095002935327338,0.0096880597676924,0.0089020325993823,0.009380980102949,0.0096616479446272,0.0093445805455117,0.0096171707944251,0.0099169006174906,0.0101191447570502,0.0086815345708315,0.009080507431108,0.00957089846129,0.0092993783589421,0.009208612802403,0.0096392964202804
ABM_PMT_Mode_SchoolBus___PMTRatio,0.0170965766977603,0.0165035295216537,0.0196158681027939,0.0166373056994065,0.0141478734612149,0.0159425119686227,0.018524221409557,0.0136344260092004,0.0173233889796165,0.0166144466304525,0.0193836762809393,0.0214356084105136,0.0203699729142271,0.0194403694110453,0.0156818809673793,0.013860341675335,0.0170436388820196,0.018944585875057,0.0147896892588453,0.0148140340054938,0.0139335465146537,0.017904438506584,0.0188031044841683,0.0208232892228448,0.0136048215741636,0.0165426656777827,0.0184265463427209,0.0142027268978482,0.0187620944470854,0.017009315539982,0.018618619461668,0.0164839009011103,0.0186046816070036,0.0153597801263605,0.0188361714713726,0.0162111736796549,0.0171502892936399,0.0169072038193997,0.0152488055625044,0.0164652045348327,0.0209183195909464,0.0143480196433752,0.0172563770200078,0.0195832502306904,0.019547836576471,0.0175481877047591,0.0206215035036481,0.0171097601494159,0.0198440141546845,0.0176414312404704,0.0155950984939772,0.0172013645927866,0.0187466326338445,0.0180829581399629,0.020418241815662,0.0174110355389154,0.0190377278936146,0.0192954422472002,0.0159140934014139,0.0175361656751772,0.0159149190183885,0.0145541337132549,0.0175892542157443,0.0188270085914484,0.0182675568398661,0.0129077707088771,0.0142481381533889,0.0194086372350785,0.0177096517772877,0.0178173318279349,0.0196897082656471,0.0202436433748533,0.0191817237338206,0.019943825352778,0.0136386793086881,0.0170445331554101,0.0209747396105864,0.020788494837949,0.0174464927885492,0.0188990214350026,0.015396068513985,0.0207987747486506,0.0152433540185772,0.0153387556838687,0.017236679548745,0.0220359614139859,0.0206252384070558,0.0200872350741123,0.0224491611516389,0.0151989831755617,0.0144741663260134,0.0188869647068028,0.0198540908945897,0.0176275496229635,0.0138339894819082,0.0174496134091683,0.0194546861786037,0.0140797665346535,0.0170295774107874,0.0139380556472295,0.017242770816307,0.0182705072300121,0.0154196409343207,0.015752235880403,0.0155853388693695,0.0131582910091766,0.0139824385587315,0.0185166932216612,0.0211343367971649,0.0202151140988602,0.0148006660468644,0.0216404683215343,0.0172505607365133,0.0208871426405797,0.0192589849658611,0.016042465095241,0.0177413050364346,0.0182307739662514,0.0143187335010631,0.0174053183795639
ABM_PMT_Mode_Taxi___PMTRatio,0.0007396266300193,0.0010223861678927,0.0015192517789793,0.001691893738898,0.0012134349772604,0.0013721586893741,0.0012097020702697,0.0012879337559778,0.0010900019098159,0.0013196688183608,0.0008830951991048,0.0008938704199576,0.0009681356287227,0.0012169330211286,0.0013881256349321,0.0009534434637837,0.0012736727622371,0.0014381789274567,0.0011015706257999,0.0010727874305931,0.0007259732926796,0.0011466235539803,0.0013946069864027,0.00105261665391,0.0011960109591922,0.0011086358817525,0.0009703294061664,0.0011870847019816,0.001133021144541,0.0012578795138098,0.0013947653725054,0.0016158025222414,0.0009812753108759,0.0007616568658152,0.0012373650170019,0.0011431245099119,0.0012816057120849,0.0010735746165444,0.0011326245918241,0.0008636181649903,0.0012163486338693,0.001116707707673,0.0007911320627519,0.0009114750404557,0.0012707918963608,0.001218163741134,0.0021842744520838,0.0010688811082135,0.0013974716522108,0.0008683437511104,0.0009270563812363,0.0015982854266276,0.001059438813278,0.0010550311638853,0.0011127526795421,0.0008023177471135,0.0008191629255966,0.0014345771580685,0.0021018309220825,0.0010363101558472,0.0014128394881816,0.0008120775395801,0.0014086112530888,0.001014642740166,0.0009204141713069,0.0015801447166708,0.0009318870109309,0.0012059377696808,0.0010233609063301,0.0010116112281123,0.0013022861769622,0.0014778169638221,0.0012393662845705,0.0013662596756265,0.0012959209704926,0.0010279338278437,0.0010077820849202,0.0015678702017238,0.0011041403543212,0.0014730370073199,0.0009479721852161,0.0013206484557195,0.0008850156908721,0.0011711915069453,0.001431094423463,0.0011241668434528,0.0015662224539364,0.0009548233386613,0.0010924320184133,0.00144011101143,0.0008769532724223,0.000822767730344,0.0009819086354377,0.0013450908535145,0.001764466511813,0.0016242406740396,0.0009222396309977,0.0014093002286165,0.001090155536126,0.0011618207296031,0.0010522501406003,0.0013479079480001,0.0010205026744431,0.0014825586954647,0.0008701310234741,0.0009159564801315,0.0014368828569849,0.0011593301602914,0.0017873336068437,0.0009262994487605,0.0013191173667086,0.000987844130113,0.0009806260958468,0.0014903394636666,0.000812243922378,0.0011949060429461,0.0007564924524008,0.0010107371156553,0.0010237759149309,0.0008919999767383
ABM_PMT_Mode_Transit___PMTRatio,0.0202465746148586,0.0273866308470691,0.0229732404170914,0.0292807376825935,0.0442383107510266,0.0253828692493711,0.0081094637091804,0.0385703316250341,0.02288765483694,0.0429587228884204,0.0166567615130386,0.0138290117694991,0.0092854763364264,0.0298091054437378,0.043400999833834,0.0368507133666824,0.0218256784151229,0.0097215684125492,0.0235211408705516,0.0348083760509312,0.0417150468284398,0.017846218156786,0.012334605446824,0.0103030566623687,0.0253318146153408,0.0186966877562905,0.0107594112658629,0.0295530859879488,0.0273266911291553,0.0269030783947956,0.01601639710773,0.02798786860694,0.0102577705424779,0.0409543288063189,0.0386088423886373,0.0191934549652817,0.0111211736661742,0.0339097548835291,0.0340926384345357,0.0367814715332825,0.0098549474621209,0.0353076484726645,0.0294262662252475,0.0081361412490699,0.024196791713546,0.030052137209326,0.0241634750560267,0.0308038318371158,0.0080302401696694,0.021318672717644,0.0481374584250794,0.015491792238529,0.0230724093375478,0.0372500425135761,0.0073851001999908,0.0242257586228486,0.0357176868984101,0.0067746256242087,0.0249972901909939,0.0268660862395675,0.029521193783341,0.0213647252512571,0.0186591738372187,0.013646506397517,0.0140658347562425,0.0251866586513666,0.0253079788467895,0.0120781756273786,0.0338681210653203,0.0179051574478642,0.0262765274760186,0.013093619045304,0.0200107984022638,0.0133451498020825,0.0345401823821017,0.0267429241743559,0.0205064982290355,0.0124896663603227,0.0160388630001641,0.0220046011430583,0.0199649345089232,0.008739261364054,0.0304193693541498,0.0409499480595684,0.0286970438417911,0.0079485840935691,0.0108550039812794,0.010109926875265,0.0131043699711337,0.021104560970682,0.0257420938404093,0.0065204050050459,0.0224852479306376,0.0315081130069972,0.0239219279107952,0.011784481346559,0.0269649823435792,0.0246765084559629,0.0259118963444427,0.0308996465203335,0.0221514430509639,0.0244710074311559,0.0238736801212136,0.021211836349064,0.019276029619815,0.0281638655953025,0.0331276086227217,0.0130441548271806,0.0174765548058207,0.014171162109983,0.0336050654328066,0.0194371438744697,0.0315939319459336,0.0111578981891586,0.0200101755349575,0.0220071318993778,0.0243411379636046,0.0252463183409753,0.027880748676706,0.031663599311004
ABM_PMT_Mode_Walk___PMTRatio,0.0216429570957071,0.0210871342407469,0.0221748936130698,0.0234565688880712,0.0224267506503872,0.0219882205140022,0.020118620427984,0.0215499024431088,0.0235672964958088,0.0216993437596324,0.0216864373195036,0.0218253834559667,0.0218039852788127,0.0223913496920718,0.0208354152843482,0.0213867737730691,0.0217560642916528,0.0226468689173206,0.022215749668249,0.0226982190723975,0.0209904889403122,0.0209651612282493,0.0217478956543691,0.0217316695846788,0.0210288419801449,0.0211738765010316,0.0201083761876268,0.0230977756133859,0.0219406713999316,0.0215706014741466,0.0219526012844101,0.0229533923122443,0.0213229352419073,0.0222001181369256,0.0214275295176388,0.0210583416221721,0.0215570071776359,0.0223378331183612,0.0215371803659861,0.022510417822068,0.0219288380718198,0.0226400044036959,0.0225323886314624,0.0206970718348932,0.0225254934429194,0.0224327426349356,0.0232211914039277,0.0223751795242867,0.0210234823612916,0.022423816632881,0.022153981753511,0.0222324157010843,0.021665843972723,0.0222803761700914,0.0216619068806176,0.0225319405571191,0.0220103417397188,0.0227476986474257,0.0231015088236813,0.0227033349740054,0.0223303139662051,0.0216253376915451,0.0218973085848493,0.0211850763974197,0.0217545261431377,0.0201732336880068,0.0211698059614251,0.0234000815305685,0.0232136102213426,0.0220355987694067,0.0207099712668402,0.0222180547496646,0.0220971495619886,0.0221796730977901,0.0200059338058765,0.0229665605714779,0.0219655363675657,0.0230593297984978,0.0227350180971059,0.0230430568303675,0.0209532242967017,0.021621955776871,0.0212211194571034,0.022465887700322,0.0218776325178099,0.0217118638382368,0.0221995705432765,0.0218836621335777,0.0233401657518406,0.0212997200037579,0.0205926466901909,0.0211450171108712,0.0209812466053521,0.0217581646310218,0.020636393530713,0.0201561729519075,0.0210992225874245,0.0213952947991672,0.0206665957636081,0.0227728713455706,0.0218540985761032,0.0208996118377842,0.0208679518605342,0.0225041951468406,0.0212805692709282,0.0200995359277625,0.0205943869913425,0.0212884686496827,0.0226599911493442,0.0225129515285528,0.0207692379393012,0.022865197340218,0.0218446811423521,0.0235199442903347,0.0216636954800265,0.0214260025192592,0.0213574958074835,0.0210397977146838,0.0198099102689125,0.0215416466829509
ABM_VMT_____VMT,24056703.868191,31459257.806433,27206641.017086,27870579.010505,26487046.972001,24222654.213401,31101102.653028,27992429.050463,26248833.04199,27663791.94246,22701333.067765,23521296.078046,28150390.327572,28166055.432338,34066541.368251,27752354.861012,27003027.955666,24757748.401198,24777973.767911,31156240.506345,25180721.426411,27354880.441166,26550448.869502,27896795.64098,27925295.868055,26074870.518436,26414123.724238,31840755.647815,28177716.09392,27094942.855434,26561461.799235,28715554.701412,25528783.90786,23850399.707952,25589572.151564,30364742.780046,27908725.532103,20720738.846771,25084440.428996,22809817.279726,20607689.581761,28273519.612238,26775106.888098,28226653.907405,26863658.920626,26586031.067163,26496335.863578,24771427.494901,26810718.810977,22929836.809037,27149315.431467,29338922.36445,28803449.73097,28681323.22347,27297086.091821,26267193.173688,21973170.227926,30075364.743396,30605452.241332,24377694.754452,28276549.907973,25950984.830486,27988435.193003,28530806.401207,26081423.315235,26145329.87761,21574974.474686,25150980.270703,27999399.663456,25089456.783637,24403378.856682,27088762.437765,25850160.179772,24788453.574389,26756612.259704,27779909.130213,25097833.132429,25114291.644937,27730841.152416,27669581.841858,27022698.514923,27218807.245656,27081450.937248,25927539.127362,25915733.448904,27060222.127999,28114922.647577,26752915.950614,25691257.067088,28094469.25771,23451644.588794,25140979.188142,26591338.324508,28803487.87826,28643195.043362,30534538.076411,27001310.070266,21697298.218952,31001345.931607,27937267.755933,27396694.028918,28247672.92838,25787398.181899,30692174.369671,27819805.452574,29972183.830142,29507827.569731,29945172.653564,25761712.969812,25798831.87389,29351542.966772,29762209.954974,24300747.271506,26800162.101047,27687837.508084,27607358.220337,25571014.976924,25822609.732777,27041660.290005,24291980.419909
ABM_CongestedVMT_____CongestedVMT,1140527.119452,3089691.24119,1726932.922889,1431378.350121,1438753.72416,1128621.348267,2033412.623563,1489268.024996,1445837.847458,1360740.501849,813586.292627,845749.840618,2079423.228323,1764260.01518,3192879.809333,1359667.125654,1422248.288601,1343176.874207,1337638.305591,1920384.512896,1279957.553245,1431235.815918,1288126.447307,1471533.55205,1615307.968373,1348434.244274,1258242.715091,2227572.891904,1913877.607484,1412801.889325,1416349.665928,1633578.170646,1184389.104142,994924.678345,1302786.467345,2054244.931417,1698034.938894,295247.775878,1010506.201661,1017259.241493,449667.491385,1565832.721689,1218287.248608,1898694.834338,1487414.68599,1514181.756964,1386951.733201,1216271.989042,1486656.654835,905536.096866,1429900.815484,1827041.588753,1989585.012765,1416600.716176,1380465.0878,1068960.389972,796181.5538,1945357.02218,1873290.91923,917026.721527,1561349.339268,1359916.35294,1601367.208561,1899076.818905,1430773.208139,1330057.915642,1093096.792581,1146456.249965,1588422.743825,1067299.870466,1401186.362179,1366567.898925,1190905.143001,1086794.476894,1471158.286439,1571667.499582,1244018.778157,984633.32872,1778901.133444,1553730.240707,1625658.073368,1486593.999615,1365066.017792,1295264.487787,1358032.606922,1403579.259908,1485446.159864,1441558.429713,1136568.747717,1669851.534444,1183961.726877,1170889.829857,1753800.375582,1478014.00947,1911548.635395,2258098.014516,1316823.399963,773280.486415,2012846.772621,1732011.458277,1327537.724325,1582301.820024,1624055.572286,1861244.51174,1589842.57698,2034846.489948,1911402.519625,1823815.065828,1134873.66731,984288.944743,1795409.949759,1698772.497456,1071486.17789,1221931.095342,1241220.806238,1436363.077072,1321063.557283,1241744.065271,1556603.944426,1047861.060064
ABM_CongestedVMTPCT_____CongestedVMTPCT,0.04740994966314,0.0982124645215946,0.0634746833247247,0.0513580413805355,0.0543191442096539,0.0465936283581425,0.0653807244793948,0.0532025292378607,0.055081985745618,0.0491885025986064,0.0358387011986649,0.0359567703162155,0.0738683621834651,0.0626378095228208,0.0937248009658142,0.0489928560103609,0.052669955789257,0.0542527879531244,0.0539849754511938,0.0616372348424038,0.050830853158262,0.0523210408101127,0.0485161834226708,0.0527491963947407,0.0578438980917235,0.0517139382656033,0.0476352245573991,0.0699597998408955,0.0679216726119603,0.0521426414096185,0.05332348334717,0.0568882679659911,0.0463942625867635,0.041715220311938,0.0509108342894031,0.0676523080171433,0.0608424392916393,0.0142489019364292,0.0402841835169231,0.0445974305281774,0.0218203738755354,0.0553815988657896,0.0455007426748892,0.0672660259542806,0.0553690281128442,0.0569540354909989,0.0523450389647087,0.0490997940789791,0.0554500856659734,0.0394916066960021,0.0526680246908434,0.0622736433893982,0.0690745390343213,0.0493910516310068,0.0505718846017644,0.040695645815815,0.0362342595784436,0.0646827408005805,0.0612077516273444,0.0376174503276003,0.0552171090302553,0.0524032656881073,0.0572153175952236,0.0665623253755863,0.0548579420243235,0.0508717205660892,0.0506650329465527,0.0455829648636178,0.0567306000456204,0.0425397759572889,0.0574177195054829,0.0504477789291636,0.0460695459803338,0.0438427703298465,0.0549829803623755,0.0565756890065806,0.049566780191458,0.0392060959807521,0.0641488342768505,0.05615300764526,0.0601589834734768,0.0546164270240848,0.0504059409872489,0.0499570931673987,0.0524018588784888,0.0518687264749289,0.0528347944785122,0.0538841609779705,0.0442395148181757,0.0594370201168951,0.0504852323850557,0.0465729604680339,0.0659538212849409,0.051313716440069,0.0667365715487106,0.0739522572394982,0.0487688707153915,0.0356394827877491,0.0649277220757319,0.0619964512424153,0.0484561284264352,0.0560152981109565,0.0629786518527479,0.0606423151817885,0.0571478682584713,0.0678911654045583,0.0647761179676171,0.0609051444427365,0.0440527254006697,0.0381524616910722,0.0611691845907907,0.0570781706071559,0.0440927254589565,0.0455941680775977,0.0448290989094255,0.0520282696232014,0.0516625389518236,0.0480874736566551,0.0575631794694701,0.0431360902631555
ABM_VMT_____VMTPerCapita,21.2112188583441,24.9302892777677,18.9394947431965,21.4128820437507,20.8335505319094,21.0487546041504,22.1460882586657,21.8630045475344,19.1485086055327,21.9428690631774,20.1060626118854,20.6418054950917,19.5033337612035,20.3916995769328,25.1058957076506,23.5619353456026,21.6029754007031,18.6969180517172,19.2917328926893,23.1218403126612,22.5379244100845,21.606716113259,20.2282044739781,20.8294785468911,21.9244784251718,19.5704980639078,22.8420991078513,22.0843984417933,19.7072598910907,23.0429741151326,20.7230364125179,20.9730723817486,22.7453653178221,21.0862086199613,20.458842302433,21.4044080695591,19.673137174836,15.8772551463391,22.0110583610947,18.862905257778,16.9275406739913,20.031045042801,22.3309004117526,21.8538013378659,19.8885761545989,19.9547787287103,19.7807067866748,19.9122748803893,19.5613292963925,19.7184674772281,22.6898898584642,21.5911847949866,19.7736529308664,21.0957696573787,21.2195353217209,22.5664916427086,19.6757860922256,22.0105142335831,21.2011514755603,21.632469480028,20.109027201683,22.5086473557775,20.3205697868021,20.3058288830024,21.1271319905767,22.2608741253575,17.7537029575161,20.6767234143487,19.49233876424,20.288079814692,17.6644585700444,19.477276506387,21.6670900983034,21.5358696458992,23.8147733124207,20.5631791535559,21.1713161533619,20.5560998416501,19.906251186167,19.8045580817403,22.4452575754923,20.2043439355036,21.5546457700064,21.1133389255703,21.7599341795557,20.5239574112411,19.7675019318116,20.5451875364697,19.8309374249047,20.3912621538501,22.1155137123487,19.9999516234348,20.1439765984892,20.941959899738,19.8215121374964,21.4191783471952,21.888611883696,18.9836765714466,21.6695191823586,21.0589827953242,23.4256884511255,21.7710139795914,19.708024460515,22.5382766450315,23.0452072364892,24.0161729408189,25.0066971100189,21.622452745024,18.3174734444956,22.1093553150469,22.6203404099592,20.8419129123248,21.2175044018472,22.2365172025361,22.3186598311613,20.969901946519,20.8359258190011,21.8082183276738,23.3555274579061,21.7771155607253
ABM_VHT_____VHT,593995.447033,843473.291671,708981.871638,653806.396946,608057.398503,561396.953298,819176.788075,627185.316838,651190.841528,621653.411812,563550.866217,592790.979163,796698.676497,748218.720883,851235.286244,612999.726518,657097.445831,647234.037751,580715.568877,692583.570252,543982.512698,672807.882912,668571.391924,741848.594293,647273.94676,645308.545823,683159.856491,748203.609938,759275.523881,617201.408334,673992.211137,694377.827185,650538.972188,513952.357425,627798.866721,778226.760664,741559.865035,418727.960292,574994.559325,519111.119392,494581.22786,629868.307033,615685.343251,757143.04418,696726.70414,662516.391587,704262.000919,590088.768856,714311.145539,549134.067202,599589.843332,749206.32642,712417.551625,696970.901509,715498.470847,581149.29413,536222.181188,829382.638921,724572.647794,563405.699508,654199.045103,592797.472687,668075.819191,775705.169034,681955.783888,561996.019124,442763.570336,624060.073831,680895.822741,596603.433827,589044.463902,704481.954296,639193.766329,619034.599544,601166.472694,659676.274594,648100.12207,622266.216613,722438.215819,691420.525413,662374.643824,716846.93652,633607.001907,598686.608796,630510.262514,705044.957195,736687.544667,713311.952778,666394.514362,635091.234365,560227.246894,661638.260053,723793.418246,697448.349491,632902.130151,827163.320906,677316.345023,435227.325049,786118.675952,635038.1545,645541.144735,674240.885401,645696.196495,725795.332005,693207.378977,677854.346408,666619.252537,769791.310308,644061.807055,636679.043766,661576.996507,784347.554792,592439.090569,689853.795837,695573.554281,659713.208176,637093.675299,645577.121503,637605.919484,590856.036871
ABM_VHT_____VHTPerCapita,0.523736231568135,0.668421146131712,0.493547087362853,0.502317488702961,0.478271305646293,0.487836989348168,0.583309268824042,0.489852288611917,0.475043344322999,0.493094346806862,0.499124389185345,0.520221166832237,0.551973880788824,0.541696419320601,0.627331788340307,0.520440877735393,0.525691414365008,0.488787654192614,0.452135826211496,0.513983922780358,0.486889813201941,0.531428713647953,0.509369874978858,0.553910190214396,0.508182393052075,0.484336427968951,0.590775045630369,0.518945807072666,0.531030975973798,0.524900759228265,0.525843240056455,0.50715497510888,0.579610318662334,0.454386792761849,0.501924687752392,0.548579755032528,0.522732896971777,0.320850077385066,0.504545390934243,0.429286378898517,0.406258247339014,0.44624512979805,0.513492182965865,0.58619961565887,0.515823334236563,0.497267454659337,0.525763268283633,0.474337208532284,0.521167509028176,0.472226746964598,0.501103887492081,0.551358091560583,0.489076743906257,0.512638049561739,0.556196548734349,0.499273013390997,0.480157975636707,0.606979783447709,0.501929340556604,0.499959357201108,0.465237323368858,0.514164273659203,0.48504609897375,0.552081711416279,0.55241501523128,0.478499322794354,0.364343091917797,0.513042330822079,0.474019164680378,0.482431253397862,0.426381592058175,0.506534392226565,0.535759501256851,0.537808798845557,0.535069355241071,0.488304024114811,0.546705865441717,0.509326189948958,0.518593594458147,0.494885612392387,0.550173384197525,0.532110827776029,0.504299954797363,0.487523062625355,0.529402798454051,0.534744785391401,0.517962387621987,0.547795532602235,0.51438619294118,0.460955917435421,0.52830893431823,0.526341201519905,0.548301762828166,0.507089121599161,0.437977580212116,0.580233394997089,0.549066491963216,0.380794635830246,0.549486263136226,0.478688814053761,0.551973377626623,0.519650159462501,0.49347345338303,0.532975467406629,0.574235061910198,0.543152521160256,0.564933006216965,0.555841718571085,0.457950333549962,0.545627928778943,0.509857246187305,0.5492637628288,0.517271295056561,0.57238257516976,0.560689130778699,0.501102683489768,0.519120440477781,0.545215489789093,0.550691873210765,0.529686751441081
ABM_CommuteTime_Mode_Auto___CommuteTime,21.0441093079259,24.3339121950253,21.5607855358407,19.745315023407,19.7324594431124,19.7669437388081,24.1042234923463,19.7252008840966,20.5727408269428,19.8216416018925,20.9640713218113,20.9815961234379,23.739237168617,22.3943300796058,22.7383496925418,19.9142908961435,20.8607729410122,21.5722181343694,20.0828196969697,19.412727066393,18.9942747422736,21.4597804233551,21.4952158392666,22.5707116119397,20.3115386460222,21.5209739805825,22.7479490646833,20.4179669077383,22.8004604550379,19.8771579700767,22.1456837201717,20.3218445957812,22.1773886074102,18.5076603706344,20.8422819513123,22.1950207402004,22.4332729702044,18.1160588139492,20.030035141295,19.4694371460811,19.8306967409594,19.4727511283616,19.9685969066667,23.392542226585,21.2789002043995,21.0312506449886,21.8053291734403,20.2303042816326,22.8388120112719,20.0275807792376,19.3956771532285,22.2718967055156,21.854942444919,21.1417644423608,22.4108972521712,19.4680886775977,20.4880564363803,23.3319951762665,20.2622399040925,19.74117878428,20.1197739892459,20.1857235629383,20.9257789620195,22.9143398802734,22.4458909355117,19.9151089693155,20.1792977901602,20.6604368810851,20.5074160401002,20.8493264657256,17.3213704220814,22.0880486629965,21.0368609612674,21.0397811949189,20.3327994696786,20.2926039444632,21.75234378886,20.8402456689934,21.9361189555217,20.7269864472236,21.5617800621345,22.3763636036587,20.6452910245153,20.0982696348458,21.060892310779,22.2067742664473,22.3228473661792,22.4629963027098,21.3506512695453,20.1785384270066,20.8150187901962,22.391309844909,23.3367585771036,21.297107606546,20.1533664619865,23.8271005745037,21.6499101371741,18.8216147422008,22.9929730833037,19.4252300843117,20.605473666465,20.8829266169927,21.712731724347,20.4668205779613,21.9594092324783,20.5780702552669,20.5884719550815,22.5848033566901,21.4724767645833,21.0333314439109,20.3477784727355,22.094743010167,20.8745102242924,21.4726991844417,22.1720165315197,21.129840374089,21.5182953546951,21.6285586891758,21.27498511058,21.0527005338616
ABM_CommuteTime_Mode_Bike___CommuteTime,26.2529183400268,26.2082939189189,26.6300494559842,26.0488783943329,25.7425102319236,26.2789168765743,26.6137783711615,27.0337315270936,26.3391648106904,26.4892542787286,26.8043906810036,26.1000615384615,26.5442804428044,26.0589056603774,26.6785254027261,26.4240357598978,26.0502142857143,26.7476037483266,25.7020022497188,27.2788677248677,26.3917087155963,25.7651312335958,26.1219436997319,26.0936201780415,26.3182329842932,26.165,26.7946949152542,25.8256902356902,26.062073897497,26.7327157652474,26.7424300441826,26.4040914158305,26.5063723916533,26.6286868686869,26.319485380117,26.8336877828054,25.8413861386139,26.6997785547786,25.437299382716,26.0161014994233,27.1380694980695,26.4074137931034,27.0393727382388,26.9416629213483,26.2743296432964,25.8513885647608,26.5639141742523,26.0190343074968,26.8185576923077,25.5377227722772,26.2312121212121,27.1170556309362,26.1803311258278,26.9827490039841,26.1992735703246,25.8557775119617,26.3199471830986,25.7762590975255,26.8141543700341,26.5924099378882,25.9772923777019,26.6223040935673,26.4789285714286,26.7991891891892,26.7206948640483,26.5616359163592,26.4552467105263,26.3658333333333,25.7875836820084,26.9549668874172,26.3012272727273,26.7232544378698,26.629071680376,26.8310964332893,25.7379,26.5331721034871,26.0893498049415,26.5818785310734,26.8919529411765,26.1645436105477,26.3066888150609,26.4610705289673,25.743499344692,26.2824023154848,26.3960885608856,26.6094206549118,27.4024210526316,26.7172946175637,26.8764782608696,26.4165334665335,26.44343550447,26.9257414448669,26.7212774725275,25.8321717171717,25.9601096224117,26.4981084840056,25.81525606469,26.910184729064,26.5742148760331,26.1969374313941,26.1699879951981,25.7006758080313,26.8445400943396,26.3384637134779,26.6819703103914,26.9367701149425,26.2683171521036,26.4805157232704,26.4297461928934,26.7745872801083,27.0855384615385,25.9672573363431,26.2293892045455,26.0035107913669,26.7041848739496,25.2182930107527,27.040443285528,26.7079555555556,26.9092875,25.6998682284041
ABM_CommuteTime_Mode_Taxi___CommuteTime,3.4565,2.99633333333333,5.3839175257732,5.55916666666667,4.08591836734694,5.04838709677419,4.33756097560976,4.75379310344828,4.11090909090909,4.77689655172414,3.4109375,4.23520833333333,3.02208333333333,4.28897435897436,5.328125,3.95285714285714,3.5727868852459,5.1346,3.75983050847458,4.42142857142857,3.59894736842105,3.38357142857143,4.20279411764706,2.80230769230769,4.14442307692308,4.08810810810811,5.04390243902439,4.63702702702703,3.63921052631579,5.83423728813559,5.74232558139535,6.15634920634921,4.87210526315789,3.32357142857143,4.86229508196721,6.52125,3.85464285714286,4.33227272727273,4.71558139534884,2.81444444444444,4.17914893617021,4.94275862068965,4.157,3.40722222222222,4.76177215189873,5.39525,6.3868,4.47705882352941,5.1077358490566,2.75551724137931,3.72838709677419,5.60486486486487,3.862,3.7,3.14709677419355,3.83,4.31657894736842,4.98603448275862,6.74340659340659,4.53882352941176,5.48507936507936,2.64785714285714,3.33702702702703,3.52714285714286,2.69928571428571,5.5859756097561,2.96166666666667,3.96153846153846,3.28793103448276,4.205,2.75421052631579,5.43039215686275,4.2804,3.86654545454545,4.5928,3.80358974358974,3.69392857142857,5.01839285714286,4.06321428571429,5.03945205479452,3.34,4.5204,3.63535714285714,4.1758,5.08486842105263,2.9990625,4.87673469387755,3.36677419354839,4.54375,5.02981818181818,5.05785714285714,3.56684210526316,2.88882352941176,4.38296875,5.82336734693878,5.98688311688312,2.98904761904762,5.335,5.87325,4.94148936170213,4.47,5.67515625,3.03485714285714,4.61195652173913,4.30923076923077,3.3875,6.38209302325581,3.75025641025641,4.375625,3.31478260869565,5.46022727272727,4.13647058823529,3.17241379310345,4.41317073170732,2.76571428571429,4.20926829268293,2.10473684210526,3.60777777777778,3.426,4.52972222222222
ABM_CommuteTime_Mode_Transit___CommuteTime,59.5658718074656,66.8582834777747,59.8400543573558,63.1987679242656,58.4597893203884,58.8781006685018,64.0538811019816,61.0742904608789,64.19473463218,59.0100369040495,67.9747807228916,69.2138446918273,71.059873331051,63.6770115792067,62.2659100642398,61.3153919555502,66.5143711736925,63.8052226524685,64.3364219216582,61.8824299065421,52.3799798919191,66.8973815140468,62.5894627192982,70.5330333119795,64.8763594681339,65.6900442834139,70.6804398073836,57.6241665455602,63.4249213397615,64.9790351979887,66.9938362487852,63.5419691224269,69.557897029703,61.0108174547165,60.6721832884097,60.8689081885856,61.8067578867351,60.2491405561847,62.848473656341,53.1042511013216,61.1274457504521,62.36435328818,57.2238045345242,64.8953837953092,65.6853217391304,56.200268307145,65.6340589535741,62.8437091009073,71.3017244190787,65.9131134020619,57.2469916892153,60.0372508305648,60.3861581685744,58.6870913227169,63.1469982847341,64.5462025554303,60.7137469287469,64.9836781609195,57.9364264010804,57.4971863940228,63.0140914359305,60.0592284661446,59.3625366084081,69.9687888052681,61.7501388888889,65.0340369127517,63.6366253472964,62.3291152922338,62.1346559556787,66.6273254835997,52.1629182600382,68.3435460992908,66.7563307086614,61.5600982532751,63.0156169950739,64.075169122807,67.5283276963548,68.1428511462706,60.1386594963274,65.2080734237829,60.5396533567354,64.1193682664055,63.4244244887257,58.5637486527269,64.4403716458602,64.877495908347,69.4289354941214,63.8802756067462,62.4627107826671,59.673115942029,58.2673733733734,72.7752900843882,67.1117090741876,62.0277484939759,63.5501657458564,68.717736,64.1619044272663,58.3131984929605,64.7919268197742,57.1369077306733,66.2302667682927,65.1947048929664,58.3621813816032,60.4074604414925,66.5402660663119,58.0256283898962,57.3511173913043,62.296025515211,66.414253468627,68.6325742857143,62.9677111426544,67.3584382608696,62.2246222704462,69.4795471828552,67.0641096963761,64.5104964795089,58.5785203221577,65.6706038798498,65.0430884237505,62.3520666204025
ABM_CommuteTime_Mode_Walk___CommuteTime,21.4553584558824,20.9376714648603,21.4661565585331,22.6156276747504,22.0292567049808,21.559372419488,20.2376142975894,21.824959742351,21.7074366845741,20.6322985781991,21.2620077220077,20.2860340196956,19.6277528089888,21.2507859922179,22.584212098581,21.6678969957082,22.7360526315789,21.7155975924334,21.9502906520031,22.2677947295423,22.86850042123,20.5424121779859,21.069033649698,18.95404784689,23.0945238095238,21.0421521175454,19.5080894308943,22.6128764204545,21.4207475209764,22.3482300884956,20.4690543933054,22.0522445935869,20.5507407407407,20.9117491749175,20.9309984399376,22.1022432629279,21.626047098402,22.3382576321668,21.5811141304348,21.7903662182362,20.4077655986509,22.1277347670251,22.2128815004263,21.0811355932203,20.7486739130435,21.6333800623053,21.4942443729904,21.1622380952381,20.3923681936041,21.1247700631199,21.3141801948052,21.2071325301205,21.9455124892334,21.6179230769231,19.7245381882771,21.7408199356913,21.3384236947791,20.0797739130435,22.8278545454545,21.1065721434529,21.7816929133858,23.4399240506329,20.7897806354009,20.8906692307692,19.7042778288868,22.5348387096774,23.3094152046784,21.6810765349033,21.6961577060932,22.4120815899582,21.224160887656,21.6929226361032,21.8049639133921,19.6801452784504,21.9243718166384,21.9553102961918,21.2098739873987,20.3528783902012,21.6784830997527,23.1500147275405,22.0048859166011,20.3924442538593,21.0788944305902,21.3852680851064,20.9308058925477,20.2694711147274,20.3715662650602,22.2523499142367,19.3509665427509,22.3445899379738,22.1519477911647,19.7478527607362,19.5886180904523,21.5797740585774,21.8195911295911,20.9823938223938,19.9548030821918,22.7050041017227,21.568028592927,23.3102582496413,22.7228301886792,21.4008819345661,20.74495,22.8953409815169,20.8676480541455,23.0596752265861,21.7827977161501,21.8303440187647,21.2662928870293,19.9030167597765,21.5652760736196,20.3832044198895,20.73968,20.5386008230453,18.8962924528302,21.5658319467554,20.3540538336052,20.6834001823154,21.3380936729663,21.282759295499
ABM_AverageTransitTravelTime_____AverageTransitTravelTime,44.9280468396196,50.341537461099,43.3664705613666,48.85649346768,42.8039268285101,45.4348650896803,50.0778875745839,46.1472818048598,49.1833365834633,43.7221156654659,52.1724564516129,53.0389642623869,54.7841564299424,46.3405350044617,46.2412352612544,46.1966659064994,52.2233490617204,49.5902563335328,51.3733433208489,47.0425898833759,38.8431443786568,52.5289078761403,48.6307547169811,53.1544019417476,50.9801692582909,51.2189338126952,54.5370159404888,42.3085021460802,46.6168151548993,51.7417086723556,52.5202279613331,48.2484342110737,55.4779576152771,46.778117523136,45.8161368796627,45.337545115435,47.416718687475,46.9158269522292,47.8268773313896,39.3970080660289,47.214165415147,46.4441078770476,43.0343492402769,51.1965451055662,49.7315584538323,41.3073113073198,48.3582901991953,47.9595498503838,55.5711022727273,51.8374289121838,42.1983050742765,46.2432308304063,44.9945761192357,43.2599249859787,45.9421574629607,51.6955295906301,44.8332157156056,47.1530363036304,43.6570010900553,43.6547022860181,48.0333299567538,48.1292113336943,46.7412385188608,52.9249561217268,44.1622812401637,51.9280157425397,50.0834487448992,50.3324976401737,45.8143542060657,52.1707546391753,39.0472064443612,51.5659712621359,52.2378589962661,47.433990450831,48.3734938151831,49.482872381775,50.8847271896619,54.0828023068923,45.4038669220314,50.6147177775596,47.2140560178132,48.0463149671909,48.3435886476321,43.4375452813853,49.1396237921006,49.0887719712162,54.0273489694385,45.0892877385226,42.732485670461,47.9635308421418,44.323342570526,55.1952153040442,48.8752317809977,46.5036331276697,50.6053879402576,54.4507392661983,48.520146017483,46.6094018671871,48.2824837621257,42.9558283778698,53.0055466855893,51.4456102564103,43.681368482264,47.3999612460142,52.1450290497907,44.6304113589234,43.2915724707391,47.8065668132868,50.3840384854128,54.1049565689468,48.807628575776,51.1312408963585,47.0908144098682,55.5174455360957,50.3196972429786,50.0856338699428,43.1926199611079,49.6645728247163,50.2978064426161,47.0893227452664
ABM_HighwayLaneMiles_LINKCLASS_freeway___HighwayLaneMiles,520.417149,608.017799,608.017799,608.017799,520.417149,608.017799,608.017799,612.284471,520.417149,612.284471,608.017799,612.284471,520.417149,520.417149,612.284471,612.284471,612.284471,520.417149,520.417149,612.284471,608.017799,612.284471,608.017799,612.284471,612.284471,612.284471,612.284471,520.417149,520.417149,612.284471,520.417149,608.017799,520.417149,612.284471,608.017799,608.017799,608.017799,608.017799,612.284471,520.417149,520.417149,608.017799,608.017799,520.417149,612.284471,520.417149,608.017799,520.417149,612.284471,608.017799,520.417149,520.417149,608.017799,612.284471,608.017799,612.284471,612.284471,520.417149,608.017799,608.017799,612.284471,520.417149,608.017799,608.017799,520.417149,612.284471,612.284471,520.417149,608.017799,608.017799,520.417149,612.284471,612.284471,520.417149,612.284471,612.284471,520.417149,608.017799,520.417149,612.284471,520.417149,608.017799,612.284471,520.417149,520.417149,608.017799,612.284471,608.017799,608.017799,608.017799,501.225863,612.284471,520.417149,612.284471,608.017799,608.017799,608.017799,520.417149,608.017799,520.417149,608.017799,612.284471,520.417149,608.017799,520.417149,608.017799,520.417149,608.017799,612.284471,608.017799,612.284471,612.284471,520.417149,520.417149,612.284471,612.284471,520.417149,612.284471,612.284471,520.417149
ABM_HighwayLaneMiles_LINKCLASS_parkway___HighwayLaneMiles,35.846954,43.900421,43.900421,43.900421,35.846954,43.900421,43.900421,43.900421,35.846954,43.900421,43.900421,43.900421,35.846954,35.846954,43.900421,43.900421,43.900421,35.846954,35.846954,43.900421,43.900421,43.900421,43.900421,43.900421,43.900421,43.900421,43.900421,35.846954,35.846954,43.900421,35.846954,43.900421,35.846954,43.900421,43.900421,43.900421,43.900421,43.900421,43.900421,35.846954,35.846954,43.900421,43.900421,35.846954,43.900421,35.846954,43.900421,35.846954,43.900421,43.900421,35.846954,35.846954,43.900421,43.900421,43.900421,43.900421,43.900421,35.846954,43.900421,43.900421,43.900421,35.846954,43.900421,43.900421,35.846954,43.900421,43.900421,35.846954,43.900421,43.900421,35.846954,43.900421,43.900421,35.846954,43.900421,43.900421,35.846954,43.900421,35.846954,43.900421,35.846954,43.900421,43.900421,35.846954,35.846954,43.900421,43.900421,43.900421,43.900421,43.900421,35.846954,43.900421,35.846954,43.900421,43.900421,43.900421,43.900421,35.846954,43.900421,35.846954,43.900421,43.900421,35.846954,43.900421,35.846954,43.900421,35.846954,43.900421,43.900421,43.900421,43.900421,43.900421,35.846954,35.846954,43.900421,43.900421,35.846954,43.900421,43.900421,35.846954
ABM_HighwayLaneMiles_LINKCLASS_major_arterial___HighwayLaneMiles,1716.47024,1808.476947,1808.476947,1808.476947,1716.47024,1808.476947,1808.476947,1824.467818,1716.47024,1824.467818,1808.476947,1824.467818,1716.47024,1716.47024,1824.467818,1824.467818,1824.467818,1716.47024,1716.47024,1824.467818,1808.476947,1824.467818,1808.476947,1824.467818,1824.467818,1824.467818,1824.467818,1716.47024,1716.47024,1824.467818,1716.47024,1808.476947,1716.47024,1824.467818,1808.476947,1808.476947,1808.476947,1808.476947,1824.467818,1716.47024,1716.47024,1808.476947,1808.476947,1716.47024,1824.467818,1716.47024,1808.476947,1716.47024,1824.467818,1808.476947,1716.47024,1716.47024,1808.476947,1824.467818,1808.476947,1824.467818,1824.467818,1716.47024,1808.476947,1808.476947,1824.467818,1716.47024,1808.476947,1808.476947,1716.47024,1824.467818,1824.467818,1716.47024,1808.476947,1808.476947,1716.47024,1824.467818,1824.467818,1716.47024,1824.467818,1824.467818,1716.47024,1808.476947,1716.47024,1824.467818,1716.47024,1808.476947,1824.467818,1716.47024,1716.47024,1808.476947,1824.467818,1808.476947,1808.476947,1808.476947,1684.595949,1824.467818,1716.47024,1824.467818,1808.476947,1808.476947,1808.476947,1716.47024,1808.476947,1716.47024,1808.476947,1824.467818,1716.47024,1808.476947,1716.47024,1808.476947,1716.47024,1808.476947,1824.467818,1808.476947,1824.467818,1824.467818,1716.47024,1716.47024,1824.467818,1824.467818,1716.47024,1824.467818,1824.467818,1716.47024
ABM_HighwayLaneMiles_LINKCLASS_minor_arterial___HighwayLaneMiles,2201.072256,2204.904036,2204.904036,2204.904036,2201.072256,2204.904036,2204.904036,2215.157417,2201.072256,2215.157417,2204.904036,2215.157417,2201.072256,2201.072256,2215.157417,2215.157417,2215.157417,2201.072256,2201.072256,2215.157417,2204.904036,2215.157417,2204.904036,2215.157417,2215.157417,2215.157417,2215.157417,2201.072256,2201.072256,2215.157417,2201.072256,2204.904036,2201.072256,2215.157417,2204.904036,2204.904036,2204.904036,2204.904036,2215.157417,2201.072256,2201.072256,2204.904036,2204.904036,2201.072256,2215.157417,2201.072256,2204.904036,2201.072256,2215.157417,2204.904036,2201.072256,2201.072256,2204.904036,2215.157417,2204.904036,2215.157417,2215.157417,2201.072256,2204.904036,2204.904036,2215.157417,2201.072256,2204.904036,2204.904036,2201.072256,2215.157417,2215.157417,2201.072256,2204.904036,2204.904036,2201.072256,2215.157417,2215.157417,2201.072256,2215.157417,2215.157417,2201.072256,2204.904036,2201.072256,2215.157417,2201.072256,2204.904036,2215.157417,2201.072256,2201.072256,2204.904036,2215.157417,2204.904036,2204.904036,2204.904036,2126.560912,2215.157417,2201.072256,2215.157417,2204.904036,2204.904036,2204.904036,2201.072256,2204.904036,2201.072256,2204.904036,2215.157417,2201.072256,2204.904036,2201.072256,2204.904036,2201.072256,2204.904036,2215.157417,2204.904036,2215.157417,2215.157417,2201.072256,2201.072256,2215.157417,2215.157417,2201.072256,2215.157417,2215.157417,2201.072256
ABM_HighwayLaneMiles_LINKCLASS_collector___HighwayLaneMiles,270.7204,280.389408,280.389408,280.389408,270.7204,280.389408,280.389408,280.388718,270.7204,280.388718,280.389408,280.388718,270.7204,270.7204,280.388718,280.388718,280.388718,270.7204,270.7204,280.388718,280.389408,280.388718,280.389408,280.388718,280.388718,280.388718,280.388718,270.7204,270.7204,280.388718,270.7204,280.389408,270.7204,280.388718,280.389408,280.389408,280.389408,280.389408,280.388718,270.7204,270.7204,280.389408,280.389408,270.7204,280.388718,270.7204,280.389408,270.7204,280.388718,280.389408,270.7204,270.7204,280.389408,280.388718,280.389408,280.388718,280.388718,270.7204,280.389408,280.389408,280.388718,270.7204,280.389408,280.389408,270.7204,280.388718,280.388718,270.7204,280.389408,280.389408,270.7204,280.388718,280.388718,270.7204,280.388718,280.388718,270.7204,280.389408,270.7204,280.388718,270.7204,280.389408,280.388718,270.7204,270.7204,280.389408,280.388718,280.389408,280.389408,280.389408,236.195073,280.388718,270.7204,280.388718,280.389408,280.389408,280.389408,270.7204,280.389408,270.7204,280.389408,280.388718,270.7204,280.389408,270.7204,280.389408,270.7204,280.389408,280.388718,280.389408,280.388718,280.388718,270.7204,270.7204,280.388718,280.388718,270.7204,280.388718,280.388718,270.7204
ABM_HighwayLaneMiles_LINKCLASS_ramp___HighwayLaneMiles,85.659188,103.940014,103.940014,103.940014,85.659188,103.940014,103.940014,103.731637,85.659188,103.731637,103.940014,103.731637,85.659188,85.659188,103.731637,103.731637,103.731637,85.659188,85.659188,103.731637,103.940014,103.731637,103.940014,103.731637,103.731637,103.731637,103.731637,85.659188,85.659188,103.731637,85.659188,103.940014,85.659188,103.731637,103.940014,103.940014,103.940014,103.940014,103.731637,85.659188,85.659188,103.940014,103.940014,85.659188,103.731637,85.659188,103.940014,85.659188,103.731637,103.940014,85.659188,85.659188,103.940014,103.731637,103.940014,103.731637,103.731637,85.659188,103.940014,103.940014,103.731637,85.659188,103.940014,103.940014,85.659188,103.731637,103.731637,85.659188,103.940014,103.940014,85.659188,103.731637,103.731637,85.659188,103.731637,103.731637,85.659188,103.940014,85.659188,103.731637,85.659188,103.940014,103.731637,85.659188,85.659188,103.940014,103.731637,103.940014,103.940014,103.940014,86.362209,103.731637,85.659188,103.731637,103.940014,103.940014,103.940014,85.659188,103.940014,85.659188,103.940014,103.731637,85.659188,103.940014,85.659188,103.940014,85.659188,103.940014,103.731637,103.940014,103.731637,103.731637,85.659188,85.659188,103.731637,103.731637,85.659188,103.731637,103.731637,85.659188
ABM_HighwayLaneMiles_LINKCLASS_frontage_road___HighwayLaneMiles,172.542579,172.542579,172.542579,172.542579,172.542579,172.542579,172.542579,172.542579,172.542579,172.542579,172.542579,172.542579,172.542579,172.542579,172.542579,172.542579,172.542579,172.542579,172.542579,172.542579,172.542579,172.542579,172.542579,172.542579,172.542579,172.542579,172.542579,172.542579,172.542579,172.542579,172.542579,172.542579,172.542579,172.542579,172.542579,172.542579,172.542579,172.542579,172.542579,172.542579,172.542579,172.542579,172.542579,172.542579,172.542579,172.542579,172.542579,172.542579,172.542579,172.542579,172.542579,172.542579,172.542579,172.542579,172.542579,172.542579,172.542579,172.542579,172.542579,172.542579,172.542579,172.542579,172.542579,172.542579,172.542579,172.542579,172.542579,172.542579,172.542579,172.542579,172.542579,172.542579,172.542579,172.542579,172.542579,172.542579,172.542579,172.542579,172.542579,172.542579,172.542579,172.542579,172.542579,172.542579,172.542579,172.542579,172.542579,172.542579,172.542579,172.542579,170.104268,172.542579,172.542579,172.542579,172.542579,172.542579,172.542579,172.542579,172.542579,172.542579,172.542579,172.542579,172.542579,172.542579,172.542579,172.542579,172.542579,172.542579,172.542579,172.542579,172.542579,172.542579,172.542579,172.542579,172.542579,172.542579,172.542579,172.542579,172.542579,172.542579
ABM_TransitMilesPerFrequency_Mode_Rural_TimePeriod_PK_TransitMilesPerFrequency,170.586628,206.018311,237.308727,131.956422,284.769612,141.359242,96.585171,187.428549,123.639468,267.106948,134.776865,134.162381,103.674198,279.362594,313.601586,182.394311,98.690717,98.800873,91.149798,146.03614,316.411636,100.032687,107.65713,129.441124,97.761735,110.348558,111.816145,194.446211,252.224514,101.938622,111.112121,141.133248,92.729601,173.265645,272.713422,150.134092,117.783651,144.246481,175.504665,321.597741,115.623549,164.90328,209.43973,93.565002,162.020634,295.246086,257.748457,164.545349,89.305864,102.411655,302.323904,137.07854,220.973333,350.312882,142.730552,95.799074,330.014379,121.012447,156.940171,199.725897,137.828019,105.407259,119.944085,114.350837,212.976067,88.63338,104.59579,89.532028,217.435582,97.116443,249.727241,124.952366,113.541925,133.049857,147.870764,122.26987,184.683221,91.861443,153.394578,117.00311,130.108445,126.837423,166.250181,272.885873,153.795435,119.054412,100.488158,189.033932,245.560073,101.237209,176.462812,90.681917,261.566162,225.488752,93.170286,90.357059,217.168134,104.843919,192.959227,168.63148,94.567591,112.960776,196.830724,109.188431,106.745562,161.387288,202.241878,125.753342,139.131358,108.384096,151.681867,156.661662,235.096085,95.12778,179.064597,116.616706,239.887445,177.444917,127.386503,230.793673
ABM_TransitMilesPerFrequency_Mode_Regular_TimePeriod_PK_TransitMilesPerFrequency,1634.125598,1995.591988,2298.685933,1278.193075,2727.935475,1369.273286,935.570204,1795.460828,1184.397755,2558.7354,1305.513232,1285.200684,993.141512,2676.139231,3004.128063,1747.23564,945.401956,946.457747,873.164685,1398.944665,3064.914577,958.25728,1042.818496,1239.97368,936.502824,1057.077562,1071.136225,1862.687218,2416.17142,976.515069,1064.392696,1367.0842,888.298316,1659.788125,2803.64317,1454.270692,1140.908828,1397.240469,1681.23668,3080.728587,1107.609688,1577.69588,2028.733492,896.301004,1527.844715,2828.294305,2496.67494,1576.25349,855.500303,992.008314,2896.095881,1313.136642,2140.453484,3355.801785,1382.556454,917.701628,3161.353457,1159.232347,1520.19763,1934.640649,1320.315456,1009.74328,1161.835825,1107.656952,2040.192997,849.058283,1001.969253,857.66734,2106.18514,940.716355,2392.248931,1196.973885,1087.668231,1274.54408,1416.519346,1171.277077,1769.163174,889.813909,1469.435269,1120.824453,1246.366982,1228.607998,1592.583898,2614.095818,1473.275256,1153.218027,962.620432,1831.073163,2378.612425,980.632072,1730.78597,868.682126,2505.659251,2160.056321,902.491997,875.241727,2103.594507,1004.34679,1869.095447,1615.396365,916.02696,1082.101151,1885.529537,1057.651412,1022.563479,1563.274528,1937.3654,1218.107075,1332.800709,1049.860242,1453.027577,1500.731233,2252.090538,911.271549,1715.338843,1117.122919,2297.989123,1699.823216,1220.291558,2210.875809
ABM_TransitMilesPerFrequency_Mode_Express_TimePeriod_PK_TransitMilesPerFrequency,322.714697,389.786831,448.988325,249.66167,538.725341,267.451813,182.739231,354.614983,233.900358,505.366587,254.99795,253.835345,196.130189,528.496379,593.334483,345.0902,186.722926,186.910863,172.436609,276.300508,598.6511,189.261934,203.687387,244.902723,184.96529,208.779571,211.556247,367.852105,477.15673,192.867964,210.201203,267.024232,175.425269,327.818758,547.618547,284.053838,222.846774,272.914472,332.054984,608.39656,218.735895,308.161729,396.260159,177.005676,301.759091,558.544668,487.660312,311.285845,168.966775,193.762943,571.934437,259.32431,418.081745,662.792289,270.046333,181.251934,624.387503,228.930577,296.930946,377.881577,260.770737,199.408783,226.934317,216.351887,402.906769,167.694435,197.895328,169.376121,411.388318,183.744397,472.432406,236.409989,214.821424,251.702872,279.77162,231.334705,349.382543,173.801932,290.190887,221.369989,246.138328,239.976519,314.545493,516.243758,290.949226,225.251055,190.123685,357.65237,464.59988,191.540891,386.464349,171.570269,494.829202,426.624922,176.278266,170.955637,410.882305,198.343059,365.079032,319.015961,178.921968,213.72189,372.363112,206.58461,201.940575,305.344894,382.599898,237.925437,263.236654,205.062808,286.982228,296.404005,444.753277,179.962129,338.790379,220.638913,453.817543,335.725944,241.015378,436.614002
ABM_TransitMilesPerFrequency_Mode_CatTran_TimePeriod_PK_TransitMilesPerFrequency,56.40178,68.116608,78.462275,43.629247,94.154585,46.738137,31.934318,61.970205,40.879442,88.314573,44.561781,44.358612,34.27824,92.36684,103.68727,60.305716,32.630482,32.666952,30.137245,48.284477,104.616367,33.074183,35.595081,42.797605,32.323329,36.484958,36.970192,64.290576,83.394061,33.704349,36.737472,46.663415,30.659581,57.287471,95.69825,49.639399,38.943251,47.692756,58.027766,106.331226,38.229105,53.852336,69.247844,30.935794,52.733453,97.618466,85.22034,54.404327,29.527533,33.86075,99.958635,45.322859,73.061243,115.825263,47.191538,31.674407,109.113893,40.010859,51.889718,66.036123,45.570595,34.851249,39.657563,37.808247,70.417181,29.305187,34.582899,29.602354,71.891543,32.109974,82.568377,41.31347,37.540793,43.990839,48.891066,40.426546,61.062597,30.372494,50.7175,38.685177,43.018307,41.936733,54.967922,90.225414,50.850037,39.363407,33.224777,62.500999,81.190449,33.472439,59.416707,29.982503,86.48273,74.554193,30.805242,29.875094,71.803115,34.66499,63.798834,55.755342,31.267238,37.348645,65.078977,36.101381,35.293738,53.360085,66.86809,41.5783,46.001523,35.835441,50.151145,51.797633,77.730816,31.452502,59.2048,38.557419,79.315004,58.669279,42.118278,76.308291
ABM_TransitMilesPerFrequency_Mode_BRT_TimePeriod_PK_TransitMilesPerFrequency,0.0,130.443628,0.0,83.550216,180.306757,0.0,0.0,118.673237,78.284446,169.122828,85.336022,84.946952,65.643094,176.883211,198.561615,115.485732,62.487529,0.0,57.713056,92.465003,0.0,63.337218,0.0,81.957617,61.899329,69.868868,70.798093,0.0,159.70027,64.543989,70.352542,89.360663,58.713335,109.705779,183.262605,0.0,0.0,91.331854,111.123448,0.0,0.0,103.127481,0.0,0.0,100.984814,0.0,163.197356,104.184706,56.545366,64.843497,191.421557,0.0,0.0,221.805931,0.0,60.656641,208.953624,0.0,0.0,0.0,87.267907,0.0,0.0,72.402972,0.0,56.119573,66.226415,0.0,137.672647,61.490753,158.119079,79.115491,71.890797,0.0,93.626624,77.417028,116.935344,58.16347,0.0,74.082299,0.0,0.0,105.263831,172.782363,97.378213,0.0,63.625606,0.0,0.0,0.0,0.0,57.416635,165.615095,142.771634,58.992184,57.210946,137.503308,0.0,122.17507,0.0,59.876909,71.522834,0.0,0.0,67.587781,0.0,0.0,0.0,88.093136,68.625039,96.039681,99.192714,148.855112,60.231783,113.377474,73.837641,0.0,112.351949,80.656702,146.130966
ABM_TransitMilesPerFrequency_Mode_Rural_TimePeriod_OP_TransitMilesPerFrequency,169.956406,205.257192,236.432008,131.468919,283.717549,140.837001,96.228344,186.736108,123.182689,266.120142,134.278942,133.666728,103.291181,278.330507,312.443008,181.720469,98.326112,98.435859,90.813051,145.49662,315.242677,99.663124,107.259399,128.962913,97.400561,109.940884,111.403049,193.727842,251.292687,101.562017,110.701624,140.611841,92.387017,172.625529,271.644112,149.579433,117.348508,143.713573,174.856276,320.409619,115.196385,162.274367,208.665971,93.219333,161.431402,294.155319,256.796224,163.937447,88.97593,102.033303,301.206987,136.572112,175.905414,349.018678,142.203245,95.445151,328.795166,120.565374,156.360368,198.988025,137.318824,105.017839,119.50096,113.928377,212.189241,88.305931,104.209368,89.201258,216.632283,96.757653,248.80464,124.490739,113.122453,132.558312,147.324467,121.818154,184.000921,91.522067,152.827872,116.570851,129.627768,126.368832,165.635983,271.877713,153.227248,118.614574,100.116912,188.335561,244.65287,100.863196,175.986363,90.3469,260.599823,224.655701,92.826076,90.023241,216.365822,104.45658,192.246354,168.008482,94.218218,112.543451,196.103546,108.785042,106.351197,160.791055,201.494709,125.288756,138.617347,107.983679,151.121489,156.082887,234.227537,94.776337,178.403056,116.185874,239.001196,176.78936,126.915883,229.94102
ABM_TransitMilesPerFrequency_Mode_Regular_TimePeriod_OP_TransitMilesPerFrequency,1307.652711,1600.600981,1843.703012,1025.198087,2182.936381,1098.250633,750.39116,1450.231388,947.773499,2066.744278,1047.110718,1038.083562,794.727279,2141.488222,2426.497278,1411.278892,763.620999,757.370205,698.719957,1129.956963,2458.270682,774.004514,836.41161,1001.552762,756.432983,853.82373,865.179207,1490.551273,1933.457938,788.751713,851.743579,1096.494829,710.830119,1340.645689,2248.713165,1166.424346,915.086745,1120.682215,1357.970137,2465.246897,886.326488,1265.41977,1627.182718,717.233994,1234.072229,2263.245061,2002.503694,1261.342541,691.005543,795.658371,2317.500936,1050.79235,1371.715041,2710.551504,1108.904633,741.246863,2553.491528,927.635748,1219.302258,1551.713847,1066.446501,808.012272,931.871631,888.416477,1632.594157,685.802193,809.311592,686.318741,1689.304237,754.518724,1914.31479,966.820925,878.532455,1019.90999,1144.152402,946.065075,1415.711879,713.691488,1175.864949,905.313431,997.362238,985.427472,1286.363435,2091.840118,1178.937767,924.959569,777.528724,1468.645654,1907.809514,786.533854,1393.234045,701.652783,2005.067491,1744.72282,723.86018,702.003603,1687.226372,803.693917,1499.142121,1292.665288,734.716144,874.035808,1508.830052,848.308621,818.271195,1253.852871,1550.309916,977.005015,1076.531101,842.059571,1173.640866,1212.17211,1802.157865,729.213662,1385.51518,902.323625,1838.886625,1372.982882,985.655099,1769.177198
ABM_TransitMilesPerFrequency_Mode_Express_TimePeriod_OP_TransitMilesPerFrequency,0.0,0.0,0.0,0.0,0.0,0.0,0.0,0.0,0.0,0.0,0.0,0.0,0.0,0.0,0.0,0.0,0.0,0.0,0.0,0.0,0.0,0.0,0.0,0.0,0.0,0.0,0.0,0.0,0.0,0.0,0.0,0.0,0.0,0.0,0.0,0.0,0.0,0.0,0.0,0.0,0.0,0.0,0.0,0.0,0.0,0.0,0.0,0.0,0.0,0.0,0.0,0.0,0.0,0.0,0.0,0.0,0.0,0.0,0.0,0.0,0.0,0.0,0.0,0.0,0.0,0.0,0.0,0.0,0.0,0.0,0.0,0.0,0.0,0.0,0.0,0.0,0.0,0.0,0.0,0.0,0.0,0.0,0.0,0.0,0.0,0.0,0.0,0.0,0.0,0.0,0.0,0.0,0.0,0.0,0.0,0.0,0.0,0.0,0.0,0.0,0.0,0.0,0.0,0.0,0.0,0.0,0.0,0.0,0.0,0.0,0.0,0.0,0.0,0.0,0.0,0.0,0.0,0.0,0.0,0.0
ABM_TransitMilesPerFrequency_Mode_CatTran_TimePeriod_OP_TransitMilesPerFrequency,56.673749,68.116608,78.462275,43.629247,94.608596,46.738137,31.934318,61.970205,41.076561,88.314573,44.561781,44.358612,34.443529,92.812231,103.68727,60.305716,32.630482,32.824471,30.282566,48.284477,104.616367,33.074183,35.595081,42.797605,32.323329,36.484958,36.970192,64.600583,83.796185,33.704349,36.914619,46.663415,30.807421,57.287471,95.69825,49.639399,38.943251,47.692756,58.027766,106.843952,38.413445,53.852336,69.247844,31.084965,52.733453,98.08918,85.22034,54.666663,29.527533,33.86075,100.440633,45.541405,58.375933,115.825263,47.191538,31.674407,109.113893,40.20379,51.889718,66.036123,45.570595,35.019301,39.657563,37.808247,70.756731,29.305187,34.582899,29.745096,71.891543,32.109974,82.96652,41.31347,37.540793,44.202961,48.891066,40.426546,61.35704,30.372494,50.962059,38.685177,43.22574,41.936733,54.967922,90.660479,51.095235,39.363407,33.224777,62.500999,81.190449,33.472439,59.698194,29.982503,86.899748,74.554193,30.805242,29.875094,71.803115,34.832144,63.798834,56.024193,31.267238,37.348645,65.392787,36.101381,35.463924,53.360085,67.190527,41.5783,46.001523,35.835441,50.151145,51.797633,78.105632,31.604165,59.2048,38.557419,79.697459,58.669279,42.118278,76.676248
ABM_TransitMilesPerFrequency_Mode_BRT_TimePeriod_OP_TransitMilesPerFrequency,0.0,130.443628,0.0,83.550216,180.306757,0.0,0.0,118.673237,78.284446,169.122828,85.336022,84.946952,65.643094,176.883211,198.561615,115.485732,62.487529,0.0,57.713056,92.465003,0.0,63.337218,0.0,81.957617,61.899329,69.868868,70.798093,0.0,159.70027,64.543989,70.352542,89.360663,58.713335,109.705779,183.262605,0.0,0.0,91.331854,111.123448,0.0,0.0,103.127481,0.0,0.0,100.984814,0.0,163.197356,104.184706,56.545366,64.843497,191.421557,0.0,0.0,221.805931,0.0,60.656641,208.953624,0.0,0.0,0.0,87.267907,0.0,0.0,72.402972,0.0,56.119573,66.226415,0.0,137.672647,61.490753,158.119079,79.115491,71.890797,0.0,93.626624,77.417028,116.935344,58.16347,0.0,74.082299,0.0,0.0,105.263831,172.782363,97.378213,0.0,63.625606,0.0,0.0,0.0,0.0,57.416635,165.615095,142.771634,58.992184,57.210946,137.503308,0.0,122.17507,0.0,59.876909,71.522834,0.0,0.0,67.587781,0.0,0.0,0.0,88.093136,68.625039,96.039681,99.192714,148.855112,60.231783,113.377474,73.837641,0.0,112.351949,80.656702,146.130966
ABM_TransitQuarterMilePopEmp_Type_Total___Population,1134150.0,1261889.0,1436503.0,1301580.0,1271365.0,1150788.0,1404361.0,1280356.0,1370803.0,1260719.0,1129079.0,1139498.0,1443363.0,1381251.0,1356914.0,1177847.0,1249968.0,1324162.0,1284383.0,1347481.0,1117260.0,1266036.0,1312546.0,1339294.0,1273704.0,1332356.0,1156379.0,1441776.0,1429814.0,1175844.0,1281736.0,1369163.0,1122373.0,1131090.0,1250783.0,1418621.0,1418621.0,1305058.0,1139629.0,1209242.0,1217406.0,1411485.0,1199016.0,1291613.0,1350708.0,1332314.0,1339504.0,1244028.0,1370598.0,1162861.0,1196538.0,1358838.0,1456658.0,1359577.0,1286413.0,1163991.0,1116762.0,1366409.0,1443575.0,1126903.0,1406162.0,1152934.0,1377345.0,1405055.0,1234499.0,1174497.0,1215238.0,1216391.0,1436431.0,1236660.0,1381496.0,1390788.0,1193061.0,1151031.0,1123530.0,1350954.0,1185464.0,1221744.0,1393072.0,1397132.0,1203938.0,1347176.0,1256409.0,1228017.0,1190984.0,1318470.0,1422280.0,1302150.0,1295514.0,1377770.0,1060416.0,1257052.0,1320064.0,1375396.0,1445056.0,1425570.0,1233578.0,1142945.0,1430643.0,1326620.0,1169515.0,1297490.0,1308472.0,1361780.0,1207184.0,1248000.0,1179997.0,1384911.0,1406401.0,1166874.0,1297573.0,1427998.0,1145316.0,1205232.0,1240569.0,1316523.0,1227256.0,1184077.0,1157827.0,1115482.0
ABM_TransitQuarterMilePopEmp_Type_Number___Population,461528.018812,488125.900601,566830.086374,539370.888312,515631.530777,469184.872048,531030.918806,508788.012622,553605.630291,487107.650071,457059.722595,458686.327736,568514.410968,544752.108982,519174.894328,468759.721287,511754.884503,527798.266894,509973.868427,546831.858419,455419.395166,487638.519568,511080.559945,527788.770352,516647.45379,507764.314445,462562.796719,581260.968951,565847.446772,473747.274007,490465.791961,565108.025966,455940.925766,457738.81865,496525.275235,567348.913057,567348.913057,498054.469779,460536.463043,480001.217548,489699.703667,574563.947039,478041.470473,503208.097428,559478.542992,520276.372201,553979.852187,496502.183261,524826.464057,473406.363659,475364.146906,527068.759918,571011.421466,514551.864867,502370.93513,465709.494676,455459.171132,560149.039442,575710.06204,456688.226192,546011.942969,465600.602117,513653.23589,578416.093399,494532.797893,465457.402392,474384.022529,497489.705936,574203.821947,495348.139016,528235.894492,542318.108638,485407.704002,460621.97918,456890.523161,548486.131734,478902.554699,482738.157873,567194.25386,571556.302146,486860.921161,524531.350793,492895.919469,493921.182936,483422.731406,498882.100342,543572.322155,527261.667954,522058.338012,535026.974264,454811.867448,504636.24949,507022.164484,514957.393383,544398.439456,551642.029894,484867.785694,464092.054877,552823.477895,546087.340445,471822.558521,496303.94848,503433.504739,549584.058881,487289.890483,494421.573809,469015.963617,520990.14537,532077.493402,465232.727682,493838.549677,564012.664841,462283.160319,494739.258918,479486.784113,498136.058613,479359.96588,483838.367946,470665.945469,455170.022763
ABM_TransitQuarterMilePopEmp_Type_Percentage___Population,0.406937,0.386822,0.39459,0.414397,0.405573,0.407707,0.37813,0.39738,0.403855,0.386373,0.404808,0.402534,0.393882,0.39439,0.382614,0.39798,0.409414,0.39859,0.397057,0.405818,0.407622,0.38517,0.389381,0.39408,0.405626,0.381103,0.40001,0.403156,0.395749,0.4029,0.382657,0.41274,0.406229,0.404688,0.396972,0.39993,0.39993,0.381634,0.404111,0.396944,0.402248,0.407063,0.398695,0.389597,0.414211,0.390506,0.413571,0.399109,0.382918,0.407105,0.397283,0.387882,0.392001,0.378465,0.390521,0.400097,0.407839,0.409942,0.398809,0.40526,0.388299,0.40384,0.37293,0.411668,0.400594,0.396304,0.390363,0.408988,0.399743,0.400553,0.382365,0.389936,0.406859,0.400182,0.406656,0.405999,0.403979,0.395122,0.407154,0.409093,0.40439,0.389356,0.392305,0.40221,0.405902,0.37838,0.382184,0.404916,0.402974,0.388328,0.428899,0.401444,0.384089,0.374407,0.376732,0.386962,0.393058,0.406049,0.386416,0.411638,0.403434,0.382511,0.384749,0.403578,0.403658,0.396171,0.397472,0.37619,0.378326,0.3987,0.380586,0.394967,0.403629,0.410493,0.386506,0.378372,0.390595,0.408621,0.406508,0.408048
ABM_TransitQuarterMilePopEmp_Type_TotalDISADV___Population,564931.0,609844.0,683438.0,638412.0,620805.0,571721.0,663591.0,621645.0,661133.0,609282.0,565682.0,569072.0,685758.0,659158.0,646243.0,580977.0,613697.0,638817.0,623186.0,653115.0,558449.0,610926.0,630622.0,643175.0,621733.0,635585.0,573737.0,688225.0,681055.0,581152.0,616258.0,664109.0,563715.0,565175.0,609044.0,678255.0,678255.0,625198.0,567575.0,592825.0,597930.0,678255.0,589360.0,623055.0,657448.0,639602.0,652872.0,607218.0,651413.0,576904.0,588126.0,648898.0,690466.0,645313.0,621230.0,576181.0,558083.0,661973.0,687639.0,564304.0,667207.0,572521.0,651630.0,678764.0,603997.0,579923.0,593184.0,600218.0,685236.0,604691.0,655228.0,661929.0,589355.0,572592.0,561263.0,654315.0,585222.0,596873.0,671135.0,673578.0,593112.0,644907.0,609416.0,601736.0,588502.0,629587.0,672010.0,632662.0,629331.0,656134.0,554484.0,613835.0,631331.0,650397.0,679034.0,674666.0,601010.0,568520.0,676479.0,646902.0,578935.0,622253.0,627319.0,657913.0,594188.0,608033.0,581695.0,654627.0,664136.0,577147.0,622540.0,680406.0,569660.0,596311.0,601610.0,629228.0,597737.0,586094.0,574545.0,558238.0
ABM_TransitQuarterMilePopEmp_Type_NumberDISADV___Population,328308.348538,345578.358487,398649.184502,381563.756681,364924.087911,333458.219697,373373.383563,360161.313105,390467.801699,344887.239608,325679.978763,326683.344436,399729.483157,383509.586756,366008.926209,333105.134662,362451.552024,372585.426558,360964.666538,386205.357609,324283.712948,345178.330903,360954.089563,372444.862905,365578.957729,358222.776437,329090.408397,408366.457374,398085.376812,336562.997652,346906.428505,398325.384499,324990.146368,326003.956114,351724.126668,399215.266231,399215.266231,351861.301634,327770.720397,340592.658547,347385.56022,404331.697263,339355.354981,355899.574182,394653.622333,367368.432867,391078.388736,351813.073812,369683.977886,336416.370599,337572.491893,371668.893193,401187.875285,362472.843683,355370.628292,331139.346114,324331.23109,394963.729046,404649.450166,325327.211599,384090.092549,331073.013719,361444.172289,407408.507174,350535.201618,330945.786901,336597.878034,352974.520174,403795.875452,351090.268679,371822.336287,381831.241164,344599.795601,327829.745722,325302.61623,387227.857413,340068.129362,342359.491347,399468.018688,402463.932285,345507.517086,370102.518998,349020.566033,350161.279914,343346.300144,352144.447266,382078.052833,372527.528294,369009.730338,376807.896647,325552.548411,357544.660169,357909.060228,362420.354572,381936.79073,387680.006557,343702.10858,330045.023392,388433.492743,385779.990057,335319.089386,350767.616854,355558.199879,387849.468525,345834.49624,350332.06668,333222.235884,366407.801956,374090.868119,330775.879425,349125.272722,396929.146444,328920.950644,351238.07614,339759.984822,351785.939854,339850.80933,343560.318791,334516.335157,324221.5107
ABM_TransitQuarterMilePopEmp_Type_PercentageDISADV___Population,0.581148,0.566667,0.5833,0.597676,0.587824,0.583253,0.562656,0.579368,0.590604,0.566055,0.57573,0.574063,0.582902,0.581817,0.566364,0.573353,0.590603,0.583243,0.579225,0.591328,0.580686,0.565008,0.572378,0.579072,0.588,0.563611,0.573591,0.593362,0.584513,0.579131,0.562924,0.599789,0.576515,0.576819,0.577502,0.588592,0.588592,0.5628,0.577493,0.574525,0.58098,0.596135,0.575803,0.571217,0.600281,0.57437,0.599012,0.579385,0.567511,0.583141,0.57398,0.572769,0.581039,0.561701,0.572044,0.574714,0.581152,0.596646,0.588462,0.576511,0.575669,0.578272,0.554677,0.600221,0.580359,0.570672,0.567443,0.588077,0.58928,0.580611,0.56747,0.576846,0.584707,0.572536,0.57959,0.591806,0.581093,0.573589,0.595213,0.597502,0.582533,0.573885,0.572713,0.581918,0.583424,0.559326,0.56856,0.588826,0.586352,0.574285,0.587127,0.582477,0.566912,0.557229,0.562471,0.574625,0.571874,0.580534,0.574199,0.59635,0.5792,0.563706,0.56679,0.589515,0.582029,0.576173,0.572847,0.55972,0.563274,0.573122,0.560808,0.583371,0.577399,0.589018,0.564751,0.559075,0.568562,0.586186,0.582228,0.580794
ABM_TransitQuarterMilePopEmp_Type_Total___Jobs,458859.0,476714.0,519986.0,486066.0,482009.0,460867.0,501439.0,485889.0,503684.0,478344.0,459183.0,457038.0,521118.0,498041.0,490760.0,460517.0,476935.0,496351.0,490443.0,494069.0,456393.0,478715.0,490241.0,490003.0,482765.0,496369.0,461871.0,509875.0,516159.0,462196.0,485163.0,499651.0,451226.0,456933.0,483022.0,513714.0,513714.0,481906.0,455023.0,472705.0,474044.0,513316.0,465895.0,487965.0,501605.0,491791.0,501658.0,481509.0,502302.0,465708.0,461820.0,495374.0,515855.0,492850.0,483628.0,455796.0,458915.0,496199.0,511596.0,458989.0,508054.0,457538.0,497328.0,508319.0,472162.0,460024.0,470607.0,467278.0,515749.0,478446.0,505155.0,498919.0,471190.0,458327.0,458276.0,500996.0,465808.0,470281.0,509947.0,504029.0,469344.0,497022.0,483374.0,468503.0,467906.0,490778.0,513654.0,482978.0,480249.0,505997.0,392143.0,479750.0,490120.0,496981.0,518015.0,506753.0,474846.0,458985.0,505843.0,492790.0,460722.0,482941.0,492506.0,497571.0,464962.0,473905.0,459262.0,498564.0,508415.0,460555.0,486518.0,512757.0,460735.0,465711.0,472917.0,487368.0,473499.0,463524.0,462427.0,449046.0
ABM_TransitQuarterMilePopEmp_Type_Number___Jobs,305228.177576,292223.064373,319730.601458,314570.926452,309683.25832,307356.176563,300521.417283,306105.870881,316605.873247,292971.121539,287508.170545,283196.593665,320139.852314,308235.268892,297362.277698,288785.274315,310461.720625,312312.274679,309070.807408,312130.056746,305036.028379,292385.980314,302920.408415,304552.414428,310117.622795,301613.161736,289712.223618,315386.542642,318167.036858,297955.86813,295147.867483,317763.623817,282095.758404,291277.753176,305533.07558,318495.249525,318495.249525,291804.024841,292268.248828,297827.906856,304264.054714,322063.546507,294631.194255,301537.448849,321639.872196,303358.979808,322406.592024,306400.353406,305668.695134,307885.047222,289745.779759,303351.318745,314446.613186,296758.466746,299224.456321,287470.249476,308438.28172,313873.842209,314673.673098,290843.450729,310864.243936,294955.031148,295510.981099,320603.037491,300779.222533,283835.004176,289255.036641,305486.225094,318933.116382,305756.871324,307065.432215,305836.195658,309094.445279,283244.109311,301864.864696,317192.591181,302095.781889,294771.819359,320656.326263,317071.694745,303715.772098,305988.62556,301922.423713,300286.626576,305125.676993,295497.653994,310882.325602,307488.244666,304679.668045,310697.431025,264791.397844,305626.698017,299646.265807,296877.601009,310303.078948,307956.181271,296123.832152,301998.029078,306729.933817,315569.584047,297254.785509,293438.068846,301554.358279,312187.740375,299644.818882,297329.903114,287073.857021,298456.585161,306020.211655,288368.773198,293775.844219,315377.615233,296104.091639,307071.008767,288415.912456,292801.138165,292209.248626,306508.822805,305124.691411,298913.449743
ABM_TransitQuarterMilePopEmp_Type_Percentage___Jobs,0.665189,0.612995,0.614883,0.647177,0.642484,0.666909,0.599318,0.629991,0.62858,0.61247,0.62613,0.619635,0.614333,0.618895,0.605922,0.627089,0.650952,0.629217,0.630187,0.631754,0.668363,0.610773,0.617901,0.621532,0.642378,0.607639,0.627258,0.618557,0.616413,0.644653,0.608348,0.635971,0.625176,0.637463,0.632545,0.619986,0.619986,0.605521,0.642315,0.63005,0.641848,0.627418,0.632398,0.617949,0.641221,0.616845,0.642682,0.636334,0.608536,0.661112,0.6274,0.612368,0.609564,0.602127,0.618708,0.630699,0.672103,0.632556,0.615082,0.633661,0.611872,0.644657,0.594197,0.630712,0.637025,0.617,0.614642,0.653757,0.618388,0.639062,0.607864,0.612998,0.655987,0.617996,0.658697,0.633124,0.648541,0.626799,0.628803,0.629074,0.647107,0.615644,0.624615,0.640949,0.652109,0.6021,0.605237,0.636651,0.63442,0.61403,0.675242,0.637054,0.611373,0.597362,0.599023,0.607705,0.623621,0.657969,0.606374,0.640373,0.645193,0.607606,0.612286,0.627424,0.64445,0.627404,0.625076,0.598632,0.60191,0.626133,0.603833,0.615063,0.642678,0.65936,0.609866,0.60078,0.617127,0.661258,0.659833,0.665663
ABM_TransitQuarterMilePopEmp_Type_TotalDISADV___Jobs,149542.0,147268.0,158942.0,151718.0,150676.0,149845.0,152657.0,151732.0,154918.0,147793.0,144036.0,142594.0,159197.0,151633.0,150008.0,144250.0,150506.0,153464.0,153272.0,152827.0,149685.0,147773.0,151124.0,150761.0,150808.0,152609.0,144883.0,153860.0,157582.0,146809.0,149689.0,152852.0,141357.0,144677.0,151252.0,156604.0,156604.0,148035.0,144284.0,148129.0,149658.0,156188.0,146119.0,150951.0,154510.0,151433.0,155281.0,151070.0,153721.0,150384.0,144476.0,151676.0,157204.0,150560.0,149750.0,143147.0,150865.0,152090.0,154865.0,145217.0,154544.0,145941.0,152426.0,154940.0,148145.0,143042.0,146010.0,149000.0,156620.0,150339.0,154295.0,151764.0,150696.0,142811.0,148625.0,154923.0,148503.0,146620.0,155773.0,153311.0,149273.0,152816.0,150324.0,147216.0,149551.0,150976.0,156524.0,149405.0,148781.0,154839.0,118473.0,150395.0,150632.0,151851.0,157352.0,153234.0,147934.0,148312.0,152732.0,152848.0,146546.0,148549.0,151840.0,153407.0,146941.0,147462.0,143502.0,152065.0,155076.0,144129.0,150042.0,156742.0,146183.0,149236.0,146160.0,150061.0,147028.0,148907.0,149303.0,146883.0
ABM_TransitQuarterMilePopEmp_Type_NumberDISADV___Jobs,116488.979815,105770.040633,117334.661301,117813.446535,115236.989516,117371.121351,107962.763641,113187.092512,116950.767731,105975.988462,104957.668704,102680.910588,117422.150097,112302.042466,107162.397638,105721.014107,116577.244071,115160.106939,114412.547609,115732.3859,116899.648415,105623.082472,110415.012789,111489.922665,115361.959874,109071.110329,106001.591751,115133.003963,116661.348143,111155.454095,106577.507788,117524.829458,102719.525376,107592.382835,113031.177182,116886.187689,116886.187689,105043.006141,108316.384122,109582.118445,113375.772009,118559.533259,108466.017572,109941.618866,119637.049416,110640.19598,120268.602118,113628.74973,110647.632564,116919.667806,106114.986057,110099.395016,114956.636873,106586.344172,109231.002145,105457.136113,118514.196481,115982.146101,114825.866447,107271.102701,112741.29189,110191.192882,106055.262897,118348.891364,111488.624633,102737.611438,104728.171671,115306.441672,116768.382285,113585.150278,111073.878447,110826.116146,116675.54452,102629.799407,114457.310051,117709.788039,113351.654646,107899.588974,118270.358825,116660.606905,113927.452386,111552.708277,110592.333668,111524.923213,114920.598016,106430.21893,112491.511812,113626.645212,112485.909118,113092.63111,92691.263702,113471.978666,108483.97281,106415.857091,111622.056504,111049.102357,108300.6417,114371.563054,110424.013528,117614.021303,110976.456357,105775.62077,109442.171994,115367.134163,111679.015618,109033.355488,104816.520846,107119.310294,110271.341247,105330.681607,105888.859554,115594.997994,109891.716097,116417.851241,104024.748026,105363.579999,106177.431769,116190.422641,115742.218508,114162.742393
ABM_TransitQuarterMilePopEmp_Type_PercentageDISADV___Jobs,0.778972,0.718215,0.738223,0.776529,0.7648,0.783284,0.707224,0.745967,0.75492,0.717057,0.728691,0.720093,0.73759,0.740617,0.714378,0.732901,0.774569,0.750405,0.746467,0.757277,0.780971,0.714766,0.730625,0.739514,0.764959,0.71471,0.731636,0.748297,0.740322,0.757143,0.711993,0.76888,0.726667,0.743673,0.747304,0.746381,0.746381,0.709582,0.750717,0.739775,0.757566,0.759082,0.742313,0.728327,0.7743,0.730621,0.774522,0.75216,0.719795,0.777474,0.734482,0.725885,0.731258,0.707933,0.729422,0.736705,0.785565,0.762589,0.741458,0.738695,0.729509,0.755039,0.695782,0.763837,0.752564,0.718234,0.717267,0.773869,0.745552,0.755527,0.71988,0.730253,0.774244,0.718641,0.770108,0.759795,0.763295,0.735913,0.759248,0.760941,0.763215,0.729981,0.735693,0.75756,0.768438,0.704948,0.718685,0.760528,0.75605,0.730389,0.782383,0.754493,0.720192,0.700791,0.709378,0.724703,0.732088,0.771155,0.722992,0.769484,0.757281,0.712059,0.720773,0.752033,0.760026,0.7394,0.730419,0.704431,0.711079,0.730808,0.705728,0.737486,0.751741,0.780092,0.711718,0.702138,0.722158,0.780289,0.775217,0.777236
ABM_AverageTransitSpeed_TimePeriod_PK___AverageTransitSpeed,12.550386,13.412022,12.682226,13.221517,13.768592,12.428073,12.209028,13.523571,13.200375,13.82953,13.553114,13.675224,13.350639,13.730502,13.677947,13.539314,13.213692,12.318657,13.069406,13.23815,12.954897,13.098828,12.328543,13.472962,13.023238,13.162531,13.477932,12.399875,13.662048,13.153495,13.298889,13.203853,13.406413,13.578895,13.982882,12.233193,12.278827,13.448687,13.5811,13.091887,12.51062,13.41173,12.655764,12.238952,13.451793,12.869474,13.856655,13.557643,13.287521,13.263194,13.824574,12.321935,12.432421,13.880752,12.499154,13.04355,14.232194,12.237035,12.236635,12.76792,13.202103,12.388929,12.348439,13.291654,12.788304,13.085815,13.153939,12.191897,13.592012,13.128929,13.393544,13.30695,13.31313,12.470969,13.393758,13.121059,13.72683,13.249197,12.368622,13.135456,12.357524,12.571959,13.46014,13.80163,13.363731,12.55723,13.221978,12.71058,12.885332,12.258705,12.632802,13.494261,13.995079,13.588803,12.988626,13.023457,13.799469,12.364434,13.470449,12.424277,13.127794,13.176333,12.664096,12.104694,13.173579,12.451146,12.640756,12.347263,13.351123,13.311687,13.406306,13.426278,13.743598,13.258302,13.725766,13.179729,12.831713,13.653335,13.28632,13.805135
ABM_AverageTransitSpeed_TimePeriod_OP___AverageTransitSpeed,12.79348,10.071257,11.640455,13.117741,15.957148,12.745103,10.229025,14.487516,11.466451,15.244404,14.265319,11.684654,10.085949,13.445236,13.56773,13.487361,11.503393,10.371693,11.320932,13.098639,15.510488,10.601388,11.846632,12.14824,10.943142,11.39566,10.165716,11.836099,12.614579,11.357555,11.310989,12.982542,11.49647,13.545866,14.579669,10.876165,10.262574,15.015585,14.640666,15.299703,12.042282,12.700894,13.256474,10.248734,11.904252,13.313876,13.25735,13.632921,10.384207,12.135971,16.06464,10.962742,11.981271,14.306339,11.12315,12.145726,14.06357,9.966925,11.896945,12.886898,13.078175,11.355214,11.031611,10.683171,11.749485,12.997969,13.214612,10.418769,14.4504,11.454987,12.762629,10.991515,12.005407,10.515277,13.76744,11.812661,12.569268,13.729816,10.21544,12.193143,11.480231,10.772543,13.608084,14.545363,14.848822,10.323361,10.134659,11.411886,13.559621,11.883519,12.547888,10.766331,12.676235,15.056598,11.992573,10.482084,13.326232,12.698494,12.370055,12.13267,12.707047,12.316376,12.355959,10.083999,11.067955,11.999001,13.744469,11.272374,13.100005,11.569341,12.622438,13.055583,14.059261,10.793139,13.450569,11.846227,12.129442,12.365991,12.001413,14.61694
ABM_AverageTransitSpeed_TimePeriod_DY___AverageTransitSpeed,12.554093,13.391268,12.665406,13.22097,13.787626,12.432274,12.194877,13.53262,13.18831,13.842507,13.559034,13.661437,13.328872,13.728779,13.676922,13.538991,13.2016,12.297416,13.059482,13.236899,12.986958,13.085234,12.324315,13.46518,13.010492,13.149573,13.459114,12.393772,13.653497,13.141936,13.286541,13.202231,13.392515,13.578667,13.986785,12.21439,12.257969,13.461491,13.591132,13.1194,12.503882,13.405494,12.663533,12.217433,13.440873,12.875099,13.851279,13.558224,13.263288,13.257066,13.841128,12.305055,12.426534,13.88392,12.484392,13.038995,14.230741,12.209219,12.232012,12.769443,13.201386,12.380762,12.331979,13.269415,12.772712,13.085137,13.154288,12.173891,13.598195,13.118207,13.384607,13.295166,13.302408,12.443838,13.396309,13.113193,13.71919,13.252159,12.344572,13.126819,12.346419,12.54573,13.461147,13.808369,13.375071,12.528484,13.202954,12.694419,12.89302,12.254371,12.631771,13.476375,13.982109,13.598391,12.981227,13.010648,13.796624,12.367979,13.461338,12.421237,13.125234,13.1682,12.660908,12.084909,13.15725,12.443771,12.655322,12.33847,13.348638,13.297631,13.399987,13.423563,13.745912,13.244198,13.723576,13.171207,12.821039,13.645818,13.277721,13.811889
ABM_TravelTimeIndex_TimePeriod_AM___TravelTimeIndex,1.368564,1.573696,1.434693,1.329201,1.305468,1.297578,1.535423,1.291548,1.37496,1.290353,1.369441,1.411545,1.613809,1.499224,1.49364,1.279778,1.359678,1.44766,1.311119,1.308824,1.260174,1.376277,1.405432,1.527604,1.317427,1.369263,1.46522,1.364375,1.509736,1.301726,1.434309,1.362367,1.434456,1.247492,1.357745,1.435342,1.481035,1.190391,1.291614,1.281004,1.286811,1.293932,1.307884,1.520911,1.434014,1.388762,1.508666,1.325865,1.504149,1.315197,1.283874,1.451921,1.410066,1.377413,1.500768,1.281535,1.341398,1.598349,1.35524,1.298078,1.320437,1.303163,1.356627,1.524938,1.476381,1.262528,1.260656,1.389185,1.365346,1.351281,1.414832,1.473177,1.379674,1.398961,1.289068,1.335397,1.462335,1.391862,1.454702,1.393005,1.37251,1.493154,1.319563,1.309955,1.361565,1.488666,1.494131,1.521361,1.474152,1.310166,1.327913,1.486879,1.544445,1.375091,1.303933,1.52705,1.407203,1.218386,1.451142,1.311272,1.334742,1.347368,1.384775,1.35324,1.402226,1.312348,1.31482,1.467761,1.415167,1.397793,1.30601,1.503042,1.355968,1.47212,1.429116,1.347865,1.3858,1.39802,1.330467,1.358463
ABM_TravelTimeIndex_TimePeriod_PM___TravelTimeIndex,1.655125,2.140055,1.819272,1.596257,1.556636,1.535445,1.938026,1.530714,1.679945,1.526199,1.639982,1.688973,2.082456,1.884421,1.941139,1.500562,1.677803,1.783412,1.563558,1.558649,1.460024,1.686542,1.714028,1.872727,1.59525,1.66821,1.81389,1.660151,1.926106,1.555138,1.754107,1.6636,1.755638,1.427249,1.664536,1.832294,1.867803,1.27879,1.519544,1.499926,1.515946,1.537751,1.546034,1.941762,1.80188,1.706204,1.869371,1.591856,1.873906,1.561083,1.502537,1.798261,1.785685,1.66587,1.842314,1.480494,1.592476,2.005379,1.644378,1.527533,1.588603,1.550687,1.652258,1.96977,1.833669,1.46909,1.454407,1.677064,1.673297,1.625279,1.740426,1.808997,1.685103,1.696212,1.548024,1.63435,1.792151,1.667488,1.830285,1.728521,1.7068,1.86219,1.590212,1.557048,1.662481,1.837269,1.841186,1.887552,1.793029,1.571552,1.600118,1.813626,1.957692,1.661585,1.546035,1.979186,1.735825,1.346401,1.827414,1.560114,1.609611,1.648251,1.720887,1.656801,1.729961,1.593076,1.588153,1.825933,1.704632,1.663228,1.570488,1.875705,1.632983,1.783902,1.733274,1.624373,1.699351,1.71599,1.633325,1.63483
ABM_Speed_____Speed,40.4998118897273,37.2972779542423,38.374240732318,42.6281834204919,43.5601096824255,43.147106643707,37.966288969336,44.6318309739597,40.3089714535878,44.500346039806,40.2826691051943,39.6789035340201,35.3337982828669,37.6441468867529,40.0201236000996,45.2730297591692,41.0944040750555,38.2516168142607,42.6680032288908,44.9855322080607,46.2895788717944,40.6577882571329,39.712212024352,37.6044328392458,43.1429319963179,40.4068266059938,38.6646309399855,42.556271080346,37.1113188923712,43.8996776247981,39.4091524506296,41.3543658469403,39.2425127460041,46.4058572032767,40.7607810527257,39.0178599797033,37.6351618365778,49.4849659247054,43.6255265761875,43.9401438875777,41.6669465416799,44.8879857845534,43.4882967112999,37.2804770833958,38.5569531941294,40.1288653454724,37.6228389846429,41.9791543277889,37.533669995792,41.7563545563131,45.2798120805294,39.1600034994937,40.4305728645656,41.1513926354351,38.1511452561275,45.1987009861397,40.9777346010649,36.2623514552018,42.2393149044639,43.2684560623723,43.2231598618751,43.7771516009621,41.8941000242986,36.7804773516424,38.2450357214339,46.522268820273,48.7279801685432,40.3021781481795,41.1214149482401,42.053825642097,41.4287551317043,38.4520316987186,40.4418214655533,40.0437287231585,44.5078251616394,42.1114267711238,38.7252405573814,40.3594008069959,38.3850695397926,40.0184559538934,40.796698313988,37.9701800467924,42.7417166409771,43.3073643980514,41.1027940220538,38.3808462876712,38.163971755876,37.505211915242,38.5526238787913,44.2369028849854,41.8609496750008,37.9980734278095,36.7388506916075,41.2983813056277,45.2569104744966,36.9147631485475,39.8651387474624,49.852794092166,39.4359616174542,43.9930538944223,42.4398882276738,41.895520636634,39.93735493856,42.2876436596585,40.1320099818168,44.2162597156259,44.264889526414,38.9003776121904,39.9988210566444,40.5209377102914,44.3660271166357,37.9451810273911,41.0181361398126,38.8490463671804,39.8057650951154,41.8475147657978,40.1369782315341,39.9992640269812,42.411244098689,41.1131966232455
ABM_Accessibility_____Auto Accessibility Off Peak,74754.2803208757,69755.4234874528,81816.1712533474,83323.8912482511,83139.3638069547,79846.284990245,71196.3793738383,83509.1923587426,82092.8226790241,78665.1770595943,72068.0738592653,70230.719092573,76630.1317861065,74920.7770104419,75564.8399212377,77745.9749583368,79418.588903595,77369.2641695732,82772.487768748,86480.2078131082,82994.4346725593,73774.0562385628,75712.5829673215,72729.0172057583,83584.2707497086,77219.0933534167,69696.5204401749,85381.685081437,78157.4351825551,78428.7242417563,72180.911076339,83925.0783329337,68088.2143419145,81205.4995496727,77649.2237240745,81354.2904652735,79729.5998358836,82936.1180882652,76272.0176042854,78984.5720609562,75928.5316505586,90677.8555410164,76656.6753193178,71931.9737361035,81368.9351163448,77047.6245452439,78490.6114396002,78996.9776449432,74481.6156859257,78112.5019807021,78488.0094404563,74329.4063272775,81190.7239428122,75034.9371146255,71532.1186055952,75470.3038803121,75766.7386839537,72851.8920612537,85110.4403249096,75390.5391857443,84356.3796836426,76989.9642148556,77375.7494797636,79566.7418026103,72091.7477290173,78799.5761293904,77959.2980650744,75264.9910629154,84339.3555064639,76958.4595097241,75572.009421555,75193.9491937937,76313.9010001353,69765.5114698833,79645.5623285409,84494.8130013817,71981.8208696194,72585.6098874778,80443.9116852372,82562.9712362289,76460.3568881386,74468.9515016245,78657.1735291147,78369.0151688796,76143.8965777921,71397.1116386888,75566.446933982,74223.1277637353,74000.5189270788,84750.6634252999,66195.2353544027,74128.9907029579,71733.9204658475,75754.262021806,87864.3230673221,75308.9515223916,72723.7465166183,81865.5639130456,75607.3493787966,88084.4853887341,75440.57729803,76584.614894119,77284.5412261986,83016.6437031436,73593.5075833725,80756.5411239303,76299.8540810746,73114.6683004241,76150.3947720815,70391.6408704345,79740.8248279584,76405.3545112896,73138.9576348026,71914.6250238265,69745.8540971594,76152.1616820264,73119.124836749,74978.3349062419,78223.3822842383,72675.45967072
ABM_Accessibility_____Auto Accessibility Peak,49086.8020041199,31970.4709701673,46771.591006468,56770.1838574265,58628.3125230006,56778.1398630679,38998.8659388408,59197.5319075668,52761.1789526033,55871.770697548,47073.0313960736,44559.1625912076,38702.8387242651,42390.7612553851,39842.7137593084,56657.3846416263,50639.6101553535,46278.9914805033,57907.8188034932,60681.2852446051,62845.6001480482,46331.5145865568,47060.380157157,41316.3647305591,56327.1830073088,48797.4122440001,40759.1404053644,56343.1577606648,42958.765221068,54665.6285128263,44333.5301371031,54161.0816734214,41889.7068035926,63018.6036361054,49652.2754834968,46332.7267978367,44548.5614351435,74512.2142508762,54728.9673343289,57545.6864110032,57755.6675984431,63956.099208578,53962.9109254777,39355.0888393669,47578.7905488487,48566.9344276687,44679.7562983402,54026.1964048587,41495.8301757768,54378.3971060116,57902.9024860267,44525.4834993723,46667.7499531369,48315.7266001004,41393.502157934,55883.8934038274,51646.8800696643,39261.686003835,55657.6852083491,53711.7840914431,57042.4149024153,54334.627005929,50191.1726503437,41723.5078461782,42007.2813564511,58339.6435045256,55068.0005680856,48681.0093303521,53643.3097456668,50195.5381677751,44947.7220238139,43825.141363234,48737.6880690626,44433.0323834017,55760.972212307,55259.9234574287,43470.6386916959,46961.9275645119,46689.3673331423,50527.0167292656,48021.8546657723,42106.7082476962,53069.6812662725,55211.0422715441,49616.6431413049,41267.6099895518,43322.9074913041,41856.450966675,44392.2137499037,57815.7169093476,45217.6787911281,43405.3872162388,39043.2659334342,48801.5973418371,61546.9890757579,39236.184732653,44605.0476912627,67473.5165798959,43515.6700917509,62256.5969392118,50775.1704551722,49336.9335745992,47872.8553426983,53861.6123516487,45768.2582315211,54444.952300049,52334.6928972321,42560.4466281212,47439.3552711834,45873.0470193525,54533.9111369078,43068.0991536741,48559.3007113158,44273.8026842671,42977.6748365288,50025.3784530287,46244.6182361631,46904.9092400019,51357.7802044948,48514.0029289303
ABM_Accessibility_____Auto Accessibility Off Peak within 30 Minutes,354546.167706752,345090.088237608,394744.943670411,393241.257459043,392407.110970803,375306.470581178,350162.773497351,396974.70934542,391565.642940409,379445.635272142,346297.641983505,339129.348164842,371576.55623421,362675.481340907,372449.232565299,371887.866865666,377007.779846623,371303.32999246,393217.74933785,408894.087470213,385744.41497502,359194.362788174,366915.911454169,353360.970592077,395103.061046978,375727.991060596,337277.414626485,407652.626527448,377842.535089144,372739.760339528,351871.657112127,398456.78332709,328061.047277614,381332.767891985,372681.679006654,392435.183488453,384677.663079898,393579.64800524,363182.865098651,375946.024357488,360263.394300172,426547.95508232,367348.337185301,349515.402349647,387161.243884433,372118.639563949,374931.128717119,376920.60216179,364069.130184435,369208.724328721,373852.722589452,361444.991443143,393236.144719013,367663.220864039,347874.92755068,361443.549899709,358250.255536406,350236.312880388,407828.508842338,360368.844291249,405109.718242384,365777.097009538,378513.86221693,380839.001023041,346567.652534637,375724.608907809,375186.492416519,357547.085413868,403996.197816135,368768.127544749,367563.905702009,365169.605698199,363472.128597885,336810.311673591,375921.790772866,401291.109420583,344498.029834085,350441.631987519,384937.109467399,393514.177588144,364638.290152101,361822.133732735,378661.31930013,372756.492022808,362473.515817685,350250.738278595,369657.50069367,356712.204319158,355848.303696508,406216.926313934,310333.693647643,356984.375418924,349892.884429398,371914.589379468,421372.454620322,368146.269166958,352291.616337197,381836.070679753,369439.855253188,411340.983214976,360929.980489594,372326.394290779,374050.196361585,396680.933073263,352652.597545002,385599.969721296,365866.754875845,359937.71658524,372417.502138468,340227.942348429,386238.479442064,371010.154497286,349968.39285252,342654.17131645,340675.394067403,371779.553827855,353761.290817061,356592.330177786,370690.969913315,344943.480929361
ABM_Accessibility_____Auto Accessibility Peak within 30 Minutes,248176.777496772,159320.004492417,236758.837865729,291190.285182391,302127.041512871,290991.056749973,192546.038715121,307051.887357347,268892.020180498,290750.487754824,238832.381563311,225881.247327433,189459.569338797,210780.545286527,204732.621281901,293179.983019129,257944.741810569,232418.039433256,298878.579759299,314961.765450797,321393.201457528,236953.402984934,239352.367787492,206890.387025114,291200.222480559,250513.32255356,204282.685691047,290579.484161142,213146.377549292,281823.192940952,223020.55091249,277282.632648901,209148.184170356,323279.356629935,253712.260842503,233542.098435054,223258.756114883,368674.148212029,281348.36666589,295344.233371903,290788.032959525,330706.961743942,277646.592248574,194514.15669581,239445.564469839,246912.698677581,223481.891095891,276429.762918623,207688.865245966,277727.811329749,299317.794371595,223230.663716763,236096.913215579,247907.986054356,207196.406183692,287070.389015643,262456.534192098,192689.72491046,287928.471234962,275513.91086921,296677.466984295,278651.432775823,259116.087394075,206973.236143909,209178.020816061,302597.864505473,285964.109092093,245472.694296209,275253.440361435,255664.207935075,225115.436823599,220430.547493924,246786.427429807,224048.913705808,287176.430708945,283803.211729286,217412.231022087,238828.155700353,233471.83325224,256850.694601135,243222.73633223,210639.749746369,273660.049083601,283269.792746678,251476.037352903,206711.665494447,217112.784323246,209343.051585209,223402.054752679,300019.409627818,228241.448317884,218294.499641321,193036.897264335,250901.465720135,322112.375421374,194502.532448704,226112.478578507,337851.861061959,218043.667257872,321381.783952623,259646.645951957,254862.181768582,243800.254606524,277169.528342073,230535.005377481,282697.539800123,269826.6641453,213193.327696808,240749.326228371,232582.00123817,285082.116994022,215353.433725691,245630.214471334,220665.812325994,217190.259010495,258359.434547719,234201.901973855,236777.452805712,262424.482421668,244775.394718885
ABM_Accessibility_____Auto Accessibility Percentage Off Peak within 30 Minutes,0.77266909378862,0.723893336964318,0.759145330201988,0.809028521762565,0.814107435692701,0.814348761315472,0.69831579413917,0.817006989961534,0.777403377793237,0.793248447293459,0.754160415310464,0.742015648950069,0.713037270319217,0.728204066213238,0.758923368989524,0.807544274946779,0.790480421538832,0.748066045988545,0.801760345927763,0.827605228156822,0.845202303661581,0.750330285844759,0.748439872336603,0.721140422797569,0.818416954516128,0.756952974622903,0.730241592623233,0.799514835062413,0.732027408393816,0.806453886099248,0.725264822569173,0.797470200854376,0.727043759175256,0.834548539702724,0.771562535467647,0.763917634108576,0.748816779530825,0.816714562601917,0.798163752378782,0.795307907378784,0.759978808507591,0.830965633415517,0.788478814293566,0.716271458710454,0.771844865749809,0.756660125061152,0.747383932314683,0.782790357317912,0.7248012752974,0.792790169652918,0.809520424818006,0.729640617882939,0.762299763923995,0.745994158190197,0.719302702801906,0.792994124344464,0.780646210161807,0.705838409348644,0.797169072554003,0.785136123722463,0.797375314912162,0.799446378245169,0.761095016200435,0.749212602761339,0.73400157686268,0.816750015016193,0.797239506459783,0.765169953248104,0.78331940113531,0.770762275251018,0.727625987473169,0.731921625951706,0.771391855934729,0.73486901638697,0.820295609573415,0.800986653427538,0.739570874338966,0.745174974084684,0.754857091947594,0.780737175019978,0.77691051798276,0.727980117042575,0.783371301104589,0.795633095247646,0.7746716558832,0.713664300923422,0.719662458958112,0.738568225300444,0.740966256455521,0.802805009345775,0.791378894045395,0.744105003478737,0.713892280317877,0.748347702184727,0.813436781985699,0.726480690132981,0.741907094799571,0.831914050959732,0.730344900004918,0.834718608768393,0.783400793731564,0.770956274763955,0.759483531899276,0.79723483296507,0.758454664133847,0.813665122168569,0.796640599213184,0.721948870326056,0.732506912932285,0.738734662197628,0.793883226195258,0.723559414103145,0.759587165838324,0.735765681541664,0.720370369573102,0.762831277038818,0.747121516237755,0.769307156000091,0.801620515050625,0.768169588259022
ABM_Accessibility_____Auto Accessibility Percentage Peak within 30 Minutes,0.540856292448818,0.334204584913422,0.455317715987986,0.599075609448904,0.62680788431932,0.631399203566263,0.383986962950869,0.631938338503953,0.533850628927062,0.607827186616375,0.52012461603176,0.494228592212099,0.363563663774418,0.423219263648026,0.417174629721048,0.636632269860024,0.540838357030977,0.46825339212222,0.609405333054603,0.637485382508915,0.704202740746523,0.494978020293774,0.488234088514613,0.422222694606184,0.603192490094682,0.504691716351264,0.44229381297169,0.569903376633766,0.412947129759032,0.609748230060303,0.45968169648652,0.554952622228118,0.463510932814943,0.70749837860241,0.525260259041002,0.45461501620562,0.434597375416833,0.76503332229113,0.618316803031694,0.624796085025339,0.613419920850227,0.644256095161541,0.595942416743203,0.398623173169817,0.477358807168666,0.502068355617693,0.445486548795974,0.574090542271532,0.413474095755075,0.596356110115671,0.648126530621443,0.450630561387483,0.457680769238602,0.503009000820444,0.428421030593125,0.629822089302326,0.571906636723789,0.388331546235401,0.562804383214415,0.600262557205533,0.583948688494323,0.609023584436315,0.521016486894113,0.407171945459267,0.443021718850862,0.657787125248842,0.607649501796813,0.525324740938389,0.533696508110408,0.534363769234302,0.445636362747274,0.441816301832409,0.523751411171304,0.488840748430288,0.626645145521357,0.566477999283999,0.466742157760465,0.507841387809317,0.457835487319742,0.509595072111198,0.518218484378686,0.423803674176132,0.566145570683572,0.604627489571418,0.537449909496572,0.421191792408069,0.422682942843327,0.43344220975947,0.465179635465518,0.592927249821279,0.582036268192686,0.455017195708851,0.393856396932048,0.504851223125502,0.621820556202762,0.383821176093095,0.476180653471877,0.73608475453873,0.431050083242967,0.652167827984788,0.563564678812726,0.527729436449963,0.495019866979335,0.557045182179172,0.495814723305304,0.596527869087945,0.587522294780104,0.427614764998691,0.473529156748662,0.505003748169426,0.585964171919686,0.419991211676664,0.533126883070168,0.473825639347135,0.459256611647488,0.530111608779646,0.494619633777168,0.510820265629636,0.567493858320703,0.545100935580954
ABM_Accessibility_____Transit Accessibility Off Peak,1993.91394987047,2237.88175172048,3099.64549644333,1650.73981823503,3678.63813894345,1640.04900586848,998.29134519588,2329.83973410959,1496.60892097232,3076.25979665764,1422.28975350943,1397.86432816503,1193.71024908589,3420.98056011541,3489.12828565659,2074.79156124885,1097.94901262716,1054.06847768201,966.77422262697,1855.26669120959,3956.33166970096,1019.46294016661,1132.11253542517,1472.3490656533,1090.05153746924,1195.04268021253,1131.16069027469,2554.41386985014,3243.49737834817,1065.17227107505,1141.27884498092,1830.6705992332,865.293903477571,2006.96661835083,3530.89055558948,1877.91333979338,1390.32939303076,1605.14650652183,2024.95416079836,3769.37962360662,1237.33503130018,2213.96043306673,2439.31715806196,928.021128983811,2136.87913399614,3497.89086114694,3499.23344875205,1961.65434186262,948.234417261801,1095.52142787306,3466.86648762563,1514.91670743477,2219.8857066164,3850.86653483682,1550.51720735446,945.940156203398,4095.83671822288,1384.20603054966,1991.32438222182,2282.75242522023,1673.53616038282,1051.59608636749,1272.44211010477,1408.47978285346,2496.66164045456,857.244833047877,1065.00627850167,895.960660561844,2925.25539644451,1022.46648608553,2968.92603795643,1436.65908684163,1271.88585169831,1334.03806614365,1720.45480438828,1511.96556634535,2170.42510582379,909.072266626534,1942.4495724582,1456.56668865799,1431.84855132998,1398.79705086389,1946.77352871976,3345.83958325971,1804.70415649343,1225.50780977302,1119.26675435288,2316.63273334339,3026.86812860802,1111.29380573707,1857.04557246968,946.754086981482,2975.17534360069,2575.19900233524,1042.35199794907,977.774027876071,2501.64353609509,1078.36199139081,2336.09488269116,2196.26402696725,948.680858590829,1195.14824793678,2266.57364612487,1244.96267238534,1113.93715293504,1845.69195114012,2249.40042427354,1342.05729759848,1604.02067780281,1078.87837843297,1686.67055455256,1951.24446655931,2752.43020241532,988.493304062367,1946.73139984547,1238.52445744581,2690.50214952907,2189.58617030192,1450.95264321553,2773.63408881599
ABM_Accessibility_____Transit Accessibility Peak,1925.35181631721,1621.14420016141,2510.92026698844,1683.5632428852,3389.22137096451,1717.69211821683,989.043331499298,2300.18295151967,1512.52734357647,2882.22595522082,1426.87001612139,1362.73887104901,1116.75225465445,2730.3242767651,2510.51858799714,2100.0597330651,1121.16788417609,1080.23045014015,1066.93978403959,1877.66701843167,3774.72061809956,1045.3892758183,1159.51789090189,1354.65174515418,1146.81921646008,1211.70159769804,1093.2203593198,2414.61852961196,2590.73176828298,1140.35015680427,1168.69686923588,1784.91480033867,904.801304332544,2122.80713188995,3019.90977920874,1689.4326364431,1306.72544336656,1910.9378843396,2027.93778741761,3522.80471801608,1387.65483091296,2237.33767334861,2375.0145268029,928.13483704694,1885.15277935381,2977.95364839294,2757.49462722308,1964.18873700961,936.610654453033,1185.04833869717,3298.06751102238,1471.43989509371,2369.9687853644,3257.10908347047,1431.95471204281,1051.06692018325,3532.37234196899,1266.15674962255,1939.25094476489,2253.55614528668,1682.11325552981,1166.52311463105,1323.19560041893,1272.42744608143,2128.49879624449,956.625554321362,1146.74520013444,965.665619701377,2625.22582704754,1078.68223827059,2555.98232154938,1353.45207171178,1273.29217593971,1344.12554471371,1745.94672769237,1512.76098825043,1954.60582058227,961.792032648206,1773.76504763839,1404.64034305619,1430.81916701591,1312.26020267673,1906.66707309504,3110.04116540929,1770.93991735786,1197.15657884913,1099.07244430996,1932.3038771778,2484.94053390194,1206.35197436165,1816.34312985989,942.454887535436,2385.29703808419,2354.35104120642,1149.43393758542,948.343967120916,2201.52404571242,1311.9860405516,2050.66837295908,2227.37885193598,1022.65484301808,1219.91607836209,2091.73940359119,1295.60807739256,1141.50154221617,1837.47634864116,2199.38735989118,1306.80500963303,1558.23857805371,1122.59179219661,1701.91308031365,1714.79889939961,2529.23644759215,1018.07957278851,1787.42203787605,1274.65266847837,2405.72079120647,1993.43461485737,1456.76029854528,2553.03951600704
ABM_Accessibility_____Transit Accessibility Off Peak within 45 Minutes,39308.7815391661,42414.7477412415,58779.515053573,31977.5218762821,70496.8861710695,31970.7356343198,14272.488098867,45291.7757533216,27974.8185698441,58354.7117725865,26708.8432296181,25941.2147373679,19700.6776830598,64561.8876030412,64288.4889754328,40245.9586633351,18807.5780870254,16939.7610909321,14942.9846557535,35482.340039358,75526.1367365617,15896.6348498109,18781.9781365735,26973.6648774003,18376.9345893193,19731.372566176,19737.5079646855,49246.7043274019,61471.267027573,18214.1081280375,18897.5877389495,35312.4279070452,13265.1185479393,39227.3266036079,67105.2516671457,35153.6311911853,24717.2219687119,29269.6170355159,39633.8178225477,70949.3827403059,22423.8627418884,42717.5774327394,47455.4638232677,13645.5005624212,41511.8969225912,65562.8927010145,67128.1378556872,37999.7978078777,13695.9529074402,19148.3013828441,65949.4689446165,27413.0583432749,41628.2923142,70031.2250066294,28409.4125170524,15146.1197069688,77846.1725720141,25262.7501967325,37436.0482725701,44388.6275251111,30731.3569372246,18113.4144555505,20827.1949004112,25677.4430321924,48506.0627995451,12668.8563053926,17351.6836733411,13935.1380093371,56362.975667724,16803.7547317628,55881.6173514412,25814.127316898,23424.6513279157,24390.1140740858,33513.4675954532,28321.1585558531,42635.272420522,13871.2061889181,36984.7262998434,26760.4782916824,27001.0637831083,25031.5987312526,37084.6321915382,64537.5711683107,35247.7752030242,20381.9236911966,17345.119064897,44752.2632211166,58117.3349919093,17631.9812652165,37068.3322932599,14941.0611392714,56150.576508642,48112.6218272367,15018.3089790836,14376.5130026568,48322.1302183832,18976.7815234888,44046.5039609381,42952.5721656338,15350.8512940901,20007.3094303684,42940.8295824531,21735.8897805673,19599.3899289565,35189.9776514641,43555.5231208081,22813.3839677799,28444.3395973934,18498.5501304846,30612.8260538789,36451.9257429781,54047.3914356549,16473.1263517915,36493.8204390053,20664.2986574018,51594.4661654358,43289.1690796846,27805.7462823346,55153.0605574669
ABM_Accessibility_____Transit Accessibility Off Peak within 60 Minutes,85245.0869626116,86608.7441250364,110197.252993948,73603.7298524191,122617.839129334,73428.5211715707,39290.5428189056,93062.0466374379,65875.6679270502,105116.43174704,62798.6269920628,61076.8337684363,51198.1209915169,114575.683351426,111102.682391569,84787.9593772478,50531.1616544679,46206.35703157,42589.4232272585,79331.5654754228,127491.068594064,42822.6355289465,48053.7136831469,63288.0373053558,49525.9321116666,49930.1343339681,50059.3536264725,98826.9959450979,113333.634877777,48419.1207905563,47937.2072013778,79300.9784968902,38174.4323856362,84235.8186108947,117375.912631658,77913.318900049,59712.1327704743,67004.7113732669,84807.1869198199,119941.030437062,55544.1269703916,91339.425344951,94530.3374329312,38784.6425872269,89834.509866747,114681.723451784,122259.27862354,82831.138210309,38400.0409773189,50989.8518319526,113843.666703385,63486.9570127888,87369.3256815996,116071.950345405,65334.9898320602,42174.1625365321,130058.384427225,60707.7865847274,81429.3345495625,91001.9551103647,70081.8130249545,47666.7167134151,50819.332710105,62425.9545001491,96453.7087699193,36524.07134477,45667.9267703969,40617.5430974193,107962.903300433,45950.3586354841,104348.484039485,60961.6094857701,58317.1630898479,57968.7832788727,76301.4568521159,66802.4470028747,89772.0123397542,39543.4920573862,81471.8272156978,64283.4804926406,64038.6439918503,59041.2544081329,80694.7186165625,114977.408542181,78728.229552998,50047.0556456172,45904.8417564953,92471.0280876761,108701.193622811,46779.0740216356,78435.8589520633,41916.4611962691,103647.916548882,93144.9589088524,41458.1735491908,40123.3264509576,95421.149409677,49734.8574341899,90103.3627685794,91173.5493194747,43201.8048850128,50190.6363614744,88261.6884663697,54535.2612666562,50719.8618354034,77271.7243650656,88865.2253599987,54340.155094332,65545.4989683796,47670.8783988507,69189.6949264181,80016.3475003404,103494.683851997,46093.8267260826,78328.3673247242,51010.8989218989,98502.5956050352,91571.5805192654,66124.7517115471,106028.848257748
ABM_Accessibility_____Transit Accessibility Off Peak within 90 Minutes,152998.481874326,146618.76742932,172145.807842425,146966.836601354,181238.905546472,145043.506260006,99722.6779596417,156336.470259985,137802.177321872,162000.786469165,129303.24912956,125833.473379553,120443.677917916,173092.80112588,168024.761756479,146058.025098322,121708.93560615,113694.371602508,108760.958527743,149106.966120245,184766.780432596,105333.371220165,114109.161488239,131091.29377595,119558.193007054,114551.992716184,115770.684697147,163586.209650961,174385.84783631,116454.664818049,111534.168813449,152206.061218248,99679.1910052114,147585.688982312,175540.786170287,148558.851313642,130977.840476079,129730.473615884,148292.948560086,176317.693436282,125168.760093319,161065.844892014,155152.731042228,100564.265590819,161594.929075678,171709.957274118,186256.237099341,149096.383392247,100273.941801002,122546.034204764,169581.473111436,130260.969974152,152888.899121924,171295.945379845,131754.81208821,105834.644533228,187549.412284739,132968.240831761,150081.329655303,152797.70177814,137323.325695916,115182.68442086,113630.38452034,136654.881658732,158239.226425949,96465.167379396,109397.281283782,106539.791079346,171347.878561944,114027.078428911,162767.619348421,128028.717267745,130075.002357194,123040.432412329,145013.558349363,139180.097504241,154281.60540736,102635.524678687,153560.465431637,137017.478898921,134716.295121016,126488.629943937,145092.524208692,172617.984477287,147540.099728458,113300.568713094,111260.407659365,157514.891126592,168867.148799027,113168.815713584,138463.281013906,108049.490593459,161325.065932052,150762.857175838,104806.507605322,103499.369518279,155500.055442044,119817.100447195,152052.422285852,160304.406456133,109610.65723611,113721.422308106,149044.35738171,125200.219685022,119357.125688448,142225.490070347,148644.715273965,118079.765539237,130655.497157353,113234.036879712,131719.673198701,148155.274042845,163180.893406935,115165.925379139,139027.70017428,113883.426482908,156580.176194442,158039.301545301,136959.443096337,166167.61505044
ABM_Accessibility_____Transit Accessibility Percentage Off Peak within 45 Minutes,0.0856663627370634,0.0889731531720099,0.113040572349204,0.0657884358837733,0.146256369011926,0.0693708502329735,0.0284630595124572,0.0932142438979307,0.0555404153593208,0.12199319270773,0.0581660105657617,0.05675942643143,0.0378046386481754,0.12963167209736,0.130997817620492,0.0873929923614874,0.039434258519558,0.0341285926510314,0.0304683411849155,0.0718165682108329,0.165484871013713,0.0332068868738413,0.0383117245121756,0.0550479586398457,0.0380660043485326,0.0397514199439852,0.0427338108794133,0.0965858383474418,0.119093664989999,0.0394077580248153,0.038951007679789,0.070674186396195,0.0293979481411516,0.0858491870878399,0.138927940481274,0.068430354615964,0.0481147525056976,0.0607371915591752,0.0871028889145113,0.150092304376526,0.0473033362765659,0.0832188699217234,0.101858710274349,0.0279640969381436,0.082758140215092,0.133314543578501,0.133812553284682,0.0789181465099878,0.0272663714407671,0.0411165395115482,0.142803405969028,0.0553381048324597,0.0806976617735604,0.142094399932291,0.0587422823266071,0.0332300408668984,0.16963091764709,0.0509125375035672,0.0731750214477245,0.0967095671685184,0.0604883672547104,0.039588874488131,0.0418781868312486,0.0505144270275012,0.102731822551466,0.0275395551218907,0.0368708575804037,0.0298219432743186,0.10928373233438,0.035121528305729,0.11062271451622,0.0517401167662445,0.049713812534043,0.0532155296853247,0.0731294407637607,0.0565297099295266,0.091529712715372,0.0294955700717616,0.0725266082550607,0.0530931321247039,0.0575293681885958,0.0503631604461224,0.0767203701306612,0.137752738335316,0.0753308895441055,0.0415298234460318,0.0337680988854307,0.0926590097708729,0.121015004699457,0.0348460193740605,0.0945275888980803,0.0311434312439216,0.114564956558888,0.0968097811128327,0.0289920349393041,0.0283698626404911,0.101763793352757,0.0413451017429519,0.0870754442800198,0.0871620206693192,0.0333191193259494,0.0414280614616866,0.0871884394960734,0.0436839964157223,0.0421526703880241,0.0742553415799879,0.0948380730842266,0.0457581854441553,0.0559470896755474,0.0401657785291324,0.0629222887002719,0.0710900597027014,0.117306893193821,0.0353719932571735,0.0771674954357853,0.0423997854955636,0.108964255817723,0.0933914297419004,0.0601300232952112,0.122822741005302
ABM_Accessibility_____Transit Accessibility Percentage Off Peak within 60 Minutes,0.185776212219029,0.181678625182051,0.211923499851818,0.15142743959137,0.254389107110726,0.159326923324019,0.0783555782835113,0.191529437047223,0.130787692138424,0.219750706075628,0.136761654922031,0.133636226677949,0.0982466945903172,0.230052713233301,0.226389034133933,0.184114721882684,0.105949786982436,0.093092100210476,0.0868386810032124,0.160567786028718,0.279344925522662,0.0894532979516968,0.098020593306449,0.129158469040712,0.102588075174602,0.100590758758037,0.108383842298981,0.193825929777098,0.219571168724709,0.104758848606557,0.0988063953792392,0.158712738485243,0.0846015796643727,0.184350481604294,0.243003243396073,0.151666722923745,0.116236140674528,0.139041039898376,0.186380000395189,0.253733365285034,0.117170825852435,0.177939953839255,0.202900519286387,0.0794824271970878,0.17909412758395,0.233191993045387,0.243710413515861,0.17202407059953,0.0764481148339424,0.109488889673256,0.246510906204549,0.128159647080365,0.169367992326525,0.235511718261955,0.135093480592646,0.0925285929155414,0.283404082296775,0.122345644760927,0.159167261959754,0.198266091584689,0.137941661762243,0.104180891452546,0.102184740674374,0.122808619194146,0.204280964520481,0.0793960126966638,0.0970404748981569,0.0869237222754319,0.20933225910362,0.0960408460630544,0.206567259632162,0.122187388104622,0.123765706169163,0.126479093046826,0.166496733086864,0.133339282155695,0.192723208574679,0.0840848174971691,0.159765283874006,0.127539249711109,0.136442873440057,0.11879002218842,0.166940544209168,0.245414455280288,0.168256507830628,0.101974937029812,0.089369189681177,0.191460124659252,0.226343404406487,0.0924493110070527,0.200018510982125,0.0873714667978512,0.211474570613078,0.187421569252854,0.0800327665206428,0.079177284497492,0.20095178101885,0.108358350347375,0.178125154976108,0.185015015157521,0.0937697893415397,0.103927056020248,0.179209366924199,0.109602973779935,0.109083886071127,0.163053194975925,0.19349570693852,0.10899333905844,0.128921253244652,0.10350746034426,0.142214049483099,0.15605120456735,0.224629524242779,0.098975172856305,0.16562814896636,0.104666081732693,0.208031264279408,0.197555208617602,0.142995006155668,0.236120237698916
ABM_Accessibility_____Transit Accessibility Percentage Off Peak within 90 Minutes,0.333432452832625,0.307561278731734,0.331058543580837,0.302359837144244,0.376007305976594,0.314718793621599,0.198872999426933,0.321753466861741,0.27358855417657,0.338670050150447,0.28159415555358,0.2753238754317,0.231125537628553,0.347547292543948,0.342376643892083,0.317160984498558,0.25518977555883,0.229060426195389,0.221760650121916,0.301793810419688,0.40484139860295,0.220033571582602,0.232761359185053,0.267531614655319,0.24765298438589,0.230779909132488,0.250655885944662,0.320835910077883,0.337852963595151,0.251959482163518,0.229890096345865,0.304624750512353,0.22090746323397,0.322991968149186,0.363421927304113,0.289185911448086,0.254962567646742,0.269202860341818,0.325902094092137,0.372997310026935,0.264044603651389,0.313775227914216,0.333020811646891,0.20608909571551,0.322155738231632,0.34915229695972,0.371281305390008,0.309644022006332,0.199628792640686,0.263139207840027,0.367202531530544,0.262954797736966,0.296379601093184,0.347562027756609,0.272430074537061,0.232197396495862,0.408680065556233,0.267973617100722,0.293359075628627,0.332900574475946,0.270292775366234,0.251744520500722,0.228481775649752,0.268836855712125,0.335137572328881,0.209695944949385,0.232459953387396,0.22800087117165,0.33223114065552,0.238328000294518,0.322213220394575,0.256612230177132,0.276056372922163,0.268455562103759,0.316432801083545,0.277806803855203,0.331212871842819,0.218242975324726,0.30113024575424,0.27184443533789,0.287031037194502,0.254493020316882,0.300166174036444,0.368445846616323,0.315319956847012,0.230859102716696,0.21660574561741,0.326132641914523,0.351624154967583,0.223655112013677,0.353093848453003,0.225220407698716,0.329154219236211,0.303357386249853,0.202323306478234,0.204240269950604,0.327474708520329,0.261047965504745,0.300592124998966,0.325299633629199,0.237910621233867,0.235476843564962,0.302624450020325,0.251622823044394,0.25670296860485,0.300113925935256,0.323659948512972,0.236839734796811,0.256985921259902,0.245864309104694,0.270739568111973,0.28893856942537,0.35417516231008,0.247290541514242,0.293979070691644,0.233670299410112,0.330687448536199,0.340951712414677,0.296175273278456,0.370045864010459
ABM_Accessibility_____Transit Accessibility Peak within 45 Minutes,36123.2385680337,26793.4354080259,43724.590989395,31301.8327917526,60813.3076343161,32626.3592360007,14244.8320294339,42596.6064115878,26975.5205072088,51285.0868030116,25638.1644897589,24038.930172103,17630.4193288526,47804.8986867465,42282.5028616999,39122.9777457178,19297.788110379,17543.5884315699,17373.7998456516,34987.5127123898,67546.8937112414,16401.459575414,18898.4249637221,23208.1059650904,19608.2013635207,19518.4384677835,18274.2405133987,43795.3528741013,45323.0203746363,19698.4721706261,18783.9301984615,32770.6236891952,14298.8989629889,40467.1484715456,53521.4502322447,29546.9323304535,21863.7833806171,35729.3838703292,38187.3544636758,61850.3364385328,25223.0280045063,41706.9999603122,43677.2993104336,13950.3375583207,34273.9437513084,51592.4229840812,49318.3752769473,36589.2592147932,13805.2211173478,20817.1517319992,58726.642264346,25268.7237466382,41359.487479663,55114.9612173154,24555.9335948057,17603.0608764996,62989.1806355537,21508.748011767,34964.7547939719,41809.6189477575,29951.2986632509,20301.9982260249,21137.333912015,21614.7211703421,38127.9732325186,15134.0256841593,19028.7367709387,15982.4682064264,47258.7273926987,18004.0186594623,44603.3576573741,22919.812997551,22669.2364744136,23493.962723676,33179.5641896718,27246.0673169696,35911.4387201668,15223.0050872871,31727.5308402557,24642.0872348742,25868.7291380535,21892.9340391802,34963.8222226354,56245.1719673661,33096.7201159622,18875.0015712466,16879.6559370751,34345.459583562,44216.7190890712,19584.7234836042,34539.4969286295,15179.1434462698,41251.4669362096,41011.6163556775,17528.1619669713,14070.2506015188,39479.8094409895,24059.5629830439,35828.1266183323,41826.1859787746,17066.1543033461,20051.3778677628,36994.9315926918,22141.900804034,19638.5211517919,33690.045283076,40243.0598373577,20956.9010737501,26519.7534315431,18935.4417103566,30143.4308219321,29847.2460450056,46441.7620585123,17182.5372543906,31540.4178500946,20861.0327831113,42670.3910072934,37224.6642791569,26919.4276451242,47588.7351923727
ABM_Accessibility_____Transit Accessibility Peak within 60 Minutes,74892.7407387127,57449.1914352659,84675.7277177823,69877.289792916,110699.451099391,70696.6077804081,35924.6477129681,85825.6289448832,61996.6431380977,95507.0964339374,58140.3631898935,54932.462984611,43356.8536033036,90689.7370440893,81717.5518435145,79610.4318289764,48834.9780850821,44095.8913373763,45633.9961649833,74778.8127497075,118738.696808548,41737.0306798413,46268.0409673612,53810.3994303009,49848.6520178968,47873.1981419324,44848.2686879026,86497.3874269111,87972.68693052,49898.2658687502,46097.0043479955,71698.4984002101,37858.4210791041,82584.1492700888,99833.2871548038,63806.1662169265,51291.293046208,74578.9568887839,78866.7183453325,109219.916943759,59434.487870258,85699.708858668,85452.2840209357,35791.2915457968,73930.3986654953,95191.5359165987,95848.3791952482,76250.4576689354,35373.3835086101,52710.8641901097,105265.398031797,56183.2265281668,80767.1693488853,99891.0815821868,54653.1970229316,45739.5183637078,113491.14448779,50125.8425160765,72766.5931813433,82769.877364313,65717.874160098,50599.7672208654,49720.7443454103,51554.4696243195,75811.4112554972,40648.7717088666,47616.59123249,41885.0238084378,92726.0306838245,46152.1895946064,86051.8881670105,53382.9167867391,54886.1744803292,53539.6224966736,71620.992596101,62759.211769687,74278.9673921071,40024.8586288726,67632.6527548836,58117.744021079,58798.158854782,50558.7027466503,73218.6020569865,103478.624419799,70881.2953278343,44914.0078367003,42095.2877056105,70316.759277673,85139.756831878,48819.4943325495,70837.0790629039,39199.7328143267,80334.1644354629,80846.699544664,45035.6106693884,35612.3377491267,79414.5942705918,58802.6516149393,73602.1493527287,85051.7213760483,44551.5695097127,48520.8927864483,74272.8620139818,53451.3985773934,48739.1430293553,70429.0749004596,79739.644184102,48598.8641236319,59064.5041938384,46887.8876920596,64655.5249201453,65039.0167916804,89539.9146386905,44515.0288287586,66127.0260576999,49735.046829936,82164.1209162133,77613.6218201822,61883.4285578093,92117.0364986925
ABM_Accessibility_____Transit Accessibility Peak within 90 Minutes,145797.955550378,121898.132332145,155375.009703213,144773.373705887,181170.648199846,143406.662465253,89199.5788165035,156575.311595529,132779.745225816,162188.440009409,124041.16817512,119116.510561184,105963.625605112,159718.03027839,149950.871935702,147099.464031826,116428.016956218,105780.969606366,109509.922818719,148563.34846194,188544.364476692,100608.108209917,107075.659389972,119513.351156437,117301.645976084,110010.633334434,106027.471922575,158553.114474202,159091.217874759,115510.785029996,105802.63681168,146793.221831424,94895.8150070126,151574.452187165,170237.004638631,133106.829018462,115909.745125493,139814.176073691,148000.862047783,177133.311631674,126824.66163607,161973.896662573,152971.51376529,90162.5992754693,150262.77426981,162315.815437795,173018.271491515,146714.024855596,92553.5103672731,121378.129302905,171735.250981159,120127.282916818,149941.036943311,166182.52941869,117388.463176839,107704.497068108,185069.867575002,114500.386517812,144269.577148118,150594.429032903,135170.458300382,114917.668061903,109496.52641174,121264.093186078,143250.718399417,99395.9146502626,109356.14881123,103378.665100594,166199.435933471,110814.966882128,152775.046781938,118667.268567754,123996.369974586,115281.505167718,143675.57283561,135099.813050965,143855.234233434,99780.1087336214,138809.710009455,129401.74100967,126208.43807263,112340.364657674,142262.773049319,172194.899843539,141675.200802445,102188.703597445,102900.936904106,139323.744532087,154188.601803287,112426.521096291,135673.561852169,100594.414025817,145647.384724327,145699.211657095,106635.117920686,93391.6588977895,147435.606794074,128465.714224315,141971.106415309,159776.662813523,107893.558557962,109851.002253262,140408.895678331,120237.137052861,112863.292631611,138763.905138116,146016.290688787,107692.150992682,124665.174669279,108934.789995185,129989.163976061,135546.172482631,158036.143173043,109057.429634215,130877.30972999,110947.303894222,147066.01808149,150105.992030706,132684.575392249,161735.210437495
ABM_Accessibility_____Transit Accessibility Percetange Peak within 45 Minutes,0.0787240493660007,0.0562044232139728,0.0840880158108006,0.0643983179069357,0.126166332235116,0.07079343766423,0.0284079061050973,0.0876673610877955,0.0535564371852369,0.107213818513479,0.055834306779125,0.0525972242397854,0.0338319139405137,0.0959858700122008,0.0861571906057949,0.084954470183984,0.0404620925500938,0.0353451255896933,0.0354247075514414,0.0708150333503818,0.14800159886598,0.0342614281470477,0.0385492542723316,0.047363191582685,0.0406164518213223,0.0393224364692063,0.0395656807060818,0.0858942934525155,0.0878082536091326,0.0426193047335461,0.0387167409684199,0.0655870271233225,0.0316889961194365,0.0885625430239128,0.110805408930121,0.0575163073820327,0.0425602249123386,0.0741418116195466,0.0839240092559624,0.130843414896252,0.0532082000921987,0.0812501460315132,0.0937492338626377,0.0285888077184238,0.0683285528479749,0.104907212584373,0.0983107520999313,0.0759887337823242,0.0274839063299525,0.0447000088725107,0.127163488511424,0.0510093863356539,0.0801765757425305,0.111829078253658,0.0507744249605187,0.038620481260256,0.137256748277031,0.043347020070107,0.0683444647612021,0.0910906774405433,0.0589529826814688,0.0443722668412786,0.0425017974294932,0.0425219619379604,0.0807518886155993,0.0328983394000298,0.0404344533144188,0.0342033397815142,0.0916312535607411,0.0376301999796472,0.088296379640653,0.0459389459963461,0.0481106060706162,0.0512602633571139,0.0724008330998609,0.0543838021001558,0.0770949376570749,0.0323700193868924,0.0622173105053187,0.0488902171003538,0.0551167781798712,0.0440482192723464,0.072332856592691,0.120052960103492,0.0707336946223433,0.038459347344923,0.0328619186009943,0.0711118510233634,0.0920704032472139,0.0387052165993163,0.0880788307546723,0.0316396945206248,0.0841660551216225,0.0825214975133405,0.0338371706745389,0.0277655003552398,0.0831423439199014,0.0524190615881649,0.0708285507921081,0.0848762880309555,0.0370421953007369,0.0415193116090014,0.0751156972558544,0.0444999825231656,0.0422368304330072,0.0710902929554996,0.0876254944614572,0.0420345253041738,0.0521616266859614,0.0411143983028228,0.0619574832214473,0.0582093390143979,0.100799292561912,0.0368952789485122,0.0666933475643604,0.0428034519769687,0.0901171723853554,0.0803079544514566,0.0582133561516179,0.105977416995971
ABM_Accessibility_____Transit Accessibility Percentage Peak within 60 Minutes,0.163215150490048,0.120510812426876,0.162842322135177,0.143760908586316,0.229662622688354,0.153399153726364,0.0716431065652415,0.176636287186751,0.123086385785726,0.199661951302697,0.126616976651778,0.120192331894965,0.0831996852983462,0.182092914125723,0.166512250068291,0.172871863208039,0.102393361957252,0.0888401380018903,0.0930464828022487,0.151352974482729,0.260167655526154,0.087185550233106,0.0943781547593146,0.109816469348761,0.103256557575418,0.09644679289386,0.0971012873462561,0.169644299930201,0.170437184918833,0.107959103645964,0.0950134374385424,0.143497157816576,0.0839012403520721,0.180735795554466,0.206684762091175,0.124205620670113,0.0998440631289161,0.154758307405975,0.173324685445203,0.231053018148231,0.125377576491334,0.166953122167764,0.18341532753289,0.0733480711645236,0.147387682868981,0.193560955602276,0.191063192843029,0.158357284430686,0.0704225416355301,0.113184364859761,0.227935988116143,0.113415775814166,0.156569519242588,0.20268049423189,0.113006684937455,0.10035085512753,0.247303192285696,0.101019636307362,0.142234484205004,0.180330851859877,0.129352143984887,0.110591398355689,0.0999757591477058,0.1014214885226,0.160562288484667,0.088362284813111,0.101181221767823,0.0896361990259285,0.179789065386117,0.0964626929572124,0.17034749367424,0.106997161436504,0.116484166642605,0.116815335986476,0.15628353349532,0.125268887914648,0.159462627074046,0.0851083897262969,0.132626827405365,0.115306349478064,0.125277320802614,0.101723269285163,0.15147401816603,0.220870782940128,0.151486185960074,0.0915159355894117,0.0819526134433111,0.145589983969607,0.1772825280883,0.0964817861223475,0.180640937267537,0.0817086666270489,0.163907133835516,0.162675634570867,0.0869388158053113,0.0702755341342364,0.16724284140667,0.1281145388519,0.145503939666514,0.172592222602018,0.0966994619525716,0.100469607646583,0.150806004422244,0.107424666183104,0.104823927609902,0.148614331776326,0.173625608441591,0.0974776841561603,0.1161738032785,0.101807357844469,0.132894414842093,0.126841792099728,0.194341464483251,0.0955850921038124,0.139827974163965,0.102048240405476,0.17352543704678,0.167442509600759,0.13382313004606,0.205139421125436
ABM_Accessibility_____Transit Accessibility Percentage Peak within 90 Minutes,0.317740211155013,0.255704955869021,0.298806140363804,0.29784715183923,0.37586569586843,0.311167131656753,0.177887198276368,0.322245022207806,0.263617159222481,0.339062348455106,0.270134495778633,0.260627148204709,0.203339024184757,0.320692533904618,0.305548276012108,0.319422440500191,0.244117158430852,0.213117269042202,0.223287768035671,0.300693523499632,0.413118440634918,0.210162848897397,0.218414329666372,0.243903304992902,0.242978770159568,0.221630749169336,0.229560790615941,0.310964676585833,0.308221338530876,0.24991731869163,0.218076474940752,0.293791510136923,0.210306620201435,0.331721395012322,0.352441513302978,0.259106874678249,0.225630886301508,0.290127485596135,0.325260178161945,0.374722737503673,0.26753774256413,0.315544219666975,0.328339032969425,0.184772676883525,0.299563948265687,0.330050398315128,0.344892878198922,0.304696329363721,0.184258693708711,0.260631402730692,0.371866205407212,0.242498158798843,0.29066508407074,0.337186830513727,0.242724704063533,0.23629978557975,0.403277006798649,0.230754972335317,0.281999032729181,0.328100300950356,0.26605529786279,0.251165297881058,0.220169639376306,0.238559041047213,0.303393154043351,0.216066802276104,0.232372550368418,0.22123589191144,0.322248682854395,0.231614365847196,0.302432019443415,0.237848766167963,0.263155775747757,0.25152675964479,0.31351319474642,0.269662458484628,0.308829462425365,0.212171252365333,0.272204189865721,0.256734713696374,0.268903912849914,0.226026945804559,0.29431200902266,0.367542790213807,0.302785603951317,0.208217775852718,0.200331228617135,0.288468096956978,0.32105970403538,0.222188117906412,0.345979813109425,0.209680904691646,0.297166785122677,0.293168575171073,0.205853340001131,0.184294239792936,0.310491415730729,0.279890877096888,0.280662392116346,0.324228703531976,0.234183647748452,0.227462572557024,0.285090731236433,0.241648201066503,0.242736594886487,0.292809540178128,0.317936800102746,0.216004667390107,0.245203573201575,0.236529383016545,0.267182640675291,0.264347775813165,0.343008764632692,0.234174047068279,0.276744777053881,0.227645852608753,0.310594147150236,0.323836504756401,0.286930856961745,0.360175150068133
ABM_Disadvantage Zone Home to Work Commute Time_Mode_Auto_Disadvantage Zone_0_CommuteTime,21.914016171507,24.268810331953,22.147910270864,20.6690108948026,20.675813661763,20.7101318851823,24.8465547027592,20.6533088922435,21.3446075725045,20.8266712707182,21.8717990671782,21.9014649103709,24.1987069305814,23.1053220863741,22.9617187874431,20.9553208311812,21.6375873118628,22.3541908784944,21.0203081083004,20.3134735732263,20.0877456714568,22.3729204917767,22.4943597612383,23.4280103171191,21.143374162937,22.6387295928567,23.5698643474817,21.3032389259449,23.4105493073029,20.8354980546087,23.2196583382976,21.0854521017439,23.0549539436882,19.4946839940911,21.748746215781,22.8930340512224,23.0877827267458,19.6959930337861,21.1037621919139,20.510163928441,21.2357474209869,20.4596095503707,20.9652524374575,24.089231348689,21.8177686127806,21.9153161285992,22.5155211520553,21.2023355976297,23.5327245048591,20.9976750636422,20.3567453723384,23.097648622279,22.4305009355032,22.1310749346705,23.2644824949297,20.5483113283806,21.5018210733986,24.076780903328,21.1315606318672,20.7395176899889,21.0788019275507,21.1947768026027,21.9599892777074,23.3671987329958,23.2813736151005,21.0371657078715,21.1824437801178,21.565398289079,21.3012204299316,21.7656700294617,19.277359763375,22.8864563365282,21.8616862413268,21.9815838226177,21.2221111428367,20.9771595019366,22.6414903666451,21.8445764680264,22.6660054239979,21.4277882803571,22.4092879701407,23.1635490341295,21.6119231174302,21.1028287027783,21.927636249739,22.9890149327106,23.2014828353465,23.1702357912393,22.2029135490217,21.0721295900287,21.8094289897511,23.233719934215,24.0943672583708,22.3077855501835,21.284068201761,24.2795394240104,22.5199478487614,20.0936438520294,23.7391666186055,20.3235504376824,21.5066537463229,21.7344151941339,22.6428645405747,21.2105897257237,22.8220445441989,21.5248842959488,21.5936642710472,23.4476468539219,22.5237141565487,21.9946590058392,21.3372068751835,22.811869804829,21.754093573974,22.3965778785994,23.1887359782102,22.1454187934637,22.3794875004229,22.4408440889743,22.0382148722328,22.0066765041514
ABM_Disadvantage Zone Home to Work Commute Time_Mode_Auto_Disadvantage Zone_1_CommuteTime,17.9587156453855,19.6686798656779,17.9656481989395,16.964460690748,16.9853520360584,17.1012969924812,19.8049530709216,17.0587070449951,17.4978953896311,17.0706789483784,17.9631131876625,17.9702453448684,19.2557260128873,18.4415209099578,18.6994382652893,17.3178575049721,17.6795585932402,18.2016204418776,17.3537495115973,16.7696527777778,16.6332007554297,18.169832637359,18.1250597353369,18.8116313077232,17.5163419523632,18.079995532339,19.0796606079599,17.4471433148227,18.7364963977413,17.1608070284024,18.4821824394063,17.3736173997977,18.839323235467,16.4205483720206,17.5990576936223,18.4780109171615,18.7054268007848,16.0985172079857,17.4178971150504,16.8849540351005,17.2209643050815,16.7558198289241,17.268754367705,19.2219956698558,17.8755635957922,17.698761868591,18.2956536805275,17.2947053182858,18.9832810140916,17.2801682048229,16.9442715922965,18.6704077730654,18.1847041033491,17.8314527578484,18.7653344240838,17.0218515076031,17.5402432411191,19.3091085321577,17.354236875087,17.1831013565678,17.2134145647302,17.5134474211773,17.6719057968554,18.9462054403541,18.75348795808,17.4620730547061,17.5390614455692,17.6943613598209,17.3571025369979,17.7723167026289,15.2314171210469,18.3801036806636,17.9052450931052,17.9746676929255,17.5668122583417,17.4064785118666,18.1924998287554,17.7576724884527,18.4050987767384,17.5012490758896,18.1975573365433,18.5832498842414,17.6046023318386,17.2759301430366,17.8268868755949,18.5752462097482,18.5273984445409,18.7743262320738,17.9639530711321,17.3034659367002,18.0533043169302,18.7567689718997,19.0355244866726,17.9106607264215,17.1681155627139,19.5060700467748,18.1270857677027,16.7880105517696,19.0169615920903,16.8505238328208,17.6730291302395,17.7801577619519,18.1600185855424,17.6142272640367,18.5986007059872,17.6564315997281,17.6450242238144,18.8075060540611,17.9023482149095,18.0341229123458,17.4325576613318,18.399321057571,17.8399489968123,18.1748853802409,18.652002613525,17.9458534240234,18.2237963184317,18.2240831059376,18.1767013608192,17.8640718976841
ABM_Disadvantage Zone Home to Work Commute Time_Mode_Bike_Disadvantage Zone_0_CommuteTime,26.5588172043011,25.1466666666667,27.0191447368421,28.0546896551724,26.54,27.1110576923077,25.7868253968254,26.8672180451128,27.1435294117647,26.2864122137405,27.6258227848101,24.9326923076923,27.0580597014925,25.8625,27.0987804878049,27.0678260869565,25.0831578947368,25.8903539823009,26.3278321678322,27.9659731543624,25.40928,25.5143801652893,25.8359090909091,25.4490243902439,26.0186607142857,26.1254782608696,25.6452173913043,25.9038461538462,26.8821917808219,26.7443356643357,27.0172448979592,27.108734939759,25.7812658227848,26.8913445378151,26.0942281879195,26.9858083832335,25.0789830508475,26.9813698630137,26.2677319587629,26.1339316239316,27.8078571428571,26.0423703703704,27.20453125,26.9552631578947,26.0748979591837,26.3635087719298,26.62375,25.5003649635036,26.1622580645161,25.3038596491228,27.0423134328358,26.0287704918033,25.813984962406,27.5097674418605,26.6835869565217,26.7782051282051,25.4644047619048,26.8401739130435,26.6442580645161,26.7705833333333,25.1836024844721,25.4260317460317,26.5901923076923,27.5160330578512,26.4056756756757,26.730380952381,26.572,26.493738317757,25.6146875,27.0766666666667,27.852972972973,27.3034166666667,27.2006896551724,26.1771428571429,26.8085,26.7730061349693,27.1316363636364,26.360202020202,27.6763157894737,27.1072571428571,25.5715625,27.6815254237288,25.5884347826087,25.5912941176471,26.177868852459,26.4066141732283,26.9701449275362,25.5526732673267,27.46,25.9768361581921,26.518,28.1363636363636,27.3121052631579,25.72336,26.2238666666667,26.58904,25.7011904761905,26.265701754386,25.2149056603774,26.4908759124088,26.8444186046512,25.1092073170732,26.5449206349206,26.2591954022989,27.87,27.0894488188976,27.1557264957265,26.0396478873239,26.5743356643357,27.4579166666667,26.9288235294118,25.4163309352518,27.8498181818182,26.3155140186916,26.9225531914894,26.2192105263158,26.8359663865546,25.812523364486,27.0481666666667,26.246
ABM_Disadvantage Zone Home to Work Commute Time_Mode_Bike_Disadvantage Zone_1_CommuteTime,25.5541297935103,26.0963983050847,25.8073364485981,24.5723255813953,24.7952547770701,25.3732091690544,26.2616040955631,26.3682175226586,25.213608815427,26.1724159021407,25.7764583333333,25.8529921259843,25.8952866242038,25.4770336391437,26.1099710982659,25.4959654178674,25.4590571428571,26.5619205298013,24.8836363636364,26.4156812339332,26.1731793478261,25.216262295082,25.7119169329073,25.9037837837838,25.711419939577,25.5199682539683,26.523686440678,25.1688075880759,24.9881366459627,26.5517329545455,25.8954676258993,25.2091379310345,26.2006060606061,26.0008358208955,25.643918128655,26.159821958457,25.2258112094395,25.9467696629213,24.1743262411348,25.524046997389,26.3560983606557,25.8618541033435,26.5228189910979,26.3077322404372,25.5749529780564,25.0639627659574,26.3911945392491,25.7492682926829,26.0768992248062,24.8123,25.1239612188366,26.6521476510067,25.5973178807947,26.2645328719723,25.8042647058824,25.1110335195531,25.6539240506329,24.9826642335766,26.5461559888579,26.028765060241,25.5985754985755,26.349226519337,25.8469696969697,26.0513851351351,26.3611153846154,25.7145879120879,26.0684870848708,25.7794285714286,25.2344387755102,26.6244871794872,25.0322598870057,25.8213779527559,25.9641032608696,26.6172380952381,24.7984639498433,25.5739772727273,25.1201557632399,26.1326279863481,25.9651651651652,25.4073766233766,25.5633418367347,25.7816369047619,24.9661514195584,25.7110691823899,25.5584857142857,25.8245031055901,26.8710580204778,26.50276816609,26.647962962963,25.6033743842365,25.8856267409471,26.0235514018692,26.0611111111111,25.3007911392405,25.1880877742947,26.0648175182482,25.4691379310345,26.3782132564842,26.4645619335347,25.0452417302799,25.2841329479769,25.1703263403263,26.6254929577465,25.609176201373,26.1064556962025,26.2091935483871,25.35039408867,25.8277950310559,25.7718300653595,25.9684121621622,26.2507352941176,25.5142735042735,24.8823024054983,24.9953448275862,25.9636554621849,24.2673633440514,26.4233442622951,26.3521739130435,26.2569552238806,24.8850689655172
ABM_Disadvantage Zone Home to Work Commute Time_Mode_Taxi_Disadvantage Zone_0_CommuteTime,3.445,1.91,6.66076923076923,4.58047619047619,4.36555555555556,5.54428571428571,3.43857142857143,3.88916666666667,3.77375,4.57153846153846,2.745,5.10142857142857,2.77166666666667,2.29,4.77733333333333,4.93909090909091,3.487,4.53083333333333,4.45,4.44333333333333,3.91333333333333,2.98833333333333,3.21,2.90166666666667,4.5075,5.345,5.28142857142857,5.62,4.735,6.55545454545455,6.055,5.6,3.2,1.555,3.59636363636364,7.03555555555556,2.94066666666667,4.14333333333333,3.395,2.54,5.40166666666667,4.455,3.52333333333333,3.004,5.52714285714286,3.186,6.17611111111111,5.40875,4.84846153846154,2.882,4.264,4.5325,3.35142857142857,4.67,2.47714285714286,4.32,4.01714285714286,4.09666666666667,6.9564,3.451,8.53111111111111,2.26,3.73666666666667,2.85,4.16666666666667,4.75944444444445,1.94333333333333,3.87636363636364,3.62285714285714,4.94333333333333,3.226,4.89,1.94,4.15444444444444,5.49142857142857,4.15555555555556,2.27,6.34428571428571,3.85714285714286,4.32818181818182,2.845,4.05615384615385,3.79375,3.435,6.34384615384615,3.12666666666667,4.06125,2.33714285714286,4.47125,3.246,5.28666666666667,3.0,3.87333333333333,4.6925,6.42421052631579,4.74636363636364,2.53333333333333,4.90363636363636,6.1875,5.327,4.242,5.46461538461538,4.0725,4.95111111111111,4.712,3.30666666666667,7.32923076923077,1.874,4.32647058823529,5.035,5.94142857142857,3.734,2.77333333333333,4.33,2.4,3.42777777777778,2.7425,3.16,2.786,5.31
ABM_Disadvantage Zone Home to Work Commute Time_Mode_Taxi_Disadvantage Zone_1_CommuteTime,3.6275,3.2325,5.024,6.56428571428571,4.03954545454545,5.19969696969697,4.86823529411765,5.1575,3.942,5.22590909090909,3.27230769230769,3.926,3.42111111111111,5.38333333333333,5.53606060606061,3.7075,3.52958333333333,5.13,3.45208333333333,4.409375,3.52,3.93277777777778,4.57903225806452,2.4225,4.0478947368421,3.89533333333333,5.39125,4.56307692307692,3.33235294117647,5.53809523809524,5.48882352941176,5.79538461538462,6.165,3.83714285714286,4.74884615384615,3.92071428571429,4.915625,4.347,4.84888888888889,3.5,3.8955,5.46571428571429,4.82,2.962,4.92903225806452,5.425,5.977,3.991,4.64125,2.43272727272727,3.595,6.10212121212121,4.42857142857143,3.542,3.97,3.71,4.53733333333333,4.70444444444444,6.23741935483871,5.21882352941176,4.94,3.185,3.31153846153846,3.68363636363636,2.118,5.95068965517241,3.61,4.01272727272727,3.54181818181818,3.79166666666667,3.01222222222222,5.68809523809524,4.92347826086957,3.59,4.24681818181818,3.36833333333333,4.11923076923077,4.57653846153846,3.661,5.52264705882353,3.4325,4.61484848484849,3.52304347826087,4.27954545454545,4.62666666666667,2.74636363636364,4.82315789473684,4.45923076923077,3.9425,6.00217391304348,4.97181818181818,3.90428571428571,2.79,4.43965517241379,5.46891891891892,5.97861111111111,3.31375,5.94066666666667,5.20384615384615,4.72052631578947,4.749,6.17607142857143,2.970625,4.4345,3.4975,3.672,6.52268292682927,4.10411764705882,4.96366666666667,3.554,5.0335,4.25538461538462,3.34181818181818,4.70823529411765,3.562,4.48866666666667,1.76833333333333,4.0325,3.87181818181818,4.20421052631579
ABM_Disadvantage Zone Home to Work Commute Time_Mode_Transit_Disadvantage Zone_0_CommuteTime,62.6664071856287,67.8456657223796,64.3163310185185,63.0078676122931,61.9134627329193,61.2352660152009,66.3381065088757,63.498173043778,63.8520958429561,62.6987520966119,67.2935334872979,69.1899081163859,72.370831758034,67.4882002074689,66.0707991681521,62.7975803858521,66.4787664945496,65.1418333333333,64.4898536330371,62.8636846011132,57.3086699681641,67.1885754583921,65.2350625,71.717731092437,65.7540211883924,66.5308362369338,70.0557651245552,61.5997311190194,67.3360183684495,64.9184519230769,67.8366636528029,63.3305842696629,70.3105438596491,62.4860719936709,63.5676550387597,63.7641138872748,64.1191763341067,60.0842723196086,64.7394055784179,57.0473987730061,64.8010147299509,63.0213691507799,61.1064723320158,68.0689358372457,66.7792446043165,60.0464503996239,70.7582875605816,64.3408217869087,72.1070961145194,65.8535814606742,60.2132682004412,63.3075838926175,64.3279153702551,61.7390429302875,66.5554178674352,64.463431372549,64.9840303030303,68.297824933687,60.9876089015152,61.8629337349398,63.9988884138521,63.0810987726476,61.3407295029051,70.3302810810811,66.7235759897829,65.1031884057971,64.1982308743169,64.3159507042254,64.9422166730695,65.390826848249,54.5685490519373,69.1806442577031,66.7647890451517,63.8460025542784,63.1549535728704,63.8679914326511,70.4379433962264,67.9860771276596,63.4594268009295,65.3383931529542,63.4639650872818,65.6597970479705,63.539144265233,62.0214972477064,65.2042431886983,65.1666885964912,70.0613843888071,68.9087323943662,68.0530016051364,61.6154005934718,61.2371515151515,75.4135918367347,71.4688543247345,64.0098102123814,63.8445278875714,69.5777412935323,67.5571361502347,61.090247108307,66.8450071462601,60.9295929768555,65.8282244143033,65.4473497688752,62.5994414019715,63.4854615384615,67.4822169167804,61.4477308488613,61.2742103158737,64.3221730950141,65.6728928571429,67.8431960049938,62.6483960092095,67.0890802805924,65.000957011259,70.5305236486487,69.4972540250447,64.1175246376812,63.6848595848596,67.3239742765273,65.0799862574439,65.7863175303197
ABM_Disadvantage Zone Home to Work Commute Time_Mode_Transit_Disadvantage Zone_1_CommuteTime,56.1527705410822,63.6614306192661,55.4521062476618,61.1611740445422,53.95689590301,56.2103129890454,61.3206368821293,57.7478677758319,62.0367957629924,54.5935512073272,65.7812456052235,66.7445963464938,68.3455344070278,58.7150917301722,57.26670809724,58.4525119047619,64.2120288362513,61.7556600189934,62.6794553450609,59.441642599278,48.0792267907939,64.1438615976079,60.0423021060276,68.4055167597765,62.386408839779,62.8954866905046,68.2118894952251,54.1786573799644,59.0619662610619,63.0581420263238,64.5297128463476,61.1783369983507,67.2514029363785,58.122186997473,56.4361090752317,57.880103820598,59.0312586872587,58.5156315660884,59.4350885072655,49.3632580136626,58.1782374768089,59.5877967586509,53.6471226581831,61.8855456570156,62.7375709969789,52.0160069225928,61.0218059011731,59.7474323947589,68.3429769033362,63.4323061307349,53.1470413961039,57.1875772357724,56.8118170266836,54.3405987170349,59.6834696406444,62.3414500875657,55.4927123442809,61.5596526772793,55.3790349417637,53.7233674272227,60.3618572505655,57.1984525416104,57.1543093922652,67.1731611669058,57.2173463485177,63.1357789572276,61.2731656686627,60.333287037037,58.2559990608124,64.8328633641807,49.1344226579521,65.6160476448295,64.2736745301879,58.5254791514265,60.8219542421354,62.0745918645919,64.0046437659033,65.4558598312784,57.0820543478261,62.8416933932008,57.7939516824849,62.044375,61.0858021744895,54.3780109239873,61.9227361563518,62.7233569739953,66.7634146341463,59.842392578125,57.1033520900322,57.7643356374808,55.4141841004184,70.6119426048565,62.5359335038363,58.61829261886,61.7018957345972,66.2971210526316,60.0501270136307,55.6764759036145,61.161520110957,54.1506439393939,64.0189498719356,62.7965219976219,55.0681926366679,57.3768927203065,63.7290072347267,55.1005125872005,54.0423083598496,60.1639302481556,64.2304204594712,66.2414443155452,61.0763382250175,65.1388998109641,58.0849476831091,66.9795919828203,63.5740389500423,62.6678791092259,53.8798546168959,61.9273588039867,62.7804873183243,58.1140362340362
ABM_Disadvantage Zone Home to Work Commute Time_Mode_Walk_Disadvantage Zone_0_CommuteTime,18.7692893401015,20.1054787234043,21.3847058823529,22.1468965517241,21.9019105691057,21.7614814814815,18.5210900473934,22.9507627118644,20.5521991701245,18.6156637168142,19.0991812865497,20.4945212765957,17.2562612612613,18.4628125,22.0123109243697,19.73,24.2982113821138,20.0821,21.0380737704918,21.6625912408759,21.9728909952607,19.4098728813559,18.9848936170213,18.2858585858586,21.0801357466063,21.5534684684685,16.8912574850299,22.9643223443223,20.3585840707965,21.3478884462151,19.1404484304933,21.8475793650794,20.5311578947368,20.8799572649573,19.8919502074689,20.4939163498099,21.4602790697674,20.8012977099237,19.7186956521739,20.3804621848739,19.1204081632653,21.5924812030075,21.3186243386243,19.0222869955157,20.3068724279835,19.4931578947368,19.655,21.3054166666667,18.7131,19.8070984455959,19.9079439252336,21.361724137931,21.2490521327014,19.9897663551402,18.327277486911,20.6839565217391,20.3067391304348,18.7924468085106,20.3572426470588,20.1152884615385,22.729496124031,21.8129464285714,20.6277380952381,18.6292626728111,17.9932142857143,19.7024696356275,22.36608040201,20.6176119402985,21.3133969465649,22.0545454545455,18.6573381294964,20.7899468085106,21.5543127962085,18.4316509433962,19.8434722222222,23.1922177419355,19.7305970149254,20.1643062200957,21.4584978540773,23.85804,18.9590948275862,19.6330927835052,19.5052466367713,19.1388936170213,21.1669483568075,19.6048717948718,18.4086666666667,22.4548908296943,20.0242245989305,20.5511956521739,19.5989024390244,19.6917647058824,17.1593396226415,20.5608407079646,21.2027645051195,18.477963800905,18.1985652173913,22.9387922705314,21.0523970037453,21.1941984732824,21.05,19.306837944664,19.2465447154472,23.2190068493151,18.4944827586207,21.3555319148936,19.7874660633484,20.5141463414634,20.0771573604061,18.9048717948718,21.0479007633588,19.4166228070175,16.2443016759777,18.8326114649682,18.1257073170732,19.7370833333333,17.6426570048309,20.568023255814,20.8021100917431,21.5547798742138
ABM_Disadvantage Zone Home to Work Commute Time_Mode_Walk_Disadvantage Zone_1_CommuteTime,24.4281632653061,22.9274103585657,22.5331005110733,25.0371239669421,23.7777676950998,23.2123719165085,22.8324948024948,23.9742831215971,23.9979082568807,23.1848653500898,22.7693052109181,20.6714598540146,21.29875,23.6699411764706,24.1816638370119,24.7499201596806,24.0690294627383,23.2194078947368,24.2833514492754,24.6424838709677,24.8297900763359,22.5878598484849,23.7208501118568,19.7119337016575,25.4959548611111,22.4264935064935,21.2610781671159,24.6162764227642,23.0555831739962,24.5909793814433,22.4287956989247,23.8732678571429,21.7889763779528,23.2223461538462,22.9973673870334,24.1519298245614,23.573599137931,25.0564346349745,23.6809745762712,24.3051118760757,22.0815170940171,24.5964115646258,24.4541682242991,23.3240308370044,22.6384029038113,23.9219925512104,22.6684716157205,22.8244466800805,22.1289227166276,23.4287473460722,23.8793198529412,23.3117557251908,23.3978079331942,23.4457411273486,21.5166987951807,23.9589694656489,23.103,21.7130626450116,25.9004258943782,23.442628458498,23.7691570881226,26.1331976744186,23.0650371747212,22.629067961165,21.7766590389016,25.8386988847584,25.2419168591224,23.8467835051546,23.601403812825,24.0845833333333,24.6693406593407,23.2969326683292,23.2184645669291,21.3266326530612,24.8463333333333,23.3856774193548,22.6331203931204,21.9266592427617,24.2497708333333,24.4519529837251,25.0267472118959,21.9435585585586,23.0450294695481,23.9326483050847,22.286047008547,20.6708450704225,22.4655701754386,22.8662972292191,19.4109536082474,24.7511093502377,24.4913133640553,19.8999459459459,21.319410430839,23.9086693548387,24.5525474683544,23.6761669829222,22.4618344519016,24.8599644128114,23.3272386587771,26.5445499181669,25.3115187376726,23.9626245847176,22.9465306122449,25.0965793304221,23.1557459677419,25.1128869565217,24.1923962264151,23.4309737827715,22.7040127388535,21.1018292682927,23.568957952468,21.7287474332649,23.5488842105263,21.6408556149733,20.2755643044619,24.3120841683367,22.2670891089109,21.7511486486486,23.6523689320388,22.7365509259259
ABM_Disadvantage Zone Work to Home Commute Time_Mode_Auto_Disadvantage Zone_0_CommuteTime,24.8472331815883,30.5272251744374,25.8731540371202,23.0671363571052,22.9848372161749,22.9989404104183,29.6232535940196,22.8167028290858,24.2422618883529,23.0731901928798,24.885699670985,24.8477153861747,29.5030229722288,27.1604383845357,27.6353120654722,23.0767412675173,24.8161833660773,25.8727386946497,23.3807470480312,22.4436383178826,21.8970128224621,25.6000589121191,25.7021856964772,27.3338600157912,23.7970859155558,25.6719895594258,27.5983696857671,23.8827223840466,27.7960123839009,23.147765658797,26.7027853287064,23.8555107442466,26.4778915040776,21.0377369742624,24.7344281717234,26.79291614024,27.1963866811679,20.2083226372409,23.3786106796636,22.6081823926887,22.9808734079681,22.5595198228128,23.3081291950543,28.7758400736766,25.4758213461942,25.0904532322138,26.2053567964528,23.7916123540856,27.6563033379215,23.4903298969072,22.2415670886076,26.7311845579532,26.3232813022101,25.0326787139169,26.9693678563098,22.5122304085733,24.0816391026691,28.5760759902246,23.7161680056502,22.9878700882117,23.5289833362879,23.482893475299,24.8887846153846,27.9858987838368,27.1810514573246,22.8823370049215,23.4681858275225,24.466078163017,24.2333676617564,24.7182338844956,19.3193606101647,26.6990581641092,24.9663289504037,25.0699979854956,23.6343212425508,23.7763518234492,26.251070646482,24.6566052327625,26.3694190536051,24.6791959798995,25.8039721599724,27.1016016028956,24.2989915104021,23.4901256359672,25.0593471712322,26.778124197552,27.0168217843702,27.2529203778677,25.6678123772102,23.6055066677642,24.5868275823624,27.0972191998459,28.6459421449324,25.1864611185641,23.5519840374073,29.2829180620674,25.9703751387347,21.2131584694029,27.8309538038136,22.5471622483374,24.2842724762484,24.5846245510937,26.0614512684719,24.0725421712343,26.1717827165204,24.0353514309764,24.1899162684869,27.397649568928,25.6102991415169,24.7533802599805,23.6869541569542,26.4870398553771,24.7237037803175,25.7309592594476,26.5677827652543,24.9581375622349,25.60108099446,25.9425902852593,25.0681764757477,25.0973827160494
ABM_Disadvantage Zone Work to Home Commute Time_Mode_Auto_Disadvantage Zone_1_CommuteTime,20.4609398822735,24.3930940733772,21.0801722519287,18.8960161374039,18.736891798419,18.9446058820735,23.1183404806214,18.7347758480455,19.8303804450311,18.6508333744267,20.232869963906,20.389128830874,23.3086097249144,21.6021854925681,22.3835975169012,18.9061636071823,20.115980473347,20.9395917711347,19.1694223339385,18.4635387154449,17.8681909892262,20.5024834628191,20.5184093950441,21.8184721833939,19.4012155841864,20.3365717450501,22.1821183745583,19.5087241490489,22.1003963226885,18.9781883468835,21.0711524540321,19.5421501722158,21.6814709838586,17.5304520623465,19.8283401583402,21.530954660659,21.7678716604883,16.3795881093936,18.9482062032734,18.4301250295998,18.4789245927833,18.3868686540869,19.0004783432988,22.7418894874306,20.8102608695652,20.1256471883313,21.2275498026687,19.231345629745,22.3133042486956,19.0853323684998,18.4489523426503,21.3956163049527,21.2725245786517,19.9575053698986,21.8640865713894,18.4254863756226,19.6346269134354,22.7798573046433,19.3240217981187,18.9514959105648,19.0102533394749,19.2827182731312,19.7319341300976,22.551736216997,21.7908986079846,18.8841562904449,19.1243368115942,19.953747177245,19.5617462357694,19.9441195697391,15.2977365738347,21.2743345572457,20.2956500457457,20.3784595760471,19.4966779598088,19.5091534368071,20.9515669283799,19.9257020402025,21.3684783472388,20.0147749552468,20.7556022469019,21.8459064630253,19.6537320866419,19.0080889517523,20.2118361608398,21.4897902588855,21.4011048472806,21.8835902036422,20.5695457450469,19.1665789361612,20.1710285687435,21.7143477234083,22.6102336864595,20.1230943359087,18.7260095986038,23.2810160130329,20.805176099767,17.5476399177938,21.9929935219911,18.4905457825891,19.6913109981516,19.9520290964778,20.7462440460726,19.6733480863261,21.2573718391599,19.6601021959459,19.5972072915274,21.5914731369151,20.3356690962794,20.2441126959327,19.3427607034997,21.483362792753,20.0422834765033,20.7052421694449,21.1386649874055,20.0385904467257,20.682918640482,20.8197949971789,20.4864745868136,20.1925886138357
ABM_Disadvantage Zone Work to Home Commute Time_Mode_Bike_Disadvantage Zone_0_CommuteTime,26.3734666666667,27.0533333333333,27.904380952381,28.7738461538462,27.4066279069767,28.1632183908046,26.8685,29.6842708333333,28.9882608695652,27.2767961165049,28.8288524590164,25.7821276595745,28.0289189189189,26.7269892473118,28.508202247191,28.9384146341463,25.8021359223301,27.7041975308642,28.0092380952381,28.8781739130435,26.8531914893617,26.5453608247423,27.0687777777778,26.0884042553191,27.6187209302326,27.7608888888889,26.907972972973,26.18,27.8199193548387,27.02375,28.7344871794872,27.9490151515152,27.4916176470588,27.566,26.8933333333333,28.0791044776119,26.3436170212766,27.647027027027,28.9353521126761,27.0847777777778,28.0624742268041,28.0013265306122,27.710404040404,27.7348148148148,27.081592920354,27.1696385542169,26.4500877192982,26.551,28.0702777777778,27.6861728395062,28.2341237113402,29.0563440860215,26.8495283018868,28.3027619047619,26.284,28.3401204819277,27.733125,26.5744444444444,27.5387179487179,28.0376041666667,26.2935087719298,26.4458888888889,28.0600840336134,27.5711881188119,28.5755681818182,27.5232911392405,27.3589473684211,27.4276829268293,26.9965040650407,27.8890588235294,28.505,28.85,27.5757777777778,26.5694186046512,28.3783823529412,28.2386776859504,28.4934939759036,27.2572727272727,28.0749152542373,26.819609375,26.4764285714286,27.2215555555556,27.5775510204082,26.6832258064516,28.1931868131868,26.9467391304348,28.326,25.98825,28.0426829268293,27.204,28.0143243243243,28.0856060606061,27.2841758241758,26.738640776699,27.0875652173913,27.5509803921569,26.1836274509804,27.96425,26.3048245614035,29.3447311827957,27.6792156862745,25.6790697674419,27.6148351648352,27.2088721804511,27.7850632911392,28.5115841584158,29.136170212766,27.6464285714286,27.375,27.745,28.6725581395349,26.4943220338983,27.8067045454545,27.148488372093,27.7543037974684,27.3998795180723,27.7128125,27.3811494252874,28.5514893617021,26.722625
ABM_Disadvantage Zone Work to Home Commute Time_Mode_Bike_Disadvantage Zone_1_CommuteTime,27.08375,26.6454945054945,27.1183128834356,25.7878346456693,26.0389189189189,26.5372440944882,27.4046956521739,26.9860317460317,26.2674906367041,26.6801556420233,27.1320224719101,27.1811111111111,26.4267322834646,26.6794736842105,26.6069879518072,26.5990376569038,27.4717716535433,27.0482470119522,25.6058052434457,27.4483219178082,26.9525614035088,26.2758577405858,26.4420600858369,26.7448484848485,26.8397872340426,26.4461403508772,27.6528191489362,26.5337591240876,26.0948582995951,26.8504074074074,26.9786222222222,26.7823505976096,26.841320754717,27.0106048387097,27.1217213114754,26.975162601626,26.8197276264591,27.1969795918367,25.574898989899,26.2994584837545,27.3968674698795,26.69768,27.3658113207547,27.4524381625442,26.9632051282051,26.3030633802817,26.8092477876106,26.4980630630631,27.6258208955224,25.8691509433962,26.5949248120301,27.523125,26.8992990654206,26.987,26.4666666666667,25.6848920863309,27.0809836065574,25.8880769230769,26.96524,26.6975097276265,26.8652964426877,27.5806498194946,26.6381494661922,27.0543243243243,26.5494088669951,27.3715849056604,26.67505,26.7430324909747,26.1285053380783,26.8690395480226,26.1635114503817,26.5398564593301,26.965523465704,27.4627091633466,25.7992488262911,26.8975098814229,26.0772549019608,26.9947807017544,27.0936032388664,26.3077852348993,27.6009122807018,26.5244,26.1062231759657,27.2362831858407,27.02108,27.5875494071146,27.9218264840183,27.7255508474576,26.4461403508772,27.4776388888889,26.74964,27.0636094674556,27.0641592920354,26.1876209677419,26.2852320675105,26.4979357798165,26.1597767857143,27.5512915129151,27.7393827160494,26.6122222222222,26.42609375,26.7953511705686,27.0090942028986,27.0221451104101,26.5840650406504,27.2782962962963,26.2659677419355,27.1608583690987,26.7591629955947,27.0541850220264,27.791914893617,26.5909352517986,26.578,26.7606603773585,27.0996195652174,25.2206779661017,27.6396356275304,27.3686341463415,27.0985258964143,26.1704587155963
ABM_Disadvantage Zone Work to Home Commute Time_Mode_Taxi_Disadvantage Zone_1_CommuteTime,3.57428571428571,3.38636363636364,5.35625,5.926,4.06666666666667,4.50125,4.70181818181818,5.304375,5.255,5.13214285714286,3.975,4.06133333333333,2.5675,4.29461538461538,5.36190476190476,3.41533333333333,3.73176470588235,5.65333333333333,3.68842105263158,4.51875,3.72,3.30285714285714,4.34846153846154,2.8225,4.20538461538462,3.93384615384615,4.79083333333333,4.53090909090909,3.56866666666667,5.30222222222222,6.32818181818182,6.56578947368421,4.77833333333333,4.47666666666667,6.23444444444444,7.02,4.75454545454545,4.055,5.45266666666667,2.59833333333333,3.8625,4.4775,3.90666666666667,4.43,4.38181818181818,6.48666666666667,6.95322580645161,4.36470588235294,5.41533333333333,2.9425,3.74125,5.35375,4.92166666666667,3.26777777777778,3.28,3.33833333333333,4.621,5.87666666666667,6.36444444444444,5.18235294117647,4.14409090909091,3.225,2.68777777777778,4.18222222222222,1.555,6.24272727272727,3.21,4.88875,2.48,4.552,2.24333333333333,5.31263157894737,4.76176470588235,3.87235294117647,4.27176470588235,2.73,3.64,5.0052380952381,4.54571428571429,5.14157894736842,3.32,5.14166666666667,3.55684210526316,4.53117647058824,5.03346153846154,2.70444444444444,5.67333333333333,3.12,4.65625,5.95533333333333,4.9075,3.74333333333333,2.57,4.37590909090909,5.18444444444444,6.56434782608696,3.01142857142857,5.75714285714286,3.85769230769231,4.51642857142857,3.97818181818182,5.844,2.73846153846154,4.42,3.63125,3.2,5.36875,4.15666666666667,3.73142857142857,1.80666666666667,5.08933333333333,4.48363636363636,3.23333333333333,4.40444444444444,2.1425,4.665,1.504,4.2325,3.26333333333333,4.249
ABM_Disadvantage Zone Work to Home Commute Time_Mode_Transit_Disadvantage Zone_0_CommuteTime,71.81336,78.1657411273486,71.7189655172414,71.0548314606742,69.1193224932249,67.5395890410959,72.4886516853933,69.6580740740741,71.2997959183674,69.8092357723577,75.0470261437908,75.6630909090909,79.2610843373494,76.2717696969697,74.9263385354142,70.0349373433584,77.3798333333333,77.2213829787234,72.1959523809524,69.3158808933002,62.1319194312796,77.5677570093458,69.2266949152542,76.6863043478261,75.5453846153846,74.670281124498,78.893557312253,62.7565714285714,74.8069030390738,75.1821317829457,74.8914022140221,72.7845584045584,79.1528491620112,72.2323094688222,71.6427450980392,70.413982300885,66.2727464788732,66.1593575418994,72.9689791183295,63.7784868421053,69.5461589403973,70.353137254902,64.7905214723926,77.0622340425532,73.9821836734694,65.5709784735812,76.3186746987952,71.5917161016949,82.2165284974093,77.9323305084746,68.3762373371925,68.633125,69.2222932330827,68.1776470588235,71.153375,75.4103703703704,72.6453708133971,74.0371241830065,62.0142160278746,68.7739194139194,70.4219726027397,66.60368,68.0695918367347,79.7712292358804,70.5641522491349,79.5934659090909,75.5974285714286,70.7362068965517,71.8217345399698,77.4416216216216,59.3694054054054,77.0409964412811,76.0441114982578,70.1994318181818,71.8504324324324,71.6123714285714,76.5182070240296,79.7128140703518,66.7809049773756,72.2633142857143,64.7781065088757,74.2449673202614,71.3300932400932,69.0416557377049,71.8813698630137,72.4935211267606,79.6619178082192,74.5480821917808,73.8971957671958,61.2453987730061,68.3072380952381,79.8754658385093,78.415422818792,71.4542669172932,71.6474056603774,75.3669339622642,74.6758387096774,65.5854761904762,74.25085,62.4034642857143,78.8671226415094,74.0309863945578,65.438640776699,64.5021081081081,77.6112727272727,65.7563445378151,68.4997039473684,68.0934666666667,72.7957227138643,78.0114462809917,69.6796073298429,74.2956107660455,72.4403343949045,79.1053456221198,76.8233878504673,73.484612244898,70.6748223350254,76.6978695652174,73.3907807807808,74.2954530201342
ABM_Disadvantage Zone Work to Home Commute Time_Mode_Transit_Disadvantage Zone_1_CommuteTime,58.766612244898,69.6653305203938,58.4867128027682,67.8664186046512,60.0992490372272,60.1149893390192,66.3576190476191,63.7451249053747,69.733539140022,61.2112853628536,70.8047517730496,71.2853240279162,72.3110810810811,63.5899835345774,64.2595461346633,65.3903187919463,71.5826674786845,63.8627799227799,69.1474592833876,66.435998240985,50.6942330558859,72.3316086956522,63.2459430604982,71.3692643923241,70.8291273247496,70.372294654498,72.9490767386091,57.2652547770701,63.8147447795824,69.9450065876153,69.4061405835544,68.5206666666667,70.7965454545455,64.3659175084175,62.3012714429869,60.9878378378378,64.7187951807229,65.4109971236817,66.6905734144222,52.8369634025717,60.2227956989247,68.0841398713826,56.9021306376361,62.9821224489796,68.3856913407821,56.5533010752688,64.4587657563025,66.2695811051693,72.8937375415282,70.5327372764787,59.2407262210797,60.3193967517401,59.9556917688266,60.4463123515439,63.9086666666667,71.3206965944272,60.7197154017857,64.2051014492754,58.0720769230769,56.2981014729951,68.1397134935305,61.3702826855124,60.5978142076503,72.707550802139,61.4468014059754,70.8603965517241,69.2537009345794,62.9465779467681,63.9937133333333,71.9829783393502,52.1313986928105,70.4119585492228,70.5098937300744,63.5457345971564,68.2065088207985,69.1447774480712,67.7932795304475,71.3761157024793,59.8541086956522,69.9474543610548,62.590278372591,63.1060981912145,67.7483026755853,60.2282052937379,67.6220307167235,66.4431876606684,71.3048087431694,61.4865048543689,60.9081420765027,62.1553943217666,59.2407509881423,73.0672089041096,66.1603828306264,64.555,69.4685714285714,72.3910900473934,64.7816762635957,60.555208913649,67.0035067712046,55.917796327212,72.1283994126285,70.5184705882353,56.5548474576271,63.4827807486631,71.003595505618,57.1107554671968,54.588934169279,62.736657223796,69.8997742238946,72.0226330150068,68.413452685422,69.4985511575803,63.6124412171508,70.6170451237263,68.1888554720134,69.4996621621622,57.0404330708661,68.3213972201902,70.1324048096192,62.9973459383754
ABM_Disadvantage Zone Work to Home Commute Time_Mode_Walk_Disadvantage Zone_0_CommuteTime,16.2772727272727,17.4306569343066,19.4202173913043,19.8023312883436,19.1732911392405,18.5126315789474,16.1663522012579,16.9660305343511,17.992514619883,16.4730379746835,18.2812837837838,18.7677300613497,16.9864210526316,17.6643406593407,19.5152201257862,16.4290789473684,21.5736257309942,19.2385802469136,18.8315584415584,18.9603428571429,17.4589830508475,17.7973913043478,17.3222754491018,17.5818823529412,17.1894890510949,19.6027710843373,16.8144137931034,20.3819889502762,18.3324705882353,18.8424203821656,17.1297142857143,19.7237869822485,19.3412820512821,17.0003184713376,17.1027011494253,19.2581420765027,19.4236904761905,18.4608227848101,17.460534351145,18.2895238095238,17.8374683544304,18.4987027027027,19.052421875,17.4926035502959,17.9366129032258,18.8429166666667,18.7516022099447,19.5275568181818,17.4489820359281,17.7400763358779,15.7754929577465,17.598961038961,19.2767532467532,18.4585987261146,17.4869540229885,18.5656774193548,19.3617948717949,17.6413414634146,16.7621084337349,16.1851034482759,18.7830113636364,19.7187857142857,17.9074157303371,18.4263483146067,17.0023129251701,17.2222159090909,20.4735820895522,17.9527814569536,20.9347802197802,21.8337704918033,17.1032456140351,19.8166883116883,19.842582781457,16.2082352941176,18.1263333333333,19.9449397590361,19.1740853658537,17.4127272727273,18.6025433526012,22.4727222222222,17.1701212121212,18.3168862275449,18.5048076923077,17.6613580246914,17.6077483443709,19.5108374384236,16.9877514792899,21.6376020408163,19.2260625,17.9978531073446,18.3651818181818,19.7120149253731,15.7317582417582,19.1370322580645,17.0524705882353,18.05,15.4810526315789,17.8534146341463,18.9522815533981,17.7258181818182,17.3611258278146,17.206091954023,18.2502272727273,20.2432203389831,17.7284563758389,19.7865605095541,17.6265942028986,19.7898701298701,17.9584516129032,18.438152866242,18.1775609756098,18.3382513661202,13.6288372093023,19.2347101449275,16.2677714285714,18.031472392638,17.210875,19.2026119402985,17.6802631578947,19.2330701754386
ABM_Disadvantage Zone Work to Home Commute Time_Mode_Walk_Disadvantage Zone_1_CommuteTime,21.3205537459283,19.9152542372881,20.9026894865526,20.2453887399464,20.6553714285714,20.0382686567164,19.5597159090909,19.3143209876543,20.7402601156069,19.6819692307692,21.9102547770701,20.4265352112676,20.3524093264249,21.3685907859079,21.6867138810198,20.5641638225256,20.1835294117647,21.8380289855072,20.1391950464396,20.3169168900804,22.2684431137725,19.5009269662921,20.8436129032258,19.243619047619,22.6986503067485,19.3674267100977,20.0969102990033,19.8864896755162,21.19125,20.9717759562842,20.3768373493976,20.4558888888889,19.6163879598662,18.9849169435216,20.5532122905028,21.472380952381,20.1698245614035,20.5847005988024,21.3572448979592,20.2594017094017,20.0646703296703,20.3360674157303,20.2641744548287,21.2227844311377,19.721575,20.8578347578348,22.3134739454094,19.3782972136223,20.6289807162534,19.8907961783439,20.3864457831325,19.4667462686567,21.5111041009464,21.52078125,19.4715606936416,20.4659402985075,20.7139492753623,19.9107629427793,22.4716285714286,20.3352647058824,19.3797133757962,21.786393442623,18.896581920904,20.9781025641026,19.0446268656716,22.074,22.2746153846154,20.9036931818182,19.3954278074866,20.2939463601533,20.6397435897436,21.0859868421053,20.8265782493369,19.811280653951,20.364701986755,19.71609375,21.3630973451327,19.7050453172205,19.6881957186544,21.0831733333333,21.6435714285714,19.8529362880886,20.2906984126984,21.152614379085,20.363198757764,20.6479781420765,20.3708771929825,21.7592441860465,18.9721114369501,21.6520435967302,21.5268055555556,19.6142367601246,20.8523398328691,19.8620754716981,19.7043965517241,20.0771428571429,20.10575,20.6782874617737,20.9508309455587,21.9048876404494,22.362078313253,20.6515915119363,19.8036458333333,20.1415012106538,20.3125449101796,22.313893557423,21.0036795252226,21.1290932642487,21.4539516129032,19.6886217948718,20.342084592145,20.2187804878049,21.8730116959064,20.6558745874587,19.2055183946488,20.3335185185185,20.6311299435028,19.9461959654179,19.7747891566265,19.9022397476341
ABM_Disadvantage Zone Average Travel Time per Household_Mode_Auto_Disadvantage Zone_0_Average Travel Time per Household,21.1043483798761,22.8283749370549,21.0328499670774,19.4225729580383,19.5359496737232,19.9452895768766,23.6118061037685,19.6441872714812,19.8633735649496,19.3367649747362,20.8588861688594,20.9315784541585,23.0572890029558,21.5487959077374,21.530889754403,19.8248619738568,20.7759657357604,21.117898754131,19.6387924787204,19.3562278135362,19.6589493095791,20.9991210783175,21.2485200317471,22.2300620527975,20.7413494436261,21.1437596069086,23.1386075324307,19.7827418983199,22.162834003624,19.79237258425,21.2715373482972,20.0110033593184,21.9470183288728,18.454606871552,20.6890245402614,22.0858310109999,22.3760273042353,17.974481548928,19.8793546838994,19.158128614211,20.2065491287012,19.6642488709835,19.4351437652622,23.042046579832,21.1937012472437,20.2224954468849,21.7556406129416,19.7428773761962,22.4897183194808,20.0856297822965,19.0335770428363,21.4827948588126,16.9006411095844,19.9621409493372,22.1945731465761,19.1485285847419,20.3554008803446,22.7331940482354,19.8414990279694,19.2988026173857,19.3809805419237,19.975313935744,19.9530035766723,23.0426147271186,22.3114859163132,20.2885420417272,14.2935926039177,20.1319348509544,19.9778010013385,16.5228354063111,10.8438661500506,21.3965495560696,21.0072992746718,20.5342994237156,20.8080308906379,19.9850542764224,21.6154379280771,20.3111128431987,21.5940649765419,20.3400615259895,21.6163489485382,21.8379016203471,20.5290432556259,19.5812189136683,20.828196873793,21.464859361746,21.3769598246532,22.4348778105353,21.01162202434,20.1583363642289,21.2450778683791,22.7058476074704,22.9368431974201,20.1771349322317,20.1656719507759,23.5876041500499,21.4576248654808,19.2227446222781,22.5124947008345,19.5583404655339,20.4454004484863,20.3731078054303,21.3600962567213,20.0948944097703,21.6635049029092,21.0223980604737,20.8065821936704,21.7104401757394,20.5052360899898,20.7340106994634,19.8369319045185,21.1640372027522,20.4385921352287,20.910323873814,21.6982406650263,20.5231053399257,21.0900508133496,21.8086760830275,21.9158088106481,20.7336585927407
ABM_Disadvantage Zone Average Travel Time per Household_Mode_Bike_Disadvantage Zone_0_Average Travel Time per Household,0.467129797834267,0.420013883893245,0.447503935032766,0.474179977551373,0.441938844110576,0.469024728097794,0.412711683450617,0.449811049275737,0.467439100311276,0.444376610476917,0.411232089652171,0.42602434805583,0.448579918332768,0.444365342217592,0.437662026224202,0.440335957134051,0.457571857957246,0.4430555248275,0.451576259800033,0.472530839484121,0.480799875783796,0.43175144353671,0.423355671348218,0.398637654411041,0.445077403783051,0.425880148682936,0.399314917127072,0.448554465195996,0.434380986053324,0.483847391926186,0.432200467183027,0.484384181403193,0.406827821726173,0.47141724194094,0.464211437389738,0.443111126059465,0.428566944065397,0.450090777899945,0.453091005374187,0.469231661828571,0.426042267749317,0.474224178823224,0.453123221830303,0.437558866555076,0.453680850330761,0.439802924866804,0.456452398996044,0.457600111493078,0.402891104568891,0.445990782288362,0.469695721802791,0.438073146760119,0.352529979004706,0.425296394736413,0.424585243350311,0.454028134841571,0.426886014950534,0.429083750410309,0.451463940800201,0.453964357216908,0.443663140407493,0.458627602190287,0.428545921861016,0.43223455906024,0.416837379160577,0.451080688620978,0.340087354707679,0.450918335818071,0.459999431775134,0.36736626856496,0.252457791433964,0.42786390012536,0.437694306842972,0.420395951357687,0.440988289409828,0.467174042868307,0.443922006473771,0.436980568745423,0.45385062059955,0.482646606184235,0.467305794308273,0.423779447916457,0.443705991397677,0.445264084707059,0.449006093187139,0.427133703502185,0.430413615532143,0.407928568891415,0.435458816651576,0.453408910181202,0.473836732808205,0.422908903377905,0.434088113429627,0.42941216343679,0.438845538312318,0.416322288845724,0.432738718073797,0.470176584381872,0.432677907226474,0.464207834663898,0.452939309940911,0.465163070382846,0.430954723562944,0.453195760880194,0.429096696050585,0.462778437898994,0.446615733259764,0.420289728278333,0.432622528807713,0.415175445611061,0.433945483554586,0.454826885003647,0.443563400777762,0.440727102774497,0.407106387347778,0.411412361120982,0.450627681141564,0.437597275412629,0.450510036544675,0.426420327362806
ABM_Disadvantage Zone Average Travel Time per Household_Mode_SchoolBus_Disadvantage Zone_0_Average Travel Time per Household,1.02053295581253,1.07211074742824,1.17728605023046,0.893579620675761,0.778519770254372,0.841416892052975,1.25819443005222,0.754763273375745,1.00754121899789,0.909669735269984,1.12482487194938,1.26051676663763,1.35661189999346,1.23107259736814,0.958243057428765,0.74705324260673,0.963170246931603,1.11488167010053,0.825420874338029,0.774048604053531,0.769493946587032,1.04287584690466,1.10467842230581,1.31080512571714,0.777068719100468,0.956612335052773,1.24511262218445,0.809116493117478,1.20664951480216,0.942473098574155,1.16513838101762,0.923794201112097,1.1385235168472,0.754270393525189,1.1127409737287,1.00655327272844,1.11556950023383,0.828087101429357,0.835267612975827,0.883511155704996,1.18852889405894,0.791808603268462,0.917841815574247,1.29983588398295,1.14172446940463,1.05428968005871,1.21906052937128,0.965891665892409,1.28314809453327,0.933828879999351,0.838337424240662,1.06526723518881,0.891528783225898,1.0171508797104,1.30082940718732,0.914516156243975,1.01575135797844,1.22965165189554,0.908027906685062,0.92474436838151,0.84616821656578,0.814762446854522,1.00512980167463,1.20004254019145,1.11117918236843,0.723341813822274,0.5853923977999,1.05340464401307,1.00509940778342,0.819461400628266,0.618617826476253,1.22082773304729,1.08141565007836,1.16850817216904,0.770933935391303,0.933752154164832,1.24743187324372,1.22175749431934,1.06690541548167,1.06217120504599,0.93299977463125,1.29754486264896,0.899083135149703,0.835259729685719,1.00390744346263,1.34706976319783,1.27059173329348,1.26055830639719,1.31615418891654,0.868407248077174,0.839720865768867,1.23158757873798,1.31991342418408,1.00635023356791,0.780604388942774,1.17037268498969,1.15913081039214,0.738752004761826,1.09756602557917,0.753133409566035,0.964680704259817,1.03374319314,0.942329770435632,0.887760603700294,0.913375306673684,0.78245747138313,0.810240649509321,1.12562057589341,1.25353528258995,1.18831411481532,0.836724212954649,1.30079419760844,1.01246692866128,1.22504489882121,1.19819383889905,0.922706444527921,1.09370911317451,1.08793052381824,0.860308694536225,1.02226813222422
ABM_Disadvantage Zone Average Travel Time per Household_Mode_Taxi_Disadvantage Zone_0_Average Travel Time per Household,0.021890360273452,0.0285157182936479,0.0403347443012573,0.0421485206930294,0.0335131570293832,0.0346973931915523,0.0351020696541784,0.0350613748981869,0.030350570673093,0.034873213180359,0.0244327692410699,0.0235156478985456,0.0281903949118386,0.0325671970359596,0.0390957716270716,0.0251801887239793,0.033066488495615,0.0389498956014325,0.0278797267068316,0.0304611636366125,0.0206616214468635,0.0338982820572409,0.0385650643569481,0.0291535509874503,0.0333001793813531,0.0293464788354734,0.0335999028595714,0.0313575344757384,0.0329111554464009,0.0352643530710054,0.0349747967051302,0.0434254888282345,0.0276013744543973,0.0216187445448129,0.0354458902520321,0.035497940330444,0.0358183582864062,0.0250093801539307,0.0314492100069918,0.0230241036756765,0.0317899699235461,0.0315754248026252,0.0223419899996124,0.0266797012364086,0.0368234909040794,0.0348239235620311,0.0560746292523865,0.0323341447551798,0.0403010360924513,0.0238318822469795,0.0224977024999128,0.0410868766690824,0.0221651281389194,0.0283869095178306,0.0311509974533107,0.021570313002121,0.0207869038091508,0.0380367433817583,0.0537031543960868,0.027420599111029,0.0386491690376622,0.0230577520992974,0.038963816051392,0.0313273196722927,0.0286243561179596,0.0445082041806305,0.017039339818873,0.0326222606734282,0.0283264514988509,0.0205116469115255,0.0178862220676239,0.0424117631854427,0.0328944612016349,0.0368047551605131,0.0366492097989154,0.0263432604073888,0.0287835792286016,0.0351677398899349,0.0325322837139633,0.0376358135963539,0.0265531403969599,0.0322013008326133,0.0242726812515251,0.0298741588181608,0.0376550688538029,0.0317659284693191,0.0396049092131809,0.029546442652648,0.0310059317139944,0.037853148220571,0.0252465870504262,0.023606586363134,0.0289427885236867,0.0370188037358077,0.0456847114451988,0.0453701983378531,0.024851218958179,0.0354755212380748,0.0351853696343031,0.0334067949995089,0.0315285438638014,0.0387072072228011,0.0301545680660243,0.0401991091509284,0.0233761580075691,0.0278120179782578,0.0416219997635282,0.0314753649838227,0.0473870972799247,0.0235928366372658,0.0352883991103866,0.0275548552717582,0.0260045136519473,0.0413408634027675,0.021757648206343,0.0294925056939128,0.0207700406581467,0.0330941025661441,0.032125987459921,0.0253335664126954
ABM_Disadvantage Zone Average Travel Time per Household_Mode_Transit_Disadvantage Zone_0_Average Travel Time per Household,1.16728707032995,1.40874670886987,1.21348120277177,1.55424437345306,2.07671878082822,1.47561396874461,0.579707874483057,1.95387054758394,1.27492562840981,1.94958109606,0.848668524656021,0.708887824733629,0.565898386277912,1.39447459370567,2.0648199964473,1.8413016659554,1.37830591520405,0.65020585876464,1.44963219056195,1.81202741591642,2.07749372538009,1.10917542322887,0.776216743158839,0.505399577267438,1.586079934081,1.10916384283047,0.626123854046506,1.56156184800689,1.32103643561106,1.59732786473792,0.949782250557634,1.47570562618101,0.63197117698211,1.9597446659233,1.76392806237639,1.22364917068671,0.731656640592467,1.59981033534909,1.77528039683755,1.66124742457549,0.575444986109729,1.85817472952338,1.49915884336602,0.598298074353312,1.25565090959206,1.42408088235294,1.15876709471533,1.58392325559788,0.461727948471886,1.23860306229258,2.1549901701895,0.897009236002873,1.02648834499909,1.61938757806513,0.422792020373514,1.36375538273668,1.660002383912,0.474686862329066,1.38155985827167,1.4270198066761,1.52054221008612,1.39944912315062,1.06777682583867,0.826422222076224,0.817411284232357,1.58340876088582,1.32749257258482,0.773703353236982,1.63223867969796,0.850934339458552,0.67876144188713,0.671496310273079,1.13641982406263,0.767561535456144,1.91235220391197,1.46233526824258,1.0205148979729,0.725549835053259,0.974210871874732,1.2676539385531,1.30609626354155,0.532023692301509,1.58713053169056,1.89988737536118,1.57023304667239,0.499128999226092,0.611531233654636,0.611884062089298,0.662120053043212,1.3323970147308,1.43569781247834,0.370160533392272,1.07986855443901,1.44835508078157,1.46351691319108,0.776257385668753,1.33737999396758,1.48702071725005,1.39900378800848,1.73017373339133,1.36637035016427,1.38386913519558,1.31436285825355,1.37229317768764,1.16855993003583,1.66552429205075,1.79226989319355,0.783508203188379,0.874459669201223,0.762503378567487,1.70980740009117,0.970496184049738,1.51273038945664,0.667568814874494,0.97895820117267,1.21792095190716,1.27959804811027,1.3358697659976,1.67293791479428,1.55795775578683
ABM_Disadvantage Zone Average Travel Time per Household_Mode_Walk_Disadvantage Zone_0_Average Travel Time per Household,4.29369448376953,4.162909646788,4.18328200545574,4.3341379943015,4.31601372335528,4.31086794965596,4.12165848664977,4.17117518308414,4.30025223416006,4.14456907596413,4.26254243245958,4.2927997787291,4.25573611080829,4.19981310952339,4.16152312216689,4.19702593769264,4.26790151183378,4.33139620984803,4.22673663371997,4.22808454723702,4.15258450530471,4.09876519065411,4.20810176334587,4.33798961149995,4.26304729542505,4.19566456512923,4.28830336146358,4.20533162677508,4.26793483133298,4.16930408869801,4.17960767163707,4.26539637925079,4.29349295465482,4.16341151216742,4.24268141856928,4.17582031224975,4.30247621610194,4.1671464059923,4.2646450099499,4.28460608451222,4.26524757589904,4.2922294746418,4.19526450637622,4.12074265398844,4.33966476019846,4.21178264651517,4.47425791380161,4.18266635696367,4.21733055740798,4.29354597901672,4.19481862351632,4.25259508185329,3.34472200448187,4.18844740489507,4.30800569468025,4.241681783855,4.27817098608817,4.40193682764315,4.27153850495422,4.28353380649981,4.14815845251962,4.20633906202822,4.04345927593884,4.28325897285969,4.33558459417115,4.14403684462505,2.92487446063942,4.31887476150382,4.32967598555446,3.42934459413868,2.49779517009038,4.24075235535107,4.33685383967175,4.24782627629094,4.11951887409533,4.28297621119517,4.32775579892578,4.33424781266278,4.35185737757923,4.34805390691681,4.228759927882,4.2283045971237,4.2560952301176,4.29391323282702,4.27734962124496,4.14154859226566,4.17929848813171,4.39962128369978,4.4356860326672,4.13306156302959,4.20482261902012,4.35881519136553,4.1774327634184,4.10106859318896,4.07363230480116,4.14007738335413,4.19850459320273,4.1423576412427,4.17685153310072,4.30173579055182,4.22085721850267,4.05681277976065,4.10974621664299,4.25564910257577,4.27025064043526,4.1621667269386,4.16547991959957,4.09796515752603,4.21580804264326,4.36318488960681,4.01223442831291,4.22002908142483,4.21936977415297,4.45360665034456,4.28500291517394,4.16488918444217,4.18728303521093,4.29943227147145,4.17376051626992,4.25098336751357
ABM_Disadvantage Zone Average Travel Time per Household_Mode_Auto_Disadvantage Zone_1_Average Travel Time per Household,18.9490717516227,21.0208388809541,19.4039807638093,17.2320123377349,17.4950764126958,17.7814175060064,21.6523069255899,17.6736454604782,18.0010103013916,17.2795752696204,19.0540355155434,19.3785335333846,21.2098712090497,19.4046384786796,19.8119751210198,17.6580582398313,18.5754842223712,19.47469975284,17.8544060885252,17.0950910549964,17.2471985561437,19.1795260132384,19.2176666078397,20.4741411293429,18.5042723599872,19.4056905781166,20.9862505176508,17.9654006266542,19.834955923694,17.6817407777587,19.2240837427763,17.8479342253532,20.0252915105449,16.4937003826994,18.4748419014496,19.9674382638879,20.3753342721831,15.977829982682,17.969299806461,17.2910761359052,18.1646689091822,17.3374650311792,17.536926598107,20.8173594046865,19.1966280907162,18.5499193679563,19.7873287098519,17.5677778136293,20.7748610786384,17.7787000946074,16.9828825462063,19.4773554821351,15.7593053237787,18.5225699432087,20.4314870938438,17.1548911505021,18.3440806725448,20.870229725482,17.8387552283754,17.7716550885799,17.6746312612478,18.0423472683784,18.4933547196615,20.7834364746895,20.1858733591734,18.1441730422759,16.331781121627,18.3071343867093,17.9388656666351,14.8532927613876,9.67149027212105,19.7213099164364,18.7425439505755,18.9118459781298,18.3028099518321,17.7426736801518,19.3361579748225,18.3944779169926,19.738188256374,18.3454819915059,19.1394103870491,20.347773821393,18.3743827083392,17.5403963082723,18.4139029482658,19.9117052821934,19.6925868241967,20.621358713642,19.2955065626039,18.0528377659574,19.0507717601883,20.4726370958403,20.7259630162172,18.5275014967689,18.2154441581301,21.4701688008447,19.2330614955289,17.0142076805177,20.325371597172,17.43530939433,18.1586377782998,18.5307117427813,19.3606381887138,18.3567364062412,19.4423751712933,18.7337120540392,18.1787777782423,20.1105172678434,18.9842202241403,18.7190676162272,18.0183820025379,19.4966572755122,18.5398920380162,18.8743098244081,19.2746894641743,18.7041148102361,18.9712975392415,19.1650603574155,19.013017679059,18.5285591273406
ABM_Disadvantage Zone Average Travel Time per Household_Mode_Bike_Disadvantage Zone_1_Average Travel Time per Household,0.631350226135921,0.546079587176322,0.610310803240936,0.622095488365462,0.597214742411122,0.636679646947657,0.529673351979444,0.616929974093777,0.624771903113668,0.590786633449486,0.58511358055272,0.598918490434517,0.555339053317116,0.590351059410054,0.603650884264527,0.638803438476959,0.614331226457256,0.574285692183324,0.644720422849338,0.624642196070119,0.678650832030812,0.588485765884885,0.587719669784497,0.535284377166628,0.6088470788953,0.583062327335906,0.523730762404604,0.595941887441864,0.569823291079778,0.657954860051103,0.57436639869192,0.596769400685059,0.570986532491168,0.662027964851517,0.609079063364208,0.578474467208895,0.574318586283479,0.639883648583849,0.62969575151975,0.651739731779002,0.610449373987092,0.593838734185578,0.63000831152076,0.589411811272958,0.595273593282066,0.623534293791875,0.551983670257243,0.622673068856479,0.541062655469657,0.607455524019762,0.644285163840357,0.570142543943703,0.471998371199314,0.570963283205107,0.534083716465217,0.655348200444834,0.594345793786909,0.533186781523171,0.586894399546086,0.65995420128322,0.597857116076785,0.668600977922655,0.63579052207347,0.527278825872979,0.529124068966355,0.64398013994218,0.49740396619709,0.640296912210545,0.608061059294533,0.496823329947842,0.333497646757946,0.521933985910662,0.62318926106869,0.603624780557964,0.636310510923792,0.59408474396873,0.576496225034507,0.59513084330342,0.561895557916637,0.611750851441454,0.665592283671625,0.557218344965105,0.622807698971348,0.607833506653884,0.625167382613046,0.568051337329132,0.561770865679236,0.52936274032564,0.538030905854508,0.640963487841945,0.637191699896618,0.511960771003127,0.567567964674084,0.548371476799116,0.567970047621001,0.538235547821948,0.571902307864665,0.655330040871935,0.561121638924456,0.619085698377711,0.63642283106555,0.663633257357884,0.610904261826678,0.659582804765579,0.597270343899497,0.641820559738187,0.64766121310694,0.563595932463546,0.571790698819457,0.604103035452878,0.611737134583179,0.562897054826221,0.615398991788088,0.588755621270356,0.545398310580692,0.597492327683928,0.592571777241772,0.594177438356619,0.621288853625494,0.607473269190907
ABM_Disadvantage Zone Average Travel Time per Household_Mode_SchoolBus_Disadvantage Zone_1_Average Travel Time per Household,1.19318926528289,1.23910568318446,1.35666797251136,1.07536722293077,0.976949383755827,1.09863723998831,1.40399663460445,0.935630312258983,1.12327578254201,1.07283284140142,1.32120546143301,1.45886060023887,1.53987117252362,1.37915783510216,1.19175337023394,0.94920838861151,1.19173665645151,1.36020708834712,0.988742346908565,0.987827550050912,0.930579917271872,1.24926535680021,1.30834252995274,1.4860513442724,0.970946846281135,1.2072222700486,1.32178274722581,0.967928083621669,1.37201495878627,1.11716451366033,1.26256758814713,1.08626818056312,1.35606055026228,0.98520992880508,1.27957032618015,1.18178247856334,1.21259607889279,1.01134426307467,1.04366845995788,1.10215235413734,1.33022391136621,0.942281314115622,1.14431872407819,1.4459730050665,1.37155197971377,1.18042593238062,1.50419212040726,1.12268827439339,1.41574052425614,1.20086593083149,1.0307782054416,1.2227231680861,1.07279437482049,1.23053397794978,1.42864750147765,1.10986166340905,1.34375567546084,1.42348438809723,1.03935702802773,1.15124290012884,1.06952785692861,0.983736172554664,1.16422229428205,1.41391284128193,1.38636533375455,0.907352997863158,0.827884887165689,1.32811306722587,1.17140046963079,0.959837294088608,0.682836448722989,1.39887364449487,1.33483974610464,1.33211290424924,0.980688757956305,1.136765379643,1.50946061230938,1.29650755487473,1.26279008296282,1.26228824660254,1.12402604979867,1.44726222875774,1.02989439499736,1.04939001998603,1.20350050233389,1.53272274999408,1.40587385378592,1.46100612569951,1.50259926060677,1.01225117781155,1.05485053037608,1.32764729841431,1.51912246998554,1.19420818027664,0.946042422592566,1.34652820535701,1.37920082292791,0.930620103882834,1.25511956057823,0.954954923690613,1.168925263829,1.25704256614041,1.13332678214129,1.07780278933203,1.17573883824169,0.947598784439536,1.00113454390373,1.33865337682272,1.39201321056997,1.33192988507681,0.995376405678803,1.50179586544325,1.19109878946563,1.41111359356939,1.32618587691141,1.10363484120182,1.21306695933135,1.29641763183221,1.05788433700363,1.20864558142749
ABM_Disadvantage Zone Average Travel Time per Household_Mode_Taxi_Disadvantage Zone_1_Average Travel Time per Household,0.0161405422983283,0.024126501892243,0.0414574325140683,0.043666642263485,0.0279239866668248,0.0379291437675583,0.0291435295722764,0.0337260268554591,0.0216392225393099,0.0335501467720249,0.0196133691506763,0.0217906432102281,0.0210645890633618,0.029258752879858,0.0406306532178743,0.0279898971721289,0.0326460049160442,0.0309810974831455,0.0274899833812947,0.0224305684360344,0.016650460704139,0.0241153160852354,0.0339889405259133,0.0223526692858794,0.0305758089167447,0.0273535534564123,0.0175765489380763,0.0295197708318962,0.0243457916486227,0.0279303120151554,0.0358059681155471,0.0380857144989291,0.0203951611176534,0.0169636328651145,0.0311000680296754,0.0237764924769455,0.0300657439955288,0.0233664237394933,0.0286310736727229,0.0178189549424947,0.027538403758935,0.0243915553646997,0.0181553799522811,0.0195503483217226,0.0314725579015486,0.0266032686572944,0.0553051611218942,0.0202538558337636,0.0346810500454192,0.0188240092504993,0.0266053206166645,0.0408928639872443,0.0202552636075754,0.0235331101968714,0.0228948506281512,0.0166256234413965,0.0205783678001028,0.0347474479104299,0.0570637079820471,0.0225924213824364,0.0335813587282544,0.016767986791694,0.0297659857012708,0.020802708284509,0.0155258137811205,0.0425171994804542,0.0209692996732605,0.0252421707997041,0.0213139088012018,0.0183643220452145,0.0173802098641494,0.0315436833555089,0.0321253618669651,0.0296693246473064,0.0341480302769654,0.0228321072964943,0.0233523190261587,0.04257652152187,0.021556006382325,0.0379297150300172,0.0214593228695867,0.0370826901534778,0.0210122527589861,0.031460767268414,0.0371276424209599,0.0192542228329108,0.0372054262550834,0.0185579488058196,0.0208207656045224,0.0383358662613982,0.0214739763871876,0.0158571559775903,0.0186003598591992,0.0323301312135223,0.0469459909978781,0.0464772676571633,0.0193999144480883,0.0385110269073569,0.0214576258605652,0.0269915567725057,0.024522591144741,0.0336876732817019,0.0242505791490554,0.0370133443752235,0.0206792651004784,0.0203077995776169,0.0374042003420147,0.0257385648503454,0.0406340543345289,0.0215478033349599,0.0326473501437999,0.0213766061078011,0.0215313599809579,0.0289155696424852,0.0174247572122542,0.0315986855357587,0.0167083413529462,0.0179051621146252,0.0238335577154385,0.0218186450632212
ABM_Disadvantage Zone Average Travel Time per Household_Mode_Transit_Disadvantage Zone_1_Average Travel Time per Household,1.77544621730443,2.79254399767605,2.05910929187826,2.74453563956244,3.19750916359237,2.18197284734257,1.11338832419977,3.20193735044594,2.3548038910535,3.2523362391637,1.89678387023758,1.68612513973129,1.42146396519795,2.70726906371568,3.64477167267748,3.13656290412358,2.37289823150099,1.19558500330707,2.45955824244362,3.15633319580136,2.678453165344,2.04556110067482,1.3719514481244,1.53502935058932,2.67129134430451,2.10565786487396,1.51492114804391,2.39100943612012,2.60046337005747,2.68465271011153,1.83406394524018,2.7016976858727,1.39914150519216,3.31042738331944,3.18946848293824,1.9024579723787,1.33862915680016,2.93808995042383,2.92594130736898,2.53706356458956,1.18281989524949,3.12489137735496,2.23035830511138,1.12139241608613,2.58837273698626,2.30857476472639,2.4220969114993,2.7414538832602,1.33033433881558,2.18870480395249,3.35838823680514,1.6354783788549,1.7054788419518,2.85722454656037,1.01423640063628,2.43715959257262,2.71759563502521,0.918620337384744,2.18482341730256,2.05945786304044,2.83104315386923,1.93498334144741,1.82933432158243,1.81718651130771,1.39185388593901,2.69059823186827,1.88874747116823,1.35288845269155,2.88461605495555,1.64110033868403,1.18460548364564,1.71905905234313,2.21688499134823,1.38752727426553,3.19758708928264,2.71135931321776,2.16787824489049,1.55566515255154,1.62752810777392,2.38571843947294,1.92958899663078,1.16423740361926,2.80132100939204,3.05708675235201,2.68386681330131,1.05988466671405,1.54030558226366,1.1879553092641,1.34415198638578,2.11884654255319,2.12394598069622,1.11379535752934,2.34408644477968,2.79196522860972,2.60909609597291,1.67067866119365,2.58446202106207,2.23059285592643,2.58052645252278,2.4714847343091,2.33110707514722,2.59987302951109,2.04960913851825,2.10523366772694,2.18561448136083,2.43122128359316,2.61438681947226,1.47389884881044,2.01794414292261,1.71316867459743,3.13438535985775,2.2235342819991,2.7196549892038,1.42620915005984,2.09725504031847,2.31426450433086,1.9619505882642,2.52901171473136,2.83366778224666,2.68567703655082
ABM_Disadvantage Zone Average Travel Time per Household_Mode_Walk_Disadvantage Zone_1_Average Travel Time per Household,5.02307720284627,5.17834200779491,5.45193321153586,5.31628419174736,5.26605382300724,5.13998716096255,5.16941905238344,5.2737607530603,5.3684874542025,5.19323867513516,5.02393237697042,5.00337497290382,5.26101663032322,5.33373184273143,5.27061576440184,5.17164637591392,5.11506795473409,5.19340237567543,5.2194532801219,5.41995529580098,5.17803663180802,5.09849032112422,5.18799631350864,5.09531900469918,5.19082793265642,5.27020934910039,4.90830751417729,5.54188101557196,5.29214465542678,5.094123526386,5.18599913435874,5.325165742558,4.92215685686757,5.15058093344451,5.15932099138157,5.31148280654793,5.25998804988896,5.21912328256829,5.05981976144395,5.18380971786576,5.02898878606157,5.51454178090488,5.23085782337398,5.09718571880937,5.30472362262788,5.2661965454475,5.45945717604416,5.12807889939339,5.17980904780704,5.10504105960265,5.21133653459727,5.26500647752796,4.31958389232464,5.34374067359319,5.13493008421629,5.08160018029251,5.149714272137,5.21921925517902,5.52602108808403,5.16860677735403,5.36059301889622,5.03789488389814,5.3755924090116,5.17990867412702,5.13946452655496,5.06421833493946,4.56131709387271,5.15166800777027,5.4825301723195,4.06380074696621,3.12262292015772,5.27843140211152,5.13392232817256,4.94115015122993,5.01414734216412,5.45160090421792,5.01741015748424,5.14420787476397,5.40743470518767,5.29576386198346,5.04780503739009,5.17470880793912,5.09232991792545,5.18475626797524,5.10159250178814,5.16729872939913,5.29524787405581,5.16375988659862,5.27660583299102,5.25853651215805,4.88595654478007,5.03186856848503,5.23575362216356,5.29513490233341,5.36076752971185,5.22485651928196,5.04167298800236,5.05811358991826,5.29519545732895,5.44171122178917,5.12407097797091,5.13760021002637,5.21035001519403,5.40412907718658,5.02072952480983,5.15192780796079,5.08125843016085,5.26820890253262,5.39651885574042,5.04334888357928,5.21951088145558,5.40264786476738,5.04769084618393,5.03272332934416,5.12533949496886,5.23434973912151,5.0571070014292,4.9715080642485,4.99241851553301,4.92748160367581
ABM_Disadvantage Zone Average Travel Time per Person_Mode_Auto_Disadvantage Zone_0_Average Travel Time per Person,8.87810131074332,9.73359936814177,8.90760670061681,8.14100463231036,8.21887636805214,8.37970341946614,10.1507784602508,8.31134755606024,8.36245032198064,8.24802430626446,8.84741365324984,8.8888002475343,9.77125302763313,9.10957991560644,9.2099738134805,8.40557938914672,8.72346253404603,8.91361471959378,8.31195168762109,8.14648853774522,8.26989420394373,8.96543965135626,9.02975789090866,9.41259836321089,8.7256248514121,9.0536260981011,9.81175416464999,8.31729894857813,9.37644586575921,8.35401123606842,9.09975628044804,8.38121515515124,9.30643964643843,7.80854734368236,8.75330799592981,9.3128091241359,9.43517457581791,7.6946622981202,8.39965929789845,8.11562442307724,8.52439531152135,8.25451653642104,8.22442941593292,9.8009639702165,8.8729478839108,8.59168211320145,9.11444717111932,8.3420717796517,9.61289773841223,8.44899233220185,8.06780627272309,9.14418307180889,7.17570068598993,8.56978804755665,9.43326831864314,8.10961245980844,8.55884418422744,9.53651352287504,8.37088175454007,8.1727795819047,8.24106396194626,8.4346661601308,8.63262315096147,9.65809391827794,9.41853123384224,8.62409935516857,6.08681850771798,8.45937712298332,8.42456071991959,6.97459956105442,4.63578906133824,9.08598680952008,8.83689690014676,8.72265490397432,8.76945479638677,8.40659272593122,9.11159119155274,8.61154441476721,9.06593169487088,8.53035340831507,9.10749886219643,9.28464304988544,8.71230926764277,8.25615883285618,8.77147380336674,9.21995948513753,9.15151676063284,9.43421114344096,8.8478785558923,8.5713350359461,9.08937036993114,9.58301234264642,9.7898028699075,8.70420537131775,8.6852055032362,10.0427247158092,9.10957193534924,8.09582324933629,9.59041635506335,8.20329371886577,8.62997521080971,8.71551327904129,9.11538837823514,8.46688782113666,9.1325875046493,8.90193359970123,8.82372798352671,9.3446124384486,8.81037421944993,8.79339165410436,8.5093045080759,8.96556823775535,8.6369859777367,8.78024747052573,9.26092113891502,8.82356618337104,8.97323588326961,9.16114434691287,9.22247046882983,8.72668529405431
ABM_Disadvantage Zone Average Travel Time per Person_Mode_Bike_Disadvantage Zone_0_Average Travel Time per Person,0.19651048190591,0.179086198038479,0.189522059848751,0.198753347568037,0.185925986842105,0.197053449773515,0.17742585417876,0.190312580175525,0.196791156452999,0.189547170332665,0.174426399146605,0.180915421106331,0.190099880544611,0.187851869496034,0.187212690541756,0.18669884564478,0.19212637382499,0.18700848477774,0.191125806680914,0.198874858504017,0.202257203240452,0.184333501244066,0.179908963462204,0.168790178116098,0.187238466128095,0.182359225627932,0.169326516111094,0.188586678273932,0.183773871165488,0.204223446758995,0.184891145913163,0.202874786895755,0.172511751375618,0.199466934080206,0.196402961328515,0.186844195978746,0.180711431913405,0.192678522048657,0.191445353061075,0.198772438138468,0.179731466594347,0.199066404811587,0.191749544005144,0.18611622327457,0.189937873236592,0.186853641917565,0.191229086322805,0.193352412807588,0.172209848648123,0.187605404492139,0.199091010696699,0.186466476040229,0.14967773090818,0.182580614450679,0.18045972311379,0.192285908711999,0.179492946754755,0.179999474757111,0.190467023663379,0.192247711069518,0.188651771758767,0.19365756797315,0.18540945136865,0.181167025338329,0.175962994566235,0.191741953062192,0.144823632674977,0.189474498233451,0.19397996525536,0.155072210820467,0.107926550529557,0.181691246180674,0.184119786783633,0.178577741127414,0.185852610948179,0.19651394768309,0.1871271753726,0.185271856111101,0.190542111015227,0.202415617908269,0.196887411472334,0.180174861769493,0.188304139302898,0.18773964083215,0.189091989470225,0.183469892565211,0.184260879416743,0.171540236718209,0.183369314437624,0.192789702841876,0.202723547828562,0.178488877004184,0.185275585749485,0.185243924474379,0.189007521977176,0.177254549183384,0.183713924827054,0.198018888453671,0.184322587659978,0.194701243751085,0.191185055369298,0.198994427141878,0.183909268549063,0.190951870168654,0.180892387552284,0.195963510618516,0.18940235867505,0.180901197342404,0.185882589102275,0.176077863146846,0.186146440248106,0.192675028625239,0.187442013980572,0.185061362639817,0.173755107917722,0.176879869633854,0.191729669795511,0.18382096146546,0.189580751677576,0.179478020400399
ABM_Disadvantage Zone Average Travel Time per Person_Mode_SchoolBus_Disadvantage Zone_0_Average Travel Time per Person,0.429314130413777,0.457128311696279,0.498591542562727,0.374545424387184,0.327527345671422,0.353508229617644,0.540901143404836,0.319336188404323,0.424173334084856,0.38801620110617,0.477100783284256,0.535290817739724,0.574907055787647,0.520426025456555,0.409894508147933,0.316744466969357,0.40441824316997,0.47057833645828,0.349352356408151,0.325775153161301,0.323701609309767,0.445249133733266,0.469443457042134,0.555017892055812,0.326903037098276,0.409615440367065,0.527980732593943,0.340178514791965,0.510498064130114,0.397801265192738,0.498434839318505,0.386913030774948,0.482780860562276,0.319148281985811,0.470788965607513,0.424427701974429,0.470395966319361,0.354494263524843,0.352927118768508,0.374266446253105,0.501396357566718,0.332379703503676,0.388405937118637,0.552886854992387,0.477993984940715,0.447923047384772,0.510721012128768,0.408123773181954,0.548462690406502,0.392813824222597,0.355348020749098,0.453432557680931,0.378526687827594,0.436664958614742,0.552886183200713,0.387307650431262,0.427093411422302,0.515835547870921,0.383085684502392,0.39161662214117,0.359802559019155,0.344037108059261,0.434867199933858,0.5029864751181,0.469071216268941,0.30747264427977,0.249284933462368,0.442637392420635,0.423846497913325,0.345910068373607,0.264461190634862,0.518421189832327,0.454906577042468,0.496364318450174,0.324906779163636,0.392777220339372,0.52583201442085,0.518003075834852,0.44792361383334,0.445460587599543,0.393095726115129,0.551666597842137,0.381561392472561,0.352176083898442,0.422780132850442,0.578616818821193,0.543942713956309,0.530084153860861,0.55422529545185,0.369247210505019,0.359261284125139,0.51979204529731,0.563359661871872,0.434128985005497,0.336200526877818,0.498301167659248,0.492094794551732,0.311131723027375,0.467567690847084,0.315884396176061,0.407190389109012,0.442230150302783,0.40213778695829,0.374053691961692,0.385047569641564,0.331331584284815,0.343609682066916,0.484489856001227,0.538599745373957,0.503969616449645,0.358923504480522,0.551046051857163,0.427850539210918,0.514396498067894,0.511395316444404,0.396702216660968,0.465343111169004,0.457005667385193,0.362029601462072,0.430267154065365
ABM_Disadvantage Zone Average Travel Time per Person_Mode_Taxi_Disadvantage Zone_0_Average Travel Time per Person,0.0092087579648606,0.0121585780122538,0.0170821376640795,0.0176666244450878,0.0140991607230694,0.0145775704711199,0.0150904734262997,0.0148342748185471,0.0127775444925106,0.014875037801046,0.0103632962191847,0.0099861507014056,0.0119465684624573,0.0137675202501617,0.0167234627556211,0.010676194146129,0.0138840368333619,0.0164402891974115,0.0117998569261506,0.0128202417745108,0.0086916864557068,0.0144726534475126,0.0163885858248133,0.0123441250705698,0.0140089666564924,0.0125659793533313,0.0142477885219397,0.013183712847571,0.013923745824758,0.0148844612000834,0.0149618770267387,0.0181879118478868,0.0117041195149805,0.0091473631199031,0.0149967821809178,0.0149682184216995,0.0151033272732675,0.0107062189274262,0.0132882909655382,0.0097533001198863,0.0134110118874662,0.0132545040437516,0.0094545284553912,0.0113482450288531,0.0154165104001385,0.0147952107080576,0.0234922636870988,0.0136623325638731,0.0172260823014941,0.0100248482397172,0.0095361531330743,0.0174886891850016,0.0094109048384739,0.0121865584713775,0.0132399805767736,0.0091352647964478,0.0087402784067416,0.0159563111482093,0.0226566931592092,0.0116122495774077,0.0164341671685015,0.0097362395397759,0.0168576093921167,0.0131305496006422,0.0120834351040917,0.018919209383525,0.0072560742314975,0.0137077736285102,0.0119451540545398,0.0086583519128311,0.0076464197789245,0.01801004035074,0.0138373314162854,0.0156340945199062,0.0154456512653241,0.0110811338440713,0.0121331896135225,0.0149104855242122,0.0136581723890035,0.0157839636018874,0.0111874903818763,0.0136907652195953,0.0103010697179104,0.0125960391581415,0.0158578513548952,0.0136446537365561,0.0169549362229597,0.0124247335277107,0.0130564274381063,0.0160951781784722,0.0108013527509626,0.0099631695057811,0.0123532341270129,0.0159695254752076,0.0196760667448193,0.0193169433109958,0.0105502807603293,0.0149408190799495,0.014989113773662,0.0140117077964685,0.0133081546953842,0.0165587490022022,0.0128684157597485,0.0169377027194058,0.0098545830641635,0.011776997876453,0.0176512029042189,0.0135476335233964,0.0203605585606219,0.0100058332075689,0.0151374080970856,0.0116728643431176,0.010989045541087,0.0173590334378351,0.0092862765842565,0.012679809979703,0.0088370803740633,0.0139017998839432,0.0135190525337658,0.0106627617345364
ABM_Disadvantage Zone Average Travel Time per Person_Mode_Transit_Disadvantage Zone_0_Average Travel Time per Person,0.491050123063355,0.600663696524013,0.513920524788697,0.651464184037831,0.873686470118052,0.619956274489826,0.249217962390486,0.826671878866453,0.536741767300295,0.831586477280228,0.35996751846389,0.301036172965468,0.239817279453013,0.589502903365633,0.883239769175892,0.780696851910801,0.578726407458457,0.274444185045488,0.613544480691836,0.762631062004764,0.873935480869203,0.473555311321763,0.329860585637109,0.213995049696963,0.667243880479346,0.474937045313309,0.265503156312109,0.656530666139385,0.558891819664271,0.674203907232651,0.406307586426599,0.618070275468262,0.267981806400338,0.829210782538014,0.746299352228866,0.515969317877914,0.308513573016589,0.684859824081429,0.750112401976037,0.703725319061609,0.242758944656452,0.780011183394024,0.634403647302741,0.254486850804268,0.525690390329746,0.605031672614304,0.485461295133347,0.6692642232377,0.19735878807261,0.521016661632168,0.913440661919883,0.38181329408119,0.435828030049909,0.695206408274812,0.17969755691291,0.577565403786938,0.697981918060282,0.199129857077151,0.582862927549422,0.604323416856411,0.646555811923595,0.590923687098669,0.461971297272345,0.346387054224822,0.345060554922903,0.673063369740352,0.565302690763181,0.325107770058084,0.688308681500809,0.35919538774845,0.29017278745587,0.285149089192834,0.47804454486124,0.32604834736247,0.805952581246988,0.615122524004542,0.430179327671173,0.307620004768984,0.409007254095579,0.531637334601149,0.550290442777485,0.226196186931219,0.673561445023362,0.801062079162548,0.661279424115575,0.21439456337288,0.261797672837778,0.257306658222403,0.278815115366198,0.566535898985084,0.614240589644458,0.156226405707561,0.460904762803583,0.624805261800361,0.630325891423484,0.330501528823924,0.567768303170568,0.626271488880185,0.595981431094563,0.725681370803774,0.576743032273358,0.592012271246984,0.560902337653948,0.578209178722685,0.492624617452642,0.705266193413098,0.76007207062654,0.337237773249859,0.375724370676241,0.323381276421124,0.733443653865811,0.411124289719526,0.639252991369846,0.280312224410063,0.417824414399046,0.523624760837777,0.54443373432732,0.561157206810227,0.703995031562778,0.655736033048359
ABM_Disadvantage Zone Average Travel Time per Person_Mode_Walk_Disadvantage Zone_0_Average Travel Time per Person,1.8062559401566,1.77498813732181,1.77165866160292,1.81666134373191,1.81576958312838,1.81114416811872,1.77191198347665,1.76480127096709,1.81039970690603,1.76785033702415,1.80798129915495,1.82297956264266,1.8035023264102,1.77543716668075,1.7801177478749,1.77950468276174,1.79201676644071,1.82823099314944,1.78893028855243,1.77948113818937,1.74686011907425,1.74994142968356,1.78827231480341,1.83678092395122,1.79341038175011,1.79655741986966,1.81842309685879,1.76805624304128,1.80563820935708,1.75978968945269,1.78799541081749,1.78647737620097,1.82061783774689,1.76163036851824,1.79503374424805,1.76079485011467,1.81420113835589,1.78390593651634,1.80194808532062,1.81501306745271,1.79935011203017,1.80176112543131,1.7753229526159,1.75276315592664,1.8168425987364,1.78940812343369,1.87447421617402,1.76732612553195,1.80263562226687,1.80607416585176,1.77806746086533,1.81012332028059,1.4201073099171,1.79810906051544,1.83101397660493,1.79639888739559,1.79884439901983,1.84660061382439,1.80210898806248,1.81401811947764,1.76385498440365,1.77614558943373,1.74939377028172,1.79528746742008,1.83021601834729,1.76151570704404,1.2455357091185,1.81477789516905,1.82580746676961,1.44759084701939,1.06781579251736,1.80082400025245,1.82433399701179,1.80441133810134,1.73615344667213,1.80160814998873,1.82428603796469,1.83764266544615,1.82705950796261,1.82351643415695,1.78168044582254,1.79771388171769,1.80624189133422,1.81047103456755,1.8013398076623,1.77894993779786,1.78916555373399,1.85010841120379,1.86784301010383,1.75737991175607,1.7989668176751,1.83963974832755,1.78299354031243,1.76915817814921,1.75448325243923,1.76269099645228,1.78242372361548,1.74458933716325,1.77935612148021,1.80426362108992,1.78161798570896,1.73548414852859,1.75382790650559,1.79309743175913,1.80019058851934,1.76246933044985,1.7665112601997,1.76384706497746,1.81138350858521,1.85044727475595,1.72109904256533,1.78770044355745,1.7830307162611,1.87006995981416,1.82886136669176,1.7906245062164,1.78157363002546,1.80605734611185,1.75637520101769,1.7892160166821
ABM_Disadvantage Zone Average Travel Time per Person_Mode_Auto_Disadvantage Zone_1_Average Travel Time per Person,7.83913187628224,8.54333075343858,7.75465904734592,7.00520499301392,7.12712898575237,7.33993809917775,8.60955168168345,7.1882121628904,7.26057148864147,7.02385996960357,7.8869779664193,8.01172034470155,8.46767359622491,7.79443794962665,7.94802204433936,7.26236909550636,7.58544517897269,7.88164756103861,7.25792755292962,6.91485917487732,7.15282090217728,7.78783076837457,7.77045000015857,8.26446382399813,7.53611003437167,7.80257849068181,8.65607802878322,7.18984090958625,7.93572980155788,7.27539593772369,7.78392932830081,7.20266320739517,8.29569232679634,6.8249643738665,7.5356438943656,8.00646420594024,8.17002072966657,6.44888441741656,7.42668794432454,7.08571718466664,7.44179383874367,6.96450997043885,7.19595420456088,8.44114513164969,7.76089813947263,7.48867996035034,8.01052938401402,7.17318090043444,8.32071754785367,7.32915589075479,6.96966207921432,7.83124774617891,6.27776193179679,7.4093953786767,8.29089572300114,7.06797676424596,7.60867012612819,8.42510680949223,7.13255507613733,7.35775317913749,7.06553985494757,7.44404669872371,7.35170661264828,8.36182693837622,8.25161828618354,7.46731855780854,6.68214181434428,7.50521198964376,7.17982916834492,6.07043729772727,3.86693998119739,7.90447551021333,7.70070804523589,7.8077685856596,7.58248694462311,7.17332081642634,7.94735117613487,7.52414098141481,7.94430204057306,7.3812200220316,7.85374381229852,8.19635023344451,7.48309803155808,7.17582866905088,7.56801016818974,8.00994612341106,7.83275637267303,8.36986706962011,7.83724448660562,7.24167151831791,7.90961392934692,8.35224627139215,8.35642401529467,7.37488547763904,7.19350620145677,8.55909549317736,7.8551828422156,7.02929905720115,8.09569809262372,7.0674100559281,7.47793301493259,7.4866096909135,7.82022025476671,7.41216362953764,7.97519954963749,7.64454182585485,7.47442639183765,8.00578161304071,7.54728346302565,7.71029153751124,7.27609321489382,7.80094380414047,7.65692398974827,7.74927579736077,7.85497820847393,7.52599042000674,7.75032842203176,7.88270500977659,7.84112210531812,7.68600736603384
ABM_Disadvantage Zone Average Travel Time per Person_Mode_Bike_Disadvantage Zone_1_Average Travel Time per Person,0.261186286466843,0.221938741710995,0.243906250457247,0.252895966867791,0.243292821417353,0.262813085403545,0.210612666537069,0.250917308109934,0.251997026316944,0.2401449410946,0.242194254015507,0.247612516518121,0.221709495186349,0.237131689215636,0.242168209172092,0.26272573613069,0.250866991365446,0.232420395825409,0.262082877343201,0.252663925954847,0.281452540876606,0.238954161387795,0.237637919387525,0.216069545613558,0.247961037937507,0.234435850436999,0.216020214837112,0.23849884848705,0.227979517072777,0.270724595286603,0.232563877466905,0.240830616660819,0.236537310520387,0.273942000265405,0.248435301882951,0.231954397682288,0.230287989030674,0.258266341223101,0.260252424789675,0.267076692109813,0.250092000735872,0.238546741269876,0.258512284512013,0.238998162281019,0.240659854467578,0.251723399864291,0.223460249482287,0.25424653089994,0.216705638358461,0.250419671210461,0.264410347442555,0.229236844619647,0.188021828735955,0.22839663853045,0.216725898620479,0.270009632389822,0.246519908329048,0.215242268189186,0.234660803124895,0.273231733250163,0.23899696795747,0.275856396533926,0.252747295244234,0.21214077352364,0.216296306107481,0.26503301300345,0.203512636888385,0.262496792831938,0.243369598211419,0.203048234552854,0.133341951198667,0.209195759666067,0.256048408853747,0.249206904741945,0.263610678060018,0.240187050579614,0.236945620636271,0.243434382188506,0.226153888561914,0.246135132085668,0.273121855568594,0.224454859382826,0.253642864644184,0.24866650823617,0.25694026528372,0.228511849831715,0.223445216589039,0.214859545855449,0.218531694767936,0.257114537579214,0.264553079980667,0.208865248804646,0.228835618716648,0.218279666111621,0.224298459281862,0.214567919533517,0.233576812365851,0.270744951804686,0.223497580856168,0.25094665034271,0.262086140931193,0.268115075379307,0.246758698524993,0.266329241100267,0.244998367520044,0.261903465765838,0.266293813768384,0.224361506628966,0.227318606430008,0.248827057924584,0.247028640729913,0.22522467467953,0.254158076747534,0.241726967974765,0.222265155166969,0.240413490817319,0.242082855837935,0.244388766989596,0.256224542899164,0.25199174903894
ABM_Disadvantage Zone Average Travel Time per Person_Mode_SchoolBus_Disadvantage Zone_1_Average Travel Time per Person,0.493616158433508,0.503599773056716,0.54218243644632,0.437161237570722,0.397988788750091,0.453503177249043,0.558267607607698,0.380538876690072,0.453064799367147,0.436088707692005,0.546882488748095,0.6031407449321,0.61476688569437,0.553978894286347,0.478098826602377,0.390388431900058,0.486655043123887,0.550492331919783,0.401929937450456,0.399570167581513,0.385933487211903,0.507263170989612,0.529013767359845,0.599850196291834,0.395430964738883,0.485396099656222,0.545188126266913,0.387369537578554,0.548926856127625,0.459672736220472,0.511220040956872,0.438371396864069,0.561762663757395,0.407672172336002,0.52191982845246,0.473866451408394,0.486221966664455,0.40819324438018,0.431346799982381,0.451651465440897,0.544972889803154,0.378517135885471,0.469550071263744,0.586321624896678,0.55449713133206,0.476542881354342,0.608944004337757,0.45841006030783,0.567030363225788,0.495049332297921,0.423024521956179,0.491619514931468,0.427350542966634,0.49223799923448,0.579731049691741,0.457273460943697,0.557356558074695,0.574646669879285,0.415571106350861,0.476633215429981,0.42755017558269,0.405877234197523,0.462816015223363,0.568861386284482,0.566720960534572,0.373425334052969,0.338728775556994,0.544474624219867,0.468839859552038,0.39227881678411,0.273017651870799,0.560680934057882,0.54844268734464,0.549963726353145,0.406279676372752,0.459591542299963,0.620403163244034,0.530327942460121,0.508252616835659,0.507875851052142,0.461237439134599,0.582976212073989,0.419431816690077,0.429308600449367,0.494631912890695,0.616573340936201,0.559188464457374,0.592998125381325,0.610309852843734,0.406051980235745,0.437959183673469,0.541641858154064,0.612489343941609,0.47535543675632,0.373603957975595,0.536794265606982,0.563294337864595,0.384479086047984,0.499920455771724,0.387091383238883,0.48137668304732,0.507858909478942,0.457777526266541,0.435199942849587,0.482284277030166,0.386680361098822,0.411628688573909,0.532903577151569,0.553402676560223,0.548615344097778,0.401947939088251,0.600894039735099,0.491920496436471,0.579364677156719,0.540458054221173,0.444070480016783,0.495573237059108,0.533224397451603,0.436280047689911,0.501369738355325
ABM_Disadvantage Zone Average Travel Time per Person_Mode_Taxi_Disadvantage Zone_1_Average Travel Time per Person,0.0066772579306145,0.0098055404332911,0.0165681598038154,0.0177514833681071,0.0113756493584942,0.0156566577054193,0.011588267471982,0.0137170249901471,0.0087280169043142,0.0136375766886269,0.0081185012073921,0.0090089654736131,0.0084096722167295,0.0117526298702284,0.0162999057630025,0.0115116261056806,0.0133312530450695,0.0125384264977294,0.0111748498843042,0.0090730269554366,0.0069053396102419,0.0097920042689294,0.0137430505120342,0.0090227387569479,0.0124524032020176,0.0109982299771077,0.0072496980323737,0.0118139561916524,0.0097404614898943,0.0114923118220362,0.0144980186869785,0.0153697661076721,0.0084489147885012,0.0070194187640996,0.0126853068087035,0.0095338036579162,0.0120556427892164,0.0094310282502503,0.0118331850416245,0.0073020368574199,0.0112820731523757,0.009798158509705,0.0074497251255599,0.0079273900377976,0.0127238656137063,0.0107398507196663,0.0223892585376613,0.0082699458843446,0.0138904043978244,0.0077600779332436,0.010918646684554,0.0164417674272382,0.0080687390834595,0.0094137108658898,0.0092905043220707,0.0068499134820481,0.0085353970645943,0.0140272035264278,0.0228160560992032,0.0093536285406447,0.0134243495646778,0.0069182615135514,0.0118329420069671,0.0083695805906029,0.006346670596046,0.0174981506165474,0.0085795807034579,0.0103483067818693,0.008530652213252,0.0075053705115505,0.0069491077914863,0.0126429873898862,0.0131992771758957,0.012249001033895,0.0141468438147535,0.009230966736205,0.0095980328832477,0.0174156478848934,0.0086759444821086,0.0152608458114725,0.0088057061735388,0.0149373940738742,0.0085573893694947,0.0128706941249983,0.0152592514553901,0.0077454585307511,0.014798514903052,0.0075323632524159,0.0084567580494207,0.0153779563320907,0.0089156945917285,0.0064692629126719,0.0074994099767,0.0128690322987345,0.0185395576657428,0.0185281902452473,0.0079233290627443,0.0159105572363329,0.0085466806804054,0.0109410389827207,0.0100986811990983,0.0136101874960828,0.0097953832101371,0.0149454107153985,0.008482567806822,0.0082868692982124,0.0153791935636373,0.0102462470994933,0.0161542967103123,0.0088754338149552,0.0131834902174961,0.0085531432703415,0.0088923919530948,0.0118719426607928,0.0071010787719619,0.0127143896965806,0.0068258448113468,0.0073645012574774,0.0098291517635694,0.0090507991215216
ABM_Disadvantage Zone Average Travel Time per Person_Mode_Transit_Disadvantage Zone_1_Average Travel Time per Person,0.734492814166686,1.13495123343019,0.822907974095675,1.1157161676159,1.30259849711262,0.900690039372351,0.442713764954618,1.30228961867304,0.949792356454753,1.32202059145026,0.785129878624386,0.697099347709956,0.567494859702694,1.08745343301606,1.46218261551769,1.28999900168165,0.968991668526977,0.48386777433913,0.999825782350695,1.27671736217971,1.11081783654371,0.830598403079915,0.554733326778958,0.61962035215921,1.08791878507334,0.846636232761944,0.624850811434507,0.956893632169712,1.0404144452357,1.10463735821265,0.742621823976322,1.09028968136255,0.579609412557764,1.36982899102048,1.30094205016386,0.762840052782508,0.53675821040759,1.18585580887975,1.20928768885169,1.03966431914983,0.484583663639556,1.25527792644359,0.915186371657391,0.45470878172874,1.04643883622735,0.931981278982867,0.980540565378819,1.11937575961187,0.532823600388694,0.902279616712659,1.37826020274567,0.657575736094116,0.679382112949805,1.14294649263226,0.411567116848832,1.00413271176939,1.12719133175531,0.370838010009472,0.873568427619725,0.852648926819587,1.1317264806874,0.798349912055628,0.72721955711063,0.731111004708558,0.568964580949905,1.10732817977559,0.772780284026542,0.554631567197252,1.15453512366542,0.670706278082525,0.473639343861984,0.68901407854921,0.910846688328766,0.572841587028809,1.32469617630238,1.0961961287759,0.891019288406793,0.636334664158037,0.655053782025971,0.95988280496097,0.791795428182198,0.468970099564743,1.14085790330415,1.25066334738158,1.10305411026641,0.426363234946084,0.612658889004628,0.482171333192131,0.54595341720017,0.849948958596872,0.881832658832356,0.454396425749591,0.945103503550435,1.1113437946362,1.03036460619056,0.666017036578099,1.05554811068035,0.921553595300077,1.0278367103783,1.0018173850135,0.959976335858084,1.05037706527731,0.827885669013692,0.850060494320678,0.896532006704949,0.992092369986498,1.07493705464204,0.586743351557452,0.802245037161063,0.705645719374787,1.26571187393581,0.889673841794458,1.12320996734895,0.585562500104811,0.854690430677682,0.931192556593159,0.801514043801873,1.04019778397322,1.1686274878382,1.11407116677833
ABM_Disadvantage Zone Average Travel Time per Person_Mode_Walk_Disadvantage Zone_1_Average Travel Time per Person,2.07802076713793,2.10459196122287,2.17882524823027,2.16119045381352,2.14528041816674,2.12171991233486,2.05550293780356,2.14494011855641,2.16533885012547,2.11096515242531,2.0795407843983,2.06855905755335,2.10036973684594,2.14244866936304,2.11442675587975,2.12698385650379,2.0887782570226,2.10183302886429,2.12174034718367,2.19233857743276,2.14745418113382,2.07023780294176,2.09770867492729,2.05674461849419,2.11403343557443,2.11902905197574,2.02450136560828,2.21788779832177,2.11732409276784,2.09604733357194,2.09983743821581,2.1490092289067,2.0390564026148,2.13127015526164,2.10441885972114,2.1297773108934,2.10912914759198,2.10651401635962,2.09121684358895,2.1242755113229,2.06030167410901,2.21520742198731,2.14638597801004,2.06683679610949,2.1446172472956,2.12598555038915,2.21015897450036,2.09386969753861,2.07460968694208,2.10452066548334,2.13869786406314,2.11689775588767,1.72071793542332,2.13760226432754,2.08370392608213,2.09366714626133,2.13597387843744,2.10694756432664,2.20949552017847,2.13988695809351,2.14292921087459,2.07857238424442,2.13697183984777,2.08403937156361,2.10091972311121,2.08420254068213,1.86626109267951,2.11198321276603,2.19432102224635,1.66084706073019,1.24851445603668,2.11564200994366,2.10936343969255,2.03995722958057,2.07726064251518,2.20406929384165,2.06220494103093,2.10420461304164,2.17640514948557,2.1307261519824,2.07133693130471,2.08444059376003,2.07388757433346,2.12109931930282,2.0967257205583,2.07866598262035,2.10619289891519,2.09588439008507,2.14319586989994,2.10939657143206,2.02858080665989,2.05285744540471,2.11098404798751,2.10773230811335,2.11703399240686,2.08289214218591,2.05912424086122,2.08972370365159,2.10910307637044,2.2057999511518,2.11015055230725,2.07564652962702,2.10458376041535,2.18210296802161,2.05948704787037,2.10231306524481,2.08922143047473,2.09721756053447,2.14541640567595,2.07733050678597,2.10771686959874,2.16169119613878,2.08468231927817,2.06629865959206,2.08872003457389,2.10614971043882,2.06597572176392,2.04481127600692,2.05891373173555,2.04401538411932
ABM_Disadvantage Zone Average Travel Distance per Household_Mode_Auto_Disadvantage Zone_0_Average Travel Distance per Household,10.8108463314917,10.9033748651176,10.5380119775499,10.1801051919645,10.3958063019284,10.7292983977705,11.4303885586528,10.6880596848908,10.0845896843726,10.4046258295306,10.6789658447993,10.5554753815478,10.7738128194506,10.3715651299388,10.8703471450094,10.7848814152718,10.7833158905371,10.417790138138,10.4662722711777,10.4483856021955,11.0099099857917,10.8277962780886,10.7621465198937,10.7793922625692,11.2079370415202,10.9750477789732,11.5566974278024,10.2537406136666,10.6955839104988,10.6568482006621,10.5714390642289,10.3141107965513,10.8922271142367,10.2524096370447,10.7307213282605,11.1651588155779,11.0670215512547,10.1856053807037,10.6474302369358,10.2469521143374,10.6423107594113,10.6320405146366,10.2704796309934,11.1798503017175,10.5508640435502,10.2393902223551,10.5106972071389,10.2848937285144,11.0691561945967,10.5160582922891,10.2737359096355,10.5697640533842,8.54768129574469,10.1778742152722,10.8494971349745,10.2608720033421,10.5465910058406,10.5873764927633,10.3660483506836,10.1838280315463,10.3069575830485,10.6793146375499,10.3633108265202,11.1939026930076,10.9318532155591,11.3709796745233,7.54668508892135,10.1158332110276,10.2706434515241,8.49522416649798,6.58108805019293,10.5454517169185,10.7356727202564,10.2983575079768,11.4465382229443,10.4863744851333,10.6508822192624,10.241028256094,10.6279608966195,10.3248345191449,11.1883274530223,10.7161940598437,10.8715091213029,10.3078090076989,10.7128681727533,10.5203252777111,10.4785357356348,10.92377206692,10.2923054547529,10.8641595293964,11.0726861472361,11.2545587726084,11.0218202352685,10.3532602627599,11.1152606692532,11.528961674283,10.8300864274304,10.7720524214216,11.2133932089754,10.5547437669244,10.7106935089838,10.7531878087536,10.9865623140143,10.5405470190949,10.9770385189886,11.530229340871,11.2331348677728,10.7391661921108,10.2867077839617,10.4533540978625,10.7806291873299,10.2634605316754,10.4456403795085,10.1445331774129,10.8538019368489,10.7312381764588,10.7112063783634,11.1076206836151,11.7392174469247,10.6076657812493
ABM_Disadvantage Zone Average Travel Distance per Household_Mode_Bike_Disadvantage Zone_0_Average Travel Distance per Household,0.0922774026234355,0.0826362132220704,0.0882125231241965,0.094264555632303,0.0878268065796108,0.0929352284965021,0.0813707887043544,0.0889172470460751,0.0923033771797704,0.0877387824434624,0.081406297077433,0.0841906892836354,0.0881122161347291,0.0877176758097222,0.085679125245893,0.0871427047275831,0.0908916413072365,0.0874727595790871,0.089636228497102,0.0935986641071178,0.0950242051439121,0.0846213196517635,0.083060733634701,0.0781167705403581,0.0882107439221806,0.0835209299051794,0.0786546455386234,0.0886260522636096,0.0859864637064443,0.095930504483903,0.0844711523262553,0.0958814824346931,0.0802421758254747,0.0933975218311889,0.0915646396305149,0.0877541914115303,0.0847022608316837,0.0884152350192413,0.0892289552399353,0.0928793054587511,0.0838261764638356,0.0934398453491017,0.0900043800147293,0.0854753632565794,0.0895406215545755,0.0863367130586061,0.0897410154973545,0.090297723682988,0.0788791659211789,0.0886671643365438,0.0932970386484107,0.0864983602868423,0.0693578760017337,0.0829174425620037,0.0835139360498019,0.089601757825053,0.0846823011561973,0.0842702929521605,0.0896777248212718,0.0895619782332227,0.0876415436613264,0.0908856219551007,0.0842978033562754,0.0856512098496147,0.0816771553845634,0.089317195345359,0.0673951762383115,0.0894943108522521,0.0907923895749678,0.0724734786292106,0.0493459846303489,0.0844178179562402,0.0865388219913843,0.0830575226281175,0.0872333044964446,0.0923489183959705,0.0875676327261374,0.0858055213751349,0.0895686156769847,0.0954543926656539,0.092480221949362,0.0830626168036493,0.0878130724714743,0.0882632553595165,0.0888448168496725,0.0836364527325018,0.0840209282921119,0.0805137640748766,0.0861902283567298,0.089477903793508,0.094000046198979,0.0833741849928169,0.0853439900395289,0.0843448428012802,0.0860453443258972,0.0816024047018051,0.085395253752574,0.0931318513252096,0.0854533004229995,0.0918456147489232,0.0897236474208029,0.0917160383988257,0.0844704332240497,0.0891504226643873,0.0851092416162961,0.0918449485966479,0.088122255941355,0.0829101037448024,0.0846118366387082,0.0816103172254964,0.0855210592476965,0.0893826591347566,0.087525055290181,0.087016731459681,0.0799446300295918,0.0805875305846879,0.0887805916152373,0.0863224440074206,0.0888999930740305,0.0840425341411523
ABM_Disadvantage Zone Average Travel Distance per Household_Mode_SchoolBus_Disadvantage Zone_0_Average Travel Distance per Household,0.174791883302639,0.176067225379469,0.200697237638353,0.15765253554366,0.135664464694148,0.152235804772983,0.205151024150676,0.134841817457669,0.171837165712756,0.165080685793254,0.196197273275083,0.218681580435689,0.212993624224831,0.198304947601873,0.161925268261874,0.134204324529376,0.168770357727046,0.184869467221615,0.146801419352072,0.139697439424581,0.141570909585918,0.182714957364272,0.191051589081749,0.218271580225887,0.137441336464,0.166604257372978,0.210713941675268,0.137946858912243,0.195126618641446,0.168275639518902,0.194555069638372,0.161406714573075,0.19036695737334,0.141283059999749,0.195464526560423,0.171125002402414,0.185554957621418,0.158095691313909,0.147965669746102,0.156434578472898,0.214515065012589,0.143661262549141,0.163448544517229,0.212810473604996,0.195753893329658,0.178937119441122,0.204000667449993,0.168631831273808,0.215595159480165,0.165997801056467,0.148818639026868,0.175380972708952,0.152657180359717,0.177918111109299,0.218258170628183,0.164825543094029,0.180096293016841,0.196584232629125,0.15853007023705,0.165023735273008,0.151676086998033,0.144226993414449,0.176976644934852,0.199378519010045,0.182910440751581,0.132212022774663,0.103421745055625,0.179089466000294,0.175839015581989,0.142240165538337,0.126566338789366,0.20692812463652,0.189832449971255,0.199717352021879,0.138622074989977,0.165012677579964,0.209163033898372,0.212991877222252,0.177041478881139,0.184690178580256,0.159822347254387,0.219438806609998,0.158567432814839,0.146385105069624,0.172943253746167,0.225761116048949,0.212663889511569,0.209576066493802,0.22355624790572,0.154837570069091,0.145597837887783,0.20803344752643,0.210457031861261,0.175614998225459,0.141453109844811,0.192460753127082,0.200104301263457,0.135730601345877,0.184615798827803,0.13252206305333,0.170145136250767,0.183582978782329,0.159336661150884,0.155657329947972,0.152943680393781,0.139941511620183,0.142726047373192,0.187515278577541,0.215381327898409,0.203939089825914,0.151598990205965,0.215583317808505,0.174176032425944,0.204267147986202,0.204345809299955,0.161628848255954,0.18623234506782,0.189200418799812,0.150761041828782,0.175995156497158
ABM_Disadvantage Zone Average Travel Distance per Household_Mode_Taxi_Disadvantage Zone_0_Average Travel Distance per Household,0.0094181418793353,0.0125921516437666,0.0165683065249428,0.0172580297012606,0.0147425957456137,0.0146547684618104,0.0149842836911502,0.0143185251366179,0.0132704421461325,0.0148951300617559,0.0108436694452814,0.0102215598773102,0.011885759315266,0.0139562469902607,0.0160811397593374,0.0100152133023535,0.0140383442070078,0.0171230589471646,0.0117153362921035,0.0135343331998809,0.0093174489735147,0.0149605463093727,0.0164209600055212,0.0128867612782401,0.0143673525937377,0.013124185109585,0.014999048833303,0.0132157996572154,0.0144502143456932,0.0156272882645642,0.0147680769973831,0.0185696482874926,0.0126774844445195,0.0093959098103578,0.0148071363065489,0.0153399255571999,0.0157213648273785,0.0119462273227048,0.0131548833110616,0.0103693675753096,0.0144826161157752,0.0137373858799831,0.0095632001240358,0.0120286455769204,0.0153121899117971,0.0148605863324997,0.0242276004477477,0.0142359193533401,0.0171395065142076,0.0106900301036181,0.0090636669264683,0.0173411165933677,0.009823461241704,0.012467787434572,0.0139744269949066,0.0095486535124365,0.0090427316225926,0.016367657161034,0.0220063652326602,0.0121214423323106,0.0167427294773626,0.0102988387560082,0.0173674035524669,0.0137171257941383,0.0131685947121833,0.0187301028341715,0.0076647149646843,0.0140376341178924,0.0123081925398389,0.009443557274915,0.008856841942528,0.0186893068999832,0.014096017388976,0.0159912010809403,0.0158415377798409,0.0117578326286442,0.0124099185443106,0.0148341851178029,0.0148114446343379,0.0157110420531951,0.0118614681608356,0.0138138777806804,0.0107061407182685,0.0124224143480912,0.0159794029780157,0.0150731832606176,0.0172896585220055,0.013057329591873,0.013764285663361,0.0160829422500326,0.0108732069021275,0.0114201937598998,0.0132690279696015,0.0157171861860806,0.0201123908826382,0.0192026449217565,0.0115957609225877,0.0145575469982308,0.0158169118860049,0.0139700517727611,0.0130541192139055,0.0161708491568667,0.0129041801837753,0.0170942202710312,0.0103582567777786,0.0129603976471804,0.0173814290781539,0.0139197465076401,0.020544454025241,0.0105955874709123,0.0151536102554185,0.012043183231922,0.0115015908773257,0.0182991247076492,0.0101702168229371,0.0129323058908732,0.0092799886500673,0.0147315222497353,0.0140773182645965,0.0105185447320511
ABM_Disadvantage Zone Average Travel Distance per Household_Mode_Transit_Disadvantage Zone_0_Average Travel Distance per Household,0.200395979236356,0.227917847636861,0.208570156460665,0.254543436654579,0.416357537980372,0.259949442220268,0.0773395947359001,0.363405634075717,0.192643337684506,0.385961787611384,0.126793587425931,0.0952083703150221,0.0651533830230581,0.237106391621541,0.393669447423304,0.340363222533074,0.204082550091893,0.0859409698696055,0.221655231806065,0.312673394037072,0.449617354535168,0.166182949284042,0.116965216191035,0.0619014822781417,0.253860490892386,0.171147097565635,0.0823591362596888,0.281939226746039,0.221633920284868,0.255083562740778,0.135780599610095,0.240711450805627,0.0806241610171638,0.365710897010244,0.334620810053294,0.198613198541895,0.103712530350496,0.296058995327103,0.314022613782575,0.339756091022587,0.0828525947637889,0.325180545176906,0.280881119423233,0.075844844077476,0.192764711962514,0.271684074970099,0.175735168357308,0.267488990058534,0.0544215611327077,0.193657386746294,0.442354423802489,0.139542799657166,0.174863715029618,0.318636457025454,0.0531051924165252,0.212970989459477,0.31013464845812,0.0564356077141475,0.23885670387558,0.25907207884056,0.257986849726619,0.226385087440122,0.178745584895805,0.109117791983391,0.126890542870991,0.253979947534393,0.198016096822539,0.105988397691898,0.290851958481703,0.12355922418899,0.149934811035744,0.0898057885418148,0.171943816596706,0.116394071107638,0.34277441816302,0.235111845944369,0.153014848569882,0.0975086247895702,0.14880179086356,0.186990466272751,0.207526616826497,0.0691928072396493,0.277558171296212,0.369375414200399,0.261937720217873,0.063924758618592,0.0783271376622083,0.0809212872518027,0.0965967147430185,0.215872050580107,0.261957635536255,0.0409084981765941,0.172234200338819,0.262854676314199,0.23892240543162,0.10361308948506,0.220348763167988,0.255936409781584,0.232409073789907,0.310245640003929,0.207295603791674,0.225171101871822,0.239474406651966,0.213860593247485,0.175424351244882,0.30661498040547,0.347265833760296,0.121047978392067,0.129765838363252,0.106520635250654,0.30433607078228,0.13962929866718,0.266177208113063,0.0823519473103729,0.155575242656145,0.199311620320077,0.230578809227794,0.214752939958757,0.280040618774266,0.273002502760711
ABM_Disadvantage Zone Average Travel Distance per Household_Mode_Walk_Disadvantage Zone_0_Average Travel Distance per Household,0.214125542372952,0.207045464355082,0.207975919480764,0.216269462671962,0.215210527084993,0.215107527765675,0.204257094319834,0.207897286300175,0.21418268233089,0.206196395410771,0.212555488600984,0.213979326031944,0.211187196122831,0.20874706396863,0.206576741646217,0.209146869616072,0.21284021874614,0.215482307554031,0.210755129606998,0.210637594571566,0.207212452249079,0.203909758844456,0.209214603678526,0.215479238267136,0.212415158453529,0.208122961726545,0.213680529415336,0.209320869776559,0.212083730562097,0.207899836260851,0.207661555754606,0.212648003034223,0.214096220250407,0.207740957440144,0.211419821518675,0.20764774845765,0.213973336408423,0.206898123969214,0.212720066525727,0.213515176813903,0.212672863079431,0.213924299035056,0.209121555099035,0.204931920160916,0.216320906835722,0.209392430955746,0.222931774095988,0.208315674068568,0.209153364454059,0.214158802671189,0.208906583840334,0.21133701979238,0.166313005093587,0.20774468015719,0.214209925014148,0.211589755125651,0.213370085309994,0.219124053751324,0.212444813746394,0.213662535204174,0.206164270210748,0.209876123093495,0.20030683580749,0.213233448744818,0.215946858832502,0.206602753059505,0.145906295654537,0.215376804653283,0.215483464656413,0.171037313600684,0.123863895491526,0.210550292722644,0.216245461776542,0.21161172429511,0.205679699533686,0.213482222381474,0.215563016508511,0.215764152581398,0.21669333606076,0.216551875273934,0.210964073112731,0.210182297423119,0.211809874825641,0.214049488190318,0.213266239959642,0.205240333760278,0.206959575580961,0.219395694952581,0.22074627663746,0.205472754530048,0.209861911251761,0.216952959811397,0.207260938488648,0.202785772980301,0.201916222114452,0.205234480321044,0.209083146837262,0.206643780691457,0.206822119230446,0.214472310692689,0.210555192291492,0.201478520959763,0.204264778227679,0.212056303549572,0.212867950374974,0.207405699019166,0.207599337878848,0.202878035434211,0.208985999843223,0.217314258754288,0.199255708582559,0.209501668787516,0.210422877391454,0.222224251621129,0.212800950456711,0.206690728313214,0.208393573847366,0.214360693328662,0.208153780968251,0.212007197035913
ABM_Disadvantage Zone Average Travel Distance per Household_Mode_Auto_Disadvantage Zone_1_Average Travel Distance per Household,9.12253246558755,9.30572280455429,9.16185438489223,8.55808622543145,8.83450188412158,9.06500853817177,9.87827781188652,9.13585978998161,8.62943415471963,8.84703726434712,9.19969643520634,9.21252502412091,9.3251224536758,8.81183914340749,9.32010507029758,9.15405540233445,9.07971585105025,9.05432506759187,9.05121442866786,8.77643577698623,9.20177153047038,9.33716502866173,9.15587650253936,9.28197438564055,9.48462566496452,9.50122776399508,9.847117931425,8.86843452625158,9.01834902855968,9.02721494795566,9.00254983448619,8.70650496630672,9.34588468044107,8.76310290124645,9.03007624154158,9.50262192790222,9.45254897707049,8.71175842814626,9.13610679603373,8.78402631990582,9.04764752227887,8.9259711073674,8.8071632076681,9.48016113837872,9.00299022558654,8.87764935517602,8.98270742291991,8.62810281685596,9.56590556643657,8.82234361400189,8.71847387544901,9.0777398410131,7.52423302756963,8.93355306076595,9.39000848906537,8.74527743142145,8.94292531935942,9.08173325050892,8.87159550014185,8.91933788752349,8.9228849730054,9.12863501471117,9.16462929077686,9.46695548687602,9.27994609219005,9.7170540914233,8.71620978075904,8.64665813237099,8.71903557963669,7.20305325472519,5.69570954160448,9.09769184378852,9.02473419038848,8.92898745743353,9.51701199896783,8.82049127157535,8.90543008830426,8.73038562833047,9.13504470218902,8.77316872746863,9.30484070178322,9.37881302039827,9.21462296878589,8.73548949514973,8.89721698756775,9.20618823687349,9.03111663979229,9.38921366735855,8.8680016822174,9.28856363981763,9.47579782289522,9.51520127622022,9.38033546263121,8.99905643687884,9.61819256485891,9.85713005101206,9.15420675045322,9.08990467472752,9.54608346786914,8.95472622434426,9.00112477559854,9.24541887930246,9.42349304823808,9.14324642863865,9.25635861225762,9.74852101436425,9.27971062545208,9.39706174213354,8.93800281027607,8.89126491225118,9.29407536467097,8.83827682723459,8.93352274852509,8.57174529978066,9.05896167196225,9.28969073752977,9.10665105060342,9.15506280489828,9.60965258053489,8.90705494714295
ABM_Disadvantage Zone Average Travel Distance per Household_Mode_Bike_Disadvantage Zone_1_Average Travel Distance per Household,0.125772092645127,0.108469986362939,0.121422760506863,0.124076461590034,0.1191113984413,0.126820876359646,0.10537155785979,0.123198291375798,0.1246100508882,0.117961059988775,0.11623089373951,0.119341318383325,0.110456028081249,0.117384975639234,0.120177315770188,0.127356440657395,0.122667392900466,0.114300506310509,0.12875517607538,0.124751060825722,0.135422492033748,0.11711927470915,0.117149871561072,0.106417725907095,0.121496155349928,0.116152867887022,0.104087751324764,0.118913884058076,0.113249168752431,0.131295107538798,0.114250178338129,0.118976888577121,0.113466309816936,0.132014452782588,0.121148413378901,0.115195209660102,0.114320498301246,0.127685098221044,0.125543316082497,0.130247598113068,0.121523087160102,0.118552835860338,0.125456616756191,0.11714150569981,0.118360321449533,0.124487548894311,0.109912297628101,0.124136228704182,0.107767024526357,0.121273541469568,0.128517295525826,0.113511740040322,0.0942734567295282,0.113645453207199,0.106226372431959,0.13087896812024,0.118390480345949,0.105974808406179,0.117132704352191,0.131684065898789,0.119228929214157,0.133536777935356,0.126884313089668,0.104893404323881,0.104970170471805,0.128563707210793,0.098983852559322,0.127812416181025,0.121199636838306,0.0990319787320997,0.0664391038976407,0.103895072500914,0.123952186068793,0.12020533429218,0.126925683812145,0.118308220369096,0.114620258427153,0.118357014421639,0.111979113064145,0.121989956127242,0.132721300024653,0.111088895475735,0.124320457393357,0.121398371870075,0.124705070058006,0.113200034746077,0.112006823972195,0.105303266909929,0.106831836942276,0.127974050151976,0.126997358979037,0.101870165756887,0.112738701364008,0.109174865097667,0.113480919901998,0.107234566248754,0.11372000081478,0.131116910762943,0.111555530813339,0.123789193889147,0.127030560542255,0.132462360330473,0.121773439257426,0.131811522463345,0.118926903919847,0.128369190217479,0.129441027549327,0.112316922486569,0.113857577329935,0.120207299220945,0.121983324780919,0.111940626354493,0.122586964653076,0.117035767821622,0.10843212751812,0.118882152435195,0.11812124016659,0.118412205887233,0.123993129265194,0.121026653078146
ABM_Disadvantage Zone Average Travel Distance per Household_Mode_SchoolBus_Disadvantage Zone_1_Average Travel Distance per Household,0.192189175427562,0.186595939545055,0.221348913158887,0.183734149170228,0.166033775795463,0.189900804664427,0.216992518816654,0.162958016097455,0.180869561956477,0.190337676600865,0.217705241489466,0.236464660203253,0.226883302834058,0.211446576273747,0.190564849279667,0.168819551106331,0.197887577411735,0.211600119131884,0.166304489418898,0.174211582210681,0.167535988462967,0.207479944853386,0.212300213738063,0.230138741237193,0.167640170768022,0.200911783810858,0.20876532880336,0.159586248461502,0.209853091213365,0.195998795598918,0.198507209669533,0.181517279463893,0.210616764800343,0.180447309345135,0.215953683464763,0.191215896221559,0.191280647438632,0.195500180312992,0.181513995344832,0.188986103221451,0.226893163457338,0.165380775682034,0.196465825590387,0.21936423369221,0.221038014116089,0.188511211804345,0.235504364309145,0.185701834344347,0.222563941388179,0.202976053821087,0.18124480554186,0.189468152793003,0.176365011325255,0.205448868434713,0.223142064905648,0.194548805351486,0.226921621399781,0.20902623937253,0.175959766059751,0.199192572903425,0.185285805338932,0.166230002328387,0.196113826222572,0.218793758788376,0.213749286156912,0.161787656596975,0.147161610376554,0.212779213706892,0.195632944162066,0.159756649253641,0.137737681264529,0.222358588352362,0.220335787765283,0.211935743141775,0.172362635472217,0.194903076306618,0.235458816290556,0.211408290906708,0.195052476482761,0.209020925349894,0.179935697263539,0.228554490967253,0.175532960767802,0.176542336252701,0.195498178781251,0.241276839370464,0.221153079205217,0.227547500457578,0.241002992782114,0.177858776595745,0.173193115970358,0.208833312701905,0.230554521025834,0.200480935992367,0.17206407392629,0.208219820342361,0.224025747051514,0.166448782356948,0.201011597914231,0.165051444958852,0.197606538261497,0.215800944323122,0.182587562996026,0.180874480058723,0.186638876808324,0.163889954698609,0.170329345949133,0.215462586339217,0.226601080933678,0.216596431155458,0.17461098448234,0.235072031501385,0.190571220905521,0.21582868042593,0.210513922821844,0.187555088611795,0.195197773891962,0.211328153519397,0.179822787374392,0.193979392662199
ABM_Disadvantage Zone Average Travel Distance per Household_Mode_Taxi_Disadvantage Zone_1_Average Travel Distance per Household,0.0064124188627737,0.0096696038797033,0.0159474757533931,0.0173714305530403,0.0108780441513149,0.0147447234945911,0.0122548908141377,0.0136504835169181,0.0086261686098183,0.0131179465644848,0.0079739996839646,0.0087255231156996,0.0087161083655676,0.0114575669448956,0.0148188848816802,0.0107832830423992,0.0132678525825193,0.0126077118555565,0.011523749748351,0.0088350032742702,0.0067587067469192,0.0096124821620052,0.0131879914504775,0.0095296202141591,0.0122625183149098,0.0111774810803196,0.0069186041597998,0.0113991162940991,0.0095725222216513,0.0111534649531831,0.0146498962032013,0.0147649679484788,0.0084337437105235,0.0065008872640198,0.0120364622958607,0.0097263240723036,0.012164404112309,0.0102138789485573,0.01125182242154,0.0075862991594424,0.0110499136604304,0.0099838873657127,0.006799072086936,0.0078195851804939,0.0115453204713389,0.0103060687037683,0.0220942251885147,0.0075844572792978,0.0133681483156575,0.0073798381162619,0.010542212352349,0.0163938566971507,0.0085521488898341,0.0095072015743517,0.0098282749346461,0.0069166189256588,0.008451436199396,0.0136032735600527,0.0219999490801696,0.0093552653543408,0.0125872450509898,0.0069392290921406,0.0118335881163046,0.0084784391844387,0.0065089124068966,0.0171107805756903,0.0086421151952402,0.0101588191785944,0.0088246104033428,0.0075942104049236,0.008534424514942,0.012052301673156,0.0123164441434335,0.0121182343112164,0.0136565886805436,0.0097536459790275,0.0088304674637886,0.0172788115356732,0.008297059465943,0.0148182915084628,0.0089421891692004,0.0146499882591607,0.0085319655585058,0.012144232487854,0.0145314237754836,0.0081541936146186,0.0154231872888553,0.0074225720149384,0.0085611173053224,0.0152060790273556,0.0085641620405362,0.0065415470376596,0.0080987569928971,0.0124992371306843,0.0193984911936575,0.0178503547048588,0.0083114904365184,0.0156596559945504,0.0080999832990035,0.0105795089656856,0.0092663540425817,0.0129022223813331,0.0093778735462076,0.0142948184675613,0.0084910599259848,0.0078926792306824,0.0146239719698458,0.0108613584036838,0.0163497089356932,0.0086091013107637,0.0136706564674153,0.0081687248844777,0.0091784688100379,0.0115104011371202,0.0071520926039979,0.0129269737699609,0.0068545781410605,0.0072960292702352,0.0094407188105356,0.0084229254473847
ABM_Disadvantage Zone Average Travel Distance per Household_Mode_Transit_Disadvantage Zone_1_Average Travel Distance per Household,0.234362690354244,0.381720650060116,0.290151502392625,0.347906399670172,0.527653250455708,0.284240907800457,0.110045175129424,0.480884252575791,0.277493053029479,0.538001800834198,0.229740680159384,0.1997834005602,0.140876479762727,0.40143127997885,0.591278586719639,0.466263544025144,0.266246089510311,0.118571925875213,0.277536957869016,0.426569132526563,0.475418131104222,0.224775261422363,0.148770045296782,0.166202565287728,0.314363825930358,0.247095564929526,0.164369226608521,0.33793523604823,0.37838341615226,0.321627781518298,0.206795604466068,0.344931232882846,0.140811005245691,0.492392918991726,0.514808047628824,0.230976085070083,0.143104749157977,0.41635125763358,0.423124802837436,0.432602394065878,0.126318627711124,0.438986408864518,0.332714848676566,0.105287167511083,0.327706887989285,0.362447503969637,0.344854579781539,0.373520061628807,0.128737653457415,0.252479344055503,0.577618151912265,0.191958321515358,0.23245927089355,0.480074262603724,0.109684833531015,0.287859868908809,0.453904285053936,0.0873058241527961,0.28817259640215,0.298797805085798,0.371216856628674,0.228799356518426,0.21894705146616,0.198049969240684,0.179621308773081,0.319931285875896,0.245768538242529,0.138160249689108,0.426596963443181,0.181465971764192,0.206299588898347,0.195193982819903,0.257225074025282,0.159737854015525,0.444957982109066,0.33216037015476,0.28435413998969,0.160062830999357,0.194974141218195,0.27477441875053,0.233040594954392,0.122482744815746,0.393300105967629,0.494302926409177,0.352747911076566,0.107487898099232,0.156764299850726,0.141449839750455,0.177886782857031,0.245949126139818,0.305187564613794,0.105605146409932,0.337460439059652,0.420013480576768,0.304524144257698,0.17195868469192,0.37287340354022,0.273128448569482,0.363684128486333,0.348017938998253,0.265662256933376,0.312839731579931,0.290977390494457,0.238815456136719,0.245400764768149,0.343049299521192,0.393879441905582,0.165109094397544,0.245771367756059,0.190180629637731,0.442381350167667,0.273961071399711,0.403642229287451,0.143249982640945,0.281839150314268,0.283445689481521,0.295159484506108,0.341892319052202,0.364141432472241,0.40065743107856
ABM_Disadvantage Zone Average Travel Distance per Household_Mode_Walk_Disadvantage Zone_1_Average Travel Distance per Household,0.250620172950122,0.258523122483397,0.272298860253871,0.265470448389197,0.263018627695203,0.256615155148962,0.258059364364706,0.263325132991872,0.268009622632311,0.259146097721501,0.250661197261596,0.24969996557191,0.262557884701783,0.266209729198927,0.263229677344699,0.258302607734899,0.255366907680521,0.259123916499379,0.260585878442658,0.270699104023378,0.258539088608907,0.254268178629881,0.258911857560249,0.254158423850243,0.259148608461785,0.26313921910829,0.24480164465066,0.276811760477216,0.264122877841472,0.254333334727316,0.2588473345463,0.266097363491862,0.245532512578953,0.257184572295983,0.257615137206597,0.265199438160933,0.26253746819432,0.260576882685594,0.252518394734374,0.258753529765286,0.250874499414197,0.275373765401513,0.261121310987334,0.254333082647245,0.264810343270779,0.263040625847179,0.272580069087373,0.256103066920496,0.258480699723652,0.254724482287396,0.260144015445615,0.262650382135821,0.215792822369832,0.266764714997405,0.256183014728925,0.253566590281054,0.25712462037593,0.260393141539935,0.275942016861738,0.257872713809383,0.267813624775045,0.251584150032809,0.268407683636757,0.258589978322006,0.256575011239232,0.252883688775296,0.227118512078648,0.257109190217259,0.273763864682161,0.202845026766964,0.15585012539173,0.263364743485848,0.256383106129748,0.246604327502697,0.250444305866162,0.272439082475864,0.250242420966857,0.256740324476647,0.269903524716701,0.264522879145127,0.2518042978059,0.258221628550642,0.254260422500594,0.258951424207465,0.25468348830575,0.257824105880774,0.264394353761602,0.25768017851371,0.263389824540813,0.262674240121581,0.243849896183551,0.25109321279255,0.261132888616506,0.264348548230723,0.267856570169191,0.260817122503309,0.251645652129632,0.252529461852861,0.264476943346509,0.271900832119349,0.255778526248679,0.256646300472957,0.260147046635805,0.269925956597843,0.250562539489772,0.25728876815683,0.253651571469785,0.263041596316193,0.269464608322508,0.251534005821877,0.260549462789042,0.26964362589167,0.251807343115086,0.251169673527237,0.255775064954134,0.261206123633893,0.252313088417768,0.248049646566887,0.249222821981287,0.245965461549091
ABM_Disadvantage Zone Average Travel Distance per Person_Mode_Auto_Disadvantage Zone_0_Average Travel Distance per Person,4.54786792078269,4.64899858138625,4.46294564214244,4.26700848050569,4.37357017031481,4.50774796353444,4.91395454729538,4.52205924904852,4.245597052151,4.43805397912615,4.52954330605239,4.48248622958982,4.56574279472812,4.38449562590968,4.64985951305175,4.57270154304958,4.52772464877387,4.39722571843378,4.42976061597376,4.39742982807338,4.63151867089231,4.62285796278488,4.57347510866314,4.56418383925737,4.7150381535375,4.69944706366941,4.90053145842559,4.31100129918214,4.52498825389745,4.49806758792787,4.52235856031304,4.31986243606873,4.61875288638129,4.33801850101164,4.54005497562093,4.70795021651453,4.66656922387036,4.36033681934516,4.49887774580721,4.34073789334168,4.48959707882146,4.4630412694516,4.34619037621216,4.75536361841456,4.41722121570551,4.35028337895114,4.40341868715702,4.34573543129034,4.73134723332661,4.42356534694525,4.35475217451332,4.4990355382145,3.62918791895504,4.36938227322111,4.6113172314987,4.34559214712237,4.43452966730448,4.44137585245501,4.37330692016255,4.31271221598332,4.38266250312942,4.50938864222545,4.48366365584286,4.69181838959866,4.61475319665917,4.83348967496056,3.21369887501728,4.25064201125333,4.33109026284786,3.58599388577604,2.81343716093784,4.4780975058276,4.51605090888611,4.37458404429853,4.8240941225432,4.411030275365,4.48968394414253,4.3420107190124,4.46198377420744,4.33009935678609,4.71391722028859,4.55611708618777,4.61375371912834,4.34614968360848,4.51155916691287,4.5188729726238,4.48588088288216,4.59361414991755,4.33403326113095,4.61944624436697,4.73727354664263,4.74999116938762,4.70428499868599,4.46628839488054,4.7872604181081,4.90860316365341,4.59778060224355,4.53674197675937,4.77695213507937,4.42694324705245,4.52096889498459,4.60015978093617,4.68849864861492,4.44120916309473,4.62754135426659,4.88247514324957,4.76378703397281,4.62235427587076,4.41983426404316,4.43331673808389,4.62448815094966,4.34783566437308,4.41414207443334,4.25969068237095,4.63245870235805,4.61371652638241,4.55732336911197,4.6659648685665,4.9400223905418,4.46470942710913
ABM_Disadvantage Zone Average Travel Distance per Person_Mode_Bike_Disadvantage Zone_0_Average Travel Distance per Person,0.0388189255804884,0.0352345620317616,0.0373588202877574,0.0395111495126423,0.036949197614363,0.0390452918228806,0.0349815192299904,0.0376203980197689,0.0388595826229092,0.0374246473565364,0.0345289378537692,0.0357524025903448,0.0373403290632982,0.0370819409688226,0.0366497859065587,0.0369477943270729,0.0381638012733568,0.0369212148625875,0.0379377704375549,0.03939302903656,0.0399736583567611,0.03612852803346,0.0352974378376476,0.0330760114290804,0.0371091505603777,0.0357631416921772,0.0333529165422335,0.0372612338116465,0.0363783540498345,0.0404905732715422,0.0361359353727696,0.0401580729986639,0.0340259872766523,0.0395185319350079,0.0387400329417411,0.0370028202267527,0.0357159296888296,0.0378495131350572,0.0377020700842927,0.0393448428580003,0.0353631617689789,0.0392235042210493,0.0380874296324485,0.0363570550348661,0.0374870467068632,0.0366808139602028,0.0375966747835813,0.0381540176818831,0.0337157337819893,0.0372977197985518,0.0395460313077323,0.0368181536467871,0.029448075678159,0.0355966281374954,0.0354955854253641,0.0379473299195318,0.0356064036772458,0.0353511603609128,0.037833917157008,0.0379282757345818,0.0372664099979024,0.0383768626822625,0.0364712593786817,0.0358998941195747,0.034479050026804,0.0379662750137073,0.0286997270333444,0.0376052342442788,0.0382867963711154,0.0305924182989988,0.0210955735348384,0.0358477977221932,0.0364032823924228,0.0352815595075712,0.0367640996181529,0.038846016372899,0.0369125286134592,0.0363799888296944,0.0376039876055667,0.040032312723031,0.0389641894745803,0.0353150573355794,0.0372669410642774,0.0372150200948137,0.0374156240352409,0.0359249829071119,0.0359695176403162,0.0338572760079344,0.0362942314649278,0.0380460509176372,0.040216432247812,0.0351881091451252,0.0364261477234284,0.036385484669634,0.0370590922976103,0.0347432694458946,0.0362535095041166,0.0392232754493624,0.0364034613161063,0.038522519633142,0.0378722273019743,0.039235660960522,0.0360476280659411,0.0375631049615908,0.0358791248230005,0.0388917397303298,0.0373711938118208,0.035686185100591,0.0363547115922211,0.0346113201532234,0.0366853472348759,0.0378645303855579,0.0369865336242478,0.0365383358432375,0.034120780832573,0.0346472620926967,0.0377736970607718,0.0362613652896487,0.037410326394437,0.0353730502257539
ABM_Disadvantage Zone Average Travel Distance per Person_Mode_SchoolBus_Disadvantage Zone_0_Average Travel Distance per Person,0.0735308202993927,0.0750718278646412,0.0849971383612304,0.0660803295695812,0.0570747509837678,0.0639595072763601,0.0881949727985745,0.0570508310928465,0.0723431876787803,0.070414545074965,0.0832181747506643,0.0928652796331163,0.0902627622573769,0.0838318194470795,0.0692645542029997,0.0569015363479485,0.0708637043020977,0.078031210558186,0.0621324506917001,0.0587946990492046,0.0595543752717824,0.0780089755918853,0.0811891647749603,0.0924200172671627,0.0578198416800747,0.0713389047477579,0.089351677359339,0.0579972822012047,0.082552356632775,0.0710261782569801,0.0832287618824364,0.0676020276461094,0.0807234300770776,0.0597799492856701,0.0826989788683561,0.0721573248906622,0.0782419235891438,0.0676788897714235,0.062520199142039,0.0662676564728098,0.0904959675596795,0.0603050884442808,0.0691670220583411,0.0905192070097134,0.0819542595851484,0.0760228060146208,0.0854653438814387,0.0712529796956706,0.0921529648143384,0.0698267449659275,0.0630801003267523,0.074651167704313,0.0648154248543446,0.0763806099705431,0.092765374340595,0.0698054303261258,0.0757251659718729,0.082466554804127,0.066881865660585,0.0698853001871671,0.0644947933230034,0.06090049671527,0.0765685565270113,0.0835676195904947,0.0772134902030446,0.0561996824617289,0.0440413693987982,0.0752528429515737,0.0741506266681754,0.0600422489077787,0.054107533307264,0.0878714675952413,0.0798546146634289,0.0848368626596754,0.0584216751116462,0.0694115890726761,0.0881688385684441,0.0903047028906766,0.0743281061920916,0.077456623831808,0.0673370812637314,0.0932970129679653,0.0672943447610716,0.0617213199825637,0.0728323833741091,0.0969728386387819,0.0910418116144854,0.0881299590134551,0.0941383073419766,0.0658370147830762,0.0622917309045484,0.0878006022850764,0.0898263478009621,0.075758476908244,0.0609228063945944,0.081942631814453,0.0849518312655714,0.0571641032336684,0.078647097978689,0.0555833154337534,0.0718180263469809,0.0785358770328048,0.0679966762239908,0.0655854728237011,0.0644757877702302,0.0592582273773491,0.0605277602281122,0.0807103674734761,0.0925417337473813,0.086491529131276,0.0650303170363523,0.0913260040235851,0.0736036973470267,0.0857717996258956,0.0872158464001603,0.0694896223601219,0.0792367347133287,0.0794771924954388,0.0634422972078686,0.0740754140017658
ABM_Disadvantage Zone Average Travel Distance per Person_Mode_Taxi_Disadvantage Zone_0_Average Travel Distance per Person,0.0039619900249288,0.0053690619512457,0.0070168312164288,0.0072337326288361,0.0062022872602065,0.0061569731999924,0.0064417835495497,0.0060580892075584,0.005586836135105,0.0063534616547724,0.0045994032627081,0.0043406857331187,0.0050369651731443,0.0058998910112686,0.0068788089003209,0.0042463685559669,0.0058944537783428,0.0072274401943546,0.0049584163267528,0.0056962178447677,0.0039195541963204,0.0063873090015417,0.0069782409770003,0.0054564808603126,0.0060441645410608,0.0056196942754506,0.006360234929854,0.0055563458876705,0.0061134624091329,0.0065960026366589,0.0063176393509627,0.0077775319337242,0.0053757755191906,0.0039756147124568,0.0062647431432404,0.0064683008133814,0.006629140182018,0.005114038184332,0.0055583563789432,0.0043925946234448,0.0061096797938903,0.0057665807454686,0.0040468887372551,0.0051163997738416,0.0064105963130715,0.0063136339488849,0.0101500658285661,0.0060151850630486,0.0073260287686756,0.0044967463482815,0.0038418374391037,0.0073812716567597,0.0041708605675861,0.0053524467143801,0.0059394933424335,0.004043959782923,0.0038022012640532,0.0068661879858496,0.0092842118909537,0.0051332654341724,0.0071192427143736,0.0043487309898296,0.0075139689823139,0.0057494034760171,0.0055589672990728,0.0079616498535085,0.0032639610066007,0.0058985706936201,0.0051903167619592,0.003986303125628,0.003786329564293,0.007936363549054,0.0059296081205089,0.0067928165286227,0.0066763477138085,0.0049458614863652,0.0052311734267178,0.0062894261375547,0.0062183542331256,0.0065890037232881,0.0049975279375796,0.0058731340839478,0.0045435731143922,0.0052377447184251,0.0067294790549759,0.0064744956690758,0.0074017353752649,0.0054908079009631,0.0057960650451902,0.0068384753532251,0.0046519295083133,0.0048198974840528,0.0056634283532225,0.0067802300416966,0.0086622577419447,0.0081757721359854,0.0049228383351671,0.0061310353832093,0.0067380702340605,0.0058594152280798,0.0055101256392021,0.0069178081177423,0.0055068391389306,0.0072025680988027,0.0043666842850524,0.0054880798541174,0.0073711770978535,0.005991340355259,0.0088272247782126,0.0044936385819201,0.0065003340577423,0.0051017667390769,0.004860367997554,0.007683804631471,0.004340701046546,0.0055600288085902,0.0039483796358807,0.0061882528433082,0.0059239270198634,0.0044271988572331
ABM_Disadvantage Zone Average Travel Distance per Person_Mode_Transit_Disadvantage Zone_0_Average Travel Distance per Person,0.0843018592141162,0.0971799799093621,0.0883313923764881,0.106692316275815,0.175163797343827,0.109213717929013,0.0332484981843217,0.153754924390211,0.0811025547085265,0.164630547543354,0.0537802118222142,0.0404311689859859,0.0276107998231268,0.100234817398867,0.168394587650263,0.144311223549517,0.0856906726850666,0.03627466458499,0.0938136894148038,0.13159538341451,0.189139709132426,0.070950741096915,0.0497054657117215,0.0262101738352207,0.10679591576926,0.073284120607775,0.0349237782377515,0.118536290178103,0.0937668194973282,0.107666270943615,0.058085616654495,0.100817256550562,0.0341879647297631,0.154740270181918,0.141574534195366,0.0837481191734899,0.0437318839600954,0.126739343394228,0.1326845367745,0.143924956644609,0.0349524436782054,0.136501943455669,0.118861325075124,0.0322607013901561,0.0807028099125869,0.115427060596612,0.0736236149786203,0.113023664829384,0.0232616920542002,0.0814617113542461,0.187501791549148,0.0593965968955123,0.0742439101426274,0.136791284455047,0.0225710819428638,0.090195556387268,0.130402449349269,0.0236745850581174,0.100770673707827,0.109713490425685,0.109699616350116,0.0955921214721241,0.0773338845138932,0.0457356899644908,0.0535653495151482,0.107959867064487,0.0843236600037939,0.0445359988185136,0.122651135856868,0.0521566722418347,0.0640976333805152,0.0381357848362989,0.0723296107708057,0.0494424131152982,0.144460798873133,0.0988983820888581,0.0645006014240923,0.0413418929667083,0.0624721132176353,0.0784213341367749,0.087436061988193,0.0294181431901451,0.117792758190583,0.155742198789361,0.110311030039072,0.027458073431918,0.0335319951484132,0.0340286457710967,0.0406763456887972,0.0917889074270131,0.112074428974645,0.0172654485189291,0.0735122464002741,0.113392763300363,0.102902109861074,0.044114600534822,0.0935463697183544,0.107789807198503,0.0990072318487756,0.130125360811395,0.0874991872396627,0.0963270673852292,0.102195336436895,0.0901091399369483,0.0739528642927523,0.129836100923954,0.14726970660302,0.0521014974996029,0.0557557880271871,0.0451759034265007,0.130548832427452,0.0591501514194908,0.112481759939964,0.0345795924266038,0.0664003167652385,0.0856907004997854,0.0981049340845947,0.090211009343075,0.117844901779928,0.114905283861289
ABM_Disadvantage Zone Average Travel Distance per Person_Mode_Walk_Disadvantage Zone_0_Average Travel Distance per Person,0.0900775624144661,0.0882803794216657,0.0880797275135612,0.0906497147027601,0.0905401961387113,0.0903740845187172,0.0878106699785359,0.0879601980231088,0.0901705863288571,0.0879522962312549,0.0901566036027881,0.0908684211448987,0.0894972314068677,0.0882461400401333,0.0883645034059361,0.0886765627356041,0.0893678636933005,0.0909525275591126,0.0892003139760162,0.0886514028624673,0.0871676828122567,0.0870579597319534,0.0889077081903555,0.0912376906821966,0.0893603856613254,0.0891169552119706,0.0906096367924043,0.088005204690857,0.0897264139729873,0.0877508525421563,0.0888355888549283,0.0890634334391408,0.0907856148126403,0.0878997375931014,0.0894494958230683,0.0875576674239498,0.0902249427985618,0.0885706321889801,0.0898809902561646,0.0904477163997748,0.0897188107368163,0.0897995990344094,0.0884946100751899,0.0871680542301491,0.0905648385886969,0.088961978426821,0.0933964627340409,0.0880208225373345,0.0893995147284774,0.0900856035511138,0.0885497163106579,0.0899559117671916,0.0706134363188339,0.0891852172306038,0.0910447651247852,0.0896105884554533,0.0897158117631055,0.091921948906643,0.0896278256360327,0.0904831682957133,0.0876639308212273,0.088621137017951,0.0866623123402438,0.0893747822842359,0.0911594253467872,0.087821129077289,0.0621330945544921,0.0905006710777655,0.090868536132429,0.0721980666773212,0.0529522297554071,0.0894096114612017,0.0909654699472922,0.0898894092549085,0.0866828215065085,0.0898000111966169,0.0908666337910376,0.0914800974921224,0.0909753205612124,0.0908189989966195,0.0888843467697839,0.089361498229311,0.0898898751609368,0.090251101342688,0.0898137869679094,0.0881583955475748,0.088599784077732,0.092259263795617,0.0929550438843381,0.0873671213742108,0.0897860977364547,0.0915650861217909,0.0884622052377336,0.0874796654891938,0.086963820882429,0.0873812098483961,0.08876369022777,0.0870297950124037,0.0881070828095746,0.0899554521139649,0.0888750550306478,0.0861915001695701,0.0871696814078482,0.0893489110868957,0.0897377960051942,0.0878259347747618,0.0880394516481643,0.0873228086607402,0.089793887627734,0.0921640013090803,0.0854732731584974,0.0887496789692774,0.0889209701627361,0.0933119895684333,0.0908245442978345,0.0888632246706291,0.0886657273251483,0.0900462387726741,0.0875939425526589,0.0892326880145861
ABM_Disadvantage Zone Average Travel Distance per Person_Mode_Auto_Disadvantage Zone_1_Average Travel Distance per Person,3.77394396837844,3.78205019644368,3.66146812146822,3.47905672199144,3.59899168015721,3.74191773609855,3.92787445881575,3.71573021579841,3.48061706192249,3.59617351242938,3.80800188091543,3.80875952427812,3.7228935717848,3.53953172077104,3.73897100626235,3.76486067434683,3.7077734289071,3.66439534326732,3.67937517851813,3.55001428538619,3.81619215004414,3.79134818292232,3.70207694942454,3.74670375869709,3.86273943959867,3.82022351062407,4.06158408817978,3.54919072977587,3.60813411545323,3.71437200594681,3.64517823703709,3.51357317849931,3.87163321891381,3.62610352545672,3.6832487800553,3.8103236540829,3.79024560084334,3.51619232627104,3.77594090648813,3.5996097499262,3.70668620072584,3.58558847336179,3.61385689561558,3.84407140621614,3.63976890948029,3.58394414026223,3.63648084157385,3.52298070874052,3.83132277065395,3.63695496997767,3.57800371008933,3.64988099824626,2.99729859254475,3.57359842433052,3.81037272829709,3.60313668795049,3.70930383115056,3.66620653712463,3.54717258619712,3.69275041467011,3.5669767853155,3.76636057017996,3.64323654527876,3.8088524730245,3.79347336162266,3.99909867344458,3.56623379929331,3.54479302520084,3.48969590039052,2.94383769561644,2.2773084941425,3.64643538808543,3.70797280077373,3.68633859711627,3.94270712660553,3.56610366566562,3.66021938683098,3.57110718695602,3.67670797976562,3.52984395274192,3.81818632905758,3.77790892330212,3.75272073591767,3.57371491817009,3.65670595851841,3.70340313570642,3.5921403848157,3.81092591304678,3.60191099755137,3.72599187056303,3.93421869702282,3.88192805884317,3.78202259987233,3.58208097515825,3.79834426553015,3.92955072584064,3.73876867273423,3.7554295539295,3.80225322589467,3.62980207202946,3.70676528453108,3.73525008316553,3.80637200531149,3.69190019045071,3.79692843005917,3.97801441698066,3.81546630106843,3.74086967082018,3.55335325897105,3.66226812233279,3.7530871911845,3.53634471183382,3.68952011726293,3.51932436262286,3.69178173567594,3.73790068146999,3.72033258774344,3.76553259374776,3.96309836479301,3.69481995134692
ABM_Disadvantage Zone Average Travel Distance per Person_Mode_Bike_Disadvantage Zone_1_Average Travel Distance per Person,0.0520312569145612,0.0440845855661448,0.048525718499703,0.0504399040118294,0.0485234977166743,0.0523500098824427,0.0418986243032229,0.0501071190148718,0.0502605224667351,0.0479492090690354,0.0481110942190135,0.0493396090477128,0.0440976554411323,0.0471510927577303,0.0482118491032011,0.0523788893536233,0.0500921953341796,0.0462588033818762,0.052339782986139,0.0504610367240073,0.0561629083407795,0.0475561852008263,0.0473682491254666,0.04295591402029,0.0494809186580091,0.0467023765507367,0.042932476029958,0.0475899160884885,0.0453096445955172,0.0540231815428666,0.0462604785657955,0.0480139856559691,0.047004638868932,0.0546265492988897,0.0494148370232693,0.0461905183153829,0.0458397800237374,0.051535561534106,0.0518868871955248,0.053374216674398,0.0497861957085278,0.047623017891501,0.0514788075200217,0.0474992255900362,0.0478512369039072,0.0502561436643413,0.0444959348846328,0.0506866397241189,0.0431626940205369,0.0499942451430394,0.0527426435831778,0.045639592046824,0.0375540866603135,0.0454604354785972,0.0431056130579656,0.0539233678305949,0.0491054377216292,0.0427809895569759,0.0468337310710998,0.0545193370948992,0.0476624795603164,0.055095603480047,0.0504406181421973,0.042201899334673,0.0429098985590988,0.0529109899072808,0.0404992042941145,0.0523981120192997,0.0485087911318144,0.0404736799456251,0.0265642646529147,0.0416420643301623,0.050927963621247,0.0496268547237824,0.0525827642299599,0.0478317324224571,0.0471100539624279,0.0484131632692382,0.0450697847675952,0.0490820959116836,0.0544614002077179,0.0447480644496028,0.0506303904065532,0.0496644375606578,0.0512530798535944,0.045537344322548,0.0445508846594545,0.0427408474035109,0.0433918240162967,0.0513351998219876,0.0527275268537956,0.0415600935104711,0.0454546980902253,0.04345713464238,0.0448150313533637,0.0427491232698847,0.0464456165454818,0.0541700204038556,0.0444331309619367,0.0501780022321774,0.0523126257697324,0.0535162385717706,0.0491871759025312,0.0532234353174356,0.0487834321797142,0.0523827654091143,0.0532212585633365,0.0447121643317492,0.0452647198766518,0.0495127931012376,0.0492586982362579,0.0447893463608493,0.050628076396447,0.0480516877937855,0.0441891424677116,0.0478347117420077,0.0482559721081345,0.0487036550450952,0.0511357683036142,0.0502042139732516
ABM_Disadvantage Zone Average Travel Distance per Person_Mode_SchoolBus_Disadvantage Zone_1_Average Travel Distance per Person,0.0795076566872768,0.0758366893828586,0.0884604748345863,0.0746921110505442,0.0676386949203051,0.0783885846418096,0.0862821828505812,0.0662781651907439,0.0729523711567869,0.0773691000226496,0.090114057014365,0.0977622339528214,0.0905792276575702,0.0849336729585319,0.0764494006124631,0.0694317503102532,0.0808089496934155,0.0856371386484705,0.0676038133077444,0.0704675133781953,0.0694811343560468,0.0842470610188468,0.0858412329414451,0.0928963656858553,0.0682736801810424,0.0807819725135112,0.0861082342606456,0.0638671945947909,0.0839597242513453,0.0806464057595947,0.0803765792898429,0.073252613652277,0.0872502594396104,0.0746676869996019,0.0880846539823067,0.0766729917214027,0.0766989554076269,0.078906714352893,0.0750194952208959,0.0774446927845486,0.0929547438663389,0.0664339370885581,0.0806161259671508,0.0889490975917054,0.0893622309292902,0.0761027639063042,0.0953395305664816,0.0758247779216031,0.0891409904315695,0.0836755855393618,0.0743816631130064,0.0761793378928584,0.070255479632596,0.0821836225211641,0.0905488466429503,0.0801559405811716,0.0941214658034737,0.0843818403469628,0.0703548373492487,0.0824689529048173,0.0740691119847364,0.0685844187374786,0.0779615886315854,0.0880275765951052,0.0873768247193281,0.0665844603507707,0.0602111149322976,0.0872311893345418,0.078299885003123,0.0652914298377188,0.0550714865665081,0.0891232896579543,0.0905288832706942,0.0874978169447006,0.0714063816784645,0.078798850706464,0.0967758901750105,0.0864751798121208,0.0785054720734278,0.0840986047644074,0.0738355487665062,0.0920647473201562,0.0714870466151201,0.0722239985641544,0.0803486479230317,0.0970592150092044,0.0879639737503906,0.0923577518485384,0.0978880430171087,0.0713458378928694,0.0719073589138731,0.0851979766549643,0.0929564206414702,0.0798015827256276,0.0679502499138482,0.0830069545523266,0.091496780419627,0.0687671322029128,0.0800639339876035,0.0669036731993409,0.0813766139549345,0.0871859356242557,0.0737514406545952,0.0730342917680605,0.0765586649343305,0.0668774885573645,0.0700329897970586,0.0857733487925185,0.0900865334810942,0.089215000684401,0.0705105374755036,0.0940563134363895,0.0787053856686444,0.088613357794842,0.0857903459051545,0.0754666988754474,0.0797439843944745,0.0869205451685225,0.0741603703800399,0.0804664318803091
ABM_Disadvantage Zone Average Travel Distance per Person_Mode_Taxi_Disadvantage Zone_1_Average Travel Distance per Person,0.0026527841453204,0.0039299394599274,0.0063732920908699,0.0070618816688909,0.0044314881484524,0.0060864302693096,0.0048728810366626,0.0055519146779914,0.0034792999290611,0.005332227113225,0.0033006530170661,0.0036074169876571,0.0034797552489362,0.0046022653142342,0.0059449309315536,0.0044349259953492,0.0054180320255761,0.0051024941415147,0.0046844762237919,0.0035737044777719,0.0028029954391538,0.0039031404785522,0.0053324178350898,0.0038466669257978,0.0049940730184822,0.0044942061250658,0.0028536768589092,0.0045619819099858,0.0038298522145788,0.004589246875172,0.0059318175179876,0.0059585098229356,0.0034937690144842,0.0026900163666121,0.0049095139267442,0.0039000228527618,0.004877634517991,0.0041224700015035,0.0046503633880984,0.0031087926453843,0.0045269847641028,0.0040105565016107,0.0027898737613682,0.0031707313158549,0.0046675934826784,0.0041606029999906,0.0089444332120231,0.003096844955189,0.0053541915804566,0.0030422912650978,0.0043264538551262,0.0065914673800813,0.003406771658561,0.0038030692082756,0.0039882169244885,0.002849712156423,0.0035054463225004,0.005491507961805,0.0087963451753027,0.003873231449715,0.005031826704456,0.0028630390850292,0.0047042339978208,0.0034111414276537,0.002660725136052,0.0070420210959041,0.0035359180288072,0.0041647201516782,0.0035319510358475,0.0031037008984754,0.0034123083873094,0.0048306691503167,0.0050604304705992,0.0050030213485343,0.0056576506913871,0.0039433758969303,0.0036294090105976,0.0070677849391746,0.0033394324539772,0.0059620712077888,0.0036693744183223,0.0059012074609207,0.0034747036507082,0.0049682418868075,0.0059723331441524,0.0032802138544792,0.0061345962113659,0.0030126987238051,0.0034772639517201,0.006099729628399,0.003555720273263,0.002668762778271,0.0032653077387297,0.0049753304520162,0.0076607062385683,0.0071160544625044,0.0033945857806026,0.0064696756490536,0.0032262642299317,0.004288408445174,0.0038159897052346,0.0052126385891269,0.0037879452080998,0.0057720245685979,0.003483005378769,0.0032207133494399,0.0060128245902062,0.0043237904944342,0.0064999186913523,0.0035460463278852,0.0055204163587881,0.0032684456045361,0.0037906821612891,0.0047258561388268,0.0029146789448313,0.005201437316839,0.0028002951130681,0.0030009008793811,0.0038934287131556,0.0034939936012955
ABM_Disadvantage Zone Average Travel Distance per Person_Mode_Transit_Disadvantage Zone_1_Average Travel Distance per Person,0.0969546192366855,0.155139658666807,0.115956926597585,0.141431865315815,0.214954921432656,0.117330953384605,0.0437569828403339,0.195584891698638,0.111924726189738,0.218688784503727,0.0950958489045082,0.0825970000281159,0.0562424937076928,0.16124656000534,0.237204782102089,0.191763890825282,0.10872368611872,0.0479874987672526,0.112820506237303,0.172544590156404,0.197167136121651,0.0912698100915659,0.0601535151009638,0.0670882885684301,0.128028832312263,0.0993514006781154,0.0677964293744346,0.135243328853209,0.151386701514562,0.132338183470073,0.0837325925180687,0.139199498877443,0.058332472969497,0.20374834343345,0.209983400214106,0.0926158745604529,0.0573815747764484,0.168045419211194,0.17487692375457,0.177276312571163,0.0517508571237436,0.176342113217005,0.136523398262522,0.042692458932197,0.13248679743493,0.146321571852496,0.139607917018956,0.152513710067883,0.0515618202277204,0.104083001677922,0.237050649010586,0.077180558423666,0.0926007797632324,0.192039227475659,0.0445090224232571,0.118600977817734,0.188268250421532,0.0352445039299186,0.115221431594194,0.123707133034676,0.148396164908342,0.0943997512754991,0.0870385341374706,0.0796817008562623,0.0734259276122232,0.131669204359889,0.100556100636565,0.056640320683485,0.170740635343152,0.0741638787413737,0.0824845092090082,0.0782354754059725,0.105685503643814,0.065947882611004,0.184337164573471,0.134291648517916,0.116872349296506,0.0654726549869068,0.078473943394399,0.110554219407403,0.0956268293340887,0.0493376564372848,0.160174265198157,0.20222080779611,0.144977400246728,0.0432395046276368,0.0623532387910894,0.0574121410800712,0.0722521693671534,0.0986594354202038,0.126709607490928,0.043083858040027,0.136059420494162,0.167186672140247,0.120260384605189,0.0685514313749322,0.152289263073826,0.112841078590023,0.144857223949302,0.141069219139839,0.109402730876523,0.126390664247501,0.117532658822704,0.0964299535044907,0.100662601735478,0.13998585603084,0.161948340625242,0.065728162755279,0.0977077887661563,0.0783344624506408,0.178640231952967,0.109616478984606,0.16670312115999,0.0588145279895893,0.114857382689782,0.114050280661382,0.120581258981793,0.140622374567902,0.150174868809232,0.166200509460123
ABM_Disadvantage Zone Average Travel Distance per Person_Mode_Walk_Disadvantage Zone_1_Average Travel Distance per Person,0.103680254756776,0.105069476784227,0.108822248689713,0.107919775944061,0.107148299385475,0.105927401652204,0.102611488100351,0.107099405609311,0.108099656196257,0.105338578851829,0.103755413819071,0.103234142604099,0.104821686367494,0.106930887586891,0.105600540354015,0.106234153847743,0.104281086594851,0.104870596743668,0.105929786612665,0.109496122428669,0.107222270968343,0.103245384874764,0.10468813330331,0.102592000621915,0.105541703593021,0.105802182241557,0.10097192616129,0.11078141596135,0.105672419995448,0.104648955866968,0.104808602890348,0.107385519545737,0.10171448338256,0.106420966957137,0.10507781047018,0.106338618955997,0.105271232795925,0.105172617314835,0.104365519975334,0.106034715135158,0.102779539410968,0.110618439967269,0.107146311252884,0.103128471804255,0.10705870274151,0.106190599779238,0.110348935166464,0.104570631964138,0.103526318940519,0.105008545615908,0.106761374263338,0.105603669606009,0.0859616548823548,0.106711177366642,0.103956537836228,0.104471823958096,0.106648921396996,0.105118154365813,0.110331220306004,0.106763482094757,0.107060102786691,0.103800471947754,0.106700735079723,0.104038841187806,0.104883203062267,0.104075454844867,0.0929254497761234,0.105404752939765,0.109570906957603,0.0829013496149273,0.0623133626768087,0.105558919461151,0.10533956613586,0.10181076578087,0.10375405113111,0.110146473793204,0.102852097152875,0.105017951892614,0.108631810291521,0.10642955975403,0.103326403782085,0.104015059535716,0.103549365293986,0.10593780328915,0.104673476045961,0.103715737459636,0.105163256499159,0.10458810549709,0.106980889229992,0.105368507042769,0.101243065624977,0.102438798699976,0.105285199047726,0.105224132337634,0.105779902037306,0.103974900172826,0.102777324836525,0.104330753535496,0.105342501393244,0.110215117591227,0.105332498467013,0.103687905080409,0.10507955282719,0.10899188798519,0.102779945067891,0.104990123891302,0.104291939934158,0.104714043264332,0.107127169736319,0.103605615207218,0.105213785459569,0.107888995687869,0.103995734297651,0.10312340372725,0.104235534648693,0.105101727831565,0.103077256385333,0.102024316918447,0.102781505365115,0.102031266234115
ABM_Average Commute Time by Mode by Income Quartile_Mode_Auto_Income Quartile_Q1_Commute Time,17.8492644154818,20.7938995046001,19.0236303398815,16.8642322703475,16.9818437155181,16.7002882615156,21.39012697054,17.2588122758071,17.8976226520886,17.4103670166651,18.0014179904493,17.701805812662,20.7681715186074,19.2213366851595,20.0753460446247,16.9112244070545,17.9560165682559,18.5951695507778,17.4042355799514,17.0172830817668,16.085363157351,18.7531235313864,18.9556452437777,19.3238285259246,17.5278523187753,19.0722649939852,19.337326657691,18.1597216788191,19.8485437765436,17.0197006590992,19.3763242999097,17.5637323551263,18.5314370626019,16.0950701590271,17.8516675714803,19.3770215705842,19.5834937583418,16.0817865407757,17.2036547594466,16.4974796280318,16.9870827586207,17.114893306584,17.3344262295082,20.3313777810629,18.1155444187441,18.4827350273862,18.3883090926152,17.3662881290072,20.2177745276306,17.0530817224097,16.8631471233163,19.5263848167539,19.4408422410616,18.7038698270095,19.5152678263865,16.809958624766,17.2202234258632,19.9733606417477,17.9268268980477,16.7916238376162,17.8385048933939,17.2812019984326,18.7890225811769,19.8486939979812,19.0396332561866,17.3212798887053,19.9725210005162,17.5396184159938,18.0915137154835,17.9615005793743,15.6494257161892,19.5071215314366,18.1234994894644,17.7741136487221,17.0127375,17.6799793210408,18.1481137556222,17.8633203384996,18.7759484658417,17.9883173357817,18.4335832198775,19.5572509800784,17.9126115509176,17.619633429518,17.9964132199828,19.3995873388042,19.5281782226168,19.2635168404856,18.327927197284,17.7424077033722,17.3085749185668,19.1698594197708,20.345685613359,18.9440121907494,18.0791827567184,21.1189304160689,18.2524765165482,16.3151005789422,20.2283594292325,16.8007125781537,17.8183451097062,18.4283292577108,19.2326315789474,17.6959118337244,18.6942258535695,17.9711655183727,17.6866228611748,20.1729437161473,19.0891184096802,17.6933565699007,18.0393292174203,19.2437247495484,17.6550369187787,17.937831289848,19.0988777089783,18.6820253054101,18.4948155479575,18.1556612640261,18.1082496096979,17.2195586013382
ABM_Average Commute Time by Mode by Income Quartile_Mode_Bike_Income Quartile_Q1_Commute Time,25.5818,26.4043722943723,25.6742307692308,24.6672043010753,25.71956,26.4314942528736,25.8408653846154,26.2601234567901,26.5053918495298,26.0015636363636,26.5227272727273,26.905974025974,26.4105118110236,26.9098233215548,27.2028723404255,26.0404761904762,25.9020289855072,26.9046818181818,25.1220938628159,26.3644144144144,26.3614230769231,26.451953125,26.275905511811,27.0522727272727,25.8328278688525,25.1869198312236,25.9139069767442,26.4840909090909,25.726496350365,27.6270609318996,25.8517333333333,26.013779264214,27.2301984126984,26.4902264150943,26.6006896551724,25.0078245614035,25.5821721311475,25.4859498207885,25.3894711538462,26.5356333333333,26.382673992674,25.918683127572,26.65125,27.4025714285714,25.2925093632959,25.1099386503067,25.6457037037037,27.058783269962,26.9351965065502,24.3314462809917,26.3714801444043,27.4097233201581,26.0468093385214,26.7510878661088,26.1611923076923,25.8344137931034,25.3455135135135,27.5446696035242,26.6823611111111,24.9828163265306,25.7068402777778,26.4489160839161,26.6210451977401,25.6366539923954,26.9563445378151,27.1050169491525,26.0627118644068,25.5697142857143,25.3506116207951,27.8332558139535,26.9883229813665,25.2520264317181,26.8132280701754,26.4847311827957,25.904140969163,26.2136013986014,26.2259426229508,27.260685483871,25.7596376811594,25.9814662756598,25.9669662921348,26.6760573476703,26.703162055336,25.4629787234043,25.5958802816901,26.2515224913495,26.3864754098361,27.4764338235294,26.6742083333333,26.0468985507246,26.4390756302521,25.9539428571429,26.5265909090909,26.5682142857143,25.7495491803279,26.1394298245614,25.5118699186992,25.8113654618474,26.8790804597701,25.408262295082,25.8195390070922,25.1109146341463,26.7379715302491,26.5575916230367,26.6631674208145,26.9019494584838,26.4918571428571,25.8056785714286,26.372,25.8446992481203,26.8817441860465,25.4819032258065,25.6903937007874,26.2411673151751,26.7434821428571,24.4443127962085,26.4044237918216,27.4102654867257,26.4037142857143,25.6750259067358
ABM_Average Commute Time by Mode by Income Quartile_Mode_Taxi_Income Quartile_Q1_Commute Time,3.53,6.07,4.26421052631579,8.2845,4.19625,5.50608695652174,8.4225,4.86555555555556,4.525,4.18666666666667,3.10875,3.82,2.84142857142857,7.47,6.19894736842105,3.78294117647059,3.448,4.67642857142857,4.00681818181818,5.56666666666667,2.86625,3.43333333333333,4.79666666666667,,4.88894736842105,5.86,3.9625,7.2825,3.215,8.88,6.934375,8.11818181818182,7.37571428571429,2.98166666666667,4.18608695652174,8.44263157894737,4.36818181818182,5.135,4.24166666666667,2.098,4.615,,4.21333333333333,3.88428571428571,5.44090909090909,8.964,6.73342857142857,5.75315789473684,5.49,2.496,4.16,6.63153846153846,7.37,4.279,3.06444444444444,4.13333333333333,3.085,4.27076923076923,7.43416666666667,5.53055555555556,7.81818181818182,3.345,4.222,3.10818181818182,,6.295,2.84857142857143,5.87636363636364,4.19555555555556,3.8425,3.0025,4.038125,4.688,3.66846153846154,4.58142857142857,3.81777777777778,3.51875,4.238,4.8075,6.42933333333333,,5.21,3.5452,4.50083333333333,5.10625,2.8425,3.7175,3.34909090909091,4.13,7.32625,5.26888888888889,3.225,2.31666666666667,4.6625,7.4546875,8.04571428571429,4.32333333333333,9.38285714285714,13.775,5.542,4.79538461538462,6.75,2.66166666666667,4.48818181818182,3.8725,4.436,8.81592592592593,4.546875,5.29652173913043,2.02,6.47583333333333,2.565,2.0,4.6975,1.45,4.02071428571429,,4.84833333333333,2.87333333333333,3.54
ABM_Average Commute Time by Mode by Income Quartile_Mode_Transit_Income Quartile_Q1_Commute Time,56.1679671150972,61.9539761904762,56.524101665206,60.0635604217356,54.3770338983051,57.5361454545455,62.6075396825397,57.4723419354839,61.2746931067044,55.463387755102,62.9136466165414,63.5232928311057,67.4255994729908,58.1123433420366,56.9269408369408,57.386783919598,65.9975070028011,61.4815025906736,64.6900558659218,58.756830449827,48.02813771518,67.1647581552306,60.6543043478261,64.7077134587554,63.9395588235294,63.7075666280417,65.7611643835616,53.7840088495575,58.908248125426,64.3489048473968,63.6497380952381,61.3661133935908,69.0090484429066,57.7649931693989,56.7796609195402,58.7972242424242,59.1415074309979,58.2854635527247,59.8398612181958,50.8850857142857,60.2568152866242,59.0137702790396,53.7407008884501,63.2221212121212,62.8564009111617,53.2399104234528,58.2232024793388,59.5362606013878,69.3266312056738,64.595775862069,53.6885690515807,59.4288656716418,56.5129787234043,55.1446021377672,61.0665957446809,63.771329787234,55.9167802503477,62.095,54.671708984375,54.1226063829787,61.9020541760722,57.7779430379747,58.4901319648094,66.3620895522388,58.3001083591331,64.7575583657588,63.8871609538003,63.1431662870159,58.4411313868613,65.6797933227345,50.4076463262765,64.7289429928741,65.5036464088398,59.6459560067682,60.6054435178165,63.3830203045685,62.1918244406196,67.6657164404223,56.7003012048193,63.24203125,58.4239871794872,60.4015319148936,60.6401083591331,54.1712993630573,61.5784357084357,63.9013232104121,70.4288323353293,57.2402737520129,56.8525208913649,59.3586691086691,54.6824567901235,70.1166972477064,61.8028296507484,58.8054823039556,62.5965047619048,65.3235336194564,60.8929569892473,56.9925158027813,60.5584183673469,53.7317843137255,65.2715219721329,64.2749502487562,53.5856751269036,57.8474509803922,65.4503280542986,53.9883673469388,54.0839981447124,59.6817272727273,62.7291149542218,65.9190326797386,62.5953097345133,64.3322222222222,57.8689586410635,67.600552407932,61.1841784989858,63.4788550420168,54.6220466058764,62.4170412642669,62.7768515358362,57.0141690962099
ABM_Average Commute Time by Mode by Income Quartile_Mode_Walk_Income Quartile_Q1_Commute Time,22.6975091575092,23.4064864864865,22.6832352941176,22.0599686520376,22.1917592592593,22.7107067137809,23.8734814814815,20.5489795918367,24.2168506493507,22.4565853658537,24.5666023166023,23.3923791821561,21.3877564102564,24.4002536231884,23.6050153846154,23.5689051094891,22.8916816816817,24.2393846153846,24.418724137931,25.2282636655949,24.2740363636364,20.5865472312704,21.2804946996466,20.50568,24.4877508650519,21.9776534296029,22.1377450980392,24.227783933518,22.253769470405,24.2859878419453,20.9171376811594,23.2267283950617,22.2041538461538,23.5440298507463,21.0921153846154,25.3333137829912,22.4009570957096,22.326814159292,22.0316974169742,23.3307829181495,24.4768259385666,22.5545360824742,24.3641391941392,23.4535504885993,21.3273270440252,24.6603484320557,26.3186305732484,21.2072401433692,20.8036877076412,21.8542617449664,22.9398245614035,21.1125889967638,24.213795379538,23.2488196721311,22.5422260273973,23.1997959183673,22.2003731343284,19.8420720720721,22.8176363636364,22.0514516129032,22.2483828382838,25.1830103806228,21.6489296636086,23.4080872483221,23.7422846441948,25.851554770318,22.2554407294833,23.1789694656489,21.5908408408408,25.0912301587302,23.9153987730061,21.487306122449,24.4157621951219,20.2021385542169,23.6835741444867,22.7328527607362,24.2050390625,21.6110954063604,23.0081533101045,24.8378395061728,23.8136013986014,22.0756164383562,24.7358102766798,22.7471631205674,21.3813636363636,22.1806501547988,23.6874402730375,26.378526645768,23.41,24.764212034384,22.6811570247934,21.0761643835616,23.6558745874587,22.3235185185185,21.4641639344262,21.9147432024169,22.1890833333333,25.9491610738255,22.5071228070175,24.0909717868339,23.6487246376812,23.3349162011173,22.8754710144928,24.8219834710744,22.7558064516129,23.1444444444444,23.0042567567568,21.0932193732194,22.0545686900958,21.5424230769231,23.0808595988539,22.2113823529412,22.3408445945946,20.1758754863813,20.4211428571429,24.0494814814815,22.0481756756757,21.5944202898551,22.291320754717,22.4089655172414
ABM_Average Commute Time by Mode by Income Quartile_Mode_Auto_Income Quartile_Q2_Commute Time,19.9999457166317,23.1580521517914,20.8243064591496,19.0351623961675,18.833719392063,18.8624291661072,23.281266475449,18.8314368553849,19.8113948364029,19.0060500577932,19.9135442581576,19.9141871793766,22.7232020227024,21.5791291037261,21.7798472844184,19.0409487837324,19.9983733789482,20.6886305652826,19.3255636707338,18.6406984920366,18.1849842212734,20.6042444808487,20.5728996405404,21.6884619484993,19.6474791606784,20.6145717899547,21.5654176716514,19.7013289341798,21.9781252689644,18.9437684813264,21.2020380878686,19.4699796062763,21.0079971766367,17.7655362619733,19.8600384599814,21.2955556359951,21.6757526272019,17.4760979456142,19.0683564222619,18.5992327773107,18.9373257769946,18.8194196315922,19.1647844234474,22.2338912480207,20.2812289033676,20.1695176557741,20.8386739684796,19.3378736141907,22.0854385244371,19.1784806462156,18.6292596291013,21.2919662990955,21.1026894725226,20.4964303564382,21.600233559446,18.6431811970484,19.2624320692744,22.156186023622,19.5890251791198,18.8747463349211,19.6296318545277,19.2930244078177,20.3572245729509,21.8798910564986,21.2818697505592,18.9480064051241,20.0792687966136,19.6530803829882,19.710769818606,19.9168653204181,16.8023079929646,21.0963425051335,20.0904225883537,20.1329982213941,19.3933830365757,19.4996939221688,20.6633810544363,19.831675229854,21.0895391446974,19.9441457637649,20.5191767163238,21.2723573145089,19.7604977866505,19.202862679684,19.9341385458341,21.4113725191421,21.5125468209472,21.6196124647244,20.4059949080374,19.5383466453674,19.6961362893816,21.2216290105829,22.3817952112128,20.7461576501684,19.6848803260467,23.0709899911486,20.5833319604613,18.0287152746561,22.1191891396074,18.6782425102228,19.5449006791171,20.261797689384,20.8344343009931,19.7447864302236,20.9642901128977,19.8411667448405,19.7506914538474,21.9322213666987,20.7676670042536,20.0195238958919,19.6138744459087,21.3839936662978,19.8344229517344,20.426003234792,21.2009155949612,20.3493360666025,20.5142635021184,20.6133819878435,20.0829396984925,20.0011809286262
ABM_Average Commute Time by Mode by Income Quartile_Mode_Bike_Income Quartile_Q2_Commute Time,26.3323786407767,26.0965625,27.1680067567568,26.5334297520661,26.189494949495,25.1997674418605,25.6832242990654,27.6695238095238,26.2156273764259,27.1272307692308,27.3053012048193,26.4536956521739,27.1354625550661,25.3424894514768,25.7480079681275,26.7455504587156,26.2276833976834,26.9353012048193,24.5003135888502,27.2571003717472,26.4468939393939,24.7326732673267,25.3820814479638,26.2881339712919,25.8746638655462,27.0224444444444,26.5765027322404,25.2123643410853,26.5126666666667,26.5991902834008,26.6011111111111,26.5198326359833,25.1033142857143,26.3130701754386,26.0400727272727,27.1274904942966,25.8762313432836,26.857480620155,25.1749302325581,25.9187704918033,27.7188888888889,25.9543902439024,27.6960498220641,26.8481276595745,27.2685652173913,25.9433031674208,26.4013574660633,25.4238396624473,25.6074556213018,26.4849450549451,26.2129770992366,26.4244715447154,25.1296354166667,27.1449289099526,26.6954545454545,25.467027027027,26.4510695187166,23.9529032258065,25.8387962962963,27.757556561086,25.7386666666667,26.5555477031802,26.2668661971831,27.6351502145923,26.7876381909548,25.922125,26.8280666666667,27.1676211453745,26.5032713754647,26.0175155279503,25.6288188976378,25.9457819905213,26.4370517928287,27.698,23.3150228310502,26.560041322314,25.5997890295359,26.3259162303665,27.1802880658436,26.2892763157895,25.522534562212,26.0598814229249,25.9478947368421,27.1910215053763,25.9074369747899,27.4921739130435,28.1912,26.1704186046512,26.9580444444444,26.6048172757475,26.3120622568093,27.0275,26.4793170731707,24.7545833333333,25.4504291845494,26.8740825688073,25.8812612612613,26.6080971659919,27.3147727272727,25.8424409448819,25.9926778242678,25.9633656957929,27.3501119402985,25.2950961538462,26.2897154471545,27.2150883392226,24.9881673306773,26.6450216450216,26.1933195020747,27.4823762376238,27.4288625592417,26.2735087719298,26.0539603960396,25.0622162162162,25.5652486187845,25.3715163934426,26.8115102040816,25.7037113402062,26.5674893617021,25.8004932735426
ABM_Average Commute Time by Mode by Income Quartile_Mode_Taxi_Income Quartile_Q2_Commute Time,2.97,2.006,5.7748275862069,5.00130434782609,4.47,4.446,4.49538461538461,5.52153846153846,4.08818181818182,4.86272727272727,5.815,4.494,2.46111111111111,4.45,4.24619047619048,4.24866666666667,3.37933333333333,4.99791666666667,3.04666666666667,3.45,5.28333333333333,3.084,3.31625,2.8675,4.035,3.8868,4.906,4.32285714285714,4.12090909090909,3.70833333333333,6.405,4.276,,4.26666666666667,4.48285714285714,4.27888888888889,3.14363636363636,4.495,6.592,3.075,4.4205,4.30307692307692,5.505,3.61125,4.86571428571429,4.56214285714286,5.81133333333333,3.844,5.0,3.10571428571429,3.33083333333333,5.29928571428571,2.99875,4.51,0.895,4.34,4.54,4.46521739130435,6.90066666666667,4.16444444444444,4.28357142857143,3.125,2.996,4.07416666666667,1.982,5.60923076923077,4.10333333333333,3.39384615384615,3.22714285714286,2.25,3.72333333333333,6.33545454545455,4.12047619047619,4.66538461538462,4.22045454545455,3.36818181818182,3.84,5.71,4.145,4.06708333333333,4.05,4.95291666666667,3.3525,4.5225,4.5944,1.68333333333333,5.63944444444444,8.78,5.67857142857143,3.97315789473684,4.646,3.38333333333333,3.12166666666667,3.93181818181818,5.475,6.81461538461538,2.492,5.09962962962963,3.444,4.84380952380952,4.18285714285714,5.53666666666667,2.63,5.23181818181818,4.185,2.801,5.51347826086957,1.525,4.19692307692308,3.57857142857143,5.42,4.66666666666667,3.54642857142857,4.56916666666667,2.48125,4.26846153846154,1.83833333333333,3.12666666666667,3.74833333333333,2.86
ABM_Average Commute Time by Mode by Income Quartile_Mode_Transit_Income Quartile_Q2_Commute Time,58.3378665318504,67.5504010989011,58.8399502487562,62.2027504244482,57.1859184466019,56.4628425998434,63.3987058823529,60.4766969072165,64.5998181818182,58.0792301770593,68.2376,68.9969468599034,73.0444764397906,62.4379907192575,61.6580984719864,60.685258126195,67.0208245243129,64.2952903225806,63.811347414421,61.1254238833181,51.2048315736551,67.0045818815331,62.4745352564103,71.1171153846154,64.1287018375815,64.9838099041534,70.7173734939759,57.0777341920375,62.7834780439122,64.6828483732351,66.8559545004946,64.9605305466238,70.7306231003039,60.4795715587967,59.3699284907791,60.0698889837746,59.923568,60.2691111111111,61.9103378378378,51.5462929666843,60.4651769087523,62.5679838022165,56.3371887824897,66.2887692307692,65.4711347926267,54.8212179104478,64.5251355748373,63.0565010245902,71.8144923504868,65.653264604811,55.7723059360731,60.5300801832761,59.8736411609499,58.3862705436157,61.7784753363229,64.9017795979151,58.597912246866,63.1373085846868,57.5534853884533,56.3697274979356,63.3572213893053,59.639284351145,59.7307054337464,70.5142962962963,61.6553482260184,65.0264271969211,63.3180438448567,62.7838103448276,62.3103525211959,67.8542214912281,51.59642578125,68.7224524524525,65.7437413925019,62.1495544554455,62.5362869399428,63.6594435075885,66.8307482517482,69.067836593786,59.370364640884,66.7920704845815,58.4326622765757,63.6287872763419,63.6681345565749,58.5303146258503,64.3991002710027,64.5957235421166,69.1464436619718,63.1403120124805,59.9886462324393,59.4940951638066,58.5535307872175,73.2129105691057,64.5190785587714,62.068795637743,63.6700114876508,69.4218134171908,61.9640242557883,57.8893991769547,65.5719989588756,55.796195207481,65.8162749287749,65.1554418037782,57.5977554304103,59.8199831791421,65.9872637633525,56.27969348659,55.7620845741513,62.7691140939597,67.118474980143,69.5254204545455,62.5396075715605,67.8154308093995,60.4088796248046,70.7834973404255,66.5612301313061,64.730514809591,56.8910370931113,65.9302916160389,64.1461212814645,61.0488197424893
ABM_Average Commute Time by Mode by Income Quartile_Mode_Walk_Income Quartile_Q2_Commute Time,21.9676751592357,20.7112171052632,22.5797389033943,23.5898218829517,22.6256896551724,22.1582165605096,21.2400314465409,21.1371022727273,21.5060451977401,20.9403812316716,21.3137358490566,20.7620858895706,19.5919881305638,21.6955497382199,22.9636977491961,22.233293768546,21.6492039800995,22.9600636942675,21.4654545454545,23.6435012594458,22.5303243243243,22.8430239520958,21.6895547945205,20.2559751037344,21.9296024464832,20.7122108843537,20.1152903225806,22.5255757575758,22.3331197771588,21.5596656534954,21.5452380952381,21.0473255813953,22.1320921985816,21.7945645645646,20.9796209912536,23.1879341317365,21.9433807829182,23.1352124645892,21.1157239057239,22.2098469387755,21.7332094594595,23.0036694677871,21.388221574344,22.9542857142857,22.0954131054131,22.4269553072626,22.0770158730159,21.4644444444444,21.3333870967742,20.874131147541,21.7750501672241,22.2489263803681,23.1758867924528,20.8365217391304,21.6802447552448,21.5747289156627,21.9795306859206,22.4391798107256,22.5244660194175,22.0688983050847,22.3287709497207,23.4878481012658,21.0589296636086,21.6704985337243,18.8580303030303,22.2769473684211,24.6435849056604,22.0233850931677,23.4090029325513,21.7909019607843,19.8995930232558,23.2969393939394,21.4748979591837,19.81940625,21.7908777429467,21.5735883905013,22.5050161812298,21.3016293929712,22.1404794520548,23.4509593023256,22.6104242424242,19.9192592592593,20.8891900311526,20.9328220858896,23.1971717171717,21.4988524590164,21.3907294832827,23.2333770491803,20.2932713754647,21.375,21.7112851405623,19.4091150442478,19.7390395480226,22.9487619047619,23.2938381201044,22.197467948718,20.0814098360656,22.3689534883721,22.6067138810198,23.3916428571429,22.7258552631579,20.6244827586207,20.5281194029851,23.21125,20.8239882697947,25.3658620689655,21.3351807228916,24.8382692307692,21.2572039473684,20.3628268551237,20.8317101449275,20.2020858895706,22.6037012987013,20.9909486166008,20.5448214285714,20.0619877675841,20.9462917933131,19.8537037037037,21.8822772277228,21.6652362204724
ABM_Average Commute Time by Mode by Income Quartile_Mode_Auto_Income Quartile_Q3_Commute Time,21.365953520164,24.5700757263712,21.6455277378011,19.8870830189917,19.8815053616088,19.8536087866109,24.1896091626422,19.876589834708,20.6279230285894,19.9264417608885,20.9901296314858,21.2200077667389,23.9711313750807,22.46100252586,22.8093704320343,20.1364662628243,20.8835983690112,21.8267619285848,20.2463491198256,19.341067686472,19.0622135211846,21.6223100883029,21.6724819611471,22.7375249708928,20.3148035001067,21.5575930983118,22.8427214415705,20.4993438928191,22.9015614824882,20.0049783030191,22.2618030028475,20.3749632049834,22.4319981471065,18.5729078163337,20.963493248369,22.2911091152815,22.5994925815195,18.114131324284,20.1482955392313,19.5877764204827,19.8911071096306,19.523305376005,20.1426557410082,23.6338274095072,21.395849271727,21.0782711011567,22.1072673133595,20.3879640837385,22.866883291058,20.1872983190441,19.4359155219074,22.4421069667078,21.9769403894948,21.1753659824434,22.3945929367465,19.4726294087579,20.6152760669908,23.6824983624129,20.481573177807,19.8852534737863,20.1590941712431,20.2480435286713,20.9508595645364,23.0259976187326,22.5806326600267,19.9068934958063,20.2452445568053,20.8500013065491,20.6298227941402,21.0470560747664,17.3180995826458,22.19744181664,21.1715827162751,21.1588973224379,20.4282956538376,20.3779263116703,21.9364047169811,21.07004406162,22.0795696126813,20.8402532588454,21.651156861031,22.5384307322104,20.8834826141198,20.1461789372257,21.1898721391126,22.4617628857118,22.3086630447979,22.6314317297489,21.5386144230769,20.3485900701993,21.0233548387097,22.4947097240102,23.4275908961593,21.209082854799,20.2671766790611,23.918445562765,21.9046165052964,18.8506093380811,23.0526631242773,19.514586621035,20.7465054101661,20.8303805520845,21.7595921192131,20.6371184573003,22.0118579304227,20.6119423021166,20.6489944458008,22.625660595291,21.5292030651341,21.2129656321175,20.3974045824631,22.093502448862,20.9722450530096,21.6708170254403,22.2708640870055,21.2222258535347,21.6818167422219,21.7072338483809,21.4658687433842,21.0481029391084
ABM_Average Commute Time by Mode by Income Quartile_Mode_Bike_Income Quartile_Q3_Commute Time,26.9449044585987,25.6006034482759,26.6988938053097,25.5790476190476,24.7683625730994,26.6044811320755,27.9383796296296,27.0896517412935,25.9397630331754,25.3562068965517,25.5010144927536,25.4092258064516,25.5264454976303,25.3409574468085,27.191608040201,26.786902173913,25.33375,26.5385964912281,26.6966666666667,28.2603070175439,25.6140807174888,26.4642162162162,26.8599350649351,24.8506382978723,27.8613017751479,26.0166494845361,28.404965034965,24.8364822134387,26.9969154228856,25.3907582938389,27.3420134228188,26.1351652892562,25.5746218487395,27.3792227979275,25.6077202072539,28.3722272727273,25.9097354497355,27.1857264957265,25.4337106918239,24.556231884058,26.8169186046512,26.8587894736842,26.3693292682927,25.9889903846154,25.9718139534884,25.8575369458128,27.2348275862069,25.49,28.6506,25.8027807486631,26.2570984455959,27.511582733813,26.8799479166667,27.1161,25.28625,25.9354066985646,26.0645390070922,25.9057419354839,27.1886641221374,27.5116205533597,26.0514155251142,27.079801980198,26.8337623762376,26.5767901234568,26.2007051282051,26.8365346534653,26.9290449438202,26.8999438202247,26.8060593220339,26.7177070063694,27.4815555555556,28.6388741721854,26.279587628866,26.5360714285714,26.8907594936709,26.5809821428571,25.6696276595745,26.5701169590643,27.6800531914894,26.6220168067227,27.2409322033898,26.3582738095238,24.5780113636364,25.4532,27.7049189189189,26.6777914110429,27.5208465608466,27.2615333333333,26.4044520547945,27.1558482142857,25.7439325842697,28.2570909090909,27.579209039548,26.7554098360656,25.0838497652582,25.8873737373737,25.8851428571429,27.8845685279188,26.3530875576037,26.4895652173913,26.1774418604651,25.5874501992032,26.474802259887,27.2585658914729,26.8170348837209,27.054898989899,27.3305882352941,27.1859782608696,26.5947926267281,26.6695121951219,26.7877981651376,26.6446788990826,27.7211258278146,26.5921428571429,28.4570866141732,25.7111578947368,27.8054074074074,26.7970547945205,27.5322340425532,25.5566853932584
ABM_Average Commute Time by Mode by Income Quartile_Mode_Transit_Income Quartile_Q3_Commute Time,60.4912289156627,66.541851524525,60.6705828220859,63.8515361050328,58.9843030869972,59.5719923615531,64.4627575277338,61.887227826087,64.9689845002672,60.1193800714054,68.3069737887212,71.7589626168224,71.0279950186799,64.8463904607922,62.7364361847499,61.7394785276074,66.5780671806167,62.4016488549618,63.3511930585683,62.70715,52.9338184079602,66.5961554476058,62.5457670772676,71.0105136268344,64.6522740524781,65.9644172569221,71.8822559652928,57.6605823016965,64.6922766570605,66.2573336643496,68.2797964169381,63.0678684210526,69.0507571801567,61.2428883861237,60.9802554278416,60.7268771448181,63.644861278649,60.9798702830189,63.2053138252757,52.8350795698925,61.1579210925645,61.8096363006581,58.125553633218,64.4243130434783,66.1897081339713,56.2198997493734,67.4588654618474,63.7394566210046,71.8914369501466,65.8687466487936,58.078585443038,59.1627397260274,59.7676261549396,58.5301428571429,65.0227504911591,64.7163723150358,61.6177664576803,64.7057855361596,58.055733995585,57.2048801036941,61.758296055307,59.8588205499276,58.3328803088803,70.1210788690476,60.7973076923077,64.9410255018991,64.3439698046181,60.6783483870968,62.3239623352166,66.2714157706093,53.1345979703357,68.7041866666667,67.7727093908629,62.9903875,63.7818691222571,63.971826584507,68.4678668390433,66.677337883959,59.8525828970332,65.1176763064434,60.8265417256011,64.084182444062,63.8106255178128,58.2406194387406,64.6010551330799,63.69194,68.1962659574468,67.4010248901903,65.2722514285714,59.3023052564915,58.7181777205409,71.6120866141732,69.7616209349594,62.4297790746144,63.4854914744233,68.4025394045534,65.6688660714286,58.3879847908745,65.2261640982924,57.0347537174721,66.2451582278481,65.3385557768924,59.0564738124239,60.4055521091811,67.5106237816764,58.3433680039624,57.0353031004165,61.5766407982262,66.4042809587217,69.0781666666667,63.1397540067089,66.9419849537037,64.1715914893617,68.4932947976879,68.6967542706964,63.9769948776323,59.6981392483056,65.7342747309072,65.9052802893309,63.799493108048
ABM_Average Commute Time by Mode by Income Quartile_Mode_Walk_Income Quartile_Q3_Commute Time,21.8574551971326,20.985696969697,21.5362601626016,23.5281818181818,22.5196811594203,20.9214127423823,19.4023699421965,23.4346405228758,20.3745373134328,21.4838150289017,20.4409386281588,19.467508650519,17.506213592233,20.4270231213873,24.2595103092784,20.4221575342466,25.6692663043478,20.4714790996785,22.8970165745856,21.7432152588556,24.7699684542587,21.1433701657459,21.3330592105263,18.1063888888889,24.1463988919668,22.2228064516129,18.9503162055336,22.8392493946731,22.4227844311377,21.8567391304348,20.8156748466258,22.6525198938992,19.4059328358209,19.9026888217523,21.7578248587571,21.050351758794,22.1784411764706,23.4840220385675,23.6834862385321,22.5890540540541,19.5509495548961,23.2691989664083,23.2745392491468,19.575884057971,20.7546849315068,21.4101226993865,20.5546017699115,21.2719137466307,21.8092783505155,21.7319933554817,21.1151319648094,20.4643266475645,21.6141964285714,23.3676417910448,19.4658389261745,21.6612280701754,22.0311787072243,18.9802054794521,24.1202570694087,20.4215335463259,23.2930303030303,25.4831454005935,22.807824933687,20.540119047619,20.0743884892086,22.4548710601719,22.8328436018957,21.7050847457627,20.9499477806789,21.9490836653386,21.04625,22.6307053941909,22.6123287671233,21.2015231788079,23.3852808988764,21.5853553299492,20.0412203389831,20.0171043771044,22.5534870317003,23.484987012987,21.960054200542,21.6785240963855,21.3586984126984,23.0208860759494,20.1515636363636,18.5810149253731,20.0610948905109,19.1453896103896,17.8874760383387,22.342493765586,24.1736904761905,20.6864822134387,17.0850173010381,20.1553389830508,22.0736496350365,22.139604519774,21.8905921052632,22.4651366120219,21.0815656565657,23.9259826589595,22.5394006309148,21.0649874055416,20.5169117647059,21.9155210643016,20.3551202749141,22.5126130653266,22.8190149253731,23.6441002949853,21.9918768328446,18.8945874587459,21.4481873111782,20.7630897009967,20.1934827586207,22.120365448505,18.2201486988848,23.2043843843844,20.6151923076923,21.9522073578595,20.8914759036145,20.6042905405405
ABM_Average Commute Time by Mode by Income Quartile_Mode_Auto_Income Quartile_Q4_Commute Time,22.4296829275743,26.0815544476972,22.8147210289648,20.9803702073983,21.0476175646216,21.2360083575581,25.575247690387,20.9274008114074,21.903403327934,21.0824725085372,22.5863642493717,22.576511487486,25.2194404918317,23.9157560649528,24.1765460970793,21.2848133285089,22.295375971882,22.9373261675745,21.3481680828147,20.7473422309153,20.3581509398555,22.8263422828187,22.8524036294453,24.0874728370221,21.6170520231214,22.9513667735135,24.5920157971775,21.5856828477073,24.2244212987565,21.2674857142857,23.637129339459,21.7074678111588,23.9210579754601,19.7254039674199,22.3050315483375,23.6467811889618,23.784707791337,19.232605249676,21.4721894578017,20.8843788315903,21.2907064562096,20.6162775191125,21.2008354477963,25.0047815370827,22.7790830177987,22.4089618589097,23.2025294464903,21.5966489929,24.2683896593143,21.3647829230721,20.6555512342504,23.7367996814723,23.0850794934818,22.3515056616581,23.9655407773405,20.9038964647271,22.122024547888,24.929706333428,21.3037542465596,21.1494322320915,21.1948480083857,21.6826373730066,22.0684605623648,24.4415414792843,24.2187048887352,21.4369724270508,20.4567259902333,22.169397464944,21.7051362363127,22.23604181498,18.2692622611098,23.5541375977506,22.4346340499972,22.6634543477604,21.8791379763469,21.5781016260163,23.4233799936634,22.290398287735,23.4470710000845,22.010695019117,23.1448114324815,23.9640815117907,21.9321356425643,21.4224412230881,22.6053695328601,23.5127202333888,23.9005017207543,23.9311330226882,22.7959762489018,21.2876529023251,22.5176307482019,24.1710074966926,24.9005121567162,22.5850647712237,21.1141613663779,25.192414344173,23.1926861738629,20.1199904872959,24.4827021844472,20.6671308605426,22.058897590188,22.1800880987965,23.1233813028371,21.6797564583443,23.6027249556103,21.8930460671469,22.0508066643726,23.9027625473283,22.7295968282657,22.6825846007605,21.6002369133574,23.5352845155546,22.5240953381735,23.1101401912257,23.7482437997337,22.4404135495841,23.0341914068113,23.2631120851597,22.8097452434698,22.9224270078919
ABM_Average Commute Time by Mode by Income Quartile_Mode_Bike_Income Quartile_Q4_Commute Time,27.1615476190476,26.7150588235294,28.01504,29.211724137931,26.4777192982456,27.4409433962264,27.2785585585586,27.1762068965517,26.9461904761905,28.0066055045872,29.0340298507463,24.298125,27.4909090909091,26.7940229885057,26.4597333333333,26.1263888888889,26.9884496124031,26.3218691588785,28.3239285714286,28.0319130434783,27.72544,24.9533613445378,26.2138461538462,24.9059756097561,25.9928318584071,26.9004347826087,26.7748979591837,27.8488793103448,24.4161290322581,27.2373484848485,28.52825,27.7213675213675,28.7662337662338,26.2871698113208,27.6871134020619,27.7356034482759,26.2244859813084,28.8177011494253,26.4513636363636,27.4823275862069,28.49,27.4934586466165,27.2325,27.5480412371134,27.249702970297,27.9088785046729,28.1706730769231,25.6506611570248,25.5443421052632,26.2664583333333,25.9211111111111,27.5361616161616,27.0726315789474,26.9291262135922,26.8225333333333,26.5153913043478,29.8065454545455,25.4827272727273,28.1229565217391,25.4795348837209,27.213431372549,26.337380952381,25.9275,28.5918292682927,26.8904347826087,25.7413157894737,25.7680582524272,25.9523664122137,23.4489516129032,26.9457746478873,24.1809677419355,29.1227586206897,27.1539669421488,26.4081052631579,28.9745833333333,27.0746715328467,27.7054,25.3834693877551,27.5513286713287,25.3454368932039,27.0579787234043,27.0864893617021,24.9484905660377,28.0578947368421,27.3529245283019,25.620625,27.7701298701299,24.245652173913,28.1310126582278,25.6932061068702,27.8917272727273,27.0150684931507,26.1010975609756,24.5730088495575,28.6835877862595,28.108,26.2975757575758,28.2233613445378,24.4114285714286,28.0591034482759,27.609175257732,26.7584962406015,26.5158196721311,26.3791743119266,27.4409803921569,26.1108035714286,26.3475238095238,26.692,26.8188888888889,27.9111214953271,27.5698924731183,25.4515384615385,25.6839175257732,26.1702352941176,26.3030158730159,25.5443434343434,28.0905084745763,26.9198165137615,27.989381443299,25.7879775280899
ABM_Average Commute Time by Mode by Income Quartile_Mode_Taxi_Income Quartile_Q4_Commute Time,3.33375,1.69,5.701875,4.16181818181818,3.777,7.63333333333333,4.478125,5.05909090909091,4.476,3.926,3.28733333333333,4.733,3.392,3.45666666666667,5.5,3.985,4.854,9.15,4.34571428571429,4.90375,3.2,2.84428571428571,3.944,1.16833333333333,4.05333333333333,3.95,6.85333333333333,2.83666666666667,3.75,3.86666666666667,5.04888888888889,5.75583333333333,3.46,,4.34,4.33,3.08166666666667,5.508,4.2175,1.752,2.97833333333333,5.28181818181818,,0.92,4.166875,4.27285714285714,6.31434782608696,3.54428571428571,4.49428571428571,2.3125,7.05,2.96166666666667,3.5275,2.4525,2.68666666666667,3.68666666666667,3.895,5.76625,6.52238095238095,3.78,4.061,1.92,3.15777777777778,2.93,4.24,3.45111111111111,2.52333333333333,3.54714285714286,2.49,3.94,2.075,5.66444444444444,2.66222222222222,3.74125,4.25,4.48333333333333,2.572,4.446,3.52,5.75833333333333,,4.22,3.59,3.98769230769231,5.19,3.945,6.14,1.96333333333333,3.90111111111111,4.48090909090909,4.47,3.575,3.46,5.732,3.87,3.57944444444444,1.05,2.99857142857143,3.101,4.765,4.50142857142857,4.7625,3.37125,3.905,3.65888888888889,3.145,6.23666666666667,4.47555555555556,4.84545454545455,3.25875,5.224,5.065,3.5725,3.78,2.21666666666667,4.65333333333333,1.9025,2.145,2.8375,4.61333333333333
ABM_Average Commute Time by Mode by Income Quartile_Mode_Transit_Income Quartile_Q4_Commute Time,61.5638408896493,69.9702981778023,62.3560459016393,65.3769020021075,61.3707501744592,61.0729299363057,65.1863454545455,62.9674314516129,64.8819811320755,60.941212006079,71.3297180261833,72.1072715231788,73.1905882352941,67.9192795094532,65.9985528074866,63.9159286367795,66.3153862508859,66.6416785714286,65.7413472485768,63.6185816876122,55.2610886742757,66.9592405063291,63.9081818181818,75.3141550387597,66.3825478065242,67.3584923076923,74.5545971563981,60.4132438238453,65.863370332997,64.1140448039826,68.314262295082,64.0773132112815,69.4317973231358,63.4296076642336,64.3973432475884,62.9308966015907,63.0936402266289,60.6945648854962,65.3121265822785,56.2815842055186,62.4955596330275,65.0059495798319,59.2454928704278,65.4011180124224,67.4174501992032,59.3961904761905,71.7599131596526,63.8860544959128,72.0047745901639,67.1699447077409,60.0266340224882,60.9971765913758,63.7287137809187,61.781640625,65.1019135802469,64.5209904622157,65.0389980732177,70.4123351648352,60.110997032641,61.0808692528736,64.9772975708502,61.7458203125,60.6391721854305,72.025390625,65.8586824769433,65.3395947712418,62.9001853658537,63.2641335227273,64.217476861167,66.4891538461538,52.8551579925651,71.0299286563615,67.4183436532508,61.0671770972037,64.0519618781962,65.0225739957717,72.3846999154691,69.3100728862974,63.1525341841386,65.0845454545454,63.2178170637971,68.2476229508197,64.5401836734694,61.8172267871816,66.2371984435798,67.7460880195599,70.49365356623,68.3927983539095,68.2979201331115,60.425252454418,59.6287842846553,77.1697032640949,71.6477739726027,63.8069687964339,64.0826054303871,70.8756544502618,66.9291188175099,59.3012474297464,66.4150024838549,60.2325749741468,67.3213448534936,65.7198100890208,61.2864119170984,62.4206340454859,66.6551364365971,61.4225611745514,60.8185317860747,64.3126511627907,68.9496036866359,69.6333532934132,63.4418398876404,70.0167945823928,64.9712514285714,71.5832456140351,70.5774956521739,65.6489518413598,61.6446164772727,67.5752777777778,66.2682390269699,66.1297325581395
ABM_Average Commute Time by Mode by Income Quartile_Mode_Walk_Income Quartile_Q4_Commute Time,18.6978828828829,18.2373705179283,18.8091717791411,20.9738532110092,20.5382638888889,20.4385770750988,16.4775464684015,22.2549655172414,20.8738235294118,17.4704794520548,18.5294042553192,17.0489270386266,20.0391666666667,18.5670462633452,19.0927936507937,20.3409541984733,20.1159245283019,19.3414028776978,18.7601785714286,18.7954768392371,19.0277777777778,16.9470863309353,19.9215357142857,17.0973913043478,21.6760070671378,19.1286231884058,16.8188479262673,20.4824013157895,18.2907070707071,21.7334154929577,18.6193311036789,21.17,17.9163888888889,18.5352142857143,19.6136263736264,18.6163666666667,19.6947924528302,19.9307638888889,18.3688516746411,18.7638983050847,15.4238461538462,19.6870277777778,19.8814393939394,17.983153526971,18.8443063583815,18.1827156549521,16.4946376811594,20.6337062937063,17.1459215686275,19.5456585365854,18.8106,21.0110727969349,18.435719844358,17.9385281385281,14.50452,20.4851086956522,18.1959574468085,18.408125,21.6589048991354,19.2184684684685,18.7852688172043,18.4709465020576,16.9074570446735,18.1265846153846,16.2595683453237,19.3969111969112,23.733665158371,19.6445418326693,20.917426035503,20.3891919191919,20.2099411764706,18.6411688311688,18.3582042253521,17.3035789473684,18.007,22.0711598746081,17.9341434262948,18.13964,18.8208362369338,20.5947868852459,19.5553146853147,17.2172244897959,18.0456369426752,18.383625498008,18.9454054054054,18.6655639097744,15.7783834586466,19.4381623931624,15.5127631578947,20.8737003058104,20.0656916996047,17.0967149758454,17.3221370967742,21.0805859375,20.1897965116279,17.299966442953,16.3080250783699,19.0871563981043,20.0708813559322,21.7042071197411,21.686442687747,20.4288686131387,18.9865060240964,21.9296382428941,19.11225,20.8888612099644,19.6532319391635,17.156678700361,19.1929113924051,18.8029385964912,20.7154480286738,18.1269333333333,16.8883116883117,17.4495652173913,16.4403007518797,18.9023529411765,17.66276816609,18.9749777777778,20.1269696969697,20.3810426540284
ABM_Average Commute Distance by Mode by Income Quartile_Mode_Auto_Income Quartile_Q1_Commute Distance,10.149670221169,10.9426618895966,10.8377026816339,10.1632679676345,10.4855802989267,10.1914125804854,11.6022797631785,11.0670237146273,10.3401401738155,11.0218495328003,10.2760315758698,9.83663180303591,10.7984941476591,10.3865611997226,11.6048989858012,10.7181187918103,10.4814717546488,10.2945857367593,10.7662593359129,10.8127780350032,10.4801570410166,10.942167673716,10.8645814865326,10.3714059458503,10.9578406123368,11.3749329781749,10.6000067317402,11.1364618531033,10.7355521071545,10.3863740388136,10.907406504065,10.3131788632987,10.0174134790528,10.4545702109968,10.3955510314875,11.1341851539111,10.8600125618277,11.0650995093955,10.5712884575676,10.1170702713067,10.0148034482759,11.0797929965347,10.5336758391881,10.8712439943824,10.1027644992718,10.7227314357547,9.81623815332645,10.3278919759083,11.231573246897,10.0422164263066,10.6008207162995,10.96434991274,11.3505740877258,11.090548599828,10.5711264209439,10.3081982070732,9.80169826224329,10.1208696023212,11.0802750542299,10.0399840015998,11.3284804264243,10.5622688087774,11.4630962584473,10.6430507026943,10.181070856329,11.483804017042,13.0337533436576,9.70507016532103,10.7673580606944,10.3340509849363,11.4138041305796,10.7552327010889,10.2888554720134,9.87352093529092,10.6491028846154,10.7130492848527,9.71741004497751,10.0181629742322,10.3134132903882,10.3160504131542,10.6578888699796,10.6220681654532,10.9517155451601,10.7031099711446,10.3101614289808,10.6422524423603,10.8023577367019,10.3212403829714,9.89550358355338,11.3509277609078,10.0081494299674,10.4760780802292,10.812713551702,11.3483650053783,12.2159208763496,11.6660028694405,10.1983829338952,10.6088323030125,11.5164596991901,10.5926553880103,10.5000790256601,11.1450832215824,11.2951414473684,10.7041359369762,10.4156061712616,11.5241732283465,11.0173037572764,11.4488868828008,10.9813500432152,9.82405080213904,11.620829300851,10.4271341763836,10.0611145479944,9.44958607160373,10.6965131578947,11.4235942408377,10.5678774518625,10.2472561618874,11.0115235558821,9.5693179365422
ABM_Average Commute Distance by Mode by Income Quartile_Mode_Bike_Income Quartile_Q1_Commute Distance,5.1254,5.27939393939394,5.13585164835165,4.93655913978495,5.15432,5.29685823754789,5.15860576923077,5.27547325102881,5.2984012539185,5.22316363636364,5.29058823529412,5.38437229437229,5.29051181102362,5.37982332155477,5.43691489361702,5.21871794871795,5.19351449275362,5.37063636363636,5.02808664259928,5.27930930930931,5.28942307692308,5.293046875,5.25346456692913,5.42045454545455,5.17893442622951,5.02856540084388,5.17813953488372,5.33477272727273,5.1501094890511,5.53845878136201,5.17595555555556,5.2128762541806,5.45765873015873,5.32894339622641,5.34037931034483,5.00291228070175,5.12467213114754,5.10548387096774,5.08384615384615,5.3311,5.27937728937729,5.2158024691358,5.342890625,5.48437142857143,5.02475655430712,5.01978527607362,5.11959259259259,5.41825095057034,5.39934497816594,4.89582644628099,5.27339350180505,5.4702371541502,5.20634241245136,5.35033472803347,5.26157692307692,5.1631724137931,5.09572972972973,5.51502202643172,5.33524305555556,5.0234693877551,5.15524305555556,5.30804195804196,5.32706214689266,5.13391634980989,5.38676470588235,5.45125423728814,5.25480225988701,5.11478571428571,5.0877370030581,5.56623255813953,5.39801242236025,5.06312775330396,5.35817543859649,5.30168458781362,5.18982378854626,5.25461538461538,5.21819672131148,5.44407258064516,5.15047101449275,5.20360703812317,5.20539325842697,5.34867383512545,5.37596837944664,5.09812765957447,5.13950704225352,5.24705882352941,5.27495901639344,5.49334558823529,5.34320833333333,5.24901449275362,5.32252100840336,5.19782857142857,5.29628787878788,5.32857142857143,5.16319672131148,5.2353947368421,5.10292682926829,5.17076305220884,5.38057471264368,5.10531147540984,5.15932624113475,5.03405487804878,5.35519572953737,5.31570680628272,5.35746606334842,5.39184115523466,5.31517142857143,5.16664285714286,5.29158333333333,5.16492481203008,5.38375968992248,5.09458064516129,5.11807086614173,5.23984435797665,5.3396875,4.89682464454976,5.28342007434944,5.47685840707965,5.31292857142857,5.1379792746114
ABM_Average Commute Distance by Mode by Income Quartile_Mode_Taxi_Income Quartile_Q1_Commute Distance,1.09285714285714,2.36,1.54947368421053,3.5285,1.605,2.25130434782609,2.78,1.78666666666667,1.46333333333333,1.34583333333333,1.04375,1.18833333333333,0.877142857142857,3.85666666666667,2.57789473684211,1.33411764705882,0.987333333333333,1.69428571428571,1.39045454545455,2.25666666666667,0.8825,1.16666666666667,1.76809523809524,,2.09368421052632,2.8725,1.43,2.49125,1.06,5.72739130434783,2.74875,3.11863636363636,3.04142857142857,1.05166666666667,1.47869565217391,3.96263157894737,1.37818181818182,1.845,1.35,0.61,1.60666666666667,,1.28833333333333,1.28857142857143,1.95909090909091,4.853,2.36114285714286,2.19052631578947,1.72555555555556,0.724,1.485,2.26076923076923,2.45,1.152,1.05111111111111,1.36666666666667,0.978333333333333,1.39538461538462,3.08875,2.24833333333333,3.74318181818182,0.91,1.455,0.944545454545455,,3.37153846153846,0.855714285714286,2.19363636363636,1.56666666666667,1.315,1.2525,1.700625,1.756,1.28076923076923,1.85071428571429,1.23222222222222,1.1,1.308,1.47125,2.80866666666667,,1.77363636363636,1.1564,1.59583333333333,1.83958333333333,0.785,1.2925,0.95,1.35,3.198125,1.64111111111111,1.03,0.756666666666667,1.881875,3.9884375,3.01714285714286,1.48,4.27857142857143,8.58,1.728,1.76076923076923,2.5925,0.956666666666667,1.85,1.225,1.14,4.24518518518518,1.416875,2.01391304347826,0.51,3.68916666666667,0.825,0.5,1.51333333333333,0.36,1.38357142857143,,1.83333333333333,0.93,1.03090909090909
ABM_Average Commute Distance by Mode by Income Quartile_Mode_Transit_Income Quartile_Q1_Commute Distance,8.49783258594918,9.49586507936508,9.46439088518843,8.47089213300892,9.89448547215496,8.51014545454546,7.15608465608466,9.56254193548387,8.28827195467422,10.2543848396501,8.82052631578947,8.74772782503038,8.06928853754941,9.81727806788512,10.347518037518,9.57719310839914,8.49011204481793,7.69873056994819,8.18943016759776,9.25112802768166,9.70600156494523,8.62390326209224,7.98565217391304,8.31978292329957,8.77476470588235,8.37075318655852,8.36668493150685,8.88546017699115,9.66430129516019,8.69773788150808,8.18245238095238,9.14547247329499,7.9589446366782,9.45911885245902,10.1946724137931,8.74329696969697,7.76152866242038,9.11828733191791,9.53463377023901,9.99941428571429,7.89197452229299,9.51031148604802,9.29828232971372,7.32801652892562,9.12061503416857,9.73878664495114,9.59744490358127,9.01636854279106,8.04425531914894,8.35698275862069,10.2320854132002,8.47855223880597,8.83702127659575,10.4713717339667,8.11655319148936,8.46417021276596,10.402364394993,7.36654054054054,8.4973828125,9.21506382978723,9.26146726862302,7.71712025316456,8.41912023460411,8.36325870646766,9.14526315789474,8.36597276264591,9.61501490312966,7.72136674259681,9.7153102189781,8.20217806041335,10.2917559153176,8.46374109263658,8.63122651933702,8.08795262267343,9.23398028809704,8.82465313028765,9.20931153184165,8.20307692307692,8.11319277108434,8.39361213235294,8.16252564102564,7.67497872340426,9.38222910216718,9.66415286624204,9.04634725634726,7.9672885032538,8.79473053892216,8.21927536231884,9.33973537604457,8.2853724053724,8.65364197530864,8.18461009174312,10.249857448325,9.94686328938237,8.66751428571428,7.84745350500715,9.82400921658986,8.01136536030341,9.42739067055393,8.69909803921569,8.30642015005359,8.79944444444445,8.68341116751269,8.06790080738178,8.2391742081448,8.78226433430515,9.20406307977736,7.84249090909091,8.82084435401831,8.26983006535948,10.0027705922396,9.08156761412575,9.55449778434269,7.99835694050991,9.23166328600406,8.77332983193277,9.38527862208713,9.55901668129938,9.16313993174061,9.18468658892128
ABM_Average Commute Distance by Mode by Income Quartile_Mode_Walk_Income Quartile_Q1_Commute Distance,1.13282051282051,1.17334459459459,1.13220588235294,1.10291536050157,1.1116975308642,1.1373851590106,1.19340740740741,1.03003401360544,1.21288961038961,1.12452961672474,1.22833976833977,1.16985130111524,1.06628205128205,1.22003623188406,1.18067692307692,1.18299270072993,1.14792792792793,1.21584615384615,1.22334482758621,1.26530546623794,1.21509090909091,1.02941368078176,1.06590106007067,1.02708,1.22871972318339,1.10093862815884,1.10882352941176,1.21545706371191,1.1116199376947,1.21662613981763,1.04463768115942,1.15929012345679,1.11161538461538,1.17597014925373,1.05641025641026,1.26876832844575,1.12541254125413,1.11660766961652,1.10686346863469,1.17320284697509,1.22491467576792,1.1285910652921,1.21956043956044,1.17361563517915,1.06679245283019,1.2311149825784,1.31713375796178,1.06118279569892,1.04541528239203,1.09493288590604,1.14365497076023,1.05608414239482,1.21415841584158,1.16449180327869,1.12520547945205,1.16642857142857,1.1115671641791,0.993363363363363,1.14278787878788,1.10387096774194,1.1139603960396,1.26519031141869,1.08733944954128,1.17157718120805,1.18734082397004,1.29494699646643,1.11313069908815,1.16057251908397,1.07900900900901,1.25710317460317,1.19552147239264,1.07465306122449,1.22103658536585,1.00960843373494,1.18562737642586,1.13834355828221,1.2126953125,1.08077738515901,1.1515331010453,1.24256172839506,1.19248251748252,1.10876712328767,1.24110671936759,1.13620567375887,1.06835664335664,1.11068111455108,1.18627986348123,1.3248275862069,1.17154135338346,1.24343839541547,1.13293388429752,1.05585616438356,1.18277227722772,1.1147037037037,1.07422950819672,1.0963746223565,1.113,1.29187919463087,1.12757894736842,1.208934169279,1.18368115942029,1.17002793296089,1.14532608695652,1.24134986225895,1.14093548387097,1.16151515151515,1.15371621621622,1.05518518518519,1.10702875399361,1.07538461538462,1.15988538681948,1.11044117647059,1.11756756756757,1.00992217898833,1.0225306122449,1.20122222222222,1.10331081081081,1.08072463768116,1.11867924528302,1.12049808429119
ABM_Average Commute Distance by Mode by Income Quartile_Mode_Auto_Income Quartile_Q2_Commute Distance,11.5669172520755,12.3872694509222,11.9425006290212,11.7833925196677,11.9176048409795,11.8639957924891,12.7362162808168,12.2861024301713,11.6778593106889,12.2344096203432,11.5676189832342,11.2714803638402,11.8372223204498,11.8182868076536,12.6748359934168,12.4837252945648,11.9901006444427,11.5520651992663,12.2924914074583,12.2219230769231,12.2781492481901,12.2811892503315,12.0142949221171,11.8163293422995,12.6002878495463,12.5658839609939,11.9899445248432,12.2356151854327,12.0677845154728,11.9662968977011,12.0319254578282,11.7582694468723,11.5965131462855,11.9645260227434,11.8346552771143,12.3626923912257,12.2233102744386,12.3700822606768,12.0532876381716,11.6997075350648,11.4422893303428,12.4118870384389,11.8866883772131,11.9850374262271,11.4253175288484,11.8382899827146,11.3019133815476,11.7495827050998,12.3084071985961,11.6087860111127,12.0432448882549,11.9846396563829,12.3118896490841,12.2685751238546,11.8813708924002,11.8238548783821,11.3397327560466,11.3554002624672,12.2436560900716,11.5742954261666,12.5569281974266,12.0463257678105,12.6132310766338,11.8593155742155,11.6135660321614,12.8827727445114,13.2360451521871,11.148753507014,11.9350814463259,11.8324599135336,12.4117516774152,11.8284702258727,11.6774376388714,11.3622990598797,12.6111279712306,12.049069841396,11.2794187741106,11.345523706508,11.7330411649398,11.6495662809661,12.1198518168204,11.7703240462601,12.3469881086711,11.9196541235343,11.6872034266829,11.8707934935812,11.9345083303511,11.7172626098017,11.2473376936921,12.6898227597748,11.8255701283547,11.7692680161263,12.062649016936,12.5729249264612,13.5004790663209,12.7163202151563,11.7945193574959,12.1989526206959,12.6868383782792,12.2325882500209,11.8028149405772,12.5263060249125,12.4976069518717,12.2430424055513,12.0961191412932,13.0356289086929,12.5676781839426,12.5186213666987,11.9957735466883,11.3957200507844,12.7925997364323,11.7000278530276,11.5431395889519,10.9931310090754,12.0399302111223,12.5987407438397,11.9016704372506,11.8234757298177,12.4213773786968,11.5616370874904
ABM_Average Commute Distance by Mode by Income Quartile_Mode_Bike_Income Quartile_Q2_Commute Distance,5.27116504854369,5.2181875,5.44925675675676,5.31805785123967,5.25156565656566,5.048,5.1364953271028,5.56376984126984,5.25163498098859,5.42623076923077,5.455,5.30586956521739,5.41665198237885,5.06172995780591,5.1593625498008,5.36871559633027,5.25142857142857,5.41,4.92581881533101,5.46252788104089,5.29454545454545,4.94727722772277,5.10054298642534,5.26736842105263,5.17941176470588,5.41568888888889,5.31781420765027,5.06166666666667,5.294625,5.34263157894737,5.35453333333333,5.29748953974895,5.00765714285714,5.25543859649123,5.19774545454545,5.42638783269962,5.16824626865672,5.39015503875969,5.05683720930233,5.19991803278689,5.52670781893004,5.20012195121951,5.58875444839858,5.3796170212766,5.44073913043478,5.18809954751131,5.30597285067873,5.10345991561181,5.12331360946746,5.32516483516484,5.26645038167939,5.2890243902439,5.01677083333333,5.40838862559242,5.32494318181818,5.10504504504504,5.31048128342246,4.77161290322581,5.18023148148148,5.57402714932127,5.16851851851852,5.3321554770318,5.26823943661972,5.53231759656652,5.37381909547739,5.20879166666667,5.37666666666667,5.43061674008811,5.31553903345725,5.20335403726708,5.12551181102362,5.18161137440758,5.26872509960159,5.5586511627907,4.68538812785388,5.3250826446281,5.13354430379747,5.26376963350785,5.43152263374486,5.25726973684211,5.09258064516129,5.21861660079051,5.2225,5.44822580645161,5.17344537815126,5.49917391304348,5.5906,5.20972093023256,5.39217777777778,5.35475083056478,5.27307392996109,5.4075,5.31878048780488,4.96203703703704,5.13175965665236,5.37160550458716,5.16207207207207,5.33765182186235,5.46102272727273,5.17740157480315,5.20887029288703,5.20964401294498,5.51033582089552,5.06910256410256,5.2589837398374,5.47310954063604,5.02422310756972,5.31372294372294,5.23136929460581,5.49811881188119,5.52886255924171,5.24956140350877,5.23742574257426,5.01940540540541,5.08569060773481,5.07959016393443,5.38444897959184,5.14603092783505,5.30306382978723,5.15726457399103
ABM_Average Commute Distance by Mode by Income Quartile_Mode_Taxi_Income Quartile_Q2_Commute Distance,0.9175,0.51,1.88965517241379,1.73478260869565,1.5985,1.45933333333333,1.40230769230769,1.89,1.38090909090909,1.71818181818182,1.6975,1.41466666666667,0.647777777777778,1.25222222222222,1.34666666666667,1.484,0.998666666666667,1.69708333333333,0.988888888888889,1.18625,1.88833333333333,0.9955,1.045625,0.819166666666667,1.36666666666667,1.208,1.74333333333333,1.24,1.36818181818182,1.17666666666667,2.22125,1.432,,1.47333333333333,1.39,1.39888888888889,1.07181818181818,1.71,2.172,0.99,1.558,1.31,1.63,1.0975,1.83428571428571,1.47571428571429,2.08,1.262,1.665625,0.882857142857143,1.14666666666667,1.89178571428571,0.8725,1.5525,0.225,1.34857142857143,1.52391304347826,1.45739130434783,2.45466666666667,1.55666666666667,1.39214285714286,0.875,1.067,1.11,0.616,2.37923076923077,1.13333333333333,1.16615384615385,0.961428571428571,0.576666666666667,1.58,2.15818181818182,1.48904761904762,1.73,1.54227272727273,1.08909090909091,1.38076923076923,2.16466666666667,1.1825,1.4675,1.28,1.71875,0.99,1.645,1.6452,0.466666666666667,1.81,2.64,2.08142857142857,1.19368421052632,1.376,1.14,0.963333333333333,1.26454545454545,1.86791666666667,2.30769230769231,0.656,1.90074074074074,0.98,1.67,1.66,2.07166666666667,0.799375,1.64,1.5,0.817,2.06565217391304,0.38,1.47923076923077,1.16714285714286,2.06285714285714,1.3875,1.02571428571429,1.595,0.79125,1.28,0.51,0.923333333333333,1.13166666666667,0.83375
ABM_Average Commute Distance by Mode by Income Quartile_Mode_Transit_Income Quartile_Q2_Commute Distance,9.43549039433771,10.810021978022,10.1111229566453,9.63010186757216,10.9831262135922,9.2977760375881,8.36986274509804,10.6291340206186,9.31225324675325,11.0639107005389,9.85206363636364,9.66370048309179,9.23065445026178,10.6678468677494,11.55940237691,10.7204110898662,9.28591261451727,8.21806451612903,8.85198106336489,9.9578805834093,10.9506938159879,9.32982578397213,8.96645833333333,9.30078125,9.30921161825726,9.39447284345048,9.30806024096386,10.228149882904,10.6159930139721,9.5046408839779,9.15372898120673,10.041768488746,8.93732522796353,10.553869644485,10.7718818216033,9.38685738684885,8.484336,10.4006320987654,10.3638565488565,10.5070174510841,8.67223463687151,10.6560443307758,10.3145485636115,8.0758021978022,9.78937211981567,10.2832656716418,10.5958459869848,10.1182223360656,8.79570236439499,9.29718213058419,11.0919710806697,9.26262313860252,10.2201759014952,11.4815086388538,8.64809417040359,9.26918838421444,11.0635776277724,8.22262180974478,9.81729864575909,10.0416184971098,9.98619190404798,9.14779580152672,9.30989513822688,9.3490462962963,9.94122207621551,9.60621552277101,9.77991568296796,8.2608275862069,10.9496162427488,9.37836622807018,11.009609375,9.47216216216216,9.26671767406274,8.91062706270627,10.3017635843661,9.6620910623946,10.243048951049,8.88925201380898,9.01776795580111,9.5182882315922,8.95838193791157,8.57407554671968,10.6111875637105,10.7604719387755,10.021837398374,8.65159827213823,8.82066901408451,9.47221528861154,10.0266411238825,9.13598283931357,9.96227591582229,8.97043902439024,10.817625516834,10.9380275011854,9.4939230327398,9.08609014675052,10.1457662624035,8.95693004115226,10.8095835502343,9.80475160724722,9.14751424501424,9.39459475929311,10.1806275140788,9.00926829268293,9.15221035332786,10.0099425287356,10.109553305539,9.33453691275168,9.91745035742653,9.25517045454546,10.5993998153278,10.0083289817232,10.2078634705576,8.91091755319149,10.4614858327574,9.81511283497884,9.91604844814534,10.3274301336574,9.9020823798627,10.5186212446352
ABM_Average Commute Distance by Mode by Income Quartile_Mode_Walk_Income Quartile_Q2_Commute Distance,1.09636942675159,1.03503289473684,1.13018276762402,1.18111959287532,1.13241379310345,1.11222929936306,1.06270440251572,1.05542613636364,1.07717514124294,1.04818181818182,1.06769811320755,1.03555214723926,0.97759643916914,1.08486910994764,1.14697749196141,1.11477744807122,1.08534825870647,1.14697452229299,1.07404692082111,1.18803526448363,1.1327027027027,1.14413173652695,1.08017123287671,1.01091286307054,1.09767584097859,1.03353741496599,1.00658064516129,1.12154545454545,1.1149860724234,1.0773556231003,1.07384353741497,1.05613372093023,1.10826241134752,1.08918918918919,1.0465306122449,1.15922155688623,1.09729537366548,1.15824362606232,1.05367003367003,1.10627551020408,1.08581081081081,1.14781512605042,1.06991253644315,1.15411149825784,1.1065811965812,1.12371508379888,1.10352380952381,1.07814814814815,1.06667741935484,1.04403278688525,1.08775919732441,1.11561349693252,1.16215094339623,1.04454849498328,1.08195804195804,1.07753012048193,1.10064981949458,1.12324921135647,1.12686084142395,1.10197740112994,1.12,1.17623417721519,1.05189602446483,1.08785923753666,0.942537878787879,1.1155,1.23154716981132,1.10350931677019,1.16994134897361,1.09062745098039,0.995523255813954,1.15824242424242,1.07448979591837,0.996375,1.09485893416928,1.07857519788918,1.12624595469256,1.06581469648562,1.10955479452055,1.17494186046512,1.13,0.997643097643098,1.04339563862928,1.05027607361963,1.16104377104377,1.07508196721311,1.07012158054711,1.15904918032787,1.01498141263941,1.06764705882353,1.08461847389558,0.971548672566372,0.982768361581921,1.15136507936508,1.17013054830287,1.11070512820513,1.00606557377049,1.11991279069767,1.12966005665722,1.17169047619048,1.13296052631579,1.03111405835544,1.03277611940298,1.16557065217391,1.04454545454545,1.27097701149425,1.07240963855422,1.24025641025641,1.06098684210526,1.01787985865724,1.04428985507246,1.00883435582822,1.12808441558442,1.05213438735178,1.02475,1.0025993883792,1.04756838905775,0.993097643097643,1.09970297029703,1.0848031496063
ABM_Average Commute Distance by Mode by Income Quartile_Mode_Auto_Income Quartile_Q3_Commute Distance,12.6814715359828,13.1872263236273,12.5344266434953,12.4804424836816,12.8650991811984,12.803374084728,13.2637890903333,13.348101261696,12.3273798303487,13.0549314243661,12.4174077043868,12.2271968544707,12.5378808908974,12.3167290113062,13.4263555041341,13.4619839630239,12.6721052947173,12.3465799512226,13.0916433129188,12.8934881696359,13.2492456314332,12.9949894157494,12.7576765340734,12.4539089404988,13.2609405774566,13.1862735849057,12.8772120289985,12.9449289425906,12.5723735100088,12.9081260579202,12.8033384027958,12.4484170509023,12.669096383549,12.8289281458114,12.738087391898,13.0821790884719,12.7532479253402,13.0015808274339,12.9303126441676,12.6008484928522,12.2817103328231,13.0040684218824,12.7129076132586,12.8792231792412,12.2497132514323,12.5031479151965,12.1724757490177,12.6013410721963,12.8167313915858,12.5196435563357,12.9044565105683,12.7380218865598,12.9108060104788,12.71924823444,12.4286517263369,12.5643373658204,12.4685056726094,12.2242484963973,12.9979425325964,12.4598056065699,13.04884111333,12.9657054361149,13.0215321069926,12.5847704722847,12.5081094666294,13.8188453869283,13.2633938706016,12.0838294953454,12.5776118669574,12.6027925553159,12.9012205182956,12.4857395018688,12.4804375780845,12.1166435192662,13.556436338127,12.6871499954848,12.2044729559748,12.2544465794269,12.4559967100344,12.2977189514396,12.9888422647667,12.55180245216,13.2498672467292,12.699342279005,12.6795598388953,12.4988066928344,12.4985543887338,12.3576939629761,11.9707679487179,13.3864436141304,12.8702863969961,12.6963907815002,12.7477183499289,12.9411110746514,14.003917906112,13.2348689521279,12.7677387926063,13.0077919398316,13.2533949121744,12.9527651551161,12.8054475968797,13.0244322958082,13.1210227942043,12.9527365521241,12.9289620429631,13.7480550884314,13.4612219238281,12.9478415519029,12.5027460536398,12.3057534758813,13.4927007476013,12.1319660040334,12.4039845287841,11.8347775603392,12.836986305912,13.2949911156238,12.7880432217599,12.6866570160808,13.6471008619386,12.4097570665167
ABM_Average Commute Distance by Mode by Income Quartile_Mode_Bike_Income Quartile_Q3_Commute Distance,5.39745222929936,5.11198275862069,5.35477876106195,5.12528571428571,4.97894736842105,5.34962264150943,5.58152777777778,5.4392039800995,5.16824644549763,5.12545977011494,5.07311594202899,5.09277419354839,5.10838862559242,5.06829787234043,5.42467336683417,5.38288043478261,5.06625,5.33023391812865,5.34605633802817,5.66982456140351,5.16286995515695,5.29156756756757,5.3788961038961,4.9558865248227,5.60414201183432,5.21149484536082,5.67867132867133,4.98213438735178,5.40810945273632,5.10142180094787,5.48221476510067,5.24082644628099,5.12319327731092,5.46730569948186,5.12891191709845,5.68440909090909,5.20269841269841,5.44876068376068,5.09754716981132,4.93913043478261,5.36616279069767,5.39336842105263,5.28256097560976,5.20418269230769,5.22506976744186,5.18192118226601,5.45091954022988,5.10987951807229,5.725,5.15294117647059,5.28103626943005,5.50928057553957,5.41828125,5.43985,5.04272058823529,5.20842105263158,5.22432624113475,5.19587096774194,5.46381679389313,5.51758893280632,5.22433789954338,5.44559405940594,5.39415841584158,5.32234567901235,5.24487179487179,5.3800495049505,5.45606741573034,5.39179775280899,5.36822033898305,5.39286624203822,5.49411111111111,5.71609271523179,5.29242268041237,5.27803571428571,5.42462025316456,5.30589285714286,5.15127659574468,5.31058479532164,5.54734042553191,5.33512605042017,5.48546610169492,5.2564880952381,4.94676136363636,5.12742857142857,5.54210810810811,5.33576687116564,5.55275132275132,5.44026666666667,5.27705479452055,5.43709821428571,5.15584269662921,5.67190909090909,5.50378531073446,5.37868852459016,5.03845070422535,5.17989898989899,5.17971428571429,5.58796954314721,5.28589861751152,5.3119806763285,5.24409302325581,5.12856573705179,5.27870056497175,5.46918604651163,5.40436046511628,5.47065656565657,5.4910407239819,5.41864130434783,5.3168202764977,5.32262195121951,5.36114678899083,5.33417431192661,5.56986754966887,5.30720238095238,5.75787401574803,5.18210526315789,5.52948148148148,5.37164383561644,5.50829787234043,5.12601123595506
ABM_Average Commute Distance by Mode by Income Quartile_Mode_Transit_Income Quartile_Q3_Commute Distance,10.5505140562249,10.7384268669907,10.8349386503067,10.2671115973742,11.6309260991581,10.8261998726926,9.14917591125198,11.3598608695652,9.79137359700695,11.6763518338202,10.2001906274821,10.367785046729,8.85617683686177,11.11487065481,11.6130800765236,11.2474961656442,9.72489537444934,8.89018320610687,9.71473427331887,10.73595,11.9022222222222,9.75533657182512,9.85499440089586,9.73089098532495,10.2405102040816,9.99066967160335,9.90398047722343,10.5923429619441,10.9943062988884,10.2412562065541,9.86795602605863,10.1312280701754,9.08690600522193,11.2414291101056,11.3488729246488,10.1155936856555,9.55961399276236,10.9248545597484,10.9831933842239,11.1636774193548,9.32236722306525,10.9298129546242,11.0861303344867,9.06113043478261,10.3057368421053,10.9057593984962,11.0452208835341,10.7989269406393,9.16912023460411,9.96309651474531,11.6996297468354,9.41946118721461,10.4059559346127,11.3023449477352,8.70043222003929,9.80707637231504,11.6682641065831,8.57663341645885,10.2908112582781,10.5863058976021,10.2556567710451,9.91992040520984,9.93745945945946,9.50354166666667,10.0735431235431,10.0551166576234,10.5137388987567,8.96645161290323,10.9120602636535,9.64151433691756,11.4706557377049,9.72828444444444,10.1666814720812,9.7296625,11.1058268025078,10.1098019366197,10.6655656108597,8.99409556313993,9.57771378708551,9.6980771182141,9.82673267326733,9.25915662650602,10.9799875724938,11.0923579739904,10.5262785171103,8.94198,9.05947872340426,9.95159590043924,10.5421485714286,9.75017732742242,11.0358789439794,8.39811023622047,11.6016666666667,11.1695664860358,10.2159779338014,9.09528021015762,11.0834107142857,10.088536121673,11.0633361099542,10.6291356877323,9.98173417721519,10.1241782868526,10.6636967113276,9.62280397022333,9.89588693957115,10.9855918771669,11.0762702452568,9.95624168514412,9.98549267643143,9.68586274509804,11.0165821841223,9.83618634259259,11.431429787234,8.66402312138728,11.0609526938239,9.97037564029596,11.126752926679,10.7289902614044,10.7711075949367,11.1122365495776
ABM_Average Commute Distance by Mode by Income Quartile_Mode_Walk_Income Quartile_Q3_Commute Distance,1.09014336917563,1.05333333333333,1.08065040650406,1.18446280991736,1.1283768115942,1.0487811634349,0.970809248554913,1.17535947712418,1.02182089552239,1.07554913294798,1.02194945848375,0.975017301038062,0.873462783171521,1.01736994219653,1.21273195876289,1.02140410958904,1.28885869565217,1.02061093247588,1.14223756906077,1.08722070844687,1.2418927444795,1.05759668508287,1.06996710526316,0.905432098765432,1.20728531855956,1.11145161290323,0.946600790513834,1.14506053268765,1.12071856287425,1.09876811594203,1.04134969325153,1.13718832891247,0.968731343283582,0.995075528700906,1.08401129943503,1.05243718592965,1.11258823529412,1.17606060606061,1.18831804281346,1.13362162162162,0.978011869436202,1.16346253229974,1.15969283276451,0.969623188405797,1.04104109589041,1.06996932515337,1.03002949852507,1.0610781671159,1.08412371134021,1.08833887043189,1.05542521994135,1.02292263610315,1.08264880952381,1.16611940298507,0.970872483221477,1.08149122807018,1.10749049429658,0.946404109589041,1.20447300771208,1.02258785942492,1.16684848484848,1.27640949554896,1.1425198938992,1.02782738095238,1.0023381294964,1.12541547277937,1.14649289099526,1.08409604519774,1.04911227154047,1.09804780876494,1.05189814814815,1.13248962655602,1.13202054794521,1.06394039735099,1.17261235955056,1.08532994923858,1.00159322033898,1.00255892255892,1.13109510086455,1.17976623376623,1.09466124661247,1.08481927710843,1.07288888888889,1.14829113924051,1.00956363636364,0.928626865671642,1.00419708029197,0.955584415584416,0.894121405750799,1.11852867830424,1.20805555555556,1.03351778656126,0.849757785467128,1.00754237288136,1.10720194647202,1.10536723163842,1.09878289473684,1.12483606557377,1.05926767676768,1.19540462427746,1.12750788643533,1.05926952141058,1.02661764705882,1.09485587583149,1.02089347079038,1.12492462311558,1.14310447761194,1.17929203539823,1.10466275659824,0.945544554455445,1.0721752265861,1.03926910299003,1.00203448275862,1.10475083056478,0.914312267657993,1.16303303303303,1.03237179487179,1.09792642140468,1.04551204819277,1.03506756756757
ABM_Average Commute Distance by Mode by Income Quartile_Mode_Auto_Income Quartile_Q4_Commute Distance,13.2753514372117,13.887629344077,13.1522141834351,13.1489204728798,13.6035652444721,13.6827704093992,13.9692307116105,13.9448344370861,13.1041790605213,13.8435442839688,13.384899773187,13.0769522688162,13.1297692059793,13.0969336824221,14.1554838374389,14.230966744515,13.5118319309831,12.9438529957121,13.7906606031594,13.8412293620204,14.1178869671285,13.6841711694056,13.4404729986829,13.149893360161,14.1289603712761,14.0954107828698,13.8638747272777,13.5376666569249,13.2595897544904,13.8005316275764,13.5528317157027,13.3156251788269,13.4709343558282,13.6282695086705,13.5049813453308,13.8091040216357,13.4374099503822,13.784568905765,13.8474733492964,13.4342748527467,13.1497336402499,13.7969075127896,13.4154224227046,13.5768364577887,13.0265157252144,13.2395912013146,12.6854324909341,13.3689651704909,13.5528147521293,13.224165487755,13.6845869760864,13.4951748952988,13.588224697427,13.513399154608,13.2778409123553,13.4926334110433,13.4013377293204,12.8608568588469,13.4191037600046,13.3029934820116,13.687034416492,13.9316717516434,13.739940591204,13.3380387044302,13.4024089127176,14.8371833127708,13.2870857297884,12.847878268324,13.2338219732337,13.3443133875379,13.7070407552383,13.2407202061916,13.2388553129056,12.9699057658039,14.5410970944663,13.4603636856369,12.9964964428699,13.0222060921893,13.2574709212268,12.999366783638,13.8754004263494,13.301487294067,13.8918846176698,13.5970760137366,13.5534580375544,13.1300714344139,13.4073537358855,13.1364006767626,12.695782362386,13.9196982226279,13.8863149672926,13.5543013376452,13.4524857882516,13.8244896766054,14.5704518039259,13.9609840431972,13.45067140622,13.9613468147784,14.0410865227644,13.7503356201429,13.6014159444908,13.943443456829,13.9487931930727,13.6203671614982,13.7432965805602,14.561109014062,14.3334225166323,13.6561639194921,13.2682156079643,13.1873292141952,14.3708751692238,12.8958637994766,13.3840415233728,12.6687044609094,13.6272430875933,14.0496448022024,13.5956401781865,13.5983338077076,14.41745324089,13.6005449644377
ABM_Average Commute Distance by Mode by Income Quartile_Mode_Bike_Income Quartile_Q4_Commute Distance,5.42797619047619,5.39552941176471,5.61208,5.84870689655172,5.31947368421053,5.49471698113208,5.46234234234234,5.44318965517241,5.40295238095238,5.60256880733945,5.83507462686567,4.860625,5.50454545454545,5.33977011494253,5.3056,5.22574074074074,5.40007751937985,5.27579439252336,5.69464285714286,5.64226086956522,5.57952,4.97016806722689,5.2708547008547,4.97975609756098,5.19911504424779,5.39739130434783,5.34020408163265,5.59181034482759,4.87951612903226,5.49174242424242,5.69775,5.54418803418803,5.73961038961039,5.2938679245283,5.5539175257732,5.58293103448276,5.2392523364486,5.78655172413793,5.33060606060606,5.49525862068965,5.7247191011236,5.50218045112782,5.446640625,5.51072164948454,5.48821782178218,5.58775700934579,5.66990384615385,5.12198347107438,5.09723684210526,5.30083333333333,5.1981746031746,5.53949494949495,5.47701754385965,5.3621359223301,5.38173333333333,5.32321739130435,5.96218181818182,5.08704545454545,5.62373913043478,5.11151162790698,5.45960784313726,5.28178571428571,5.203125,5.69353658536585,5.35753623188406,5.15447368421053,5.17495145631068,5.18832061068702,4.69588709677419,5.39971830985916,4.83661290322581,5.80873563218391,5.42661157024793,5.28463157894737,5.81916666666667,5.41321167883212,5.5452,5.06642857142857,5.52524475524476,5.07203883495146,5.41106382978723,5.43148936170213,5.01820754716981,5.61589473684211,5.47264150943396,5.13455357142857,5.58844155844156,4.83855072463768,5.60835443037975,5.13832061068702,5.56427272727273,5.41520547945206,5.22036585365854,4.96663716814159,5.78297709923664,5.59,5.25919191919192,5.66142857142857,4.87,5.66827586206897,5.52309278350515,5.3612030075188,5.30016393442623,5.29440366972477,5.48970588235294,5.23821428571429,5.28371428571429,5.3085,5.35233333333333,5.57607476635514,5.53236559139785,5.07884615384615,5.17041237113402,5.24164705882353,5.28428571428571,5.11252525252525,5.63847457627119,5.3502752293578,5.61494845360825,5.17022471910112
ABM_Average Commute Distance by Mode by Income Quartile_Mode_Taxi_Income Quartile_Q4_Commute Distance,0.9575,0.488,1.7725,1.30818181818182,1.127,3.22,1.32125,1.78818181818182,1.471,1.272,1.07466666666667,1.398,0.762,0.84,1.70846153846154,1.46625,1.565,3.015,1.22857142857143,1.33125,0.986666666666667,0.737142857142857,1.112,0.333333333333333,1.34333333333333,1.4,2.69555555555556,0.926666666666667,1.214,1.47666666666667,1.76666666666667,1.65583333333333,1.188,,1.40166666666667,1.22,1.045,1.624,1.3125,0.466,0.97,1.55363636363636,,0.37,1.373125,1.42571428571429,2.24173913043478,1.14285714285714,1.52285714285714,0.605,2.82,0.99,1.0625,0.75,0.97,1.16666666666667,1.19166666666667,1.86875,2.09857142857143,1.15615384615385,1.408,0.603333333333333,1.10222222222222,0.723333333333333,1.06,1.07277777777778,0.718333333333333,1.13857142857143,0.708571428571429,1.09,0.9,2.36111111111111,0.951111111111111,1.2175,1.5975,1.00333333333333,0.648,1.23,1.13,2.05333333333333,,1.34235294117647,1.13125,1.12076923076923,1.86363636363636,0.993,1.99285714285714,0.566666666666667,1.27222222222222,1.58090909090909,1.255,1.03666666666667,1.0825,2.094,1.22470588235294,1.10166666666667,0.26,1.17,0.803,1.55166666666667,1.41857142857143,1.58583333333333,1.18875,1.27,0.986666666666667,0.89,2.104,1.15111111111111,1.69181818181818,1.19,1.858,1.715,0.9975,1.475,0.64,1.58666666666667,0.6,0.66,0.75625,1.57333333333333
ABM_Average Commute Distance by Mode by Income Quartile_Mode_Transit_Income Quartile_Q4_Commute Distance,11.8388537211292,11.8826836002209,11.6223213114754,11.4046417281349,12.7650976971389,11.9923071479122,10.7206,12.4533629032258,10.8645013477089,12.55476443769,11.3797482376636,10.720940397351,9.57273949579832,12.1691824220746,12.9650267379679,12.6327676120769,10.8996952515946,10.6694642857143,10.8590322580645,11.7950089766607,13.0227436347673,11.1621012658228,10.9944795783926,10.116496124031,11.1608042744657,11.1281076923077,10.7994154818325,12.0043931256713,11.5110443995964,11.2597261978843,10.6045130183221,11.2933597229095,9.94925430210325,12.578371350365,12.7513906752412,11.3230079537238,10.5046317280453,12.0654249363868,12.368329113924,12.5540104662226,10.7776146788991,12.1071428571429,11.9957718536888,10.7672049689441,11.0585714285714,12.4041125541126,11.8947561790247,11.5286267029973,10.0600409836066,11.4649447077409,13.0361842582517,10.8359650924025,11.7482473498233,12.6803168402778,10.153487654321,11.0319882611886,12.7980057803468,10.3065659340659,11.3614302670623,12.5022270114943,11.7128744939271,11.386109375,11.3062582781457,10.5829296875,11.4675362318841,11.3370130718954,10.4399707317073,10.4783664772727,11.9299356136821,10.5472307692308,12.749749070632,10.4577288941736,10.9642956656347,10.9032623169108,12.1651975825198,11.3011997885835,11.8711073541843,10.5821282798834,10.9652689152233,10.5121892393321,11.69714066103,10.5588524590164,12.163056122449,12.6397904683648,11.7170038910506,10.5576528117359,10.3587772925764,10.8841769547325,11.2128119800333,11.3190813464236,12.0626686434396,9.73074183976261,12.3988150684932,12.0708667657256,11.2899191218949,10.4436439790576,11.9155656623081,11.4977724468814,11.6254843517139,12.0773216132368,11.3407137490609,11.4142789317507,12.2168588082902,11.1465196416265,10.8795826645265,12.659173463839,12.8032341069627,11.3727209302326,11.3239447004608,10.8391616766467,12.1105992509363,11.1391271632807,12.15928,9.80657894736842,11.8866695652174,11.2903116147309,12.4514488636364,11.7876328502415,11.8829984135378,12.2738895348837
ABM_Average Commute Distance by Mode by Income Quartile_Mode_Walk_Income Quartile_Q4_Commute Distance,0.934099099099099,0.914302788844621,0.938957055214724,1.05155963302752,1.02826388888889,1.02245059288538,0.823828996282528,1.10737931034483,1.04117647058824,0.873116438356164,0.927957446808511,0.850515021459228,1.00145833333333,0.932099644128114,0.951777777777778,1.01790076335878,1.0057358490566,0.969388489208633,0.937928571428571,0.943923705722071,0.952133333333333,0.847122302158273,0.99475,0.854391304347826,1.07851590106007,0.955724637681159,0.843824884792627,1.03223684210526,0.912996632996633,1.08725352112676,0.930334448160535,1.05878378378378,0.898009259259259,0.926178571428571,0.981904761904762,0.933066666666667,0.984943396226415,0.997048611111111,0.918516746411483,0.939457627118644,0.770692307692308,0.979416666666667,0.992992424242424,0.899294605809129,0.943208092485549,0.908753993610224,0.82463768115942,1.02702797202797,0.856588235294118,0.97580487804878,0.9354,1.04766283524904,0.923190661478599,0.897316017316017,0.72684,1.02268115942029,0.899946808510638,0.919471153846154,1.08423631123919,0.957477477477477,0.943046594982079,0.92320987654321,0.848659793814433,0.905323076923077,0.813237410071942,0.972509652509652,1.19393665158371,0.984741035856574,1.04612426035503,1.02843434343434,1.00894117647059,0.935887445887446,0.922852112676056,0.868491228070175,0.901791666666667,1.10373040752351,0.903227091633466,0.90856,0.943937282229965,1.03022950819672,0.980769230769231,0.862040816326531,0.902388535031847,0.917290836653386,0.945405405405405,0.935639097744361,0.788571428571429,0.974059829059829,0.771929824561403,1.04807339449541,1.0095256916996,0.853333333333333,0.867741935483871,1.054140625,1.01290697674419,0.864429530201342,0.817680250783699,0.953127962085308,1.0008813559322,1.08666666666667,1.08569169960474,1.02058394160584,0.947991967871486,1.09736434108527,0.954,1.04209964412811,0.980380228136882,0.855992779783393,0.95620253164557,0.939298245614035,1.03551971326165,0.913166666666667,0.844545454545455,0.869689440993789,0.821165413533835,0.946213235294118,0.882110726643599,0.950622222222222,1.0105303030303,1.0185308056872
ABM_JobAccessibilityEquity_DisAdvantageZone_0___Auto Accessibility Off Peak,59938.324439109,56017.9167895205,66091.8840645165,67598.1249901254,67672.4552673626,64507.9177531694,56992.7142666442,67975.8700467369,66419.85870408,63912.3852253043,58017.7600122558,56433.3756899319,61358.2166174522,60062.5771167312,61163.2298291075,63156.664017878,64120.1013464625,62228.216804222,67260.1134738003,70590.2291838115,67496.3584315861,59463.3218601847,60926.3372697354,58173.1955986457,68017.0456865433,62444.3723471704,55808.005202207,69554.572904858,62778.1056505123,63520.5278792455,57938.4548893433,68146.266844495,54509.4022103646,66248.0106440757,62625.3012989546,65749.6597311212,64250.4322149176,67595.6471036264,61681.0962202257,64071.1524767519,60861.7709387114,74257.2349386776,61964.8402314644,57582.3573107374,65762.7354973355,62124.8752801745,63074.7653382548,63875.9616759371,59876.4148166118,62883.5090041826,63874.6568061461,59634.9061687826,65652.4483756498,60582.3674504352,57207.4866132576,61059.0677523069,60653.7884008026,58030.5743401512,69233.39666144,60925.0194881406,68690.8002177728,62343.493605908,62675.5885950882,64082.2739524947,57635.2598557844,64241.6346273869,63356.7789657672,60341.980114199,68420.0477882883,61980.3270178703,60746.9505773518,60408.2105211184,61263.1651116048,56032.1804005597,64561.0471982744,68633.8817867211,57473.0918789651,58241.0223821913,64907.0957805646,66896.0943373836,61600.5636001743,59749.3652476174,63699.761049364,63454.5514769825,61243.896523826,57306.168319917,60770.1393224899,59444.3291966505,59297.2504911524,69026.8253559835,53450.4427286435,59381.0862037897,57431.2102535519,61256.4165688448,71926.4645090393,60544.7147626213,58378.4576031528,66671.4115056361,60805.0992784912,72139.4140597399,60756.6613441296,62019.0247174566,62437.3067971338,67368.1743374517,59030.6447226196,65689.8629214754,61961.5440833371,58821.7477656593,61384.355715212,56413.0026747936,64905.9308542773,61305.3616344816,58783.7376351476,57191.7209707678,55896.5366430475,61627.0314825834,58843.0210565458,60048.7716476302,63129.234144834,58076.27891136
ABM_JobAccessibilityEquity_DisAdvantageZone_1___Auto Accessibility Off Peak,89871.0255998025,84605.1939212189,99307.4287259452,99836.282004649,99526.4151515644,95574.3774843745,87205.4910261955,100148.015328554,99086.507423028,94612.4236296558,86240.0229746274,84235.0104044013,93661.8110088347,91359.2916848926,91562.075986632,92914.668383689,95458.7562060444,93783.1641265809,99409.6617028405,103548.391345776,98701.8641341169,89287.8580938594,91869.9247026287,88645.3839739555,100088.316170093,93582.8731635833,83974.415205859,102876.056783835,95227.5991132855,93868.4374176362,87726.70683711,100847.2172318,81718.2291030589,96372.6372684015,93656.704874656,98552.9468235024,96789.9769226522,99793.8480667596,91162.6894158485,94672.0597955079,91719.0964985048,108603.116720344,92033.4090616557,87494.8195460267,97995.5829077464,93376.8792674889,94873.0775798257,95033.6258534373,90767.1226008436,93770.0189754032,93783.7827695596,90568.6570043655,98594.5304174511,91192.3693445315,87035.6897707653,90351.981557228,91090.3093073057,88784.6048952175,102730.017083615,89996.4597644683,101874.9430351,92022.0257685723,93908.9728904673,96299.1200966913,87354.4210234666,93905.53182191,93449.1983477495,90763.1830044329,101957.652479646,92790.0532652345,92166.6697874048,91634.9382051999,91914.475800573,83811.3086923295,94950.0741906104,101555.645075816,87040.9136969289,87775.5642014098,97322.8938670911,99559.1325455538,91943.8182607521,90661.5187615275,94712.9973297335,94069.7562443222,91579.6260037089,86975.7135230359,92243.7715164069,90029.8093034919,89732.4363631674,102216.099580145,77989.3260492648,89755.2642800536,87499.5741411318,92074.8912912792,106012.194860634,91898.4973838094,87993.584115915,97409.4451645907,92266.3621710067,105015.321579217,90601.9620697464,92558.3687736604,93575.6925955264,99928.7948427422,88793.2780598805,96792.3627488973,91224.4725317697,89216.0289626016,92812.9432120115,84848.8648700544,95997.5584553264,93155.5600553166,87826.2281550769,87126.1399223868,84620.1552307595,92183.298726148,88325.7047102286,90393.6401874234,93735.7032594691,87436.4691769383
ABM_JobAccessibilityEquity_DisAdvantageZone_0___Auto Accessibility Peak,39335.2368858575,26302.5380962673,37975.8176178016,45975.5318704126,47613.0410878736,45929.0581289486,31400.5594780757,48252.3112732376,42552.6769418392,45532.3775653868,37955.8721407342,35991.5562470008,30967.2295609802,33873.915153748,32890.5415593559,46062.544564271,40973.9657976159,37140.4310142412,46983.7474646067,49551.3222971517,51176.9144393353,37528.6439041503,37952.82372767,33221.8954097595,45862.9071059978,39613.8843984118,32872.2094690697,45673.4909163949,34389.3775370246,44277.1134449539,35541.738753232,43840.1734557894,33518.6103170945,51548.0186572494,40109.8055448397,37509.1692017291,35958.2151490016,60713.1184051177,44322.9094836416,46671.5482432766,46165.4162917986,52365.5753210809,43688.6732440759,31548.9719209069,38456.968800796,39109.209542552,36034.1129385846,43626.9720043609,33571.7903801286,43782.4050064521,47126.3145867473,35660.1133791215,37917.2639837873,39239.7720472068,33370.6233809007,45250.5395111131,41402.4355999497,31184.2553721063,45237.665549389,43521.2571966193,46582.1707385715,43980.2649584085,40985.9358009553,33716.6625575056,33582.0952964484,47696.4969150575,44886.186481346,38966.2967032957,43554.6484973111,40467.5122207361,36121.8304457111,35357.1017692296,39161.9814898411,35810.4506011124,45261.2053509361,44900.5127516395,34818.2441650437,37759.725451593,37497.6485734635,40957.9263026663,38600.9956567076,34042.1525235305,43092.9737192912,44586.4383041956,39879.9335046997,33463.0277864738,35045.4720163944,33736.6442325985,35701.0932876561,47184.1209358119,36282.5703015017,34887.0773400864,31345.428753737,39716.4817019098,50721.1012154171,31670.5149136683,35940.2262553003,54913.2484027873,35121.0145418868,50832.393384827,40925.307017739,40235.2657048055,38626.5530705448,43721.1241023312,36550.014368356,44378.4070276611,42445.9923388698,34410.6153428707,38550.9687607103,36836.8826960881,44585.3088836415,34790.9915166871,39047.1089240354,35146.9957780535,34631.4349495026,40711.7289384432,37207.2060598478,37585.2332583281,41415.2545570996,38697.4951341559
ABM_JobAccessibilityEquity_DisAdvantageZone_1___Auto Accessibility Peak,59036.3406731066,38097.310713516,56555.7634248571,68104.7992118167,70298.8941469998,67902.8807401896,47563.0031232359,70921.7197433764,63829.9254358335,67048.2892518281,56269.1190031004,53255.2754288698,47329.8126438087,51813.4571824377,47565.1516769052,67672.9755547214,60773.8506810977,56185.7973721189,69623.9927094235,72636.5090199651,74671.9103835167,55874.4204859905,57012.4602601435,50167.4310586056,67421.1887832844,58968.6518553747,48867.1899702875,68136.7885653182,52470.2886101616,65424.5217465241,53929.8660099675,65229.8394533839,50292.3688017529,74649.9638989629,59819.4544232419,56057.6179239283,54016.4185277302,89676.1184066285,65348.8033424928,68984.2373192544,69902.7122327722,76608.6762895578,64716.1093031961,47821.196251233,57297.0641275156,58916.072914066,53867.5075687228,65055.13147733,50331.5186432492,65272.5466161184,69182.740172385,54322.8203379915,56468.8223894789,58462.3042688059,50076.6761575036,66864.3633545239,62034.0953643307,47944.8129101802,67221.3201078794,64001.2192166675,68739.9362392578,64961.5836157154,60544.2727676382,50375.633680212,50902.309208746,69383.437078457,65868.553803302,58770.1583277101,64808.6840874434,60477.8717577836,54827.1211347118,53241.1704839482,58663.2178147561,53251.7985397439,66413.8705713925,66403.0375690515,52451.24701647,56706.4412796182,56675.1236243379,60908.0138816711,57838.1087506684,50978.2796853269,63779.0374935941,66395.7659978881,59703.4360879499,49896.1649602782,52652.6322949389,50540.9998917663,53691.369929702,69624.8858845892,53486.2699710342,52431.0383212309,47528.4714100509,59028.9655884244,73874.0419367041,47737.2016478236,53828.3137371529,80322.888614451,52963.333335091,74387.0738116673,60945.3164838355,59318.5272266271,58018.3750785042,64820.9890097758,55389.662501845,65159.0142982249,62627.7527369218,51741.4514857737,57469.3416617908,55218.581962774,65436.0299577714,52249.7759505229,58291.5189583281,53703.5020648936,51941.6173430265,60304.6936604726,55871.0633940687,56527.806299387,61575.7565833158,58439.3245798476
ABM_JobAccessibilityEquity_DisAdvantageZone_0___Auto Accessibility Off Peak within 30 Minutes,323585.713564754,307324.027927082,357118.594614486,365466.619713526,365573.654614738,349953.472830885,307416.031344214,370061.96188881,357702.851509724,349419.344748274,313421.143616862,304853.101742394,328531.832943576,323471.249610637,337123.89746057,345581.737242785,347171.655742427,334691.656060504,363615.67182832,383214.848511955,365794.085130249,324035.141512679,330543.196981399,314133.915662544,368831.618028275,339866.232536953,300974.917762832,376195.648195103,337427.647156768,346079.136539808,313449.739575471,368083.027982529,292354.813363714,359749.19030968,339797.108873791,356123.642002837,346683.129092261,366516.394708672,335978.778874653,347029.953420569,326345.509034871,400484.276401231,337975.469147827,309724.733182078,353531.347668785,336374.978845372,337845.051471546,345543.349765137,324189.888956198,340531.001129675,347600.224834811,322500.082883135,356121.015671884,330609.894647251,308836.294612173,333419.870347289,328179.905419413,309069.466381808,375739.087347615,331329.626631265,373337.626796803,338560.16504197,342600.83292417,343226.691761406,309956.062041525,350946.115456956,346489.300448558,324891.181663138,369962.950086227,336177.337461147,327732.270969562,326105.107985892,331510.450076961,301684.552473687,351728.980420075,371066.05976144,308980.202443666,315429.334800619,348293.573303765,360410.757619823,333435.109640972,322420.420460467,347217.249429046,344068.394636914,331115.225359515,310001.689581572,328193.337789162,319933.703196049,319391.687737973,375322.588094711,284888.250732582,320842.309987157,309643.461375954,334776.144614644,390985.188949522,327841.411822071,316571.975447696,359629.644471052,329603.089763675,387198.555890377,331252.63562895,339204.61824919,338445.245341222,365823.792004527,319301.622042071,359112.640112582,338180.104532048,319968.369699493,332807.188058045,305245.283860592,355585.276165992,330062.928392316,317339.253934006,306501.603388641,302539.256740012,337165.295450237,318587.228307296,325013.474709963,343402.939978988,313763.877262034
ABM_JobAccessibilityEquity_DisAdvantageZone_1___Auto Accessibility Off Peak within 30 Minutes,386135.172339282,385913.895507051,436599.442458661,422405.220857926,420836.918125517,401303.65055847,398343.110244202,425802.826831635,428281.965586525,411902.99411967,379458.756177585,373919.70787163,419581.270195817,406049.466292571,411688.437150369,399238.686728617,408290.376933472,410992.813730085,424966.268486008,436477.382183442,405964.240577831,397309.331442659,406661.387729681,396254.6120743,422955.493775381,415446.77287977,374597.691205355,442423.345622666,422700.717028114,400350.906218504,393809.597795942,431031.410839272,363901.921324362,403218.867605633,407719.076142479,432455.978244069,426553.369379969,423319.609501205,390945.821887491,406362.958957437,395810.687910922,454999.878975259,398090.498961571,392670.287509773,422990.110186892,411231.227345972,414342.614843487,410197.860744524,408536.417186879,398693.401290009,401331.170898088,404483.960164826,434807.329399414,409087.453450424,390126.499826802,390382.036696818,388739.678518255,394490.107035808,443439.800034388,389689.913680846,440639.932621645,393710.556718928,418905.130129605,421482.528018703,385220.937439414,401435.855524954,405627.585419274,391461.653063238,441661.646344578,403215.956675337,412150.066009898,408607.339303695,396601.442686321,372735.265970249,400467.435748765,433802.724892404,381363.165301238,387517.302131315,424746.140982029,429426.316893547,397151.073525612,405166.755062898,412414.51331734,402957.000623577,394959.293335704,394749.100928263,416392.897216511,396048.693826317,394855.445187407,440533.172089001,333881.025512785,395279.022777804,394259.193686303,413722.373206249,455973.351568074,413434.03379986,390313.375172315,404553.629563848,414273.659667584,436975.956796447,391572.327248302,408650.298240056,413117.784964803,430029.922121004,387462.179813223,413791.060499211,394685.541233804,404964.264383764,417115.255851833,376408.300032955,419829.616754455,416432.325177211,383352.276216994,380006.539006493,381633.975063142,409982.717043115,391227.899302439,389198.622072226,398734.995665119,376468.703729171
ABM_JobAccessibilityEquity_DisAdvantageZone_0___Auto Accessibility Peak within 30 Minutes,212563.713374493,133277.598412587,199547.470383072,253657.099016807,265642.034949857,257002.093370105,159524.565567738,270230.461298052,229374.137004782,254202.648963249,203257.135060621,191178.870106281,155066.039482449,174051.121762061,173783.708473424,258247.223051867,222153.599016329,194698.659767157,260779.473141848,278041.723689327,290004.092099192,201385.662822118,202236.816723951,172282.571546074,254893.771363994,213557.927937396,170784.475826654,250484.708489001,175788.92444192,246729.255280174,186008.585989521,238208.956779605,174345.830640345,291013.100084248,216629.392708921,195765.252130145,185791.604313935,336592.822805764,246592.127606839,258957.723137684,251828.604646988,292467.861885759,241308.564816026,160604.16982144,201846.392525275,208609.306418502,187067.759412585,238705.516159431,173806.179859056,241630.602637573,264434.555884277,185682.628210934,199137.825105511,212104.205257082,173076.864138034,251953.785768072,226629.820622283,156373.279267525,248345.217703789,239808.681588494,257966.030386111,243778.901101957,223068.220594525,171595.517993373,173849.041543203,268573.247737599,250125.382585551,208779.913083315,235616.725378013,218539.344450594,187847.822993104,184481.840796314,210369.966114076,188956.24204061,253468.508874018,245729.731810656,182583.686453191,202351.782017233,194863.206554731,218664.807052055,207025.018647685,176265.826686269,236459.863529347,246727.669652205,215277.317957871,173492.196468426,182111.460233729,174562.692893176,187394.278979815,261292.431844122,196110.950152631,182941.564010538,159930.819627506,214923.168468468,284165.891678237,160850.10240634,190573.886355881,306461.451310949,182175.98594966,285070.459279139,223941.063440869,219364.518857202,206247.966790528,238746.362247846,193572.825507693,246815.624241399,234324.417386907,178928.648438678,205071.522868918,196670.730845011,248101.73586918,179506.25418804,209921.661711725,183912.609226983,182278.699671354,222181.293294937,197917.45476407,201080.627851344,227243.550583864,209161.149820983
ABM_JobAccessibilityEquity_DisAdvantageZone_1___Auto Accessibility Peak within 30 Minutes,284512.848097597,187470.946314093,278151.722753314,330600.933040552,340782.579840139,325843.629488352,229764.914727201,346493.880344454,311739.974754508,330257.409790923,274715.607282849,261104.129416818,227816.223457264,251416.501991256,239110.517989094,329500.020929578,295471.060423536,273308.349683294,339740.246160329,354619.342312273,353206.325450537,275511.233683007,279909.562256794,244733.024773664,329691.560265516,291443.363807204,238720.054055312,334897.923375256,254610.984133654,318168.322728561,263419.512990579,319187.574021323,244081.769504706,355997.867055381,293222.802488093,275177.880079909,264553.207712241,403928.497416338,316818.624890841,333619.353962423,331619.064325431,372449.954826839,315678.612701487,231291.160449684,279503.246957069,288826.278931095,262179.298646904,316438.349342156,245469.701819316,314840.748437965,335830.025496048,264725.913941989,277493.322628352,287935.273605837,244124.038845448,323333.341478336,298782.543694142,231729.404813908,331856.055534328,311565.691518728,339967.838460736,314442.037669759,299659.00661461,245202.083851565,246477.167966897,337903.292355951,323980.720888255,283579.733690591,319120.386586866,294904.46417094,266831.520426501,260403.680042378,284533.268044838,259940.02764715,321375.958178891,324757.001805665,253561.93690197,277454.184478129,275415.711978198,298276.53261048,280939.678464888,248453.452627175,313592.064425025,321738.384370591,288976.28138798,243438.296995148,256563.737762613,246542.425484783,261928.954943916,343035.850967998,257975.161573146,255753.0174905,229529.208639045,291403.239110983,365320.684709547,232315.427257948,263941.520225603,369964.794282841,258410.514033964,359937.967065351,296513.247248804,293791.667204319,285004.561576809,318695.531752486,269113.728236039,320887.510391521,306780.634808164,251793.413478231,281009.488375958,269722.763658555,325606.85592722,255118.195890019,282164.741582759,258638.748541268,254685.612003487,298288.628466212,272851.266895521,273635.694718653,298580.077413547,280784.415783829
ABM_JobAccessibilityEquity_DisAdvantageZone_0___Transit Accessibility Off Peak,1154.47010503506,1288.76787792408,1749.10710701661,988.519980804345,2032.20048776799,966.470285195387,685.550266510032,1337.07028158505,924.210488782238,1719.42441785333,870.124404160867,861.472271781338,778.201858363526,1907.04181813298,1934.12359125727,1202.75989422657,691.634668537822,690.788711023124,638.822157445275,1100.72189085059,2158.19422987493,676.642317555951,733.114678168942,903.851856339514,693.309990264688,775.846630893526,716.885822498878,1483.70623854121,1826.51983349229,671.687697022488,746.94871760436,1092.98833995478,577.572802426493,1168.14521194837,1940.4170923318,1124.54838913205,875.101497115754,980.641143030781,1172.27974737525,2073.36915832378,773.598306437365,1296.77795852045,1385.727283631,631.101483450157,1254.94222776195,1938.63461371326,1950.29340477164,1147.67824931396,648.540731135707,682.278309596399,1914.89489738019,939.294304229968,1302.72301991093,2124.82804571,943.688087002843,615.837622797697,2237.18754612877,868.423930513691,1184.83727867719,1312.96615524763,1021.63596986393,670.737648119323,833.010865500231,877.65073131437,1419.96556916446,580.64995112749,694.401887105807,587.061233760382,1660.27184961268,656.079471105042,1680.34855749606,895.035049651131,778.679597159523,835.218521725543,1010.3669321552,926.017172886124,1248.25297433258,602.274505243859,1162.21719110122,903.372134791587,872.133937105387,874.780398746982,1142.26222108333,1849.76284413318,1057.6840212749,798.624161284166,742.98529163846,1330.0522176686,1689.15678156727,730.838153757139,1071.30337660345,617.613448686044,1672.57482582346,1483.41720295806,712.653357039686,663.760826471862,1419.27034503375,680.788937148488,1357.53936053503,1283.72998994096,610.354896766757,771.465125954542,1319.2740801475,788.789303602475,700.552825700692,1085.26236901751,1297.23264262395,862.418320786292,994.37815170779,688.852837101056,1028.38460857828,1162.89338181464,1551.42434786826,630.034252851298,1150.0446313644,803.295213054333,1526.45446516367,1252.8265884655,869.496254478376,1552.74077575705
ABM_JobAccessibilityEquity_DisAdvantageZone_1___Transit Accessibility Off Peak,2850.39994912729,3263.84107980584,4601.946644496,2346.08480447018,5423.02411345457,2330.74236697252,1350.78535355042,3393.26421205433,2117.24191165301,4542.95088698282,1979.23526515005,1942.30178947442,1657.09716205542,5095.94148434096,5216.41968015806,2981.45405327768,1523.96171697056,1447.88784846012,1318.50603664398,2665.75923097948,5778.758954165,1391.10363102639,1568.10858629538,2093.98419793009,1510.66860240207,1659.32433029905,1557.05020148756,3737.91197599429,4816.26028237842,1472.68561573304,1571.69446585621,2621.80506863765,1154.09993573036,2857.54520628234,5225.48623195088,2708.23512820974,1958.18823435673,2291.41896832536,2895.14559821313,5553.42004582984,1723.34957459632,3215.18540522168,3542.02290420405,1250.04469563531,3076.48356506679,5204.11080690422,5145.29670450378,2824.91963257347,1282.40740409269,1520.39266902054,5091.3127219461,2151.05107064321,3247.1632726621,5780.51299648828,2207.28929458863,1286.81858320597,5980.38879568,1938.66469876048,2886.3248449657,3261.95134331395,2402.5455667258,1442.48121083572,1766.6690099113,1982.08893660775,3633.40111117658,1144.251758477,1458.13194592955,1216.76606797231,4325.24440280228,1409.7304111189,4411.31529711838,2038.91745491485,1783.11009501518,1844.20694914245,2440.89879412565,2142.24174684174,3127.57826099191,1233.95048130521,2790.08325386581,2056.69803159632,2015.05448435281,1975.25176489516,2810.3648630166,4920.78816976367,2578.58339415665,1697.4599183225,1543.38392282564,3371.83109428,4458.16652030047,1533.88934952941,2584.175074922,1295.49798206397,4411.01151280919,3804.24824614228,1417.76809564954,1330.60881984989,3653.77528813149,1485.08611645245,3437.39832311544,3165.21323894336,1298.00797961084,1659.79196174272,3305.99958737795,1737.97401927335,1545.40086667236,2655.03512376322,3240.50333977802,1882.38354754204,2291.96401067473,1482.25720101147,2408.04943958739,2825.75101885124,3981.21651726036,1358.84858032922,2802.38070839849,1718.87950877036,3930.41917180427,3156.82376988481,2048.51787524361,4008.06073899547
ABM_JobAccessibilityEquity_DisAdvantageZone_0___Transit Accessibility Peak,1121.64308032873,980.855489274802,1455.20424631516,1007.96754973952,1888.32437072323,1009.29633146868,680.213150317732,1321.01580384075,929.317156805806,1624.33470647871,873.234581483089,842.833094614083,735.239624609002,1556.92575762135,1442.63622922233,1215.44554873254,703.567013116263,702.303778144086,688.255247026568,1114.66256876341,2072.75604684861,690.189810980765,748.09560491733,840.984355202044,721.663617654513,784.780914848503,696.978101241702,1410.65373222962,1492.62966432801,711.2050153605,760.537863663889,1072.75634859979,596.674995877848,1230.7185292737,1688.0307728371,1033.13850521637,832.856345232619,1141.36062491617,1176.62545650254,1954.26749656,853.58059911276,1314.6395123943,1358.90271093444,629.47464405119,1123.40433349,1682.78364762672,1573.62543958023,1150.29041129872,641.042079427433,727.692434400103,1833.15316581679,917.663890571748,1385.32413754182,1828.80267883784,885.857499874924,670.783430652685,1953.69381087552,803.943165067468,1162.57610814592,1301.94440007543,1027.37388873896,729.198155620091,860.027879714711,805.07767493076,1237.96393841359,632.577497615616,737.282724637641,620.877105960683,1510.71054730158,683.7333009655,1472.93276283744,850.778790310238,779.347092838745,841.539887081591,1024.34569286793,926.12726446279,1135.76353912849,628.729438479308,1078.05492603233,875.815213378477,870.935630834402,831.127900144997,1124.49350762731,1734.3709817584,1042.26986160623,785.37409097653,731.74077688882,1141.23600881703,1421.53053573271,779.149751858336,1061.85450683489,614.065889908293,1376.85463906018,1372.60147223295,767.388015265987,646.782258689408,1270.34411134955,800.527872353144,1215.64179344216,1301.94052429271,647.35706113451,785.427921838077,1232.28647768111,816.368626653182,712.781680516277,1087.51584279861,1273.84053851359,844.85416574418,971.195060795912,711.524055666515,1037.44115529732,1040.74180494566,1439.9335707364,642.677535917033,1070.25009695569,822.360081593147,1387.29889620062,1152.39165160057,872.165397520528,1440.68011488267
ABM_JobAccessibilityEquity_DisAdvantageZone_1___Transit Accessibility Peak,2745.37722253065,2313.27418976347,3685.2692542455,2392.9531635701,4979.40832674599,2444.08719562083,1337.12932302618,3349.03705374173,2144.88316786832,4241.96193789683,1985.29833975811,1890.44277283805,1542.22611713964,4028.52519705882,3696.71694179967,3019.80442948162,1559.01429300788,1489.92803813025,1473.08267284861,2697.24647080231,5499.67589856964,1430.44946706345,1609.09046044598,1916.33206770951,1597.56026278957,1684.53868528855,1500.57169714243,3524.34297874551,3809.56142455223,1584.7954628358,1614.20686099806,2548.67601563406,1214.08948741127,3027.39952561227,4438.98180887406,2412.76774287322,1829.00065233723,2756.63066977889,2896.73916021113,5172.75550789676,1947.38588074818,3244.58374067663,3438.49507580325,1252.04611072659,2696.70994408454,4395.1965756481,4015.59598303011,2827.37155181923,1266.18394245383,1655.2736421824,4831.39106322406,2083.4312700565,3472.8302208514,4853.90221248565,2022.99656194685,1443.76441447031,5133.05199151102,1763.02999998057,2801.16719255155,3214.40413850734,2414.29766663368,1615.36132817399,1844.11883813752,1777.44145381092,3068.69552394058,1292.87196568181,1581.0903204393,1323.74339526204,3858.68782975099,1496.13555783399,3768.31070250795,1912.39918141034,1785.28223897026,1858.14622901651,2478.07179116182,2143.77434523981,2804.50948445808,1314.48294043769,2529.57491359635,1978.33459408395,2014.20111167931,1841.53915353965,2746.28027261422,4558.2354689325,2525.80929860704,1652.41321400764,1513.10205276629,2778.39145423984,3622.74729875919,1680.87181547472,2514.5504298526,1290.40237505269,3496.88731562598,3459.53393218615,1584.45601988438,1287.1878825547,3192.71819030004,1835.21661100004,2990.43890620529,3210.03013059355,1410.15597643319,1696.40942959001,3034.77548062677,1813.54819240037,1588.97149087034,2635.67703600313,3162.78075628823,1827.20510054236,2220.68034764285,1547.73323035798,2430.07083506533,2462.52076739165,3643.73598373843,1405.94012368532,2557.67165119912,1773.84023821701,3490.52054678,2861.8414000133,2057.55099315266,3677.72917941853
ABM_JobAccessibilityEquity_DisAdvantageZone_0___Transit Accessibility Off Peak within 45 Minutes,20211.2998716106,21485.5788632341,30097.9437911973,16209.5097776963,36351.1526563256,16235.863740151,7460.37356354297,23191.5008333932,14115.4342960675,29695.1924946854,13499.5196485659,13181.919744485,10068.8280012077,32988.3653579275,32636.5871411625,20677.9645717614,9674.55846573447,8914.50549665044,7790.6938013743,17912.2220441086,39294.3952603544,8022.19496792638,9535.42043884076,13495.7707475445,9468.7243768,9812.73359284976,9981.2285714684,25509.3130508696,31477.5044541462,9261.42580402579,9423.35743692378,17830.4049064166,7002.6578192282,20319.1184575544,34335.6324523038,17827.9077235812,12531.3054791214,14532.3583970265,20462.949277071,36651.3572163205,11413.6354340541,21751.7680044465,24507.7406100052,7240.4955395005,21334.7976715364,33485.253475736,34811.2996434231,19290.373585993,7053.50285285191,9779.05917488521,34000.6355512737,13769.7904185363,21106.7283821867,35813.8264497504,14193.0009828519,7804.64986208714,40608.3279682858,12952.6410286761,18996.007625898,23249.275626725,15410.5578783559,9345.84821134423,10516.8539504248,12977.6128283013,25135.4371414822,6606.82758322237,8758.39777209185,7486.31452835069,28960.6989550751,8645.89393997155,28479.6871305685,12878.9279866668,11804.7651166191,12473.839224939,17103.3256499097,14282.3391314517,21913.7143769493,7193.00149833882,18903.093677976,13478.6348376742,13803.1589576531,12593.5009171202,18708.3809209672,33203.7576110044,17866.2794694089,10231.8539302917,8772.60252121152,22991.4889861164,29913.0991389926,9078.45137789614,19425.2891604181,7686.00099389649,28579.7294072911,24404.2601657215,7774.4439217982,7461.72299511111,24747.1571543533,9801.08847650956,22359.1152885187,22164.5776733162,7955.70691765042,9961.35362079939,22069.6915238138,11103.7072011426,9879.79402085793,17798.6311760823,22582.6606831018,11424.4399569105,14227.4132227146,9309.25570169918,15319.9263771006,18377.378376206,28110.1140399589,8599.57130377519,18486.3359535357,10205.4914795331,26504.8402553364,22253.5042924728,14093.8748753491,28650.9068012817
ABM_JobAccessibilityEquity_DisAdvantageZone_1___Transit Accessibility Off Peak within 45 Minutes,58793.9749442498,65038.4566894387,90684.0930890862,48534.2716682945,106673.985613608,48105.4073832502,21950.4994685811,68964.9188575907,43002.0978688387,89334.6392085458,40032.5215244534,38891.8878343121,30442.3935904105,99493.5625342752,99447.2623571812,60591.0527212763,28383.371913374,25639.6706332135,22613.8869115277,54355.2413584724,112247.308749017,24433.0591044302,28885.9487896442,41711.3493602119,27821.2321674167,30716.7863758465,29767.315189878,75484.639688183,94762.6041408754,27485.9773653589,29238.8131099132,54061.1924554126,19551.1935997543,58400.5580715098,102020.172488106,54249.1912946915,38147.9396630341,45464.473568908,59198.5255157288,107027.617627276,33963.0191418623,65604.5083800768,71472.9556977126,20592.035064019,63008.3233998488,100663.92753673,101471.339279147,57842.1453753187,21102.6066922078,28781.1818579203,99390.2628502186,42490.5666283337,64613.6825324346,108284.996558156,43795.8565144772,22727.2450827453,115602.979215042,38495.9483522605,57899.915381233,65733.1558495705,47864.3579534015,27111.8004133718,32423.2020260445,39400.7666426007,73179.9827193576,18959.0819716575,26467.1753775898,20632.5199551627,86689.7623227461,25426.454393412,86554.3944488425,40197.410746741,35469.0394132883,36577.512698147,50162.9395801307,43422.0336231143,64142.8673522108,20942.9762284261,56628.3622105671,41169.2436944515,40752.8869480965,38714.3702416112,56810.3603491068,97523.2757657034,53254.2224641032,31603.5922712439,27007.4378434151,68026.5251193243,88294.7551838638,27132.9141473144,53395.2869132612,22628.2247397888,86541.4898727708,74801.786263401,23266.6400749415,22146.1815482618,73416.5017759766,28363.6745398653,68454.3124275719,65025.7333460477,22986.4595123334,31024.4823454705,65841.7187000805,33226.6672186,29744.0729037343,53699.9986494424,65385.9877816413,35643.3367149685,44487.2488347761,28002.4578857363,47371.4626087823,56501.7619236085,80584.6238625448,24607.9820491397,55834.0332533186,32207.504734335,78319.3629770376,65009.2414535651,41897.4955133477,81948.984930107
ABM_JobAccessibilityEquity_DisAdvantageZone_0___Transit Accessibility Peak within 45 Minutes,19035.3338387845,13655.4741245664,22664.5684308369,16232.3723805957,31222.0740816185,16960.1288698278,7496.89869220105,21867.159997931,13776.8660525709,25857.4185639092,13269.8628103073,12408.5955337748,9132.15385381971,24453.1352776092,21533.9296071637,20200.8398484176,9901.59374522964,9138.91551581989,8969.6613145479,18020.2655109111,34986.7919616771,8264.83547765262,9593.3010700087,11707.3326504101,9994.29318307906,9711.3289695343,9222.38368803299,22805.283801558,23402.5462830799,9957.82355167039,9369.2401671637,17086.2500318515,7555.14814567102,21164.1373451072,27283.4342863219,15386.42905145,11278.9686671732,18284.1570972619,19843.6714487963,31748.3499226258,13021.9643015808,21687.4005807135,22643.723081597,7399.863359959,17919.4201859647,26353.7293733699,25838.813029903,18946.8519626124,7164.15013969238,10580.9698331356,30085.2335291455,13026.8829335765,21381.104761689,27766.908521116,12605.6216381731,9021.15182649635,32696.2029104985,11284.644856857,18124.1533726377,21995.9579218475,15281.0485629756,10460.3572881887,10727.3109648484,11080.3812286793,19932.3278498355,7823.46407391618,9618.17633093056,8484.54997786138,24320.0048359011,9160.11897887654,22688.7437897185,11534.9956649618,11436.1489162073,12286.3346325029,17201.7405406369,13905.7194869692,18638.3922680065,7851.72011049647,16627.5323062668,12540.5037070907,13471.3944328224,11164.981686607,17965.3314392647,28807.7148051111,17168.5258165926,9586.67390078595,8585.31216961018,18015.9477404008,22921.6869997832,9948.54147151348,18215.6539647888,7877.97529125809,21117.3204825115,20692.8955702284,8901.27441451832,7354.24598824874,20236.2773399722,12561.2731690132,18360.0105571997,21966.7549578481,8751.11922972721,10089.9645385477,19070.7474388103,11292.1289213924,9917.6621014269,17417.0306842027,20876.9069012711,10655.3908725112,13467.3815558145,9506.46344099303,15373.9245953082,15277.7882825376,24112.9909697221,8948.01431866042,16135.1434765655,10474.4921097026,21949.4007904381,19359.1551727119,13839.6446971139,24749.3610809569
ABM_JobAccessibilityEquity_DisAdvantageZone_1___Transit Accessibility Peak within 45 Minutes,53558.0571652274,40995.1179488936,67151.1713187158,47125.0883783296,92164.9550780905,48690.6453770909,21850.5040445891,64801.3596646918,41286.3919674975,78771.4974882201,38113.5400545505,35843.7095108574,27107.9295115588,73640.3503714348,65329.9136893488,58796.5668472028,29149.5155481715,26654.8115247744,26387.3210416763,53212.8417726221,100546.828254105,25222.1092140809,29066.3925272967,35783.8664501529,29800.6651220647,30380.3275238067,27579.8759231001,66996.5576369937,69653.4754443831,29786.4007950366,29060.1667166512,49591.481823267,21068.0789394873,60040.7166011059,81477.1687056554,45153.942448427,33529.8454601012,54900.0418408998,56907.8832363362,93514.7405403316,38010.2283390463,63561.0185309438,65691.411188628,21054.6403430819,51697.8464153452,79209.9249272852,74270.1768823064,55299.9780735078,21210.3371644884,31341.3664512143,88705.5599571443,38797.4807351766,63736.4819535348,85689.061071239,37489.7745454662,26465.1184543761,93704.3338561018,32499.5183749226,53653.6414466344,61815.5893772986,46356.801333824,30402.7355515588,32845.4530575327,32998.0352556907,57338.32316625,22719.7835852038,29011.1680095822,23769.3803964291,72645.5867552868,27351.8480389707,69133.8217859996,35579.1505393322,34312.6952387925,34956.5911798442,49390.4128284899,41595.6304707271,53839.7086672491,23028.7005798315,48131.9606645526,37770.4514305257,38786.382116933,33694.4267599953,53210.6127864262,85129.1076939424,49597.6125024059,29143.9491978193,26228.4385415127,51810.7083473826,67001.5637028686,30288.22481494,49645.6575432086,22915.1611990988,63445.0215370415,63884.9674508582,27351.2915113021,21616.5578268895,59963.5802309638,35822.5127464006,55487.4059134589,62913.3775324485,25651.5647985599,30975.8349534917,56662.2708953546,33867.8388252756,29784.5225124334,51009.7992395586,60401.1149689952,32561.8302911067,41248.5359979232,28687.2393475718,46328.5096610497,46008.936595283,69287.01983751,25690.340325577,48085.8317910231,32324.4795586963,64741.9167990254,55671.4381136643,40361.5768477154,70681.2788036667
ABM_JobAccessibilityEquity_DisAdvantageZone_0___Transit Accessibility Off Peak within 60 Minutes,45042.3306247345,45027.8730577832,58704.9359492002,38542.6985121869,66867.6681927787,38818.8109696859,20277.9522402334,48636.2799307436,34345.8348104567,56463.2538719664,33168.881783517,32153.020411892,26544.1003873353,61762.842411146,59826.8505171289,44542.818163749,26353.3857575061,24215.6282431336,22120.7463434211,41167.6531031824,70286.2922163476,21952.3283519423,24976.7759496502,32676.8356289192,25777.4716018569,25577.6029065217,26171.5100097348,51785.06381193,60645.1825144804,25192.4371394832,24676.0812712902,41311.3566380081,20205.8031238901,44531.1451824498,63503.9890619362,40463.343347897,31199.391790975,34402.2214416736,44774.487308651,65364.4581195574,29358.1091050824,47569.751147087,50274.4722910962,20216.2967330031,47010.1848611266,61764.9363667342,66395.7066893639,43132.3721511353,19558.9982477132,26574.7466351708,62053.3253631227,32947.8395206881,45364.3123476554,62713.6942539271,33955.0354014674,21949.5442135532,71944.3550053182,32108.2840963723,42133.535719362,48718.215211325,35908.5841217506,25266.8207836671,26330.5004036183,32592.2267131924,51070.8904091407,18945.7921696792,23581.002204086,21305.4408835775,57036.6986657714,23884.2352826482,55602.5564724764,31386.921559799,30455.0476860739,30802.4336014556,40160.8635575799,34726.2436471135,47397.923039004,20471.3229506374,42503.2301772011,33396.574812088,33922.8755865088,30759.8153748686,41815.8247424384,62461.8587340893,41150.5623454847,25913.9489436871,23547.8827370571,48828.3942608587,58436.9109314699,24258.746163654,43032.6588152556,21634.0366333528,55356.2877710281,49027.4827502141,21329.2105390068,20507.6471408883,50431.8140465205,26456.6340471799,46810.6812954122,47857.6343878517,22550.2816043723,25664.3203200831,45906.8460013172,28530.1862479074,26404.0507311453,40270.7597663174,46952.6707261397,28156.5227235202,33439.0226745898,24778.5179975998,35548.3920029182,41232.2572863437,56023.208942564,24164.9946806837,40543.9411997211,26017.0108421288,52537.3895562881,48148.7792544858,34691.3026207277,57455.1320331174
ABM_JobAccessibilityEquity_DisAdvantageZone_1___Transit Accessibility Off Peak within 60 Minutes,126264.028428167,131556.230110807,167475.866928833,110418.562294245,181684.646906048,108917.612991884,60719.848781657,140649.578311811,100062.439801919,157708.7974976,92684.8804928005,90434.478662341,78692.994152075,173005.686111298,168059.61857422,126631.348103349,75881.0904588739,70045.7661295884,64542.2804135408,120325.243056152,185468.586309562,65447.4569841199,73270.5250895325,96760.4943227831,74703.5517148874,76901.8424244573,74616.9187437644,150824.418921251,171814.76158906,72473.8974301545,73326.979030544,120043.31566737,56210.8172845837,124497.00508191,174774.624944365,119188.839680934,91137.4732538188,102831.771210199,125662.303327482,177350.352557358,82988.1158356632,139119.765731052,140849.306489794,58922.9023781845,135459.004372486,172586.04657924,181625.664981263,124933.808223171,59408.7168868666,76091.9662748075,168052.535920543,97236.4809205189,134417.475900633,175724.484582286,99297.5626182041,63058.9949234177,188982.315054254,91451.8586649324,125037.915495673,133696.096741454,108297.18046597,70656.3244764702,78361.8432150398,94664.0155097993,144367.360819834,54764.0612728184,69097.0527147933,60673.9960433356,164324.210767723,69273.8204135846,158912.996780635,93847.1575108577,87197.1473427267,85753.2324352317,112969.134533625,101305.258447653,133753.490294421,59739.6376274372,123806.772747673,97791.0413601974,95418.3763861329,90152.8016928477,122428.719764888,170261.531860628,117657.001457125,76728.0274611087,71103.9841393928,139149.05887112,162481.994043501,71793.7903177348,111198.145916068,63406.8848049122,156879.023340972,142809.233164369,64378.3066840963,62164.1008446568,143310.031177046,73548.883407641,138826.585899074,137167.364274359,64524.8423882808,77088.0933999644,134735.606091827,82640.3588858463,76099.1262883368,116652.725292036,132491.628074333,83836.7234984497,101775.642639295,71347.0031807424,106055.324129782,123038.982558687,152064.221205518,68750.413644294,118909.207081322,78596.2244625675,147463.683864319,136407.167874746,98429.04256334,155140.993573465
ABM_JobAccessibilityEquity_DisAdvantageZone_0___Transit Accessibility Peak within 60 Minutes,40196.5374787011,29179.1622025015,45002.2190148765,36899.5889326619,60050.8261249195,37780.8232157384,18428.7589223121,45064.9307384359,32357.5460348406,50791.3016635826,30931.4377554885,29152.9526101655,22387.1801493788,48372.1530146416,42964.0439999543,41941.950721923,25667.2508506993,23169.6840276467,23579.6266821804,39265.285489657,65421.504125669,21592.8923513789,24169.6171887632,27834.3736434746,26044.2943825804,24691.4188687931,23463.7419931498,45944.2069053254,46584.5032152915,26213.9156129129,23828.0952703766,37881.244655805,19886.0228435356,43934.3811127339,53404.6611602549,33549.685419528,26957.6093978467,38906.3041264752,41812.3935849826,59840.6120362752,31473.010589546,44945.0932023524,45637.9658081419,18572.5438876902,38894.9384265169,51244.5979866954,51408.6678521954,40051.663382104,17993.3322960796,27893.1067868749,57229.2168015456,29296.6269184568,42802.5278604589,53598.4923856535,28632.4304666012,24054.1153874532,62562.4053455131,26725.8065846434,38201.8396810495,44699.1287446505,34060.5871348308,26879.8189763583,25653.5928931081,27076.328787317,40547.8264478003,21110.8124878375,24730.0528912224,22096.5897662806,48977.4046673188,24066.8249262106,45448.1708816175,27537.9011431246,28908.6309911121,28623.1073241201,38012.9452184644,32788.8560752418,39366.2060341374,20587.0846815866,35865.4774971998,30443.4769855703,31207.0976018371,26463.1447593745,38028.0996325347,55851.3279893966,37571.0120930877,23433.356103169,21591.2426435477,37611.5210040513,45789.6771122777,25441.282956471,38826.1096187335,20147.7008303192,42401.3536906639,42242.0866484328,23159.3595072339,18128.820744282,41782.411567652,31448.2776759211,38042.6798432184,45229.5723619151,23234.8821380988,24992.053082929,39011.8491586314,28173.108180183,25446.8879152213,36957.2906401293,42544.5071017119,25130.3796809689,30493.1173076222,24551.0636939354,33393.9790613356,33674.5367425433,48381.729748261,23212.8085957255,34282.3227796804,25498.5014277306,43938.1147058822,40976.6225806045,32582.6762759477,49688.6513486192
ABM_JobAccessibilityEquity_DisAdvantageZone_1___Transit Accessibility Peak within 60 Minutes,110293.336624189,88008.1169734492,128807.429665886,104504.580693335,164361.216530147,104448.733814956,55644.461929439,129487.250583854,94133.3514898098,143843.290205862,85584.839586564,81098.6431415047,66742.8368102857,137508.209741434,124764.753466777,118774.834043958,73125.8904690164,66781.2885211618,69287.5242526623,112925.585335631,172776.11604259,63574.6360962076,70415.6029722814,82214.4266822733,75085.5325808896,73548.23670768,66832.3336891026,131322.520770498,133911.170746875,74427.0261436529,70403.760696099,107966.139056183,55898.5891638218,121775.644589881,149301.417675266,97153.3709479507,78110.6821190987,113779.835954737,116682.273284052,161162.211982337,88739.2288620148,130188.717379973,127122.651720407,54465.847499041,111256.73511025,143280.579763221,143074.594452769,114641.219952332,54752.9830592042,78226.9609478302,155544.793737924,85896.2638011065,123289.859237328,151644.46454931,82815.5125570507,68132.8213753436,165129.6476512,75280.5595132791,111124.88836229,121210.136845863,101119.70461876,74944.1797132907,76788.991757244,78005.3309897268,113041.51713118,60922.2112109076,71893.9227196767,62436.1679482731,141143.73194149,69495.9890677722,131502.291097826,82121.25902334,81812.7389577501,79023.0480281114,105719.189012107,94996.8653345266,110516.084681019,60608.1551590098,102144.073140641,88140.0841268794,87547.2217024731,77065.4901414144,110993.351342477,153616.789949905,105389.249505683,68662.49039054,65205.9598902773,105296.685671985,127242.790449876,74787.1147318048,100460.179880718,59386.4830064283,122146.908192132,124304.989758554,69945.3185801006,55257.3496715217,119472.157547798,86786.6502492502,113622.122899245,127335.776918985,66561.3998788098,74324.4400465783,112963.06392376,80771.0205645489,73050.086214108,106053.885801417,118455.729222267,75036.7451212147,91305.5213111593,69989.4562040531,98913.3109689062,99831.1847013412,131650.129293968,66524.2084905573,100328.54592587,76484.5062484636,122881.590166304,115442.627135441,91995.9377245505,135015.731080044
ABM_JobAccessibilityEquity_DisAdvantageZone_0___Transit Accessibility Off Peak within 90 Minutes,85973.0404511909,81345.1748844219,99039.9257215199,80932.1230594483,110074.30124895,80500.5078863248,52457.8687659719,87277.2894327685,74600.5597306801,95292.8416502506,71068.1646623564,69107.302717636,63586.4491400762,102625.481364799,100812.075147297,81584.6211707455,65356.6051230514,60406.9480180653,57373.6724933849,82091.3187350855,116083.367349427,55552.8177375422,60949.6005853434,70719.6244936518,63891.3450909472,60692.8462789473,62544.0855483505,91999.9644708055,101288.833523614,62727.1232445418,59046.0727714123,84126.7588169159,53382.9716610117,82927.011086972,105724.598440471,81500.3764895485,70618.0009040996,70052.8655175853,83255.4888309189,108740.263972582,67693.9366404474,89817.57127915,88296.7647522966,52958.6857904666,90581.1909066158,102697.243523292,110957.752782152,82809.4838471003,52241.0048135355,65943.8102044445,103494.335980552,70133.4559560754,84398.1079943964,104666.073519054,71417.5878907619,56561.5983740803,118386.209782508,72128.0821820227,82583.0225074339,87086.0709516656,74289.006196225,62430.3832115289,60544.8514249444,73583.7885439506,89934.6900305508,50955.382214145,58311.2903995624,56926.7729708138,97809.2548046334,60331.2455328154,93563.3871428236,68744.0304119754,70623.6085557356,67273.9809669685,80771.1263655385,75633.3532633345,86879.0006222405,53869.9378465909,84761.1157230289,74209.735057904,73605.0527631161,68070.5352354458,79850.5025311755,103739.019055241,82144.7427680505,60467.4243088788,58568.2395436986,88608.9740382352,98734.8884334373,60010.1521492279,79927.1514362577,57113.1980976418,93750.0897609593,84695.5620234664,54601.5647352675,53871.471070081,88137.8585594611,65078.2682721135,84091.1062017641,89967.4354360763,58283.1184532938,60197.8591625825,82501.2126948007,67424.2820421961,64192.6268855001,78392.5575695754,83884.4697048198,63120.9079323914,70202.3098078735,60709.3789390577,71221.8974992361,81101.1675117483,95402.3225277376,61533.1707744896,76357.9734006208,60291.2497868201,90045.1141933441,89175.2502943496,75301.0463057719,97452.5158213644
ABM_JobAccessibilityEquity_DisAdvantageZone_1___Transit Accessibility Off Peak within 90 Minutes,221384.655084254,217177.267307963,253466.74732809,216304.697510187,256637.167685098,211226.446893734,152995.379188395,230310.566795412,206329.634309128,234109.717182651,188042.481774791,183410.486270448,183852.495433157,251055.009081642,242684.276032871,213091.848851726,180793.260475272,171461.474404344,163874.32799002,221091.667661729,254377.992134518,159298.850737641,172198.091536736,197105.95489517,178575.017308703,174203.82727129,170489.549050927,242713.492505116,255519.294815577,172097.736009822,168825.4962522,225218.367133517,146149.982922309,213150.643002274,249927.572621069,222467.403464279,197503.486377092,195310.533321413,214666.51351828,247402.670953253,185404.662435832,238842.680738575,225125.364588661,152194.795366877,237252.068014847,247227.287351389,266276.163454792,219397.194595423,153832.994802232,180740.971032781,238754.776104892,196709.352851959,229602.719064564,245785.649570338,197057.882334924,156716.163966199,257676.50184856,198370.575143704,224987.693149843,219147.123092668,207813.582496006,169323.771379681,173335.511928669,204808.944144634,230352.856836974,143688.107393804,163587.719197728,158065.054987978,252734.917200322,170782.525961312,240232.453815528,193950.272268689,191698.295919651,180075.704107378,210192.919691371,207534.238739592,224241.012803789,154275.004433587,228303.128598902,205154.258978899,198392.386850189,190752.591677585,215125.653659958,245128.188261782,215286.746177859,171711.599426348,170651.197151612,231213.296492664,243905.901882106,172215.420013835,192632.88905991,162019.493015668,235811.904832918,225136.655304476,161973.087623866,159262.786937559,227203.721567818,175815.874473103,228538.660955532,234989.787907508,162607.185363524,172419.505535283,222058.927729127,187641.814886004,176934.246909314,210164.388454342,216053.074839723,179992.401641614,198873.125370265,167556.978408327,198015.814333197,222537.432771676,232527.250063557,170578.596872435,206335.593944532,173032.192608302,227451.80547677,229143.884750038,200326.042721556,235644.406225235
ABM_JobAccessibilityEquity_DisAdvantageZone_0___Transit Accessibility Peak within 90 Minutes,83252.9937343872,67207.8690764158,88755.7695441067,80835.9405169857,109023.017072828,80909.5259568093,47745.6413142115,87967.8525018925,73094.9366372336,94698.244308871,69098.9640848833,66184.6943053004,56686.6874181623,92447.3095838037,86607.265121203,82591.0222274495,63441.0155832862,57804.9970431854,58836.2171992366,82514.1893071707,117575.325765146,53643.5217908083,58276.2573160557,64875.3963377853,63699.3683388911,58898.9678524797,57692.5793526971,89772.5108351081,91021.201109744,63153.161109946,56942.5013811483,81986.2802758021,51785.1867756728,85630.6121486348,100357.609864458,74350.1509717876,63656.7080899275,76122.8813592405,83591.5379057253,108182.26217959,70157.6757039453,90831.2438136464,87299.903390132,48700.9204176849,84696.6434218012,95056.9513796322,101110.992353098,82171.031861466,48527.8062269834,66745.4315401301,104041.522840892,66295.6567177999,85027.6319707036,99326.7133608069,65188.8599084016,58561.3685363988,114808.746692078,63437.2654391668,80465.4914386964,86433.4486301368,73830.8498913506,63946.7913201798,59335.2858381797,65758.3796084823,82049.3904787446,53451.5958885931,59068.2296625056,56925.5462389577,94412.6151224694,59781.600325592,86950.9049099039,64030.4316022475,68250.7417354808,64707.5811465016,80622.2224184541,74264.6884321843,81815.5345878723,53381.5893412559,78281.4695499858,70827.2899257872,70762.1887757457,61594.3506028067,78769.2473827104,102746.413555777,79774.6766625238,55545.2526071057,54665.6842407272,79699.135334966,89599.0450132393,61050.5041100222,79120.074949649,53798.8421044141,83124.6534537538,81533.6389369261,56627.8788954245,48875.0194054944,83139.5293488807,71486.6977013236,78718.3572137532,90530.8711265143,58491.4126711794,59022.7783110777,78220.385298769,66079.047886975,61659.9206827267,77376.7512990435,82746.0681335227,58585.0274677818,67777.9459049731,59432.6398654572,70766.1798773096,74579.6959240218,92061.9934217371,59370.4736135323,72394.1110930981,59483.0154285265,84158.9325843071,85315.2322529971,73791.3396543434,94550.8341419394
ABM_JobAccessibilityEquity_DisAdvantageZone_1___Transit Accessibility Peak within 90 Minutes,209612.687707895,181016.418653493,229480.390014471,211909.045408415,257610.418477403,207491.758905442,135922.780813705,230065.537532917,197494.040670001,235142.956279107,179459.013579221,172842.25709654,160918.684941805,234143.649613806,220312.631833562,214169.717114458,171983.859565032,157790.107084811,163857.970270804,219509.898921959,260472.076805856,151520.889389257,160400.12267247,179258.362591099,174129.656181545,166619.488372983,155717.485419248,234579.203918251,234644.98909251,169735.097363914,159134.005802668,216296.05272705,138169.00366761,218442.581582331,244691.136057156,197865.549150441,173500.472067954,209804.898610963,213733.387236477,249663.205694984,186213.918106792,239635.43359167,221704.579521265,135129.77442195,220116.101233982,235913.991218006,249434.353876902,215165.329654939,141644.30450467,177548.11999145,242590.170269455,179617.926543494,222647.96847313,240924.830769212,173884.173816997,158451.857832182,256310.176565211,169392.539824371,215076.271990355,215378.149466474,203765.547183522,167230.431804482,165912.711477121,181243.07380415,207865.020395215,147069.745695762,162700.016930117,151622.23704957,245647.710330781,164756.239449888,226456.324523851,179420.651002948,181778.517610588,167006.107011193,207648.510717211,200537.196978897,208248.30384985,148913.023119928,204566.754340983,192946.046977901,183981.776005934,168164.504791485,210419.004079469,245304.649131942,205801.357747789,153756.560841079,157268.21461315,203095.316032519,223296.880624598,169493.029960619,188008.423095098,150177.079080487,214565.213122845,217932.187765651,163576.579613876,143411.910162381,215875.543192868,186756.235664083,213158.145612102,233303.405450363,158902.086847654,165593.167832487,208645.336671219,178768.726820575,166306.046895526,204099.703500582,211873.698645296,163012.650748718,188858.842398854,160131.742292831,194888.332033435,203175.410587788,225536.340645866,160393.352835841,193688.831717525,167747.556280491,214073.209605779,217004.756855388,193209.407108415,229664.31094762
ABM_BasicNeedAccessibilityEquity_DisAdvantageZone_0___Auto Accessibility Off Peak,23383.3140294851,21526.3639730699,25957.763750893,25992.489733816,26272.754153944,24959.2024644671,21857.7221710212,26288.8491514851,25991.495995359,24626.8384662833,23074.0670844197,22108.7072289545,24206.7504508004,23030.2144245272,23102.900405354,24118.5286482404,24767.5946519485,24629.4379128604,26447.399933516,26809.8341034143,26023.8489667084,22981.1730993854,23813.1207983784,22230.3415931395,26382.1583983367,24512.9406780221,22004.0746886539,26449.1761697688,24598.1195664687,24339.5154584397,22730.6052825177,26337.7351910544,21278.8053829287,25780.7945069574,24617.4736084305,25697.6950696322,25162.0194131514,25529.5082805902,23854.9813660804,25165.4114206222,23895.6350086494,29017.740476744,23943.4166070147,22801.7795620269,25957.4850409222,24125.4659579499,25093.4367611972,25174.8800556596,23473.5010136567,24621.4886510941,24254.2815104427,23129.8348479566,25020.0084567018,23097.0888680851,22249.8839268569,23236.6918664355,23871.8306054378,22408.4667487352,26347.4110392366,24079.4327591853,26707.7936878122,23868.1417065073,23752.0701169227,25050.059533604,22295.7912485535,24528.9870355711,24474.2110938441,23079.3318404739,26591.392794664,24324.1068063733,23937.2417865711,23228.3339377552,24085.6953346824,21928.6332519548,25056.0140840793,26804.0306113079,22291.1211291612,22646.0875967429,25659.7737587401,25813.9286277287,23817.8730022901,23407.9496676621,25087.8547785801,24163.1993959189,23781.8141170901,22286.4922720357,23949.7904757847,22916.0533298832,22697.1326070767,27108.8471820529,22193.4060784852,23138.1420016673,22400.7519821577,23352.9855106927,28067.7820063216,23395.464622394,22804.6439862904,25681.1977991802,23360.194073079,27778.6113227596,23331.9732153326,23741.41178775,24639.98683386,25810.4924097404,22629.4816089071,25165.0955931439,23638.6943805041,22532.1198938011,23985.961229413,21980.3039673968,24975.5882276964,23708.562551743,23278.1672341982,22014.3476935641,21554.5939289718,23530.5268132002,23000.38917905,23144.8883068458,24426.5138060436,22102.7334314634
ABM_BasicNeedAccessibilityEquity_DisAdvantageZone_1___Auto Accessibility Off Peak,33956.2920929891,31981.1994173023,38585.1081979289,37605.1630004359,37805.3016735109,35984.782603171,33261.2548680648,38083.5364831617,38089.8236018989,35925.4710860418,33241.9746940183,32034.5260845873,36473.4517528683,34483.0096528608,34309.8183732361,34704.0364115275,36016.4951864225,36365.6107114196,38332.3166554377,38759.5484781554,37063.1327775505,33990.7023724949,35359.3434378565,33366.651588524,38054.671677245,36331.7843164501,32176.8395002374,38613.4682778324,36803.3630568585,35104.3550451328,33850.8649575407,38273.1321204209,30812.7414542635,36553.2854885124,36047.7935380454,38015.6162808708,37391.1406750695,37303.2762598474,34311.5831527615,36319.4808169094,35075.3831795994,41846.3177779508,34763.0071454844,33988.4212640615,37864.5320674755,35694.9561659798,36892.34926627,36589.0959372313,35220.4463241541,35698.4664388317,34822.9331987766,34637.1395718718,37291.4574832968,34508.638937237,33269.5021290513,33561.1538976348,34738.8169675254,33555.7079563746,38715.5181172119,34531.0330666344,39253.172506268,34260.254049422,35431.6911007899,36981.2772788342,32939.2144881709,35104.5658985327,35447.7078013842,33783.3948638867,39168.714635717,35587.7703424492,35876.0709187421,34862.2432723205,35154.1203524516,31824.5240482084,35839.6149130563,39003.7084051624,32773.4435723714,33385.0852170823,37744.6658569573,37802.7074820243,34613.8257948722,35033.5172906239,36623.8265322824,34999.0527799684,34578.7732952294,33459.4683869069,36084.342784879,33972.1489020038,33645.3646829728,39711.542411977,31295.6543791497,34193.0292240958,33604.9946013402,34920.592336538,41196.4451623569,35212.1875121706,33656.4841930772,36507.5095830657,35179.2921112319,39665.382620655,33892.6167305114,35020.0548652654,36350.4273567154,37727.75827558,33150.123929234,36426.6650919494,33973.598426585,33972.2790317985,36038.2657255894,32179.1397401103,36554.6589062519,35643.9348587609,33711.734361651,32558.9489749925,32063.6611378249,34880.8790888507,33775.421713927,33884.4774565857,35300.0618937909,32219.2468164042
ABM_BasicNeedAccessibilityEquity_DisAdvantageZone_0___Auto Accessibility Peak,15450.6696203926,10043.1416242073,14924.563720899,17666.8949790635,18474.9337592686,17786.1539928765,12134.8726475098,18615.2017500924,16701.3780472884,17505.9003718073,15151.0198426351,14156.8891616701,12366.9880607312,13092.4224138784,12282.727750131,17556.8380064485,15875.3525065494,14819.0273755594,18476.0820070385,18750.2803674384,19680.6701539472,14535.9804039297,14880.7434994035,12749.2474450988,17765.4338228114,15568.9603138775,13047.7157363548,17377.6599735711,13594.9857780993,16964.7192957452,14074.1388848972,16930.4618217727,13230.3776938552,19986.5647537731,15800.6423639852,14691.0097113777,14128.687405133,22696.721515152,17137.8362954975,18342.0886734481,17880.7717899236,20404.3796791813,16898.492258137,12641.0316707204,15207.4993357687,15278.2064903768,14383.8424157333,17234.2511020893,13231.2121584302,17172.7166874257,17881.5380609877,13961.3688576911,14486.5030748171,14979.9828550587,13042.8910231197,17212.4376292626,16344.8046605906,12148.0234233952,17186.4560229043,17223.7951027023,18069.958471208,16893.0371007897,15574.8232125893,13225.3391962604,13124.872964425,18157.272042659,17310.6217064939,14995.2016641059,16916.5006705961,15931.6312791118,14368.7480607451,13627.2956649938,15459.0032045193,14140.0864920904,17565.5940269915,17520.4812358977,13624.1196987144,14729.063181117,14929.4889673222,15794.2468976719,15029.9111307768,13407.4176414843,16970.7328716609,17001.079816569,15576.841288704,13115.2087708175,13860.8722730409,13064.5087903333,13724.1409936438,18513.2298080228,15172.3564419842,13645.967292353,12399.3653152817,15159.5364853729,19762.9949842641,12305.2521496166,14080.0226581481,21146.9567931801,13544.308428147,19536.707282748,15763.8739035065,15418.3974878689,15358.1768433643,16765.2488788186,14127.6711961499,16976.5293567663,16243.9071595708,13268.7795531343,15128.5948382802,14418.1065733526,17130.7453059651,13493.7604455146,15544.2831807943,13661.8320787976,13409.3770181171,15552.4908108179,14664.9878321973,14570.7502573284,16068.6875679684,14834.6941948082
ABM_BasicNeedAccessibilityEquity_DisAdvantageZone_1___Auto Accessibility Peak,22155.9825213351,14292.7717791539,22020.3389018904,25496.4145616219,26513.76865165,25367.2408616159,18414.5707335276,26834.2472800498,24477.2210005179,25365.1171469859,21500.1152146872,20106.1991171368,18641.8957025686,19616.5970186684,17715.6643571291,25096.1194656893,22812.8705816308,21804.724422738,26709.9305081581,27036.9444543562,27786.0650111623,21279.5858766416,21968.8007013598,18952.4580547028,25462.5970233567,22957.5728999996,18632.6702215884,25509.9740338993,20386.9932606217,24288.6837224319,20907.3887889812,24612.1021100386,18869.6926428053,28045.4189878632,22916.0130736926,21659.1234398296,20920.0331096924,33165.3992672604,24392.8188049179,26303.3593817537,26155.3587668382,29380.9423628605,24313.4333643715,18669.9088847562,22030.1156936966,22551.8394628884,20861.9366557072,24908.0675208789,19709.432475544,24656.2266315544,25516.1952516481,20907.5056155237,21505.4401824912,22230.8187908492,19191.5790121003,24673.2071663207,23459.5617079163,18137.4574532445,25309.9771148441,24355.8166614429,26460.8215193331,24035.3101973991,23030.8923338208,19339.5867888255,19177.1702261339,25746.3205028429,24850.104452009,21782.54979753,24884.8252144775,23105.5547314687,21493.5135227765,20350.6225290511,22288.3514523561,20141.9743991178,24827.0916019598,25387.881846827,19668.4979988794,21507.7104516497,21994.1305382386,23044.0051235416,21672.9437774396,19807.0585195017,24559.9010105092,24548.8823916221,22411.7469619767,19399.2505073056,20797.159177417,19039.6657290983,20111.755809994,27022.3009124118,21318.2794397283,19921.9410982745,18444.5852339833,22533.0620347592,28794.1519981869,18500.5582161863,20517.812669963,29942.9601116215,20379.393402874,27901.1648344802,22664.2122075249,22482.0560477209,22600.5357740834,24430.5636495387,20624.8115769153,24378.014384493,23192.346612527,19957.9637360648,22522.5420325717,20844.4178835504,24903.5077246914,20116.1285517947,22221.5834073595,20006.9324757202,19712.9544932558,22885.0693885284,21370.7989639148,21091.6468471576,23002.2969083873,21412.293504575
ABM_BasicNeedAccessibilityEquity_DisAdvantageZone_0___Auto Accessibility Off Peak within 30 Minutes,121060.089681175,114575.773936471,135983.901903047,135255.443390495,136899.881347426,130238.727696541,114825.776968324,138846.843561732,135049.347252472,130610.848794514,119215.413137418,114477.610271644,125899.656967303,120224.782834255,124121.592524974,127576.666025007,128890.880403811,127896.098457355,138300.783891257,141198.102035398,136667.276180897,121276.444271729,124989.85933215,116302.188716186,138168.837166552,129661.502650943,113910.475972368,138336.405576574,128303.047727937,127715.601598034,119255.739002012,137070.153476879,109241.367397404,135408.508073498,128744.684829586,134626.260042026,131499.166498813,135351.551241387,124822.218027114,131541.000839802,123371.429805325,151715.81702649,125783.413219496,118833.826109888,134321.509400109,126369.929935819,129432.336486353,131200.394579046,123585.33125678,127958.094434324,127593.722341048,121316.223866998,131760.590654447,122785.214015733,116235.646539901,122114.751139657,123771.601567378,115171.201440929,138598.014585898,125488.359654654,141118.82529485,124618.010835178,126968.720517274,129460.733302367,115592.135607738,129845.209170421,129620.406697272,119337.009216965,139200.723530806,127005.944058893,125565.458625792,121801.115457543,125136.464003863,113289.687976775,131559.280873665,139902.530137067,115249.316679238,118241.101014369,132850.299817628,134143.465125466,123933.286127433,122468.077544692,132230.889957257,126207.238256785,123471.120868316,117288.01192897,126083.890478854,118930.883988292,117871.906492858,143292.99871302,112900.786978213,120477.610466144,117271.043588714,124532.269497206,149725.671555406,123195.309757075,119353.232772328,133697.816011659,123192.915978543,144088.651824067,122156.272257695,126173.917362623,129420.852356864,135502.844179281,117603.18857456,133332.915240349,124330.880308752,119556.278793558,126906.349054475,114218.374093471,133421.584128697,123934.012700686,120491.643204901,113434.396292336,112893.477175275,125422.375128891,120108.449366016,120241.347744777,127747.833580682,114478.591006195
ABM_BasicNeedAccessibilityEquity_DisAdvantageZone_1___Auto Accessibility Off Peak within 30 Minutes,143667.90128348,142328.117398468,164951.235995889,156129.268327962,157368.873712913,149495.505200539,146707.658830017,159666.554691353,160618.61793092,153899.105179243,143225.957205342,138823.404652483,157874.339736545,148479.455200295,151165.898387658,147247.208122564,151118.322473705,155101.504643599,161133.28727307,160688.80703966,151816.282515622,147771.034955283,152593.110402812,144414.232154469,158431.503507577,157634.111151122,140116.491438265,162115.364734716,158290.762813039,147817.310795224,147925.043543361,159904.384282928,133768.055066998,151857.617382612,153789.142686415,162368.946625974,159837.76839245,155830.999972415,145240.410392732,153473.269183814,148085.614953825,172125.426167126,147998.353769672,148166.481021479,159178.326170975,153403.421394937,156570.183133422,155037.673655796,153882.712009324,149630.939151866,147088.80176646,150231.651936842,159859.268919636,150949.036367373,144809.019625646,142827.645127701,146163.597926747,143829.342177946,163187.392000345,147422.002730793,166298.047247278,144650.98518577,154585.669865548,156772.978281606,141461.124180145,148435.377068927,151608.633590107,142464.217096075,165396.448040369,151563.891594152,155896.469594668,150630.046638818,148925.716460646,138011.488580403,149946.167120015,163190.298775105,140193.492601899,143771.812496595,159946.434703762,158692.793173401,146837.700211965,152004.256294392,156773.783218325,147341.655244184,146489.058104189,147478.74048804,157805.816003795,145101.379188795,143819.435804213,167958.318760373,131797.554214639,146786.869575477,146960.215160802,153102.898285437,174183.52852155,153301.474021892,145615.001149073,150435.677460115,152890.989695288,162480.028479458,144220.498436471,151492.899480798,156979.697977975,158945.444698307,141584.946488853,153624.775933676,144891.417417251,149540.904157488,157226.21520351,139291.25066285,157245.926961199,153992.904865043,144436.271940075,138405.260699322,140620.163982875,151868.722473477,146265.820710019,143000.881818455,148351.302268171,136390.99337915
ABM_BasicNeedAccessibilityEquity_DisAdvantageZone_0___Auto Accessibility Peak within 30 Minutes,80365.5221972805,48602.4620173876,76068.189435675,94354.0789367894,99914.2535166241,96055.8458265454,59710.7358298129,101456.720421882,87596.7098982311,95177.5539645962,77804.9370439002,72030.4887710742,60419.5919713972,65785.2554147349,62726.6955149011,95263.1080602316,83037.1285040282,75790.4932295976,99750.6417252084,102522.076234393,107309.65031868,75430.2230540459,76880.5128938189,63970.4905957323,95638.0320976314,81484.8931324982,65151.3112215501,93161.9299570685,68073.7007345976,91312.3203781997,71956.49905978,89049.1548486432,66295.3496944715,108600.606755475,82475.2249428338,74297.5524823977,70575.1633151172,122771.200709267,91861.205696535,98568.9419073326,94254.5201651223,111065.077813633,90131.802979217,62816.1485808469,77033.2063645586,79545.5346045059,72070.8882812527,91407.1546528154,66440.3807686555,91142.2926639746,96859.8814655085,71096.5931252421,73882.1483255396,78706.3305728863,65408.7509968516,92584.1675697672,85814.8603737386,59044.7866680133,92087.7464577975,91179.8955002207,97685.8133052638,90365.5571983446,82708.9133098002,64810.4801832385,66114.3766697217,98704.2343822818,93675.7255575337,77693.951533106,89006.3142253566,83076.7074522937,73235.7226279591,68974.3078921152,79921.3508284391,72002.4820031471,94779.0565327671,92974.1556138613,69216.236179403,76131.4932933811,75688.5300652208,81589.5511062494,77893.3626134001,67234.9367512103,90118.8093396526,91231.1632856169,81140.1395576637,65981.6456032988,69986.0521647527,65213.3928111402,69608.6678638144,100026.339777489,78786.991199794,68977.9442804372,62058.0237761065,79856.8261755477,108747.44518954,60402.5129356199,72015.6383874626,113346.122936956,68240.3655249665,106148.257658455,82968.4700773824,81507.3442121884,79973.083471654,88803.0197143313,72419.7498800139,91613.7397595803,86801.3951393579,67170.6778509923,78369.4049281119,73988.3288517012,92954.8908746227,67418.289016004,80507.9114607096,69248.7015197274,68235.6042093878,82488.1569409685,75729.8365497355,75034.513234093,84744.3159132429,77131.9232340068
ABM_BasicNeedAccessibilityEquity_DisAdvantageZone_1___Auto Accessibility Peak within 30 Minutes,103612.134343681,67960.292263367,103651.756816659,119934.729003551,124808.704319964,118800.956122413,85652.4463451656,127451.288899868,115204.583892156,121039.217740465,101146.589550792,94434.3640157364,86742.2524374927,91476.6689384587,85879.9419654582,119223.077459189,107112.364764728,101984.299833446,126290.066096758,128270.673738944,129930.93827706,100392.251659152,103493.111752195,88754.0820923065,120805.542220534,108886.098472299,87133.5135438048,120730.540769159,95201.6748035517,114938.770069365,97681.9715478442,116225.993233107,87697.6101518314,132235.902178463,108557.66414192,101838.24718859,98459.4940171306,148106.945699804,114938.556196263,123634.913175734,121333.78737612,138469.366954805,114900.828209738,86850.6377266518,103351.546369918,106437.065929907,97905.2600649204,117279.703375857,92027.0521051482,115818.882433153,120786.228267083,97631.4176356607,101112.366634387,105107.118375233,89677.9392994873,116125.54082589,110171.658431738,84683.055999628,120236.435355108,114897.329437623,126196.027633339,112935.86728404,109377.736397395,90743.7507693356,89224.3781038707,122839.306369763,118542.991209726,101634.426459731,117865.496786254,108869.654139647,100040.175663322,95285.5934704223,104492.497471372,94218.3735689773,117535.532886071,120010.150808095,91652.4064090081,101334.351109371,102774.835808228,108403.17600742,101664.351451497,92523.9170075168,116822.210800356,115254.028332861,104920.7838537,90532.5153187484,97160.8063017655,89387.7855030282,94280.8477682534,128588.627534773,99812.5216819376,93297.6058324569,85807.8925615709,106820.690062856,137276.348460263,86689.0111086072,96593.5229742845,136238.313841128,95184.9956967466,131176.023027498,106871.973707747,106829.612425623,106765.292518255,115806.975989134,96645.8620317671,116507.008977477,109923.985029065,93057.6417428217,105662.441892094,97939.1921274324,119602.07755571,94448.3746583164,104000.214601747,93012.2812515688,92159.0473923781,108596.425971944,100255.859521327,98496.8105547753,108505.856470602,99855.9493516659
ABM_BasicNeedAccessibilityEquity_DisAdvantageZone_0___Transit Accessibility Off Peak,533.56258558253,583.612538192479,800.674482974828,455.247305979157,927.00314263602,447.587626876257,285.53803334157,611.828090828074,424.411142685376,784.358020464228,418.139491931259,408.844687197537,346.854018896443,855.777761781392,863.659986121432,553.272501950408,321.776357379315,317.790254950178,292.152885965357,499.021096449645,976.467853400554,297.698859335633,328.478651880089,403.622647745276,322.369324201334,340.656358592537,338.432141683425,668.501392374171,833.679261251883,312.062372732242,329.708104282255,503.119799481113,276.438099792828,550.296962612094,892.796513901605,513.083016288845,398.019001102002,429.205764417832,546.180453953068,959.077498295944,360.233780190652,598.755321169399,637.951648422762,283.062086635925,584.464884847576,881.387578866281,903.686141530243,531.49637566989,279.289026224536,321.309448816535,868.090144985886,418.289817955178,577.207210794782,951.565600444953,426.45313446963,285.230710602297,1020.5620881747,398.072749832178,530.668500662125,622.498860640787,458.64287368456,312.837950604917,347.353493579232,405.912713386718,647.892964889761,265.994592340874,314.42847796135,272.775753969452,757.534900167842,304.92459748779,766.55418980237,396.691677816295,365.448996274565,393.209740069872,472.217333923483,427.639246876494,572.735641488461,275.049639937493,538.518068017655,414.230764197969,403.410490354384,393.309605200424,528.037662814102,832.485858365301,487.955885584605,345.985602664934,321.384242433355,605.800704018773,763.392639443513,325.382572279232,540.4681964957,284.471457870074,758.700750377786,654.635534318132,299.941417727948,285.958082223168,653.562735816768,319.407814118101,605.340269020992,587.883373290345,284.348473293617,336.549044534574,603.23902894616,357.630642231299,322.624169436096,495.057929581653,595.013720552903,367.934581829697,436.269783217155,321.165942714421,456.591274262312,521.723516499157,727.810779217954,292.924798451857,520.588635923256,344.326649619981,704.252163677656,572.516381684192,404.832865924834,699.900829463629
ABM_BasicNeedAccessibilityEquity_DisAdvantageZone_1___Transit Accessibility Off Peak,1224.47348037028,1436.6173622713,2074.54993201645,1022.36769865391,2371.76042657922,1000.77021616708,584.205568408964,1496.57818499789,943.268153741572,2018.14351539294,878.153433555475,857.596135717,741.374563275617,2236.24586565966,2301.79626512981,1296.13082350805,665.521312577502,648.974390104212,583.319922502452,1168.12353676387,2458.68935677345,607.43122626929,693.985468151956,915.938916201054,666.539084164213,738.167568955669,687.593188738225,1644.96006036834,2163.13996808909,636.540247898773,692.56397737993,1154.87617844869,498.99389250542,1254.42950810469,2312.63920035691,1213.4734506164,878.487962151527,996.558664407855,1257.4945626874,2457.43116514681,759.687529746939,1439.74589569356,1545.14268508008,555.86716801741,1373.39469499528,2312.9541470004,2293.89387622836,1249.66530011229,564.555015799066,659.010261898823,2200.21756148813,954.502660075788,1432.33700362172,2562.45891596904,974.418836335391,553.591767678862,2570.10395552157,854.961105753127,1273.8521926551,1440.88640197444,1079.1018785774,620.831242004682,763.371423135979,883.278864227261,1578.38795992136,493.552359999409,638.980942639219,526.079088462804,1932.0099462857,618.930755606682,1996.22035236247,902.084300077748,782.376000002321,811.613788111293,1056.83088628632,956.713781911181,1347.5517711908,536.205379453743,1255.0012743914,913.368206830697,874.515755281111,880.565058457349,1257.20297876811,2112.44903206199,1114.8394904617,746.725851388965,688.365918791196,1469.33934053589,1935.03235510849,686.49905531544,1209.10014199711,568.381004732709,1967.8783506494,1685.58112008899,622.605540470827,582.36005002895,1614.6268635987,641.130753736578,1526.07723486108,1388.51250073934,556.624769046077,725.822947818593,1486.89625409186,765.535870912975,664.606200794058,1161.3357681825,1404.58181556286,823.173201556546,1026.79766779758,644.699900772569,1067.77246892577,1257.99846129787,1751.56595266702,583.940070608292,1234.94261279865,749.55913886796,1744.40020244159,1352.76293535788,885.664057994711,1679.36968558344
ABM_BasicNeedAccessibilityEquity_DisAdvantageZone_0___Transit Accessibility Peak,533.249076524162,451.087123053972,676.947989054853,473.377047114576,881.742563315298,478.336078133212,286.032486911483,617.205635927199,434.725983042657,756.199705677061,427.70914133217,407.470915669739,330.543450037781,711.692756651885,651.677944239411,571.204955319498,333.027366276557,328.046496819631,320.282919584884,516.383196720789,961.635582449474,308.434782627234,341.047809454459,380.792649931677,341.011690338817,350.368255941912,334.261310970815,649.299481271689,690.675092735289,336.33277766287,341.698933419598,503.791423635028,289.187814549,592.399921420862,794.56396100771,481.301399074446,384.457307208936,513.6248962152,561.493489830771,924.449989907711,403.271286292852,620.348526985798,640.248783662168,285.807972805941,535.19206672098,781.645852722526,745.631269047133,545.12962613625,278.56351780156,348.500068997787,849.901895161086,417.158581477301,628.338234186623,831.209532453762,407.488375183486,315.326357978158,916.298897558504,375.081200198456,532.279507919113,631.393205457183,470.207330519499,346.626069747769,367.05189230431,377.846192657631,580.760269750757,294.603164689468,340.706125789985,292.409766260189,700.884871162189,322.53562534795,680.899688113054,382.088755297154,372.742135379812,404.216802746116,490.210580252528,435.327698713306,535.166651587877,291.11521950135,511.394015370328,408.445809272778,411.607448439564,379.447888588273,530.947028296863,799.850115727086,492.39520480921,345.598786770704,320.226295963682,534.159609396599,657.833104314614,354.527943415127,543.257478929801,286.128296311703,634.904978211679,614.90080014931,330.988987529792,280.399813206225,596.320579795899,381.512652078109,550.765203105014,611.394806097677,305.959420547083,349.296577059492,574.861139591714,376.841909831787,334.006434401189,508.398055949481,598.844293407907,365.870500153369,432.756503323719,337.3652096761,470.752320843413,474.253465779088,691.222667312092,302.919445297324,493.928459786538,359.548593468653,654.475836761243,541.334817964666,414.498550986007,666.904025216982
ABM_BasicNeedAccessibilityEquity_DisAdvantageZone_1___Transit Accessibility Peak,1224.23562151716,1039.52026332652,1708.52658877949,1072.7108198705,2235.68071928367,1086.42970775387,593.686139386439,1519.97181679444,983.05062474071,1932.57199795441,909.377076628773,857.80173604564,704.231334540425,1814.21911102496,1663.70530900539,1353.89047599951,697.666332306081,685.776184220431,671.469731868214,1212.72036880127,2403.69294678116,641.246168808277,735.161572987067,857.110080194068,722.757060225191,768.748068434448,678.440911271011,1599.14502434882,1750.80384257447,704.87457198384,733.574353975352,1153.88739817662,541.563919427788,1369.72542733399,2016.99804918698,1116.29785785021,842.752551477043,1239.24185065693,1296.91414984315,2354.1848366039,879.95640420965,1495.40749572208,1552.52500032884,571.49547843205,1234.51998681056,2010.64630037232,1832.53095108919,1290.23910424045,568.132783611957,740.806251542445,2145.77570841647,954.855246525283,1580.74615779187,2200.93282075427,922.739229504702,640.578845109656,2261.97377882038,799.659815155685,1276.79045906084,1470.91907754367,1112.0726194702,720.496909793754,824.49595865229,808.880758545947,1380.33379558337,575.804819408829,714.951871680176,587.126654195705,1769.48055242728,676.375121414099,1748.40695558427,864.404568759483,803.414624450204,847.497123255255,1104.81289936037,980.031464668883,1248.24422303787,588.076395591663,1175.70333490048,896.602663519917,904.354443466606,846.705293832484,1264.28931466879,2012.03742977164,1127.93138664815,749.803992515211,688.631345805562,1253.19338952907,1620.01370335305,777.199891569533,1206.07017389382,577.57584314961,1602.17003091706,1573.63215034542,719.096121599153,574.778003940695,1450.95829401586,820.017069463767,1365.44651082087,1453.13220634681,624.124827029054,762.055704179676,1412.77713480059,823.024124406851,705.277652687696,1193.1808718104,1422.66596324234,824.260784561808,1019.93232936852,695.443823653265,1109.59749828846,1121.14877424227,1653.13953294954,620.29238075482,1159.67790847102,794.704919234844,1602.37823866331,1265.23749198383,914.202780911613,1591.99398132939
ABM_BasicNeedAccessibilityEquity_DisAdvantageZone_0___Transit Accessibility Off Peak within 45 Minutes,9112.88501307854,9974.05933447064,13980.6091510368,7394.9681250056,16300.08815806,7355.58099225936,3477.64568847674,10705.8750158559,6592.06384550661,13670.5377047288,6479.95940454437,6301.31450415026,4730.38739733132,14838.5598952433,14774.2324209869,9482.41357414022,4422.23067216876,4184.75376717299,3657.18288898786,8140.28084276019,17265.071121154,3775.02761127195,4475.72186264925,6246.0393692194,4384.3257768345,4675.28616009458,4737.19898728825,11639.0513457518,14500.0947592846,4246.6322334079,4457.38069173304,8154.11326967709,3283.15570919167,9393.35351961055,15608.6933283019,8300.87725154007,5878.09416329559,6694.02152961974,9360.60956633865,16735.6049773733,5307.65292245378,10132.9749582767,11208.8195714762,3434.56402192417,9910.17194237974,15273.5770274139,15886.8838692552,8972.15097203741,3341.85982045332,4461.99840152886,15145.3535720206,6465.55983728942,9658.56681744509,16333.9878062443,6648.65188399532,3606.97087831328,18011.7424001518,5928.7665703749,8717.36266096098,10835.3521093916,7289.52514975452,4259.90074183921,4938.11957540303,5997.90011578089,11403.3460877795,3106.81169701566,4142.04562730647,3384.38323254404,13366.774719161,4027.2775494984,13351.3068121836,6025.45658058179,5437.71174293233,5942.48258176027,7805.09044496728,6671.92126369654,9871.73738553477,3354.40304078325,8808.36452973971,6204.56737313446,6336.26797084266,5990.84911635713,8837.93723446375,14690.8999872994,8129.41992887394,4858.87560360984,4169.5225329526,10396.6125606344,13418.7633126273,4296.07398083398,9526.37761401945,3553.22137895014,13219.9010591971,11305.7434809723,3703.97011564269,3497.72851985636,11480.0611795677,4457.41401604054,10370.496537534,10074.2696061323,3628.08087789287,4666.4659084235,10431.8625140461,5117.57013342896,4475.19431095461,8219.31844146889,10272.5645219635,5381.38622095614,6787.89202854629,4359.74311084998,7223.47144465812,8547.21953323538,12955.4788610002,3862.96317350657,8625.614876389,4790.1812782842,12331.7158535099,9966.48983058783,6443.29600448642,12538.4502811613
ABM_BasicNeedAccessibilityEquity_DisAdvantageZone_1___Transit Accessibility Off Peak within 45 Minutes,25036.7749290934,28533.0155150983,40473.3868220034,20992.6788193764,45887.5800514546,20517.615347286,10044.4254661197,30211.3511879317,19082.9444739728,39482.3599511106,17972.9030446049,17364.3199160195,13779.4434683863,43013.5416096557,43711.8821242627,26181.1959941133,12289.9358507059,11655.5587045927,10212.1900334423,23622.2173613587,47023.2114243261,10941.4312325763,12967.8272094488,18285.2854601145,12242.0873439238,13929.7950725899,13124.5662238291,32952.6787932733,41882.70428283,11791.0068614966,13139.5817598872,23683.5177182658,8700.02865109441,25497.8229857794,44594.3560135471,24273.315618828,17216.1605619023,20069.115173002,25497.991466725,46757.6695145604,14934.567217289,29249.399705739,30847.1771290616,9537.45296641125,27758.2349628805,44287.4877274882,44223.2153287666,25568.3069718842,9816.6175300076,12284.941285846,42482.4521593679,19168.0605521313,28653.9385494493,47724.6865415307,19588.9286046976,9901.07398219183,48888.1844516176,16839.4505558747,25490.8871355629,28647.4846089093,21749.3532898465,11613.2571736549,14593.8774493901,17400.1164448123,31260.4027400022,8538.61814575388,11743.8852510033,9077.58198422724,38336.9298200106,11174.2856276897,38860.234558887,17955.7244204895,15271.3277023563,16374.7165345357,21494.6291126852,19299.7478728174,27340.7634364039,9312.01785571963,25312.2198720205,18121.052479804,17689.6913920824,17604.8230645257,25409.5885348977,41114.8179460848,22791.7198118646,14343.9158151016,12422.4637124456,29287.1698096639,37602.1510438614,12409.9386456978,24726.0473977088,10132.3237223117,38242.5591460622,33286.7126198098,10811.7103968576,10118.6522754575,32177.8011145819,12124.2025141727,30513.0806377832,28285.709021191,9894.32492268538,13751.0937707175,29530.9713242045,14609.6378892989,12624.3343014445,23539.730401505,28018.2213427053,16192.8761632774,20402.3196379975,12211.9099807351,21307.1613649985,25173.4171376196,34908.1446376683,10507.6971177598,24687.5646116986,14426.5117013182,34452.0716441589,27428.7646246999,17952.3501076042,33638.9183537275
ABM_BasicNeedAccessibilityEquity_DisAdvantageZone_0___Transit Accessibility Peak within 45 Minutes,8946.84810369875,6553.5337318899,10972.2974264342,7630.7060680038,14331.8861281043,7930.95956452682,3633.76679462288,10390.5682948312,6629.9931280801,12216.1003939708,6569.7550171352,6071.48232508973,4461.97697297907,11403.4152666023,10166.5312510487,9558.27469735965,4684.74327628155,4464.40578556141,4356.80785440412,8478.81555416425,15759.3963544539,4030.73857769423,4653.39790251652,5528.04827155339,4777.55060794961,4758.62933729558,4492.30226520035,10768.2022937626,11184.935140569,4714.58212492728,4585.19609067957,8108.47372236045,3676.41674354016,10152.6407960294,12836.297953769,7444.71140520773,5452.3710183344,8686.28022642849,9395.34870331862,14842.4405941634,6211.70456053529,10436.683542459,10774.1900821044,3642.77936287517,8558.9864750164,12458.1586558259,12262.6509414205,9133.20117173224,3518.95751180305,5003.85919572965,13758.7966795772,6344.34098669245,10175.1698606477,12923.6175422154,6102.31203836248,4326.41323293817,14928.0213964943,5326.41452740098,8651.23557205454,10680.1852824585,7464.37341681898,4951.08983621154,5198.81625195412,5277.27355122423,9425.15639921682,3795.99188782445,4699.31363575187,3976.4300924926,11554.8250944715,4410.81222152697,10987.7061810363,5515.85190293466,5419.38772085111,6027.23756977154,8140.42743464114,6679.22671027218,8731.29134679859,3801.97885086018,8055.14771143338,5911.95987973123,6407.5269468474,5425.84643835386,8750.14875906837,13095.1911510619,8090.17445818575,4669.51226486827,4234.7534396548,8499.22305676342,10714.7577430058,4892.1366014926,9192.86564017406,3781.44720195789,10157.7869765517,9901.95930963975,4414.30289123701,3568.73270637777,9725.00342087482,5958.13899461444,8786.43765300312,10351.3084531599,4152.43541425888,4901.55467063527,9374.81808174012,5357.99813937088,4638.69849688294,8316.32741487227,9912.60304269773,5151.67890253347,6632.02023008438,4601.19943414499,7480.49271009263,7321.91602499456,11527.6479970667,4186.94081397956,7775.47103575928,5084.63617993087,10607.1743386788,8983.73504703392,6515.12659650144,11259.0344133619
ABM_BasicNeedAccessibilityEquity_DisAdvantageZone_1___Transit Accessibility Peak within 45 Minutes,23642.5466319969,18604.4833779132,30934.5083743929,20966.3415649395,40118.4588896616,21581.1277449889,10688.89698295,29089.0067156315,19009.7635995518,35274.157117688,17609.5055551796,16461.5336505615,13157.6640512491,32608.5732570048,29100.0209344993,26132.4119090104,13332.6317234963,12830.3487481029,12583.7029179674,23817.7491492424,42546.7363067997,12024.8823417642,13902.8687045335,16279.9950870705,13837.8143759277,14502.3889984555,12877.7647223719,30198.5252614955,31638.9941498066,13534.1277101811,13856.4607807764,22309.9386229344,9989.20515361618,26868.4551202851,36197.8890557749,21020.9204387348,15885.5144737481,25021.2213232598,25241.8399746958,41379.2304853719,17285.1684109125,29037.929010706,29289.8177182984,10447.3049335058,23459.9705687286,35548.6570559032,33120.4826196034,25033.8722623563,10450.2070103305,14213.4147470325,38406.5170926599,18116.4646204066,29096.1341755446,38025.2501989836,17385.9807066099,12215.1006267444,39808.6700035537,15073.5651927233,24532.0134017789,28021.2312122948,21665.859249361,13845.3656523876,15479.1362158877,15346.4792584264,25553.2285929611,10730.944133143,13669.4821526909,11064.6589406179,32890.8327777486,12788.5826112297,31820.6878877437,16486.1663158883,15517.9110986331,16191.8880760234,21814.4853128442,19082.6099342895,23755.4657646187,10904.7042861621,22405.8192992032,17295.6044384625,17475.1768491589,15976.6343188854,24429.2478852555,36531.1690964465,21976.4353719686,13935.1103734941,12786.0901199926,23159.8877850016,29511.7948789643,14642.650782267,23607.8063533804,10846.8521074146,28828.7888971737,29248.737925595,13450.0392372505,10557.8759817786,27150.6601930805,16123.6367214517,25471.3677801159,28205.3510142165,11757.6114819868,14445.9933608499,26471.6982592079,15818.9310202191,13502.9403091782,23125.5129045762,26909.6647868948,15396.8104353639,19466.7496350329,13332.0122092358,21448.4148013356,21023.6442392303,30809.9702814531,11705.0936263224,21928.3354449658,15118.2807770393,29404.2185926652,24281.5331869832,17820.0200542761,29884.3106207198
ABM_BasicNeedAccessibilityEquity_DisAdvantageZone_0___Transit Accessibility Off Peak within 60 Minutes,19595.9560167203,20033.53926472,26500.9863159571,17036.0504524384,29090.1826181861,17073.2594786319,9404.86713240006,21580.4511234344,15612.1892749235,25162.8251640922,15380.0805230289,14793.3371604102,12326.8039673684,26859.0092352049,26338.7628513957,19609.1386588405,11802.7745743646,11255.5674455425,10274.5728130321,18280.1321424642,29865.3500497153,10153.6185101093,11551.2282576822,14624.403294818,11713.8240875066,11983.9269562884,12095.8233729481,22733.1663946544,27078.0762446334,11277.1692633072,11505.6746035681,18392.1338818393,9360.7747740915,19883.2861872607,28019.2715007227,18401.7336659129,14365.2471767461,15536.2737700648,19728.2042621918,28813.5585973533,13348.7727651859,21380.3266626778,22098.7307086206,9551.35904303062,21069.7059035477,27379.7159608982,29369.6546615858,19367.9359707049,9153.20101316447,11877.4928219565,26793.8121563081,15073.3191397217,20231.8989135568,27643.4405078102,15482.609474703,9948.37913344213,30795.3284029316,14375.3483021482,18814.1909653778,21765.3774896951,16512.0097071156,11291.0036466734,12172.215654851,14767.5837004445,22248.1693092723,8718.65803815185,10912.3768622114,9471.35741326919,25316.7486407055,10912.3183475093,25220.5596248554,14249.4380870597,13668.2150307102,14173.5574775487,17817.3822301137,15764.3712873784,20607.1168141739,9421.90162258803,19276.8593718449,15032.5515878875,15116.5792358545,14185.74827839,19023.9282830026,26696.3335177265,18128.3521173853,12085.3768015712,11066.4765517321,21371.9309941192,25310.376752191,11388.6463655743,20117.9975588474,9859.939156339,24719.6766723485,22010.6543242664,10093.2325149283,9465.27005480209,22389.5911636437,11784.7659299395,20941.7798598711,21070.7631328317,10138.1508511475,11793.2952132978,20987.2842862144,12914.5829553702,11693.6529585476,17947.7602605341,20606.2328030654,12953.6172780144,15491.8079491539,11325.6894817652,16323.4063610608,18590.4208718954,24764.284871375,10694.117528187,18231.4260691051,11979.6617990329,23586.6087249349,20744.7691005196,15367.9471229141,24079.147383992
ABM_BasicNeedAccessibilityEquity_DisAdvantageZone_1___Transit Accessibility Off Peak within 60 Minutes,53024.0432849723,56983.3635466582,73362.4920013104,47046.4267445449,76660.552639312,45967.3312655831,27245.7197747884,60759.8579088146,44085.2834903277,67996.8825971596,40877.7175171604,39773.4859556059,35262.0171996892,73106.7361653789,71923.6406365293,54058.2634193684,32521.3196396914,31213.0755565715,28624.6348394331,51814.3911368739,76453.4698908325,29098.111181297,32613.4402821476,42113.3701559107,32548.7978838382,34917.5931384199,32996.0472067343,64829.001677884,74494.7499586292,31028.1978369415,32906.9897625761,51849.6964128758,24457.7194347681,53614.9035559391,74915.7488864958,52900.417346578,40589.4225131295,45011.1430567941,53422.5499644678,75979.3489397565,36086.1975514188,61020.5557338489,60114.2062754747,26568.5502958817,58956.9006040396,74238.834143473,77820.9154813162,54485.3865734448,26900.3762532782,32521.0380338571,70246.0983155939,43029.7587206966,58711.048862572,75660.9988907791,43711.5045337511,27221.9246480704,78486.8624753528,39523.7023414453,54626.5570569189,57880.378275301,48520.6223883447,30080.7436722094,35029.7453377238,41593.4777936778,61093.8302683797,24058.7810510742,30612.838783785,25737.5692426799,71448.6746183831,30203.9236911099,69925.6516203523,41575.6007124532,37709.1903536165,37566.5302040633,48056.8450365568,44721.1221373921,56372.3274530903,26140.9915921546,54718.9234736794,42862.1223698497,40739.3251033302,40315.1759884182,54004.4038041445,70400.2596873268,50029.3088246965,34479.5481907991,32334.4759550048,59199.3472314176,67921.7421588912,32506.0550055584,50171.1887358662,27648.7723213859,67927.9800331792,62434.1466376582,29501.1517037809,27729.0564321686,61878.8709279713,31242.6251457781,60787.6038401995,58809.4396592556,27508.8748533086,34375.4755640228,59953.3954693389,36096.1174519806,32297.1205085734,50577.7745180464,56391.1995274078,37573.419742615,45993.1985987859,31164.3774940188,47285.9500406352,54067.0719882494,64719.4699083479,28906.9959109627,51877.2804142107,35192.2149783535,63676.7086553462,56873.8411627413,41866.9448573112,62747.9741145183
ABM_BasicNeedAccessibilityEquity_DisAdvantageZone_0___Transit Accessibility Peak within 60 Minutes,18116.9222302225,13518.2108980305,20770.2555655073,16614.4631472451,26285.1061526406,17010.9920076185,8836.5989260387,20390.6440861103,15026.4924565467,22847.9921060552,14647.3276619636,13730.832426822,10685.1598551692,21365.5989564292,19330.0312021223,18874.0668248826,11810.4873621271,11115.4475863318,11203.1558614158,17717.9761574736,27839.6801735503,10266.1898564899,11512.9934086489,12794.4538421894,12092.3880753761,11843.9352827514,11143.9584238588,20540.5450799913,21189.7224823566,12002.1962721599,11372.2684735506,17213.1356194746,9452.4550778727,19945.4688949429,23926.0126739374,15721.9194473401,12834.0554553329,17731.6548066221,18871.4959414119,26537.908073399,14573.2649804008,20629.6257642038,20470.671801965,9059.94720908226,17842.780960018,23052.7382602739,23168.0275030177,18482.5859734939,8676.14787069159,12790.8860661198,24799.2302674753,13778.7393852366,19420.443607417,23955.5458257597,13457.3955872403,11075.8087945642,27000.496817748,12394.7066919109,17421.0918650892,20415.0126590454,15976.3753422303,12360.7645890443,12115.8181868149,12594.6796731779,18292.7559663087,9970.02540181624,11689.4231602385,10172.5100694011,22130.3853915063,11291.6782996308,20964.1031983705,12848.2355780118,13328.8650587202,13544.8464867261,17245.5612626433,15214.0844621021,17697.8813416431,9750.27633489207,16780.0818130529,13997.7468408074,14311.0699478282,12669.945245396,17756.2153213157,24123.8612560469,17007.5304630054,11266.1041204945,10422.2715675907,17059.2259335401,20338.9454228659,12238.9593478583,18655.9505446228,9458.32603128968,19393.61847763,19349.0949613978,11200.2389313258,8680.42709685667,19132.149279845,14342.516650525,17422.9436256795,20361.7725995141,10716.2031613335,11753.4819606335,18326.6424345535,13123.0842697144,11614.5050131045,16966.2735073555,19053.0804462952,11953.8619998263,14468.9617905542,11517.8283235411,15688.1304629468,15537.8462520494,21741.3492232897,10557.7658477737,15885.6327401076,12014.3106399359,20093.7610636576,18252.5197239862,14778.2587386871,21301.8196090236
ABM_BasicNeedAccessibilityEquity_DisAdvantageZone_1___Transit Accessibility Peak within 60 Minutes,46923.4135915535,38563.7572419569,57309.1623163643,45349.0591043581,69411.9293787659,44697.6165799325,25861.0480658806,56526.1784635554,42099.7303670409,62312.9958295199,38503.7152537172,36189.4708657499,30633.7318089728,58763.8742406821,53911.9908803955,51237.0220497864,31891.6009691105,30629.5284849736,31507.5927984777,48946.1342677915,71099.4473729993,28840.0677536546,32250.3415965206,36248.9301393204,33329.5736615454,33939.1155371854,30009.1143185705,56956.2153182418,58616.2777496992,32489.347037778,32317.2347908568,47244.4974416082,25091.404474396,52856.1723927951,64213.5919318093,43781.4624943424,35680.2880576774,50165.4494229646,50140.6483716809,69169.0073709238,39351.6989781909,57691.8619209866,54735.4707611875,25461.0399087011,48936.9382434679,62302.7030823074,61685.9832305643,50537.1384981652,25302.1457510402,34146.655720337,65057.1208688391,38880.1412415596,53941.7798483218,65547.0957497624,37170.7956800974,29986.5091034318,68609.5547010091,33359.0059308387,49043.0813042392,53024.5101889884,45842.4591014667,32786.3540531127,35257.7070073531,34726.4846839247,48408.4363384861,27452.1176439651,32519.079748124,27371.1374911663,61869.8187969586,31063.0947860442,58624.0215199309,36901.5596007404,35830.82146686,35379.4495985394,45326.5704237197,42395.7422292921,46962.6282512236,27278.5778677727,45942.501754932,39065.8995100382,38214.1009798223,35280.6675442375,49482.32265885,63731.5351027973,45303.5335548925,31812.9259037268,30272.1764837477,45316.7642910309,54132.5646906301,34828.2241122793,45861.1812170589,26392.1351444436,53715.3126741135,55004.6586345586,32884.7971532058,25298.3292915287,52000.4202386973,37672.9929170756,49955.6255744651,55145.2921997672,29062.3282656937,33645.5540169383,50903.4919324019,36071.0075230246,31701.1875027866,46439.3159264687,51048.3667480077,34395.8916520324,41983.6318500806,31214.4551076991,44597.2658647704,44397.4818589078,56639.1129821622,28764.9716550403,44138.4250418107,34841.426305071,53955.2371213999,48566.3031136655,39659.5494207242,55267.8997083104
ABM_BasicNeedAccessibilityEquity_DisAdvantageZone_0___Transit Accessibility Off Peak within 90 Minutes,36206.9679745913,34997.54154413,43297.6988413421,34389.4475497528,47150.0914870747,33917.2272676301,23446.1854712112,37568.9660701454,32606.7484318296,41389.6941092866,31385.9200343112,30420.6662001841,28504.6621728008,43645.7302012611,43171.3394978818,34700.9403957773,28237.1658852012,26827.8256333123,25701.8448896653,35091.3133934614,48737.0763159557,24940.2252537086,27078.0820338833,30574.7341775337,28052.1213506323,27542.5959640499,27762.8395298611,39173.8577345393,43996.6178771753,27156.789353013,26546.6664937895,36114.7422538353,23522.3199979501,35740.1574379405,45795.0288468291,35696.922031439,31137.5622011841,30385.662316796,35419.514437061,47117.8983326849,29380.5071696244,39210.9343668248,37713.6887101494,23914.9915185566,39203.87256463,44424.8193109744,48004.9198176488,35953.7227262554,23863.5951695838,28436.609504855,43781.210110658,30744.6401388447,36260.7587095825,45175.3305622446,31181.6381631637,24732.6188700071,50160.2255013201,30891.5322486488,35550.4726893977,37859.2241903859,33078.5566743065,26680.4582302519,26775.0960851436,32117.4129034265,38099.995026389,22596.239568489,26081.3069717327,24299.8122194483,42321.8944155682,26511.3355558311,41210.0865502073,30218.0946014057,30643.7522045388,29372.5755509909,34379.9647258244,33195.9777128911,36537.8530794522,23760.9391353276,37058.6963723793,32267.7590231142,31308.8712108816,30087.6091566565,35096.4736106568,43548.6795462703,34762.5859659921,26995.1507674542,26818.0304979859,37482.8608084841,41484.4561637477,27066.3943797355,36053.1341649962,25212.0090216953,40835.8462858291,36708.9275351978,25067.3980084074,24183.9565877747,38037.3244385788,27791.540789948,36384.8555801429,38384.843275819,25080.7979840517,26759.733382997,36453.7938816436,29199.0776036179,27466.088396564,33722.3383218308,35666.4711729135,27859.0851012456,31533.6682173901,26660.7921910757,31392.6351601366,35214.7420480567,41084.9457463285,26091.8225823587,32999.6430294069,26864.0879419451,39077.7585803247,37250.3695613951,32130.165800765,39949.0082060025
ABM_BasicNeedAccessibilityEquity_DisAdvantageZone_1___Transit Accessibility Off Peak within 90 Minutes,91897.5439306237,92692.5851605817,110156.867982315,89765.1549015098,108302.133379556,87171.7001953251,66761.644000069,98236.9712036148,87773.5018108679,100436.631938633,80770.9147614896,78067.6215130355,80124.9925055554,105618.539071084,102798.787176856,89639.8760446944,75361.3184404345,74213.7168708371,70883.0645547246,92376.0666204782,105593.831609892,68863.9348231747,74557.1369219635,82745.1971775025,75668.4312844152,76643.4055166514,73030.4609499698,102265.267340972,110167.645444407,71651.4422979885,73554.8623836451,94553.6575964638,61927.5245984933,90533.6165520752,106892.98378855,95718.1527784524,85070.1553591137,82974.9272930357,90102.8121862229,105751.882254705,78192.1173514174,102736.198517705,95114.7930072938,66739.8366529741,100930.292583967,105611.528186905,114357.448591081,93667.0008716866,67908.3948738628,75500.5067808676,99409.3433391455,84533.7935276939,97764.4138504813,104591.350257414,84308.0052874071,65627.54476696,107773.364668481,82833.2199420237,95301.4678006645,93840.4272067878,90285.611552435,70045.4231820774,74948.0115179851,87142.6715717742,96360.090742363,61413.6703995981,70323.4655407129,65316.3075229106,108720.498744826,72837.346895553,105035.182630415,82671.4236075005,80425.9654860293,76676.103953203,87473.9455800661,88423.722127508,93120.9678650066,65936.8018597404,98089.2369933147,86446.5959506719,82454.7756393071,82547.8215663131,93110.6798316868,101509.486808425,89388.9460739362,74836.2427951281,75567.6763146463,96739.5756664986,101669.637350492,75814.9150764395,86061.5025788158,68892.0801173431,101552.337332925,97134.3373292798,72434.6268090816,69421.3722366474,97261.858850652,72728.7427596817,98260.6429970504,98865.261937199,67676.8161794677,74118.731465915,97032.9406019551,79317.8528020988,72981.4607682678,88899.2262003669,90544.837191745,77868.8658999167,87202.446940254,71130.709994486,85714.0372898084,94934.5988238363,99175.5652956048,69986.3180645765,88150.4621519899,74624.2916680118,97542.4647263491,94558.4920653841,82827.4349452451,95814.2071993075
ABM_BasicNeedAccessibilityEquity_DisAdvantageZone_0___Transit Accessibility Peak within 90 Minutes,35189.8940883596,29480.50098927,38979.11478721,34669.1878511171,45919.7114716831,34359.9206717646,21844.7321133286,37825.5393077418,32262.8722176261,40582.9558078614,30876.9673011021,29347.7489196334,25704.7168969957,39116.7897880805,36820.7732770887,35112.1386614783,27523.4746514517,26060.0625920956,26480.7990259993,35430.1541644038,48732.3583993017,24166.545424952,26200.1940676024,28315.9147687079,28043.3831047609,26965.1404007456,25853.8674366261,38246.2392132785,39444.092542101,27415.1718628582,25931.1226728201,35497.8682360275,23177.8357461328,36766.1201894362,43023.2732060984,32879.8191712762,28489.3986783339,32878.4160198613,35555.3737663564,46317.2228286606,30535.6563473082,39715.1191916981,37257.4990246919,22417.817206612,36956.277946191,40874.8371811835,43548.5864902105,35746.9011419539,22340.542089405,29060.7097708973,43250.0642948992,29415.4012473393,36599.0079832986,42338.7797727915,28831.685008057,25624.1179011811,47958.0489189622,27572.1975898148,34845.2982572637,37528.0158574725,33033.3683308108,27523.6718629468,26639.9811952595,29078.8364990484,34897.5154797794,23848.7362843786,26518.2385243954,24627.1170122605,40836.9467103608,26559.3878931365,38237.5884313901,28429.0414130073,29801.3849245719,28558.4243842115,34546.2013120859,32811.9657928567,34573.7568116227,23889.6163989662,34505.397757905,31022.1257469161,30452.7668435958,27572.2212860139,34731.84526974,42484.3839941019,34080.6453901073,25179.4690728501,25165.3294706361,33969.5766937434,37725.3131781254,27848.6160858871,35743.2431156571,23939.629736257,36121.9389369112,35334.5210366368,26268.9557330125,22254.8487642463,36044.3231219254,30632.3249742981,34303.6033246892,38622.6012422486,25455.4610351597,26435.2974378626,34685.1402031462,28992.2902067264,26622.9491752186,33437.088244335,35118.6483874168,26318.6695479072,30719.7475261216,26415.6416137605,31480.4014532896,32795.685723557,39426.0191498464,25550.8429656725,31601.031930872,26768.2448536587,36545.214681622,35788.0930991811,31682.1368905793,38569.1614736979
ABM_BasicNeedAccessibilityEquity_DisAdvantageZone_1___Transit Accessibility Peak within 90 Minutes,86165.7360410113,77517.2832097259,98817.2000290341,87921.9879046045,107126.171742931,85431.6161676737,60469.9011886686,96970.8951278111,84360.3390681444,99544.5695505239,77191.6152191809,73753.7963779815,70880.0859419396,97716.9863929099,92928.7652221497,89038.1504875367,72131.4526378031,69203.4690085643,71401.5460580964,91312.7738072459,106652.284792968,65904.0165569942,69978.9138751023,75513.2868721879,74054.7758815628,73433.1795588972,66878.1991150917,97704.4648549211,100256.771105105,70761.8907708884,69716.2069130193,90700.4765653128,59148.7784621981,91746.4843400155,103574.945345631,85119.4274216419,75442.1592373247,88668.1743606099,88753.6872220901,105350.910380207,78699.4042455873,102175.76113502,92610.5609235944,60277.3560148678,93318.6507179492,99707.3965815366,106002.869684005,91231.3025484624,63192.622491876,74348.0945083578,99458.3764285112,77240.3179256214,94013.4018936349,101574.818887002,74406.7202696704,66496.415115433,105775.048829159,71504.1983166121,90717.8494851492,91253.6721597189,88375.2096018691,69557.2023078477,72282.0036675841,77433.1948434768,86352.7719379232,63162.1667740186,70194.9592354925,63500.3098702668,104426.810542792,70723.651063799,98061.0677300141,76964.4196030837,76340.1664518016,71164.5636049629,86084.6186668302,85520.9353753054,85822.6731754526,64130.8289340102,87628.8550168364,81538.6548783329,76448.5940256132,73278.5175482014,90591.0903159327,100102.926892474,85069.4198656449,67634.7886109356,70234.1707354785,84329.039087333,92018.48330323,75052.0034771378,83130.4959077247,64433.3614239793,91944.6356081988,93196.9104735258,73560.3470698067,63134.4477943427,91774.0847120411,77682.5649584473,91298.9448921964,96958.7813831693,66578.3152676348,71325.8530849023,90581.8646367313,76113.33717906,69035.879739264,85726.3033166614,87816.7861686168,71035.7017961751,83137.3825404688,68166.6416904021,84249.2004201137,86817.6948069481,94644.2211443403,66411.4882882162,82609.0746715626,72610.7562960922,90833.1459774199,88814.1388724897,80003.446063101,91875.3272155148
ABM_Disadvantage Zone Work to Home Commute Time_Mode_Taxi_Disadvantage Zone_0_CommuteTime,,2.07,5.45285714285714,4.564,3.875,5.09666666666667,3.215,3.4,3.43,3.42333333333333,2.64333333333333,4.69,2.968,3.39,5.39090909090909,4.11571428571429,3.492,5.06857142857143,3.99,4.278,2.9,1.7875,2.0775,3.3725,3.73,3.20666666666667,4.34666666666667,3.49,4.585,6.70777777777778,5.08,7.26,2.49,1.565,3.55833333333333,11.68,2.91428571428571,5.02666666666667,3.3325,1.475,4.86,4.39333333333333,,3.445,4.13333333333333,2.465,6.62545454545455,5.17333333333333,5.79888888888889,3.04,3.5,5.40444444444444,2.512,3.90666666666667,2.2,4.93,3.60666666666667,3.545,7.75411764705882,2.87857142857143,9.8225,2.21,3.76666666666667,3.21285714285714,4.24,4.80538461538462,1.92,3.17888888888889,3.4175,3.47,1.18,5.444,2.026,4.25625,6.2875,4.868,2.65,6.26,4.585,3.86777777777778,3.90333333333333,3.76909090909091,4.10333333333333,3.37666666666667,4.90142857142857,3.77666666666667,4.24714285714286,2.50857142857143,5.105,2.4,5.31666666666667,2.99333333333333,2.555,3.59,7.08666666666667,6.08142857142857,2.52666666666667,2.54875,11.2716666666667,6.515,4.955,3.9475,3.4,5.36,6.29,,7.1625,3.448,4.1025,3.24,10.825,3.466,2.70666666666667,3.80285714285714,2.57,3.96428571428571,2.7225,3.216,3.378,6.48666666666667
ABM_Average Commute Time by Mode by Income Quartile_Mode_Taxi_Income Quartile_Q3_Commute Time,,3.78769230769231,5.53090909090909,4.98368421052632,3.58818181818182,4.60809523809524,1.7575,4.18,3.13,5.722,2.342,3.88272727272727,4.51,4.73222222222222,5.47407407407407,3.75222222222222,3.19,4.33875,4.035,4.19384615384615,2.075,6.44,4.40761904761905,3.75285714285714,3.32533333333333,3.475,4.28307692307692,3.97444444444444,3.389,4.16916666666667,3.929,5.43142857142857,3.37714285714286,1.52,5.716,5.75428571428571,4.375,2.51,4.06352941176471,4.21,4.16333333333333,3.02,2.64,,4.50703703703704,3.59888888888889,6.95333333333333,3.86,5.59857142857143,2.45,3.32272727272727,6.01481481481482,3.97363636363636,3.25111111111111,4.69111111111111,2.8175,5.91,6.06,6.28225806451613,4.11909090909091,4.29294117647059,3.18,2.85875,3.79833333333333,2.184,6.3736,2.96,2.61375,2.92833333333333,5.32571428571429,2.60625,6.11133333333333,5.33933333333333,3.54238095238095,5.565,3.9675,6.25,5.459375,3.72083333333333,4.97428571428571,3.1625,3.96130434782609,4.18181818181818,3.92705882352941,5.746875,2.96,3.98,3.1825,4.53545454545455,3.84888888888889,5.972,3.715,2.3975,3.880625,5.398,5.61789473684211,3.79666666666667,3.79136363636364,3.26333333333333,5.07111111111111,4.24818181818182,5.1,4.24,4.624375,5.02272727272727,3.68428571428571,4.30809523809524,2.713,3.2905,3.51333333333333,4.924,3.86571428571429,2.67333333333333,4.20153846153846,,4.11,2.665,4.255,4.035,6.24357142857143
ABM_Average Commute Distance by Mode by Income Quartile_Mode_Taxi_Income Quartile_Q3_Commute Distance,,0.996923076923077,1.81818181818182,1.63157894736842,1.19454545454545,1.56142857142857,0.495,1.2384,1.33666666666667,1.9375,0.662,1.32,1.59333333333333,1.5,1.70518518518519,1.05555555555556,1.0147619047619,1.14625,1.26416666666667,1.17153846153846,0.67,2.19,1.39619047619048,1.11142857142857,1.12066666666667,1.25,1.53076923076923,1.11555555555556,1.0095,1.28666666666667,1.16,1.84285714285714,1.00714285714286,0.6,1.9552,1.67428571428571,1.40772727272727,0.63,1.36705882352941,1.26333333333333,1.25266666666667,0.885,0.825,,1.35518518518519,1.15444444444444,2.59,1.20076923076923,1.85571428571429,0.61,1.05363636363636,2.00407407407407,1.39545454545455,0.983333333333333,1.44555555555556,0.76,1.82,1.81142857142857,2.27870967741935,1.23181818181818,1.34647058823529,1.0,0.92625,1.16333333333333,0.566,2.3168,1.01,0.7775,0.91,1.72,1.03125,1.89933333333333,1.81,1.28857142857143,1.719,1.244375,2.35,1.979375,1.25333333333333,1.61035714285714,0.940833333333333,1.22304347826087,1.21909090909091,1.18882352941176,1.9425,0.85375,1.302,0.94,1.52,1.28666666666667,2.07,1.11,0.63,1.055,1.7252,1.78684210526316,1.22333333333333,1.29363636363636,0.89,1.58666666666667,1.32727272727273,1.53357142857143,1.352,1.5625,1.68909090909091,1.01714285714286,1.40952380952381,0.559,1.042,1.35166666666667,1.5735,1.22357142857143,0.768888888888889,1.34,,1.41125,1.01,1.35,1.485,1.81857142857143
ABM_CommuteTime_Mode_SchoolBus___CommuteTime,,,,,,,,,,,,,,,,,,,,,,,,,,,,,,,,,,,,,,,,,,,,,,,,,,,,,,,,,,,,,,,,,,,,,,,,,,,,,,,,,,,,,,,,,,89.82,,,,,,,,,,,,,,,,,,,,,,,,,,,,,,
